ISO-10303-21;
HEADER;
FILE_DESCRIPTION(('CATIA V5 STEP Exchange','CAx-IF Rec.Pracs.--- Model Styling and Organization---1.2---2011-12-15'),'2;1');

FILE_NAME('\\\\dsl-hyd-pc-02\\D\\Quality_Check\\Weid_Muller\\S3D-Token data-Rendering\\WIP\\27-03-2018\\0-41708 - LM 5.00-5.08 - 90\\27032018\\1715310000.stp','2018-03-29T17:44:05+00:00',('none'),('none'),'CATIA Version 5-6 Release 2014','CATIA V5 STEP AP214','none');

FILE_SCHEMA(('AUTOMOTIVE_DESIGN { 1 0 10303 214 1 1 1 1 }'));

ENDSEC;
DATA;
#5=PRODUCT('1715310000','1715310000_stp',' ',(#2)) ;
#2=PRODUCT_CONTEXT(' ',#1,'mechanical') ;
#1=APPLICATION_CONTEXT('automotive design') ;
#10=PRODUCT_DEFINITION(' ',' ',#6,#3) ;
#3=PRODUCT_DEFINITION_CONTEXT('part definition',#1,' ') ;
#11=PRODUCT_DEFINITION_SHAPE(' ',' ',#10) ;
#5584=MECHANICAL_DESIGN_GEOMETRIC_PRESENTATION_REPRESENTATION(' ',(#29,#516,#1000,#1822,#2651),#16) ;
#19=SHAPE_REPRESENTATION(' ',(#18),#16) ;
#18=AXIS2_PLACEMENT_3D(' ',#17,$,$) ;
#35=AXIS2_PLACEMENT_3D('Plane Axis2P3D',#32,#33,#34) ;
#39=AXIS2_PLACEMENT_3D('Circle Axis2P3D',#37,#38,$) ;
#48=AXIS2_PLACEMENT_3D('Circle Axis2P3D',#46,#47,$) ;
#59=AXIS2_PLACEMENT_3D('Cylinder Axis2P3D',#56,#57,#58) ;
#63=AXIS2_PLACEMENT_3D('Circle Axis2P3D',#61,#62,$) ;
#101=AXIS2_PLACEMENT_3D('Circle Axis2P3D',#99,#100,$) ;
#125=AXIS2_PLACEMENT_3D('Cylinder Axis2P3D',#122,#123,#124) ;
#129=AXIS2_PLACEMENT_3D('Circle Axis2P3D',#127,#128,$) ;
#136=AXIS2_PLACEMENT_3D('Circle Axis2P3D',#134,#135,$) ;
#150=AXIS2_PLACEMENT_3D('Circle Axis2P3D',#148,#149,$) ;
#174=AXIS2_PLACEMENT_3D('Plane Axis2P3D',#171,#172,#173) ;
#192=AXIS2_PLACEMENT_3D('Circle Axis2P3D',#190,#191,$) ;
#222=AXIS2_PLACEMENT_3D('Plane Axis2P3D',#219,#220,#221) ;
#240=AXIS2_PLACEMENT_3D('Circle Axis2P3D',#238,#239,$) ;
#270=AXIS2_PLACEMENT_3D('Plane Axis2P3D',#267,#268,#269) ;
#294=AXIS2_PLACEMENT_3D('Plane Axis2P3D',#291,#292,#293) ;
#305=AXIS2_PLACEMENT_3D('Circle Axis2P3D',#303,#304,$) ;
#338=AXIS2_PLACEMENT_3D('Circle Axis2P3D',#336,#337,$) ;
#373=AXIS2_PLACEMENT_3D('Plane Axis2P3D',#370,#371,#372) ;
#390=AXIS2_PLACEMENT_3D('Plane Axis2P3D',#387,#388,#389) ;
#407=AXIS2_PLACEMENT_3D('Plane Axis2P3D',#404,#405,#406) ;
#424=AXIS2_PLACEMENT_3D('Plane Axis2P3D',#421,#422,#423) ;
#441=AXIS2_PLACEMENT_3D('Cylinder Axis2P3D',#438,#439,#440) ;
#458=AXIS2_PLACEMENT_3D('Plane Axis2P3D',#455,#456,#457) ;
#470=AXIS2_PLACEMENT_3D('Plane Axis2P3D',#467,#468,#469) ;
#487=AXIS2_PLACEMENT_3D('Cylinder Axis2P3D',#484,#485,#486) ;
#504=AXIS2_PLACEMENT_3D('Plane Axis2P3D',#501,#502,#503) ;
#521=AXIS2_PLACEMENT_3D('Plane Axis2P3D',#518,#519,#520) ;
#525=AXIS2_PLACEMENT_3D('Circle Axis2P3D',#523,#524,$) ;
#534=AXIS2_PLACEMENT_3D('Circle Axis2P3D',#532,#533,$) ;
#545=AXIS2_PLACEMENT_3D('Cylinder Axis2P3D',#542,#543,#544) ;
#549=AXIS2_PLACEMENT_3D('Circle Axis2P3D',#547,#548,$) ;
#587=AXIS2_PLACEMENT_3D('Circle Axis2P3D',#585,#586,$) ;
#611=AXIS2_PLACEMENT_3D('Cylinder Axis2P3D',#608,#609,#610) ;
#615=AXIS2_PLACEMENT_3D('Circle Axis2P3D',#613,#614,$) ;
#622=AXIS2_PLACEMENT_3D('Circle Axis2P3D',#620,#621,$) ;
#636=AXIS2_PLACEMENT_3D('Circle Axis2P3D',#634,#635,$) ;
#660=AXIS2_PLACEMENT_3D('Plane Axis2P3D',#657,#658,#659) ;
#678=AXIS2_PLACEMENT_3D('Circle Axis2P3D',#676,#677,$) ;
#708=AXIS2_PLACEMENT_3D('Plane Axis2P3D',#705,#706,#707) ;
#726=AXIS2_PLACEMENT_3D('Circle Axis2P3D',#724,#725,$) ;
#756=AXIS2_PLACEMENT_3D('Plane Axis2P3D',#753,#754,#755) ;
#780=AXIS2_PLACEMENT_3D('Plane Axis2P3D',#777,#778,#779) ;
#791=AXIS2_PLACEMENT_3D('Circle Axis2P3D',#789,#790,$) ;
#824=AXIS2_PLACEMENT_3D('Circle Axis2P3D',#822,#823,$) ;
#859=AXIS2_PLACEMENT_3D('Plane Axis2P3D',#856,#857,#858) ;
#876=AXIS2_PLACEMENT_3D('Plane Axis2P3D',#873,#874,#875) ;
#893=AXIS2_PLACEMENT_3D('Plane Axis2P3D',#890,#891,#892) ;
#910=AXIS2_PLACEMENT_3D('Plane Axis2P3D',#907,#908,#909) ;
#927=AXIS2_PLACEMENT_3D('Cylinder Axis2P3D',#924,#925,#926) ;
#944=AXIS2_PLACEMENT_3D('Plane Axis2P3D',#941,#942,#943) ;
#956=AXIS2_PLACEMENT_3D('Plane Axis2P3D',#953,#954,#955) ;
#973=AXIS2_PLACEMENT_3D('Cylinder Axis2P3D',#970,#971,#972) ;
#990=AXIS2_PLACEMENT_3D('Plane Axis2P3D',#987,#988,#989) ;
#1005=AXIS2_PLACEMENT_3D('Plane Axis2P3D',#1002,#1003,#1004) ;
#1045=AXIS2_PLACEMENT_3D('Plane Axis2P3D',#1042,#1043,#1044) ;
#1056=AXIS2_PLACEMENT_3D('Circle Axis2P3D',#1054,#1055,$) ;
#1063=AXIS2_PLACEMENT_3D('Circle Axis2P3D',#1061,#1062,$) ;
#1094=AXIS2_PLACEMENT_3D('Circle Axis2P3D',#1092,#1093,$) ;
#1108=AXIS2_PLACEMENT_3D('Circle Axis2P3D',#1106,#1107,$) ;
#1135=AXIS2_PLACEMENT_3D('Plane Axis2P3D',#1132,#1133,#1134) ;
#1159=AXIS2_PLACEMENT_3D('Plane Axis2P3D',#1156,#1157,#1158) ;
#1163=AXIS2_PLACEMENT_3D('Circle Axis2P3D',#1161,#1162,$) ;
#1177=AXIS2_PLACEMENT_3D('Circle Axis2P3D',#1175,#1176,$) ;
#1208=AXIS2_PLACEMENT_3D('Circle Axis2P3D',#1206,#1207,$) ;
#1215=AXIS2_PLACEMENT_3D('Circle Axis2P3D',#1213,#1214,$) ;
#1242=AXIS2_PLACEMENT_3D('Plane Axis2P3D',#1239,#1240,#1241) ;
#1259=AXIS2_PLACEMENT_3D('Cylinder Axis2P3D',#1256,#1257,#1258) ;
#1278=AXIS2_PLACEMENT_3D('Plane Axis2P3D',#1275,#1276,#1277) ;
#1295=AXIS2_PLACEMENT_3D('Cylinder Axis2P3D',#1292,#1293,#1294) ;
#1370=AXIS2_PLACEMENT_3D('Cylinder Axis2P3D',#1367,#1368,#1369) ;
#1395=AXIS2_PLACEMENT_3D('Cylinder Axis2P3D',#1392,#1393,#1394) ;
#1463=AXIS2_PLACEMENT_3D('Plane Axis2P3D',#1460,#1461,#1462) ;
#1480=AXIS2_PLACEMENT_3D('Cylinder Axis2P3D',#1477,#1478,#1479) ;
#1492=AXIS2_PLACEMENT_3D('Cylinder Axis2P3D',#1489,#1490,#1491) ;
#1509=AXIS2_PLACEMENT_3D('Plane Axis2P3D',#1506,#1507,#1508) ;
#1526=AXIS2_PLACEMENT_3D('Plane Axis2P3D',#1523,#1524,#1525) ;
#1543=AXIS2_PLACEMENT_3D('Cylinder Axis2P3D',#1540,#1541,#1542) ;
#1556=AXIS2_PLACEMENT_3D('Circle Axis2P3D',#1554,#1555,$) ;
#1561=AXIS2_PLACEMENT_3D('Circle Axis2P3D',#1559,#1560,$) ;
#1576=AXIS2_PLACEMENT_3D('Plane Axis2P3D',#1573,#1574,#1575) ;
#1622=AXIS2_PLACEMENT_3D('Cylinder Axis2P3D',#1619,#1620,#1621) ;
#1649=AXIS2_PLACEMENT_3D('Plane Axis2P3D',#1646,#1647,#1648) ;
#1682=AXIS2_PLACEMENT_3D('Plane Axis2P3D',#1679,#1680,#1681) ;
#1699=AXIS2_PLACEMENT_3D('Plane Axis2P3D',#1696,#1697,#1698) ;
#1730=AXIS2_PLACEMENT_3D('Plane Axis2P3D',#1727,#1728,#1729) ;
#1747=AXIS2_PLACEMENT_3D('Plane Axis2P3D',#1744,#1745,#1746) ;
#1778=AXIS2_PLACEMENT_3D('Plane Axis2P3D',#1775,#1776,#1777) ;
#1795=AXIS2_PLACEMENT_3D('Plane Axis2P3D',#1792,#1793,#1794) ;
#1812=AXIS2_PLACEMENT_3D('Plane Axis2P3D',#1809,#1810,#1811) ;
#1827=AXIS2_PLACEMENT_3D('Plane Axis2P3D',#1824,#1825,#1826) ;
#1867=AXIS2_PLACEMENT_3D('Plane Axis2P3D',#1864,#1865,#1866) ;
#1878=AXIS2_PLACEMENT_3D('Circle Axis2P3D',#1876,#1877,$) ;
#1885=AXIS2_PLACEMENT_3D('Circle Axis2P3D',#1883,#1884,$) ;
#1916=AXIS2_PLACEMENT_3D('Circle Axis2P3D',#1914,#1915,$) ;
#1930=AXIS2_PLACEMENT_3D('Circle Axis2P3D',#1928,#1929,$) ;
#1957=AXIS2_PLACEMENT_3D('Plane Axis2P3D',#1954,#1955,#1956) ;
#1981=AXIS2_PLACEMENT_3D('Plane Axis2P3D',#1978,#1979,#1980) ;
#1985=AXIS2_PLACEMENT_3D('Circle Axis2P3D',#1983,#1984,$) ;
#1999=AXIS2_PLACEMENT_3D('Circle Axis2P3D',#1997,#1998,$) ;
#2030=AXIS2_PLACEMENT_3D('Circle Axis2P3D',#2028,#2029,$) ;
#2037=AXIS2_PLACEMENT_3D('Circle Axis2P3D',#2035,#2036,$) ;
#2064=AXIS2_PLACEMENT_3D('Plane Axis2P3D',#2061,#2062,#2063) ;
#2081=AXIS2_PLACEMENT_3D('Cylinder Axis2P3D',#2078,#2079,#2080) ;
#2100=AXIS2_PLACEMENT_3D('Plane Axis2P3D',#2097,#2098,#2099) ;
#2117=AXIS2_PLACEMENT_3D('Cylinder Axis2P3D',#2114,#2115,#2116) ;
#2192=AXIS2_PLACEMENT_3D('Cylinder Axis2P3D',#2189,#2190,#2191) ;
#2217=AXIS2_PLACEMENT_3D('Cylinder Axis2P3D',#2214,#2215,#2216) ;
#2285=AXIS2_PLACEMENT_3D('Plane Axis2P3D',#2282,#2283,#2284) ;
#2302=AXIS2_PLACEMENT_3D('Cylinder Axis2P3D',#2299,#2300,#2301) ;
#2314=AXIS2_PLACEMENT_3D('Cylinder Axis2P3D',#2311,#2312,#2313) ;
#2331=AXIS2_PLACEMENT_3D('Plane Axis2P3D',#2328,#2329,#2330) ;
#2348=AXIS2_PLACEMENT_3D('Plane Axis2P3D',#2345,#2346,#2347) ;
#2365=AXIS2_PLACEMENT_3D('Cylinder Axis2P3D',#2362,#2363,#2364) ;
#2378=AXIS2_PLACEMENT_3D('Circle Axis2P3D',#2376,#2377,$) ;
#2383=AXIS2_PLACEMENT_3D('Circle Axis2P3D',#2381,#2382,$) ;
#2398=AXIS2_PLACEMENT_3D('Plane Axis2P3D',#2395,#2396,#2397) ;
#2444=AXIS2_PLACEMENT_3D('Cylinder Axis2P3D',#2441,#2442,#2443) ;
#2471=AXIS2_PLACEMENT_3D('Plane Axis2P3D',#2468,#2469,#2470) ;
#2504=AXIS2_PLACEMENT_3D('Plane Axis2P3D',#2501,#2502,#2503) ;
#2521=AXIS2_PLACEMENT_3D('Plane Axis2P3D',#2518,#2519,#2520) ;
#2552=AXIS2_PLACEMENT_3D('Plane Axis2P3D',#2549,#2550,#2551) ;
#2569=AXIS2_PLACEMENT_3D('Plane Axis2P3D',#2566,#2567,#2568) ;
#2600=AXIS2_PLACEMENT_3D('Plane Axis2P3D',#2597,#2598,#2599) ;
#2617=AXIS2_PLACEMENT_3D('Plane Axis2P3D',#2614,#2615,#2616) ;
#2634=AXIS2_PLACEMENT_3D('Plane Axis2P3D',#2631,#2632,#2633) ;
#2656=AXIS2_PLACEMENT_3D('Plane Axis2P3D',#2653,#2654,#2655) ;
#2732=AXIS2_PLACEMENT_3D('Circle Axis2P3D',#2730,#2731,$) ;
#2792=AXIS2_PLACEMENT_3D('Plane Axis2P3D',#2789,#2790,#2791) ;
#3257=AXIS2_PLACEMENT_3D('Plane Axis2P3D',#3254,#3255,#3256) ;
#3281=AXIS2_PLACEMENT_3D('Plane Axis2P3D',#3278,#3279,#3280) ;
#3305=AXIS2_PLACEMENT_3D('Plane Axis2P3D',#3302,#3303,#3304) ;
#3322=AXIS2_PLACEMENT_3D('Plane Axis2P3D',#3319,#3320,#3321) ;
#3410=AXIS2_PLACEMENT_3D('Plane Axis2P3D',#3407,#3408,#3409) ;
#3442=AXIS2_PLACEMENT_3D('Plane Axis2P3D',#3439,#3440,#3441) ;
#3498=AXIS2_PLACEMENT_3D('Plane Axis2P3D',#3495,#3496,#3497) ;
#3520=AXIS2_PLACEMENT_3D('Circle Axis2P3D',#3518,#3519,$) ;
#3529=AXIS2_PLACEMENT_3D('Circle Axis2P3D',#3527,#3528,$) ;
#3538=AXIS2_PLACEMENT_3D('Circle Axis2P3D',#3536,#3537,$) ;
#3547=AXIS2_PLACEMENT_3D('Circle Axis2P3D',#3545,#3546,$) ;
#3558=AXIS2_PLACEMENT_3D('Plane Axis2P3D',#3555,#3556,#3557) ;
#3582=AXIS2_PLACEMENT_3D('Cylinder Axis2P3D',#3579,#3580,#3581) ;
#3608=AXIS2_PLACEMENT_3D('Plane Axis2P3D',#3605,#3606,#3607) ;
#3693=AXIS2_PLACEMENT_3D('Plane Axis2P3D',#3690,#3691,#3692) ;
#3717=AXIS2_PLACEMENT_3D('Plane Axis2P3D',#3714,#3715,#3716) ;
#3741=AXIS2_PLACEMENT_3D('Plane Axis2P3D',#3738,#3739,#3740) ;
#3758=AXIS2_PLACEMENT_3D('Plane Axis2P3D',#3755,#3756,#3757) ;
#3770=AXIS2_PLACEMENT_3D('Plane Axis2P3D',#3767,#3768,#3769) ;
#3837=AXIS2_PLACEMENT_3D('Plane Axis2P3D',#3834,#3835,#3836) ;
#3861=AXIS2_PLACEMENT_3D('Plane Axis2P3D',#3858,#3859,#3860) ;
#3885=AXIS2_PLACEMENT_3D('Plane Axis2P3D',#3882,#3883,#3884) ;
#3902=AXIS2_PLACEMENT_3D('Plane Axis2P3D',#3899,#3900,#3901) ;
#3926=AXIS2_PLACEMENT_3D('Plane Axis2P3D',#3923,#3924,#3925) ;
#3950=AXIS2_PLACEMENT_3D('Plane Axis2P3D',#3947,#3948,#3949) ;
#3967=AXIS2_PLACEMENT_3D('Plane Axis2P3D',#3964,#3965,#3966) ;
#3979=AXIS2_PLACEMENT_3D('Plane Axis2P3D',#3976,#3977,#3978) ;
#4010=AXIS2_PLACEMENT_3D('Plane Axis2P3D',#4007,#4008,#4009) ;
#4034=AXIS2_PLACEMENT_3D('Plane Axis2P3D',#4031,#4032,#4033) ;
#4058=AXIS2_PLACEMENT_3D('Plane Axis2P3D',#4055,#4056,#4057) ;
#4082=AXIS2_PLACEMENT_3D('Plane Axis2P3D',#4079,#4080,#4081) ;
#4106=AXIS2_PLACEMENT_3D('Plane Axis2P3D',#4103,#4104,#4105) ;
#4130=AXIS2_PLACEMENT_3D('Plane Axis2P3D',#4127,#4128,#4129) ;
#4154=AXIS2_PLACEMENT_3D('Plane Axis2P3D',#4151,#4152,#4153) ;
#4178=AXIS2_PLACEMENT_3D('Plane Axis2P3D',#4175,#4176,#4177) ;
#4202=AXIS2_PLACEMENT_3D('Plane Axis2P3D',#4199,#4200,#4201) ;
#4226=AXIS2_PLACEMENT_3D('Plane Axis2P3D',#4223,#4224,#4225) ;
#4250=AXIS2_PLACEMENT_3D('Plane Axis2P3D',#4247,#4248,#4249) ;
#4274=AXIS2_PLACEMENT_3D('Plane Axis2P3D',#4271,#4272,#4273) ;
#4298=AXIS2_PLACEMENT_3D('Plane Axis2P3D',#4295,#4296,#4297) ;
#4322=AXIS2_PLACEMENT_3D('Plane Axis2P3D',#4319,#4320,#4321) ;
#4346=AXIS2_PLACEMENT_3D('Plane Axis2P3D',#4343,#4344,#4345) ;
#4370=AXIS2_PLACEMENT_3D('Plane Axis2P3D',#4367,#4368,#4369) ;
#4394=AXIS2_PLACEMENT_3D('Plane Axis2P3D',#4391,#4392,#4393) ;
#4418=AXIS2_PLACEMENT_3D('Plane Axis2P3D',#4415,#4416,#4417) ;
#4442=AXIS2_PLACEMENT_3D('Plane Axis2P3D',#4439,#4440,#4441) ;
#4459=AXIS2_PLACEMENT_3D('Plane Axis2P3D',#4456,#4457,#4458) ;
#4490=AXIS2_PLACEMENT_3D('Plane Axis2P3D',#4487,#4488,#4489) ;
#4514=AXIS2_PLACEMENT_3D('Plane Axis2P3D',#4511,#4512,#4513) ;
#4538=AXIS2_PLACEMENT_3D('Plane Axis2P3D',#4535,#4536,#4537) ;
#4562=AXIS2_PLACEMENT_3D('Plane Axis2P3D',#4559,#4560,#4561) ;
#4586=AXIS2_PLACEMENT_3D('Plane Axis2P3D',#4583,#4584,#4585) ;
#4610=AXIS2_PLACEMENT_3D('Plane Axis2P3D',#4607,#4608,#4609) ;
#4634=AXIS2_PLACEMENT_3D('Plane Axis2P3D',#4631,#4632,#4633) ;
#4658=AXIS2_PLACEMENT_3D('Plane Axis2P3D',#4655,#4656,#4657) ;
#4682=AXIS2_PLACEMENT_3D('Plane Axis2P3D',#4679,#4680,#4681) ;
#4706=AXIS2_PLACEMENT_3D('Plane Axis2P3D',#4703,#4704,#4705) ;
#4730=AXIS2_PLACEMENT_3D('Plane Axis2P3D',#4727,#4728,#4729) ;
#4754=AXIS2_PLACEMENT_3D('Plane Axis2P3D',#4751,#4752,#4753) ;
#4778=AXIS2_PLACEMENT_3D('Plane Axis2P3D',#4775,#4776,#4777) ;
#4802=AXIS2_PLACEMENT_3D('Plane Axis2P3D',#4799,#4800,#4801) ;
#4826=AXIS2_PLACEMENT_3D('Plane Axis2P3D',#4823,#4824,#4825) ;
#4850=AXIS2_PLACEMENT_3D('Plane Axis2P3D',#4847,#4848,#4849) ;
#4874=AXIS2_PLACEMENT_3D('Plane Axis2P3D',#4871,#4872,#4873) ;
#4898=AXIS2_PLACEMENT_3D('Plane Axis2P3D',#4895,#4896,#4897) ;
#4922=AXIS2_PLACEMENT_3D('Plane Axis2P3D',#4919,#4920,#4921) ;
#4939=AXIS2_PLACEMENT_3D('Plane Axis2P3D',#4936,#4937,#4938) ;
#4956=AXIS2_PLACEMENT_3D('Plane Axis2P3D',#4953,#4954,#4955) ;
#4980=AXIS2_PLACEMENT_3D('Plane Axis2P3D',#4977,#4978,#4979) ;
#5004=AXIS2_PLACEMENT_3D('Plane Axis2P3D',#5001,#5002,#5003) ;
#5026=AXIS2_PLACEMENT_3D('Plane Axis2P3D',#5023,#5024,#5025) ;
#5043=AXIS2_PLACEMENT_3D('Plane Axis2P3D',#5040,#5041,#5042) ;
#5067=AXIS2_PLACEMENT_3D('Plane Axis2P3D',#5064,#5065,#5066) ;
#5099=AXIS2_PLACEMENT_3D('Plane Axis2P3D',#5096,#5097,#5098) ;
#5116=AXIS2_PLACEMENT_3D('Plane Axis2P3D',#5113,#5114,#5115) ;
#5133=AXIS2_PLACEMENT_3D('Plane Axis2P3D',#5130,#5131,#5132) ;
#5145=AXIS2_PLACEMENT_3D('Plane Axis2P3D',#5142,#5143,#5144) ;
#5157=AXIS2_PLACEMENT_3D('Cylinder Axis2P3D',#5154,#5155,#5156) ;
#5161=AXIS2_PLACEMENT_3D('Circle Axis2P3D',#5159,#5160,$) ;
#5188=AXIS2_PLACEMENT_3D('Cylinder Axis2P3D',#5185,#5186,#5187) ;
#5211=AXIS2_PLACEMENT_3D('Cylinder Axis2P3D',#5208,#5209,#5210) ;
#5215=AXIS2_PLACEMENT_3D('Circle Axis2P3D',#5213,#5214,$) ;
#5242=AXIS2_PLACEMENT_3D('Cylinder Axis2P3D',#5239,#5240,#5241) ;
#5265=AXIS2_PLACEMENT_3D('Plane Axis2P3D',#5262,#5263,#5264) ;
#5296=AXIS2_PLACEMENT_3D('Plane Axis2P3D',#5293,#5294,#5295) ;
#5320=AXIS2_PLACEMENT_3D('Plane Axis2P3D',#5317,#5318,#5319) ;
#5344=AXIS2_PLACEMENT_3D('Plane Axis2P3D',#5341,#5342,#5343) ;
#5361=AXIS2_PLACEMENT_3D('Plane Axis2P3D',#5358,#5359,#5360) ;
#5392=AXIS2_PLACEMENT_3D('Plane Axis2P3D',#5389,#5390,#5391) ;
#5416=AXIS2_PLACEMENT_3D('Plane Axis2P3D',#5413,#5414,#5415) ;
#5440=AXIS2_PLACEMENT_3D('Plane Axis2P3D',#5437,#5438,#5439) ;
#5457=AXIS2_PLACEMENT_3D('Plane Axis2P3D',#5454,#5455,#5456) ;
#5469=AXIS2_PLACEMENT_3D('Plane Axis2P3D',#5466,#5467,#5468) ;
#5481=AXIS2_PLACEMENT_3D('Plane Axis2P3D',#5478,#5479,#5480) ;
#5509=AXIS2_PLACEMENT_3D('Plane Axis2P3D',#5506,#5507,#5508) ;
#5537=AXIS2_PLACEMENT_3D('Plane Axis2P3D',#5534,#5535,#5536) ;
#5547=AXIS2_PLACEMENT_3D('Plane Axis2P3D',#5544,#5545,#5546) ;
#5557=AXIS2_PLACEMENT_3D('Plane Axis2P3D',#5554,#5555,#5556) ;
#5569=AXIS2_PLACEMENT_3D('Plane Axis2P3D',#5566,#5567,#5568) ;
#5581=AXIS2_PLACEMENT_3D('Axis System.1',#5578,#5579,#5580) ;
#17=CARTESIAN_POINT(' ',(0.,0.,0.)) ;
#32=CARTESIAN_POINT('Axis2P3D Location',(0.,10.,14.3625)) ;
#37=CARTESIAN_POINT('Axis2P3D Location',(3.04999999981,4.79999999981,14.3625)) ;
#41=CARTESIAN_POINT('Vertex',(1.3351981733,3.86319949292,14.3625)) ;
#43=CARTESIAN_POINT('Vertex',(4.76480182633,5.73680050671,14.3625)) ;
#46=CARTESIAN_POINT('Axis2P3D Location',(3.04999999981,4.79999999981,14.3625)) ;
#56=CARTESIAN_POINT('Axis2P3D Location',(3.05,4.8,16.1225000001)) ;
#61=CARTESIAN_POINT('Axis2P3D Location',(3.05,4.8,16.6624999992)) ;
#65=CARTESIAN_POINT('Vertex',(1.33519817324,3.86319949245,16.6624999992)) ;
#67=CARTESIAN_POINT('Vertex',(2.75038053019,2.86910159011,16.6624999992)) ;
#70=CARTESIAN_POINT('Line Origine',(1.33519817324,3.86319949245,16.1225000005)) ;
#75=CARTESIAN_POINT('Line Origine',(4.76480182676,5.73680050755,16.1225000005)) ;
#79=CARTESIAN_POINT('Vertex',(4.76480182676,5.73680050755,16.6624999992)) ;
#83=CARTESIAN_POINT('Control Point',(3.35038053019,2.86921983823,16.6624999992)) ;
#84=CARTESIAN_POINT('Control Point',(4.09043268205,2.98435322428,16.6624999994)) ;
#85=CARTESIAN_POINT('Control Point',(4.77777763391,3.45246676868,16.6624999995)) ;
#86=CARTESIAN_POINT('Control Point',(5.17078572306,4.24924662633,16.6624999997)) ;
#87=CARTESIAN_POINT('Control Point',(5.12386975443,5.07953107469,16.6624999998)) ;
#88=CARTESIAN_POINT('Control Point',(4.76480182676,5.73680050755,16.6625)) ;
#89=CARTESIAN_POINT('Vertex',(3.35038052984,2.86921983883,16.6625)) ;
#92=CARTESIAN_POINT('Line Origine',(3.35038053019,2.86921983823,16.1225000005)) ;
#96=CARTESIAN_POINT('Vertex',(3.35038053019,2.86921983823,16.0624999996)) ;
#99=CARTESIAN_POINT('Axis2P3D Location',(3.05,4.8,16.0624999996)) ;
#103=CARTESIAN_POINT('Vertex',(2.75038053019,2.86910159011,16.0624999996)) ;
#106=CARTESIAN_POINT('Line Origine',(2.75038053019,2.86910159011,16.1225000005)) ;
#122=CARTESIAN_POINT('Axis2P3D Location',(3.05,4.8,16.1225000001)) ;
#127=CARTESIAN_POINT('Axis2P3D Location',(3.05,4.8,16.6624999992)) ;
#131=CARTESIAN_POINT('Vertex',(3.35038053019,6.73078016177,16.6624999992)) ;
#134=CARTESIAN_POINT('Axis2P3D Location',(3.05,4.8,16.6624999992)) ;
#138=CARTESIAN_POINT('Vertex',(2.75038053019,6.73089840989,16.6624999992)) ;
#141=CARTESIAN_POINT('Line Origine',(2.75038053019,6.73089840989,16.1225000005)) ;
#145=CARTESIAN_POINT('Vertex',(2.75038053019,6.73089840989,16.0624999996)) ;
#148=CARTESIAN_POINT('Axis2P3D Location',(3.05,4.8,16.0624999996)) ;
#152=CARTESIAN_POINT('Vertex',(3.35038053019,6.73078016177,16.0624999996)) ;
#155=CARTESIAN_POINT('Line Origine',(3.35038053019,6.73078016177,16.1225000005)) ;
#171=CARTESIAN_POINT('Axis2P3D Location',(3.05,4.8,16.6625)) ;
#176=CARTESIAN_POINT('Line Origine',(2.75038053021,3.71431858297,16.6625)) ;
#180=CARTESIAN_POINT('Vertex',(2.75038053021,4.55953557529,16.6625)) ;
#183=CARTESIAN_POINT('Line Origine',(2.39964676201,4.56045274269,16.6625)) ;
#187=CARTESIAN_POINT('Vertex',(2.04891299382,4.56136991009,16.6625)) ;
#190=CARTESIAN_POINT('Axis2P3D Location',(3.05035154855,4.79999999644,16.6625)) ;
#194=CARTESIAN_POINT('Vertex',(2.04891271442,5.03863009922,16.6625)) ;
#197=CARTESIAN_POINT('Line Origine',(2.39964662232,5.03954726197,16.6625)) ;
#201=CARTESIAN_POINT('Vertex',(2.75038053021,5.04046442471,16.6625)) ;
#204=CARTESIAN_POINT('Line Origine',(2.75038053021,5.88568141703,16.6625)) ;
#219=CARTESIAN_POINT('Axis2P3D Location',(3.05,4.8,16.6625)) ;
#224=CARTESIAN_POINT('Line Origine',(3.35038052984,5.88562140912,16.6625)) ;
#228=CARTESIAN_POINT('Vertex',(3.35038052984,5.04046265706,16.6625)) ;
#231=CARTESIAN_POINT('Line Origine',(3.70107844956,5.03954514321,16.6625)) ;
#235=CARTESIAN_POINT('Vertex',(4.05177636929,5.03862762935,16.6625)) ;
#238=CARTESIAN_POINT('Axis2P3D Location',(3.0503372499,4.79999999965,16.6625)) ;
#242=CARTESIAN_POINT('Vertex',(4.05177665241,4.56137236133,16.6625)) ;
#245=CARTESIAN_POINT('Line Origine',(3.70107859112,4.56045485213,16.6625)) ;
#249=CARTESIAN_POINT('Vertex',(3.35038052984,4.55953734294,16.6625)) ;
#252=CARTESIAN_POINT('Line Origine',(3.35038052984,3.71437859088,16.6625)) ;
#267=CARTESIAN_POINT('Axis2P3D Location',(3.35038053019,5.04046265665,16.6625)) ;
#272=CARTESIAN_POINT('Line Origine',(3.35038053019,4.55953734252,16.3625000002)) ;
#276=CARTESIAN_POINT('Vertex',(3.35038053019,4.55953734335,16.0625000004)) ;
#279=CARTESIAN_POINT('Line Origine',(3.35038053019,3.71437859047,16.0625000004)) ;
#291=CARTESIAN_POINT('Axis2P3D Location',(3.05038053019,4.8,16.0625)) ;
#296=CARTESIAN_POINT('Line Origine',(3.70107859129,4.56045485213,16.0625)) ;
#300=CARTESIAN_POINT('Vertex',(4.05177665182,4.56137236176,16.0625000003)) ;
#303=CARTESIAN_POINT('Axis2P3D Location',(3.05033731454,4.8,16.0625)) ;
#307=CARTESIAN_POINT('Vertex',(4.05177665165,5.03862763867,16.0625)) ;
#310=CARTESIAN_POINT('Line Origine',(3.70107859129,5.03954514787,16.0625)) ;
#314=CARTESIAN_POINT('Vertex',(3.35038053019,5.04046265665,16.0625000004)) ;
#317=CARTESIAN_POINT('Line Origine',(3.35038053094,5.88562140912,16.0625)) ;
#322=CARTESIAN_POINT('Line Origine',(2.75038052944,5.88568141703,16.0625)) ;
#326=CARTESIAN_POINT('Vertex',(2.75038052944,5.04046442471,16.0625)) ;
#329=CARTESIAN_POINT('Line Origine',(2.39964676218,5.03954725731,16.0625)) ;
#333=CARTESIAN_POINT('Vertex',(2.04891299492,5.03863008991,16.0625)) ;
#336=CARTESIAN_POINT('Axis2P3D Location',(3.05035151452,4.79999999965,16.0625)) ;
#340=CARTESIAN_POINT('Vertex',(2.04891271366,4.56136990078,16.0625)) ;
#343=CARTESIAN_POINT('Line Origine',(2.39964662155,4.56045273803,16.0625)) ;
#347=CARTESIAN_POINT('Vertex',(2.75038052944,4.55953557529,16.0625)) ;
#350=CARTESIAN_POINT('Line Origine',(2.75038052944,3.71431858297,16.0625)) ;
#370=CARTESIAN_POINT('Axis2P3D Location',(2.75038053019,5.04046442465,16.6625)) ;
#375=CARTESIAN_POINT('Line Origine',(2.75038053019,4.55953557522,16.3625000002)) ;
#387=CARTESIAN_POINT('Axis2P3D Location',(2.75038053019,5.04046442465,16.6625)) ;
#392=CARTESIAN_POINT('Line Origine',(2.75038053019,5.04046442465,16.3625000002)) ;
#404=CARTESIAN_POINT('Axis2P3D Location',(3.35038053019,5.04046265665,16.6625)) ;
#409=CARTESIAN_POINT('Line Origine',(3.35038053019,5.04046265665,16.3625000002)) ;
#421=CARTESIAN_POINT('Axis2P3D Location',(2.75038053019,4.55953557535,16.6625)) ;
#426=CARTESIAN_POINT('Line Origine',(2.04891285433,4.56136991005,16.3625000002)) ;
#438=CARTESIAN_POINT('Axis2P3D Location',(3.05035153055,4.7999999998,15.7524999998)) ;
#443=CARTESIAN_POINT('Line Origine',(2.04891271367,5.03863009986,15.7524999995)) ;
#455=CARTESIAN_POINT('Axis2P3D Location',(2.75038053019,5.04046442465,16.6625)) ;
#467=CARTESIAN_POINT('Axis2P3D Location',(3.35038053019,5.04046265665,16.6625)) ;
#472=CARTESIAN_POINT('Line Origine',(4.05177650985,5.03862762825,16.3625000002)) ;
#484=CARTESIAN_POINT('Axis2P3D Location',(3.0503372917,4.7999999998,15.7524999998)) ;
#489=CARTESIAN_POINT('Line Origine',(4.05177665182,4.56137236176,15.7524999995)) ;
#501=CARTESIAN_POINT('Axis2P3D Location',(3.35038053019,4.55953734335,16.6625)) ;
#518=CARTESIAN_POINT('Axis2P3D Location',(0.,10.,14.3625)) ;
#523=CARTESIAN_POINT('Axis2P3D Location',(8.04999999981,4.79999999981,14.3625)) ;
#527=CARTESIAN_POINT('Vertex',(6.3351981733,3.86319949292,14.3625)) ;
#529=CARTESIAN_POINT('Vertex',(9.76480182633,5.73680050671,14.3625)) ;
#532=CARTESIAN_POINT('Axis2P3D Location',(8.04999999981,4.79999999981,14.3625)) ;
#542=CARTESIAN_POINT('Axis2P3D Location',(8.05,4.8,16.1225000001)) ;
#547=CARTESIAN_POINT('Axis2P3D Location',(8.05,4.8,16.6624999992)) ;
#551=CARTESIAN_POINT('Vertex',(6.33519817324,3.86319949245,16.6624999992)) ;
#553=CARTESIAN_POINT('Vertex',(7.75038053019,2.86910159011,16.6624999992)) ;
#556=CARTESIAN_POINT('Line Origine',(6.33519817324,3.86319949245,16.1225000005)) ;
#561=CARTESIAN_POINT('Line Origine',(9.76480182676,5.73680050755,16.1225000005)) ;
#565=CARTESIAN_POINT('Vertex',(9.76480182676,5.73680050755,16.6624999992)) ;
#569=CARTESIAN_POINT('Control Point',(8.35038053019,2.86921983823,16.6624999992)) ;
#570=CARTESIAN_POINT('Control Point',(9.09043268205,2.98435322428,16.6624999994)) ;
#571=CARTESIAN_POINT('Control Point',(9.77777763391,3.45246676868,16.6624999995)) ;
#572=CARTESIAN_POINT('Control Point',(10.1707857231,4.24924662633,16.6624999997)) ;
#573=CARTESIAN_POINT('Control Point',(10.1238697544,5.07953107469,16.6624999998)) ;
#574=CARTESIAN_POINT('Control Point',(9.76480182676,5.73680050755,16.6625)) ;
#575=CARTESIAN_POINT('Vertex',(8.35038052984,2.86921983883,16.6625)) ;
#578=CARTESIAN_POINT('Line Origine',(8.35038053019,2.86921983823,16.1225000005)) ;
#582=CARTESIAN_POINT('Vertex',(8.35038053019,2.86921983823,16.0624999996)) ;
#585=CARTESIAN_POINT('Axis2P3D Location',(8.05,4.8,16.0624999996)) ;
#589=CARTESIAN_POINT('Vertex',(7.75038053019,2.86910159011,16.0624999996)) ;
#592=CARTESIAN_POINT('Line Origine',(7.75038053019,2.86910159011,16.1225000005)) ;
#608=CARTESIAN_POINT('Axis2P3D Location',(8.05,4.8,16.1225000001)) ;
#613=CARTESIAN_POINT('Axis2P3D Location',(8.05,4.8,16.6624999992)) ;
#617=CARTESIAN_POINT('Vertex',(8.35038053019,6.73078016177,16.6624999992)) ;
#620=CARTESIAN_POINT('Axis2P3D Location',(8.05,4.8,16.6624999992)) ;
#624=CARTESIAN_POINT('Vertex',(7.75038053019,6.73089840989,16.6624999992)) ;
#627=CARTESIAN_POINT('Line Origine',(7.75038053019,6.73089840989,16.1225000005)) ;
#631=CARTESIAN_POINT('Vertex',(7.75038053019,6.73089840989,16.0624999996)) ;
#634=CARTESIAN_POINT('Axis2P3D Location',(8.05,4.8,16.0624999996)) ;
#638=CARTESIAN_POINT('Vertex',(8.35038053019,6.73078016177,16.0624999996)) ;
#641=CARTESIAN_POINT('Line Origine',(8.35038053019,6.73078016177,16.1225000005)) ;
#657=CARTESIAN_POINT('Axis2P3D Location',(3.05,4.8,16.6625)) ;
#662=CARTESIAN_POINT('Line Origine',(7.75038053021,3.71431858297,16.6625)) ;
#666=CARTESIAN_POINT('Vertex',(7.75038053021,4.55953557529,16.6625)) ;
#669=CARTESIAN_POINT('Line Origine',(7.39964676201,4.56045274269,16.6625)) ;
#673=CARTESIAN_POINT('Vertex',(7.04891299382,4.56136991009,16.6625)) ;
#676=CARTESIAN_POINT('Axis2P3D Location',(8.05035154855,4.79999999644,16.6625)) ;
#680=CARTESIAN_POINT('Vertex',(7.04891271442,5.03863009922,16.6625)) ;
#683=CARTESIAN_POINT('Line Origine',(7.39964662232,5.03954726197,16.6625)) ;
#687=CARTESIAN_POINT('Vertex',(7.75038053021,5.04046442471,16.6625)) ;
#690=CARTESIAN_POINT('Line Origine',(7.75038053021,5.88568141703,16.6625)) ;
#705=CARTESIAN_POINT('Axis2P3D Location',(3.05,4.8,16.6625)) ;
#710=CARTESIAN_POINT('Line Origine',(8.35038052984,5.88562140912,16.6625)) ;
#714=CARTESIAN_POINT('Vertex',(8.35038052984,5.04046265706,16.6625)) ;
#717=CARTESIAN_POINT('Line Origine',(8.70107844956,5.03954514321,16.6625)) ;
#721=CARTESIAN_POINT('Vertex',(9.05177636929,5.03862762935,16.6625)) ;
#724=CARTESIAN_POINT('Axis2P3D Location',(8.0503372499,4.79999999965,16.6625)) ;
#728=CARTESIAN_POINT('Vertex',(9.05177665241,4.56137236133,16.6625)) ;
#731=CARTESIAN_POINT('Line Origine',(8.70107859112,4.56045485213,16.6625)) ;
#735=CARTESIAN_POINT('Vertex',(8.35038052984,4.55953734294,16.6625)) ;
#738=CARTESIAN_POINT('Line Origine',(8.35038052984,3.71437859088,16.6625)) ;
#753=CARTESIAN_POINT('Axis2P3D Location',(8.35038053019,5.04046265665,16.6625)) ;
#758=CARTESIAN_POINT('Line Origine',(8.35038053019,4.55953734252,16.3625000002)) ;
#762=CARTESIAN_POINT('Vertex',(8.35038053019,4.55953734335,16.0625000004)) ;
#765=CARTESIAN_POINT('Line Origine',(8.35038053019,3.71437859047,16.0625000004)) ;
#777=CARTESIAN_POINT('Axis2P3D Location',(3.05038053019,4.8,16.0625)) ;
#782=CARTESIAN_POINT('Line Origine',(8.70107859129,4.56045485213,16.0625)) ;
#786=CARTESIAN_POINT('Vertex',(9.05177665182,4.56137236176,16.0625000003)) ;
#789=CARTESIAN_POINT('Axis2P3D Location',(8.05033731454,4.8,16.0625)) ;
#793=CARTESIAN_POINT('Vertex',(9.05177665165,5.03862763867,16.0625)) ;
#796=CARTESIAN_POINT('Line Origine',(8.70107859129,5.03954514787,16.0625)) ;
#800=CARTESIAN_POINT('Vertex',(8.35038053019,5.04046265665,16.0625000004)) ;
#803=CARTESIAN_POINT('Line Origine',(8.35038053094,5.88562140912,16.0625)) ;
#808=CARTESIAN_POINT('Line Origine',(7.75038052944,5.88568141703,16.0625)) ;
#812=CARTESIAN_POINT('Vertex',(7.75038052944,5.04046442471,16.0625)) ;
#815=CARTESIAN_POINT('Line Origine',(7.39964676218,5.03954725731,16.0625)) ;
#819=CARTESIAN_POINT('Vertex',(7.04891299492,5.03863008991,16.0625)) ;
#822=CARTESIAN_POINT('Axis2P3D Location',(8.05035151452,4.79999999965,16.0625)) ;
#826=CARTESIAN_POINT('Vertex',(7.04891271366,4.56136990078,16.0625)) ;
#829=CARTESIAN_POINT('Line Origine',(7.39964662155,4.56045273803,16.0625)) ;
#833=CARTESIAN_POINT('Vertex',(7.75038052944,4.55953557529,16.0625)) ;
#836=CARTESIAN_POINT('Line Origine',(7.75038052944,3.71431858297,16.0625)) ;
#856=CARTESIAN_POINT('Axis2P3D Location',(7.75038053019,5.04046442465,16.6625)) ;
#861=CARTESIAN_POINT('Line Origine',(7.75038053019,4.55953557522,16.3625000002)) ;
#873=CARTESIAN_POINT('Axis2P3D Location',(7.75038053019,5.04046442465,16.6625)) ;
#878=CARTESIAN_POINT('Line Origine',(7.75038053019,5.04046442465,16.3625000002)) ;
#890=CARTESIAN_POINT('Axis2P3D Location',(8.35038053019,5.04046265665,16.6625)) ;
#895=CARTESIAN_POINT('Line Origine',(8.35038053019,5.04046265665,16.3625000002)) ;
#907=CARTESIAN_POINT('Axis2P3D Location',(7.75038053019,4.55953557535,16.6625)) ;
#912=CARTESIAN_POINT('Line Origine',(7.04891285433,4.56136991005,16.3625000002)) ;
#924=CARTESIAN_POINT('Axis2P3D Location',(8.05035153055,4.7999999998,15.7524999998)) ;
#929=CARTESIAN_POINT('Line Origine',(7.04891271367,5.03863009986,15.7524999995)) ;
#941=CARTESIAN_POINT('Axis2P3D Location',(7.75038053019,5.04046442465,16.6625)) ;
#953=CARTESIAN_POINT('Axis2P3D Location',(8.35038053019,5.04046265665,16.6625)) ;
#958=CARTESIAN_POINT('Line Origine',(9.05177650985,5.03862762825,16.3625000002)) ;
#970=CARTESIAN_POINT('Axis2P3D Location',(8.0503372917,4.7999999998,15.7524999998)) ;
#975=CARTESIAN_POINT('Line Origine',(9.05177665182,4.56137236176,15.7524999995)) ;
#987=CARTESIAN_POINT('Axis2P3D Location',(8.35038053019,4.55953734335,16.6625)) ;
#1002=CARTESIAN_POINT('Axis2P3D Location',(3.05,4.8,5.65)) ;
#1007=CARTESIAN_POINT('Line Origine',(2.14999999963,8.425,5.65)) ;
#1011=CARTESIAN_POINT('Vertex',(2.14999999963,8.02499999963,5.65)) ;
#1013=CARTESIAN_POINT('Vertex',(2.14999999963,8.82500000037,5.65)) ;
#1016=CARTESIAN_POINT('Line Origine',(3.05,8.02499999963,5.65)) ;
#1020=CARTESIAN_POINT('Vertex',(3.95000000037,8.02499999963,5.65)) ;
#1023=CARTESIAN_POINT('Line Origine',(3.95000000037,8.425,5.65)) ;
#1027=CARTESIAN_POINT('Vertex',(3.95000000037,8.82500000037,5.65)) ;
#1030=CARTESIAN_POINT('Line Origine',(3.05,8.82500000037,5.65)) ;
#1042=CARTESIAN_POINT('Axis2P3D Location',(2.15,8.425,8.6)) ;
#1047=CARTESIAN_POINT('Line Origine',(2.15,8.82500000037,5.475)) ;
#1051=CARTESIAN_POINT('Vertex',(2.15,8.82500000037,5.29999999925)) ;
#1054=CARTESIAN_POINT('Axis2P3D Location',(2.15,7.72500007231,5.29999999378)) ;
#1058=CARTESIAN_POINT('Vertex',(2.15,8.78330052383,5.00000000037)) ;
#1061=CARTESIAN_POINT('Axis2P3D Location',(2.15,7.72500000071,5.29999999763)) ;
#1065=CARTESIAN_POINT('Vertex',(2.15,7.72500000075,4.19999999963)) ;
#1068=CARTESIAN_POINT('Line Origine',(2.15,6.71250000056,4.19999999963)) ;
#1072=CARTESIAN_POINT('Vertex',(2.15,5.70000000037,4.19999999963)) ;
#1076=CARTESIAN_POINT('Control Point',(2.15,5.67288193032,4.19926406853)) ;
#1077=CARTESIAN_POINT('Control Point',(2.15,5.6782998877,4.19955835076)) ;
#1078=CARTESIAN_POINT('Control Point',(2.15,5.68372183178,4.19977913888)) ;
#1079=CARTESIAN_POINT('Control Point',(2.15,5.68914810792,4.19992639747)) ;
#1080=CARTESIAN_POINT('Control Point',(2.15,5.69457405675,4.19999999963)) ;
#1081=CARTESIAN_POINT('Control Point',(2.15,5.70000000037,4.19999999963)) ;
#1082=CARTESIAN_POINT('Vertex',(2.15,5.67288193032,4.19926406853)) ;
#1085=CARTESIAN_POINT('Line Origine',(2.15,5.08628777899,4.19926406853)) ;
#1089=CARTESIAN_POINT('Vertex',(2.15,4.49969362766,4.19926406853)) ;
#1092=CARTESIAN_POINT('Axis2P3D Location',(2.15,5.69999999785,3.70000000531)) ;
#1096=CARTESIAN_POINT('Vertex',(2.14999999963,5.7,5.)) ;
#1099=CARTESIAN_POINT('Line Origine',(2.15,6.71250000056,5.00000000037)) ;
#1103=CARTESIAN_POINT('Vertex',(2.14999999963,7.72500000037,5.)) ;
#1106=CARTESIAN_POINT('Axis2P3D Location',(2.15,7.72499999868,5.30000000132)) ;
#1110=CARTESIAN_POINT('Vertex',(2.15,8.02499999963,5.29999999925)) ;
#1113=CARTESIAN_POINT('Line Origine',(2.15,8.02499999963,5.475)) ;
#1132=CARTESIAN_POINT('Axis2P3D Location',(3.05,8.025,8.3)) ;
#1137=CARTESIAN_POINT('Line Origine',(3.05,8.025,5.3)) ;
#1141=CARTESIAN_POINT('Vertex',(3.95000000037,8.025,5.3)) ;
#1144=CARTESIAN_POINT('Line Origine',(3.95000000037,8.025,5.47499999981)) ;
#1156=CARTESIAN_POINT('Axis2P3D Location',(3.95,8.425,8.6)) ;
#1161=CARTESIAN_POINT('Axis2P3D Location',(3.95,7.72499999868,5.30000000132)) ;
#1165=CARTESIAN_POINT('Vertex',(3.95000000037,7.72500000037,5.)) ;
#1168=CARTESIAN_POINT('Line Origine',(3.95,6.71250000056,5.00000000037)) ;
#1172=CARTESIAN_POINT('Vertex',(3.95000000037,5.7,5.)) ;
#1175=CARTESIAN_POINT('Axis2P3D Location',(3.95,5.69999999785,3.70000000531)) ;
#1179=CARTESIAN_POINT('Vertex',(3.95000000037,4.49969362674,4.19926406871)) ;
#1182=CARTESIAN_POINT('Line Origine',(3.95,5.08628777899,4.19926406853)) ;
#1186=CARTESIAN_POINT('Vertex',(3.95,5.67288193032,4.19926406853)) ;
#1190=CARTESIAN_POINT('Control Point',(3.95,5.67288193032,4.19926406853)) ;
#1191=CARTESIAN_POINT('Control Point',(3.95,5.6782998877,4.19955835076)) ;
#1192=CARTESIAN_POINT('Control Point',(3.95,5.68372183178,4.19977913888)) ;
#1193=CARTESIAN_POINT('Control Point',(3.95,5.68914810792,4.19992639747)) ;
#1194=CARTESIAN_POINT('Control Point',(3.95,5.69457405675,4.19999999963)) ;
#1195=CARTESIAN_POINT('Control Point',(3.95,5.70000000037,4.19999999963)) ;
#1196=CARTESIAN_POINT('Vertex',(3.95,5.70000000037,4.19999999963)) ;
#1199=CARTESIAN_POINT('Line Origine',(3.95,6.71250000056,4.19999999963)) ;
#1203=CARTESIAN_POINT('Vertex',(3.95,7.72500000075,4.19999999963)) ;
#1206=CARTESIAN_POINT('Axis2P3D Location',(3.95,7.72500000071,5.29999999763)) ;
#1210=CARTESIAN_POINT('Vertex',(3.95,8.78330052383,5.00000000037)) ;
#1213=CARTESIAN_POINT('Axis2P3D Location',(3.95,7.72500007231,5.29999999378)) ;
#1217=CARTESIAN_POINT('Vertex',(3.95,8.82500000037,5.29999999925)) ;
#1220=CARTESIAN_POINT('Line Origine',(3.95,8.82500000037,5.475)) ;
#1239=CARTESIAN_POINT('Axis2P3D Location',(3.05,8.825,5.3)) ;
#1244=CARTESIAN_POINT('Line Origine',(3.05,8.825,5.3)) ;
#1256=CARTESIAN_POINT('Axis2P3D Location',(3.05,7.725,5.3)) ;
#1261=CARTESIAN_POINT('Line Origine',(3.05000000075,7.725,4.2)) ;
#1275=CARTESIAN_POINT('Axis2P3D Location',(3.05,7.725,4.2)) ;
#1280=CARTESIAN_POINT('Line Origine',(3.05,5.69999999963,4.2)) ;
#1292=CARTESIAN_POINT('Axis2P3D Location',(3.05,5.7,3.7)) ;
#1298=CARTESIAN_POINT('Control Point',(2.23786796182,5.29066493884,3.9871320388)) ;
#1299=CARTESIAN_POINT('Control Point',(2.31250063959,5.23831312498,3.91249936103)) ;
#1300=CARTESIAN_POINT('Control Point',(2.39922889551,5.20811266404,3.8257711043)) ;
#1301=CARTESIAN_POINT('Control Point',(2.48713193759,5.20143605238,3.73786806221)) ;
#1302=CARTESIAN_POINT('Vertex',(2.2378679612,5.29066493884,3.9871320388)) ;
#1304=CARTESIAN_POINT('Vertex',(2.48713193759,5.20143605238,3.73786806221)) ;
#1308=CARTESIAN_POINT('Control Point',(2.14999999963,5.67288193048,4.19926406871)) ;
#1309=CARTESIAN_POINT('Control Point',(2.15000091853,5.57827119864,4.19412518417)) ;
#1310=CARTESIAN_POINT('Control Point',(2.1510998658,5.49535795156,4.16885925042)) ;
#1311=CARTESIAN_POINT('Control Point',(2.14879905052,5.39894517171,4.12070140755)) ;
#1312=CARTESIAN_POINT('Control Point',(2.17801364812,5.3327134219,4.04707630158)) ;
#1313=CARTESIAN_POINT('Control Point',(2.23786796182,5.29066493884,3.9871320388)) ;
#1316=CARTESIAN_POINT('Control Point',(3.86213203818,5.29066493884,3.9871320388)) ;
#1317=CARTESIAN_POINT('Control Point',(3.92075691661,5.33179389076,4.04576541918)) ;
#1318=CARTESIAN_POINT('Control Point',(3.94981804173,5.39576457305,4.11616083751)) ;
#1319=CARTESIAN_POINT('Control Point',(3.94948609073,5.48758108924,4.16825971633)) ;
#1320=CARTESIAN_POINT('Control Point',(3.95002056071,5.58048718625,4.19424554794)) ;
#1321=CARTESIAN_POINT('Control Point',(3.95000000037,5.67288193048,4.19926406871)) ;
#1322=CARTESIAN_POINT('Vertex',(3.86213203818,5.29066493884,3.9871320388)) ;
#1326=CARTESIAN_POINT('Control Point',(3.61286806241,5.20143605238,3.73786806221)) ;
#1327=CARTESIAN_POINT('Control Point',(3.70077110449,5.20811266404,3.8257711043)) ;
#1328=CARTESIAN_POINT('Control Point',(3.78749936041,5.23831312498,3.91249936103)) ;
#1329=CARTESIAN_POINT('Control Point',(3.86213203818,5.29066493884,3.9871320388)) ;
#1330=CARTESIAN_POINT('Vertex',(3.61286796555,5.20143607422,3.73786834973)) ;
#1334=CARTESIAN_POINT('Control Point',(3.61286796555,5.20143607422,3.73786834973)) ;
#1335=CARTESIAN_POINT('Control Point',(3.60117978563,5.20054830023,3.72618016981)) ;
#1336=CARTESIAN_POINT('Control Point',(3.59041883353,5.2,3.7134742909)) ;
#1337=CARTESIAN_POINT('Control Point',(3.5808032874,5.2,3.7)) ;
#1338=CARTESIAN_POINT('Vertex',(3.5808032874,5.2,3.7)) ;
#1341=CARTESIAN_POINT('Line Origine',(3.05000000075,5.2,3.7)) ;
#1345=CARTESIAN_POINT('Vertex',(2.5191967126,5.2,3.7)) ;
#1349=CARTESIAN_POINT('Control Point',(2.5191967126,5.2,3.7)) ;
#1350=CARTESIAN_POINT('Control Point',(2.50958116647,5.2,3.71347429087)) ;
#1351=CARTESIAN_POINT('Control Point',(2.49882021435,5.20054830023,3.72618016983)) ;
#1352=CARTESIAN_POINT('Control Point',(2.48713203445,5.20143607422,3.73786834973)) ;
#1367=CARTESIAN_POINT('Axis2P3D Location',(2.45,6.61928079799,4.19926406871)) ;
#1372=CARTESIAN_POINT('Line Origine',(2.23786796261,6.61928079836,3.98713203739)) ;
#1376=CARTESIAN_POINT('Vertex',(2.23786796369,4.43210600118,3.98713203889)) ;
#1380=CARTESIAN_POINT('Control Point',(2.23786796261,4.43210600093,3.98713203739)) ;
#1381=CARTESIAN_POINT('Control Point',(2.18057375421,4.44511573593,4.04442624743)) ;
#1382=CARTESIAN_POINT('Control Point',(2.15,4.46823130486,4.12359930978)) ;
#1383=CARTESIAN_POINT('Control Point',(2.15,4.49969362674,4.19926406871)) ;
#1392=CARTESIAN_POINT('Axis2P3D Location',(3.05,5.7,3.7)) ;
#1398=CARTESIAN_POINT('Control Point',(2.48713203445,4.40055164918,3.73786797519)) ;
#1399=CARTESIAN_POINT('Control Point',(2.49881880427,4.40021107827,3.72618120537)) ;
#1400=CARTESIAN_POINT('Control Point',(2.5095674545,4.4,3.71348199859)) ;
#1401=CARTESIAN_POINT('Control Point',(2.51918957308,4.4,3.7)) ;
#1402=CARTESIAN_POINT('Vertex',(2.48713203445,4.40055164918,3.73786797519)) ;
#1404=CARTESIAN_POINT('Vertex',(2.51918957308,4.4,3.7)) ;
#1407=CARTESIAN_POINT('Line Origine',(3.05000000075,4.4,3.7)) ;
#1411=CARTESIAN_POINT('Vertex',(3.5808032874,4.4,3.7)) ;
#1415=CARTESIAN_POINT('Control Point',(3.5808032874,4.4,3.7)) ;
#1416=CARTESIAN_POINT('Control Point',(3.59041450652,4.4,3.71346822743)) ;
#1417=CARTESIAN_POINT('Control Point',(3.60117069052,4.40021077213,3.72617070017)) ;
#1418=CARTESIAN_POINT('Control Point',(3.61286796555,4.40055164918,3.73786797519)) ;
#1419=CARTESIAN_POINT('Vertex',(3.61286796555,4.40055164918,3.73786797519)) ;
#1423=CARTESIAN_POINT('Control Point',(3.86213203445,4.43210600151,3.98713204035)) ;
#1424=CARTESIAN_POINT('Control Point',(3.77969602544,4.41343724204,3.90469607094)) ;
#1425=CARTESIAN_POINT('Control Point',(3.69633643815,4.4029840533,3.8213364868)) ;
#1426=CARTESIAN_POINT('Control Point',(3.61286796555,4.40055164918,3.73786797519)) ;
#1427=CARTESIAN_POINT('Vertex',(3.86213203445,4.43210600151,3.98713204035)) ;
#1431=CARTESIAN_POINT('Control Point',(3.95000000037,4.49969362674,4.19926406871)) ;
#1432=CARTESIAN_POINT('Control Point',(3.94988684391,4.46835960122,4.12393232969)) ;
#1433=CARTESIAN_POINT('Control Point',(3.91899880074,4.44498280949,4.04399238803)) ;
#1434=CARTESIAN_POINT('Control Point',(3.86213203631,4.43210600118,3.98713203889)) ;
#1436=CARTESIAN_POINT('Line Origine',(3.05000000075,5.7,5.)) ;
#1442=CARTESIAN_POINT('Control Point',(2.48713203445,4.40055164918,3.73786797519)) ;
#1443=CARTESIAN_POINT('Control Point',(2.40366356185,4.4029840533,3.8213364868)) ;
#1444=CARTESIAN_POINT('Control Point',(2.32030397456,4.41343724204,3.90469607094)) ;
#1445=CARTESIAN_POINT('Control Point',(2.23786796555,4.43210600151,3.98713204035)) ;
#1460=CARTESIAN_POINT('Axis2P3D Location',(3.05,5.7,5.)) ;
#1465=CARTESIAN_POINT('Line Origine',(3.05,7.72500000037,5.)) ;
#1477=CARTESIAN_POINT('Axis2P3D Location',(3.05,7.725,5.3)) ;
#1489=CARTESIAN_POINT('Axis2P3D Location',(3.65,6.61928079799,4.19926406871)) ;
#1494=CARTESIAN_POINT('Line Origine',(3.86213203436,6.61928079836,3.98713203435)) ;
#1506=CARTESIAN_POINT('Axis2P3D Location',(2.575,9.71,3.65)) ;
#1511=CARTESIAN_POINT('Line Origine',(2.48713198351,4.80099385515,3.73786801649)) ;
#1523=CARTESIAN_POINT('Axis2P3D Location',(3.525,9.71,3.65)) ;
#1528=CARTESIAN_POINT('Line Origine',(3.61286801649,4.80099385515,3.73786801649)) ;
#1540=CARTESIAN_POINT('Axis2P3D Location',(3.825,4.84130613064,3.52573593129)) ;
#1545=CARTESIAN_POINT('Line Origine',(3.525,4.84130613133,3.52573593129)) ;
#1549=CARTESIAN_POINT('Vertex',(3.525,5.20000000042,3.52573593129)) ;
#1551=CARTESIAN_POINT('Vertex',(3.52499999963,4.4,3.52573593222)) ;
#1554=CARTESIAN_POINT('Axis2P3D Location',(3.825,5.20000000042,3.52573593129)) ;
#1559=CARTESIAN_POINT('Axis2P3D Location',(3.825,4.39999999968,3.52573593129)) ;
#1573=CARTESIAN_POINT('Axis2P3D Location',(3.05,5.2,3.65)) ;
#1579=CARTESIAN_POINT('Control Point',(2.57500000037,5.2,3.5257359311)) ;
#1580=CARTESIAN_POINT('Control Point',(2.57500000037,5.2,3.55533526246)) ;
#1581=CARTESIAN_POINT('Control Point',(2.57134949867,5.2,3.58493416362)) ;
#1582=CARTESIAN_POINT('Control Point',(2.56382444721,5.2,3.61466284803)) ;
#1583=CARTESIAN_POINT('Control Point',(2.5502213531,5.2,3.64941086045)) ;
#1584=CARTESIAN_POINT('Control Point',(2.53159198406,5.2,3.68143927869)) ;
#1585=CARTESIAN_POINT('Control Point',(2.52764730416,5.2,3.68776160897)) ;
#1586=CARTESIAN_POINT('Control Point',(2.52351575205,5.2,3.69394771905)) ;
#1587=CARTESIAN_POINT('Control Point',(2.5191967126,5.2,3.70000000075)) ;
#1588=CARTESIAN_POINT('Vertex',(2.575,5.20000000042,3.52573593129)) ;
#1591=CARTESIAN_POINT('Line Origine',(3.52499999963,5.2,2.26286796536)) ;
#1595=CARTESIAN_POINT('Vertex',(3.52499999963,5.2,0.999999999627)) ;
#1598=CARTESIAN_POINT('Line Origine',(3.05,5.2,0.999999999627)) ;
#1602=CARTESIAN_POINT('Vertex',(2.57500000037,5.2,0.999999999627)) ;
#1605=CARTESIAN_POINT('Line Origine',(2.57500000037,5.2,2.26286796536)) ;
#1619=CARTESIAN_POINT('Axis2P3D Location',(2.275,4.84130613064,3.52573593129)) ;
#1624=CARTESIAN_POINT('Line Origine',(2.575,4.84130613133,3.52573593129)) ;
#1628=CARTESIAN_POINT('Vertex',(2.575,4.39999999968,3.52573593129)) ;
#1632=CARTESIAN_POINT('Control Point',(2.51919430361,4.39999999968,3.70000337543)) ;
#1633=CARTESIAN_POINT('Control Point',(2.55519932113,4.39999999968,3.64955092159)) ;
#1634=CARTESIAN_POINT('Control Point',(2.575,4.39999989063,3.58771827865)) ;
#1635=CARTESIAN_POINT('Control Point',(2.575,4.39999999968,3.52573593129)) ;
#1646=CARTESIAN_POINT('Axis2P3D Location',(3.05,4.4,3.7)) ;
#1651=CARTESIAN_POINT('Line Origine',(2.57500000037,4.4,2.26286796648)) ;
#1655=CARTESIAN_POINT('Vertex',(2.57500000037,4.4,1.00000000075)) ;
#1658=CARTESIAN_POINT('Line Origine',(3.05,4.4,1.00000000075)) ;
#1662=CARTESIAN_POINT('Vertex',(3.52499999963,4.4,1.00000000075)) ;
#1665=CARTESIAN_POINT('Line Origine',(3.52499999963,4.4,2.26286796648)) ;
#1679=CARTESIAN_POINT('Axis2P3D Location',(3.525,8.425,8.6)) ;
#1684=CARTESIAN_POINT('Line Origine',(3.525,4.8,1.00000000037)) ;
#1696=CARTESIAN_POINT('Axis2P3D Location',(3.785,5.2,1.)) ;
#1701=CARTESIAN_POINT('Line Origine',(3.43683650982,5.11183650968,0.500000000176)) ;
#1705=CARTESIAN_POINT('Vertex',(3.34867301941,5.02367301935,3.52544993198E-010)) ;
#1708=CARTESIAN_POINT('Line Origine',(3.04999999966,5.02367301935,3.52545104221E-010)) ;
#1712=CARTESIAN_POINT('Vertex',(2.75132697992,5.02367301935,3.52545215243E-010)) ;
#1715=CARTESIAN_POINT('Line Origine',(2.66316348951,5.11183650968,0.500000000176)) ;
#1727=CARTESIAN_POINT('Axis2P3D Location',(2.575,8.425,8.6)) ;
#1732=CARTESIAN_POINT('Line Origine',(2.575,4.8,1.00000000037)) ;
#1744=CARTESIAN_POINT('Axis2P3D Location',(2.315,4.4,1.)) ;
#1749=CARTESIAN_POINT('Line Origine',(2.66316349018,4.48816349032,0.500000000176)) ;
#1753=CARTESIAN_POINT('Vertex',(2.75132698059,4.57632698065,3.52544993198E-010)) ;
#1756=CARTESIAN_POINT('Line Origine',(3.05000000034,4.57632698065,3.52544882176E-010)) ;
#1760=CARTESIAN_POINT('Vertex',(3.34867302008,4.57632698065,3.52544771154E-010)) ;
#1763=CARTESIAN_POINT('Line Origine',(3.43683651049,4.48816349032,0.500000000176)) ;
#1775=CARTESIAN_POINT('Axis2P3D Location',(3.525,4.24,1.)) ;
#1780=CARTESIAN_POINT('Line Origine',(3.34867301935,4.80000000052,3.52544993198E-010)) ;
#1792=CARTESIAN_POINT('Axis2P3D Location',(3.05,4.4,-2.30935062739E-014)) ;
#1797=CARTESIAN_POINT('Line Origine',(2.75132698119,4.80000000037,-2.29944055728E-014)) ;
#1809=CARTESIAN_POINT('Axis2P3D Location',(2.575,4.24,1.)) ;
#1824=CARTESIAN_POINT('Axis2P3D Location',(3.05,4.8,5.65)) ;
#1829=CARTESIAN_POINT('Line Origine',(7.14999999963,8.425,5.65)) ;
#1833=CARTESIAN_POINT('Vertex',(7.14999999963,8.02499999963,5.65)) ;
#1835=CARTESIAN_POINT('Vertex',(7.14999999963,8.82500000037,5.65)) ;
#1838=CARTESIAN_POINT('Line Origine',(8.05,8.02499999963,5.65)) ;
#1842=CARTESIAN_POINT('Vertex',(8.95000000037,8.02499999963,5.65)) ;
#1845=CARTESIAN_POINT('Line Origine',(8.95000000037,8.425,5.65)) ;
#1849=CARTESIAN_POINT('Vertex',(8.95000000037,8.82500000037,5.65)) ;
#1852=CARTESIAN_POINT('Line Origine',(8.05,8.82500000037,5.65)) ;
#1864=CARTESIAN_POINT('Axis2P3D Location',(7.15,8.425,8.6)) ;
#1869=CARTESIAN_POINT('Line Origine',(7.15,8.82500000037,5.475)) ;
#1873=CARTESIAN_POINT('Vertex',(7.15,8.82500000037,5.29999999925)) ;
#1876=CARTESIAN_POINT('Axis2P3D Location',(7.15,7.72500007231,5.29999999378)) ;
#1880=CARTESIAN_POINT('Vertex',(7.15,8.78330052383,5.00000000037)) ;
#1883=CARTESIAN_POINT('Axis2P3D Location',(7.15,7.72500000071,5.29999999763)) ;
#1887=CARTESIAN_POINT('Vertex',(7.15,7.72500000075,4.19999999963)) ;
#1890=CARTESIAN_POINT('Line Origine',(7.15,6.71250000056,4.19999999963)) ;
#1894=CARTESIAN_POINT('Vertex',(7.15,5.70000000037,4.19999999963)) ;
#1898=CARTESIAN_POINT('Control Point',(7.15,5.67288193032,4.19926406853)) ;
#1899=CARTESIAN_POINT('Control Point',(7.15,5.6782998877,4.19955835076)) ;
#1900=CARTESIAN_POINT('Control Point',(7.15,5.68372183178,4.19977913888)) ;
#1901=CARTESIAN_POINT('Control Point',(7.15,5.68914810792,4.19992639747)) ;
#1902=CARTESIAN_POINT('Control Point',(7.15,5.69457405675,4.19999999963)) ;
#1903=CARTESIAN_POINT('Control Point',(7.15,5.70000000037,4.19999999963)) ;
#1904=CARTESIAN_POINT('Vertex',(7.15,5.67288193032,4.19926406853)) ;
#1907=CARTESIAN_POINT('Line Origine',(7.15,5.08628777899,4.19926406853)) ;
#1911=CARTESIAN_POINT('Vertex',(7.15,4.49969362766,4.19926406853)) ;
#1914=CARTESIAN_POINT('Axis2P3D Location',(7.15,5.69999999785,3.70000000531)) ;
#1918=CARTESIAN_POINT('Vertex',(7.14999999963,5.7,5.)) ;
#1921=CARTESIAN_POINT('Line Origine',(7.15,6.71250000056,5.00000000037)) ;
#1925=CARTESIAN_POINT('Vertex',(7.14999999963,7.72500000037,5.)) ;
#1928=CARTESIAN_POINT('Axis2P3D Location',(7.15,7.72499999868,5.30000000132)) ;
#1932=CARTESIAN_POINT('Vertex',(7.15,8.02499999963,5.29999999925)) ;
#1935=CARTESIAN_POINT('Line Origine',(7.15,8.02499999963,5.475)) ;
#1954=CARTESIAN_POINT('Axis2P3D Location',(3.05,8.025,8.3)) ;
#1959=CARTESIAN_POINT('Line Origine',(8.05,8.025,5.3)) ;
#1963=CARTESIAN_POINT('Vertex',(8.95000000037,8.025,5.3)) ;
#1966=CARTESIAN_POINT('Line Origine',(8.95000000037,8.025,5.47499999981)) ;
#1978=CARTESIAN_POINT('Axis2P3D Location',(8.95,8.425,8.6)) ;
#1983=CARTESIAN_POINT('Axis2P3D Location',(8.95,7.72499999868,5.30000000132)) ;
#1987=CARTESIAN_POINT('Vertex',(8.95000000037,7.72500000037,5.)) ;
#1990=CARTESIAN_POINT('Line Origine',(8.95,6.71250000056,5.00000000037)) ;
#1994=CARTESIAN_POINT('Vertex',(8.95000000037,5.7,5.)) ;
#1997=CARTESIAN_POINT('Axis2P3D Location',(8.95,5.69999999785,3.70000000531)) ;
#2001=CARTESIAN_POINT('Vertex',(8.95000000037,4.49969362674,4.19926406871)) ;
#2004=CARTESIAN_POINT('Line Origine',(8.95,5.08628777899,4.19926406853)) ;
#2008=CARTESIAN_POINT('Vertex',(8.95,5.67288193032,4.19926406853)) ;
#2012=CARTESIAN_POINT('Control Point',(8.95,5.67288193032,4.19926406853)) ;
#2013=CARTESIAN_POINT('Control Point',(8.95,5.6782998877,4.19955835076)) ;
#2014=CARTESIAN_POINT('Control Point',(8.95,5.68372183178,4.19977913888)) ;
#2015=CARTESIAN_POINT('Control Point',(8.95,5.68914810792,4.19992639747)) ;
#2016=CARTESIAN_POINT('Control Point',(8.95,5.69457405675,4.19999999963)) ;
#2017=CARTESIAN_POINT('Control Point',(8.95,5.70000000037,4.19999999963)) ;
#2018=CARTESIAN_POINT('Vertex',(8.95,5.70000000037,4.19999999963)) ;
#2021=CARTESIAN_POINT('Line Origine',(8.95,6.71250000056,4.19999999963)) ;
#2025=CARTESIAN_POINT('Vertex',(8.95,7.72500000075,4.19999999963)) ;
#2028=CARTESIAN_POINT('Axis2P3D Location',(8.95,7.72500000071,5.29999999763)) ;
#2032=CARTESIAN_POINT('Vertex',(8.95,8.78330052383,5.00000000037)) ;
#2035=CARTESIAN_POINT('Axis2P3D Location',(8.95,7.72500007231,5.29999999378)) ;
#2039=CARTESIAN_POINT('Vertex',(8.95,8.82500000037,5.29999999925)) ;
#2042=CARTESIAN_POINT('Line Origine',(8.95,8.82500000037,5.475)) ;
#2061=CARTESIAN_POINT('Axis2P3D Location',(3.05,8.825,5.3)) ;
#2066=CARTESIAN_POINT('Line Origine',(8.05,8.825,5.3)) ;
#2078=CARTESIAN_POINT('Axis2P3D Location',(3.05,7.725,5.3)) ;
#2083=CARTESIAN_POINT('Line Origine',(3.05000000075,7.725,4.2)) ;
#2097=CARTESIAN_POINT('Axis2P3D Location',(3.05,7.725,4.2)) ;
#2102=CARTESIAN_POINT('Line Origine',(8.05,5.69999999963,4.2)) ;
#2114=CARTESIAN_POINT('Axis2P3D Location',(3.05,5.7,3.7)) ;
#2120=CARTESIAN_POINT('Control Point',(7.23786796182,5.29066493884,3.9871320388)) ;
#2121=CARTESIAN_POINT('Control Point',(7.31250063959,5.23831312498,3.91249936103)) ;
#2122=CARTESIAN_POINT('Control Point',(7.39922889551,5.20811266404,3.8257711043)) ;
#2123=CARTESIAN_POINT('Control Point',(7.48713193759,5.20143605238,3.73786806221)) ;
#2124=CARTESIAN_POINT('Vertex',(7.2378679612,5.29066493884,3.9871320388)) ;
#2126=CARTESIAN_POINT('Vertex',(7.48713193759,5.20143605238,3.73786806221)) ;
#2130=CARTESIAN_POINT('Control Point',(7.14999999963,5.67288193048,4.19926406871)) ;
#2131=CARTESIAN_POINT('Control Point',(7.15000091853,5.57827119866,4.19412518417)) ;
#2132=CARTESIAN_POINT('Control Point',(7.1510998658,5.49535795142,4.16885925038)) ;
#2133=CARTESIAN_POINT('Control Point',(7.14879905053,5.39894517173,4.12070140753)) ;
#2134=CARTESIAN_POINT('Control Point',(7.17801364813,5.3327134219,4.04707630157)) ;
#2135=CARTESIAN_POINT('Control Point',(7.23786796182,5.29066493884,3.9871320388)) ;
#2138=CARTESIAN_POINT('Control Point',(8.86213203818,5.29066493884,3.9871320388)) ;
#2139=CARTESIAN_POINT('Control Point',(8.92075691661,5.33179389076,4.04576541918)) ;
#2140=CARTESIAN_POINT('Control Point',(8.94981804173,5.39576457305,4.11616083751)) ;
#2141=CARTESIAN_POINT('Control Point',(8.94948609073,5.48758108924,4.16825971633)) ;
#2142=CARTESIAN_POINT('Control Point',(8.95002056071,5.58048718625,4.19424554794)) ;
#2143=CARTESIAN_POINT('Control Point',(8.95000000037,5.67288193048,4.19926406871)) ;
#2144=CARTESIAN_POINT('Vertex',(8.86213203818,5.29066493884,3.9871320388)) ;
#2148=CARTESIAN_POINT('Control Point',(8.61286806241,5.20143605238,3.73786806221)) ;
#2149=CARTESIAN_POINT('Control Point',(8.70077110449,5.20811266404,3.8257711043)) ;
#2150=CARTESIAN_POINT('Control Point',(8.78749936041,5.23831312498,3.91249936103)) ;
#2151=CARTESIAN_POINT('Control Point',(8.86213203818,5.29066493884,3.9871320388)) ;
#2152=CARTESIAN_POINT('Vertex',(8.61286796555,5.20143607422,3.73786834973)) ;
#2156=CARTESIAN_POINT('Control Point',(8.61286796555,5.20143607422,3.73786834973)) ;
#2157=CARTESIAN_POINT('Control Point',(8.60117978563,5.20054830023,3.72618016981)) ;
#2158=CARTESIAN_POINT('Control Point',(8.59041883353,5.2,3.7134742909)) ;
#2159=CARTESIAN_POINT('Control Point',(8.5808032874,5.2,3.7)) ;
#2160=CARTESIAN_POINT('Vertex',(8.5808032874,5.2,3.7)) ;
#2163=CARTESIAN_POINT('Line Origine',(3.05000000075,5.2,3.7)) ;
#2167=CARTESIAN_POINT('Vertex',(7.5191967126,5.2,3.7)) ;
#2171=CARTESIAN_POINT('Control Point',(7.5191967126,5.2,3.7)) ;
#2172=CARTESIAN_POINT('Control Point',(7.50958116647,5.2,3.71347429087)) ;
#2173=CARTESIAN_POINT('Control Point',(7.49882021435,5.20054830023,3.72618016983)) ;
#2174=CARTESIAN_POINT('Control Point',(7.48713203445,5.20143607422,3.73786834973)) ;
#2189=CARTESIAN_POINT('Axis2P3D Location',(7.45,6.61928079799,4.19926406871)) ;
#2194=CARTESIAN_POINT('Line Origine',(7.23786796261,6.61928079836,3.98713203739)) ;
#2198=CARTESIAN_POINT('Vertex',(7.23786796369,4.43210600118,3.98713203889)) ;
#2202=CARTESIAN_POINT('Control Point',(7.23786796261,4.43210600093,3.98713203739)) ;
#2203=CARTESIAN_POINT('Control Point',(7.18057375683,4.44511573534,4.0444262448)) ;
#2204=CARTESIAN_POINT('Control Point',(7.15,4.46823130573,4.12359931324)) ;
#2205=CARTESIAN_POINT('Control Point',(7.15,4.49969362617,4.19926406871)) ;
#2214=CARTESIAN_POINT('Axis2P3D Location',(3.05,5.7,3.7)) ;
#2220=CARTESIAN_POINT('Control Point',(7.48713203445,4.40055164918,3.73786797519)) ;
#2221=CARTESIAN_POINT('Control Point',(7.49881880427,4.40021107827,3.72618120537)) ;
#2222=CARTESIAN_POINT('Control Point',(7.5095674545,4.4,3.71348199859)) ;
#2223=CARTESIAN_POINT('Control Point',(7.51918957308,4.4,3.7)) ;
#2224=CARTESIAN_POINT('Vertex',(7.48713203445,4.40055164918,3.73786797519)) ;
#2226=CARTESIAN_POINT('Vertex',(7.51918957308,4.4,3.7)) ;
#2229=CARTESIAN_POINT('Line Origine',(3.05000000075,4.4,3.7)) ;
#2233=CARTESIAN_POINT('Vertex',(8.5808032874,4.4,3.7)) ;
#2237=CARTESIAN_POINT('Control Point',(8.5808032874,4.4,3.7)) ;
#2238=CARTESIAN_POINT('Control Point',(8.59041450652,4.4,3.71346822743)) ;
#2239=CARTESIAN_POINT('Control Point',(8.60117069052,4.40021077213,3.72617070017)) ;
#2240=CARTESIAN_POINT('Control Point',(8.61286796555,4.40055164918,3.73786797519)) ;
#2241=CARTESIAN_POINT('Vertex',(8.61286796555,4.40055164918,3.73786797519)) ;
#2245=CARTESIAN_POINT('Control Point',(8.86213203445,4.43210600151,3.98713204035)) ;
#2246=CARTESIAN_POINT('Control Point',(8.77969602544,4.41343724204,3.90469607094)) ;
#2247=CARTESIAN_POINT('Control Point',(8.69633643815,4.4029840533,3.8213364868)) ;
#2248=CARTESIAN_POINT('Control Point',(8.61286796555,4.40055164918,3.73786797519)) ;
#2249=CARTESIAN_POINT('Vertex',(8.86213203445,4.43210600151,3.98713204035)) ;
#2253=CARTESIAN_POINT('Control Point',(8.95000000037,4.49969362674,4.19926406871)) ;
#2254=CARTESIAN_POINT('Control Point',(8.94988684391,4.46835960122,4.12393232969)) ;
#2255=CARTESIAN_POINT('Control Point',(8.91899880074,4.44498280949,4.04399238803)) ;
#2256=CARTESIAN_POINT('Control Point',(8.86213203631,4.43210600118,3.98713203889)) ;
#2258=CARTESIAN_POINT('Line Origine',(3.05000000075,5.7,5.)) ;
#2264=CARTESIAN_POINT('Control Point',(7.48713203445,4.40055164918,3.73786797519)) ;
#2265=CARTESIAN_POINT('Control Point',(7.40366356185,4.4029840533,3.8213364868)) ;
#2266=CARTESIAN_POINT('Control Point',(7.32030397456,4.41343724204,3.90469607094)) ;
#2267=CARTESIAN_POINT('Control Point',(7.23786796555,4.43210600151,3.98713204035)) ;
#2282=CARTESIAN_POINT('Axis2P3D Location',(3.05,5.7,5.)) ;
#2287=CARTESIAN_POINT('Line Origine',(8.05,7.72500000037,5.)) ;
#2299=CARTESIAN_POINT('Axis2P3D Location',(3.05,7.725,5.3)) ;
#2311=CARTESIAN_POINT('Axis2P3D Location',(8.65,6.61928079799,4.19926406871)) ;
#2316=CARTESIAN_POINT('Line Origine',(8.86213203436,6.61928079836,3.98713203435)) ;
#2328=CARTESIAN_POINT('Axis2P3D Location',(7.575,9.71,3.65)) ;
#2333=CARTESIAN_POINT('Line Origine',(7.48713198351,4.80099385515,3.73786801649)) ;
#2345=CARTESIAN_POINT('Axis2P3D Location',(8.525,9.71,3.65)) ;
#2350=CARTESIAN_POINT('Line Origine',(8.61286801649,4.80099385515,3.73786801649)) ;
#2362=CARTESIAN_POINT('Axis2P3D Location',(8.825,4.84130613064,3.52573593129)) ;
#2367=CARTESIAN_POINT('Line Origine',(8.525,4.84130613133,3.52573593129)) ;
#2371=CARTESIAN_POINT('Vertex',(8.525,5.20000000042,3.52573593129)) ;
#2373=CARTESIAN_POINT('Vertex',(8.52499999963,4.4,3.52573593222)) ;
#2376=CARTESIAN_POINT('Axis2P3D Location',(8.825,5.20000000042,3.52573593129)) ;
#2381=CARTESIAN_POINT('Axis2P3D Location',(8.825,4.39999999968,3.52573593129)) ;
#2395=CARTESIAN_POINT('Axis2P3D Location',(3.05,5.2,3.65)) ;
#2401=CARTESIAN_POINT('Control Point',(7.57500000037,5.2,3.5257359311)) ;
#2402=CARTESIAN_POINT('Control Point',(7.57500000037,5.2,3.55533526246)) ;
#2403=CARTESIAN_POINT('Control Point',(7.57134949867,5.2,3.58493416362)) ;
#2404=CARTESIAN_POINT('Control Point',(7.56382444721,5.2,3.61466284803)) ;
#2405=CARTESIAN_POINT('Control Point',(7.5502213531,5.2,3.64941086045)) ;
#2406=CARTESIAN_POINT('Control Point',(7.53159198406,5.2,3.68143927869)) ;
#2407=CARTESIAN_POINT('Control Point',(7.52764730416,5.2,3.68776160897)) ;
#2408=CARTESIAN_POINT('Control Point',(7.52351575205,5.2,3.69394771905)) ;
#2409=CARTESIAN_POINT('Control Point',(7.5191967126,5.2,3.70000000075)) ;
#2410=CARTESIAN_POINT('Vertex',(7.575,5.20000000042,3.52573593129)) ;
#2413=CARTESIAN_POINT('Line Origine',(8.52499999963,5.2,2.26286796536)) ;
#2417=CARTESIAN_POINT('Vertex',(8.52499999963,5.2,0.999999999627)) ;
#2420=CARTESIAN_POINT('Line Origine',(8.05,5.2,0.999999999627)) ;
#2424=CARTESIAN_POINT('Vertex',(7.57500000037,5.2,0.999999999627)) ;
#2427=CARTESIAN_POINT('Line Origine',(7.57500000037,5.2,2.26286796536)) ;
#2441=CARTESIAN_POINT('Axis2P3D Location',(7.275,4.84130613064,3.52573593129)) ;
#2446=CARTESIAN_POINT('Line Origine',(7.575,4.84130613133,3.52573593129)) ;
#2450=CARTESIAN_POINT('Vertex',(7.575,4.39999999968,3.52573593129)) ;
#2454=CARTESIAN_POINT('Control Point',(7.51919430361,4.39999999968,3.70000337543)) ;
#2455=CARTESIAN_POINT('Control Point',(7.55519932113,4.39999999968,3.64955092159)) ;
#2456=CARTESIAN_POINT('Control Point',(7.575,4.39999989063,3.58771827865)) ;
#2457=CARTESIAN_POINT('Control Point',(7.575,4.39999999968,3.52573593129)) ;
#2468=CARTESIAN_POINT('Axis2P3D Location',(3.05,4.4,3.7)) ;
#2473=CARTESIAN_POINT('Line Origine',(7.57500000037,4.4,2.26286796648)) ;
#2477=CARTESIAN_POINT('Vertex',(7.57500000037,4.4,1.00000000075)) ;
#2480=CARTESIAN_POINT('Line Origine',(8.05,4.4,1.00000000075)) ;
#2484=CARTESIAN_POINT('Vertex',(8.52499999963,4.4,1.00000000075)) ;
#2487=CARTESIAN_POINT('Line Origine',(8.52499999963,4.4,2.26286796648)) ;
#2501=CARTESIAN_POINT('Axis2P3D Location',(8.525,8.425,8.6)) ;
#2506=CARTESIAN_POINT('Line Origine',(8.525,4.8,1.00000000037)) ;
#2518=CARTESIAN_POINT('Axis2P3D Location',(3.785,5.2,1.)) ;
#2523=CARTESIAN_POINT('Line Origine',(8.43683650982,5.11183650968,0.500000000176)) ;
#2527=CARTESIAN_POINT('Vertex',(8.34867301941,5.02367301935,3.52543882975E-010)) ;
#2530=CARTESIAN_POINT('Line Origine',(8.04999999966,5.02367301935,3.52543993998E-010)) ;
#2534=CARTESIAN_POINT('Vertex',(7.75132697992,5.02367301935,3.5254410502E-010)) ;
#2537=CARTESIAN_POINT('Line Origine',(7.66316348951,5.11183650968,0.500000000176)) ;
#2549=CARTESIAN_POINT('Axis2P3D Location',(7.575,8.425,8.6)) ;
#2554=CARTESIAN_POINT('Line Origine',(7.575,4.8,1.00000000037)) ;
#2566=CARTESIAN_POINT('Axis2P3D Location',(2.315,4.4,1.)) ;
#2571=CARTESIAN_POINT('Line Origine',(7.66316349018,4.48816349032,0.500000000176)) ;
#2575=CARTESIAN_POINT('Vertex',(7.75132698059,4.57632698065,3.52543660931E-010)) ;
#2578=CARTESIAN_POINT('Line Origine',(8.05000000034,4.57632698065,3.52543549909E-010)) ;
#2582=CARTESIAN_POINT('Vertex',(8.34867302008,4.57632698065,3.52543438886E-010)) ;
#2585=CARTESIAN_POINT('Line Origine',(8.43683651049,4.48816349032,0.500000000176)) ;
#2597=CARTESIAN_POINT('Axis2P3D Location',(8.525,4.24,1.)) ;
#2602=CARTESIAN_POINT('Line Origine',(8.34867301935,4.80000000052,3.52544993198E-010)) ;
#2614=CARTESIAN_POINT('Axis2P3D Location',(3.05,4.4,-2.30935062739E-014)) ;
#2619=CARTESIAN_POINT('Line Origine',(7.75132698119,4.80000000037,-2.42434064755E-014)) ;
#2631=CARTESIAN_POINT('Axis2P3D Location',(7.575,4.24,1.)) ;
#2653=CARTESIAN_POINT('Axis2P3D Location',(10.55,10.,1.59377719355E-014)) ;
#2658=CARTESIAN_POINT('Line Origine',(10.55,4.84999999963,3.5)) ;
#2662=CARTESIAN_POINT('Vertex',(10.55,1.52472232468,3.5)) ;
#2664=CARTESIAN_POINT('Vertex',(10.55,8.17527767457,3.5)) ;
#2667=CARTESIAN_POINT('Line Origine',(10.55,8.17527767457,6.79999999981)) ;
#2671=CARTESIAN_POINT('Vertex',(10.55,8.17527767457,10.0999999996)) ;
#2674=CARTESIAN_POINT('Line Origine',(10.55,8.5,10.0999999996)) ;
#2678=CARTESIAN_POINT('Vertex',(10.55,8.82472232543,10.0999999996)) ;
#2681=CARTESIAN_POINT('Line Origine',(10.55,8.82472232543,6.79999999981)) ;
#2685=CARTESIAN_POINT('Vertex',(10.55,8.82472232543,3.5)) ;
#2688=CARTESIAN_POINT('Line Origine',(10.55,9.41236116271,3.5)) ;
#2692=CARTESIAN_POINT('Vertex',(10.55,10.,3.5)) ;
#2695=CARTESIAN_POINT('Line Origine',(10.55,10.,8.45000000019)) ;
#2699=CARTESIAN_POINT('Vertex',(10.55,10.,13.4000000004)) ;
#2702=CARTESIAN_POINT('Line Origine',(10.55,9.29999999981,13.4000000004)) ;
#2706=CARTESIAN_POINT('Vertex',(10.55,8.59999999963,13.4000000004)) ;
#2709=CARTESIAN_POINT('Line Origine',(10.55,8.14980702754,15.3500000006)) ;
#2713=CARTESIAN_POINT('Vertex',(10.55,7.69961405545,17.3000000007)) ;
#2716=CARTESIAN_POINT('Line Origine',(10.55,4.85006432422,17.3000000007)) ;
#2720=CARTESIAN_POINT('Vertex',(10.55,2.00051459298,17.3000000007)) ;
#2723=CARTESIAN_POINT('Line Origine',(10.55,1.40025729686,14.7000000002)) ;
#2727=CARTESIAN_POINT('Vertex',(10.55,0.800000000745,12.0999999996)) ;
#2730=CARTESIAN_POINT('Axis2P3D Location',(10.55,0.799999999349,11.3000000003)) ;
#2734=CARTESIAN_POINT('Vertex',(10.55,-1.95399252334E-014,11.3000000007)) ;
#2737=CARTESIAN_POINT('Line Origine',(10.55,-1.95399252334E-014,7.40000000037)) ;
#2741=CARTESIAN_POINT('Vertex',(10.55,-1.95399252334E-014,3.5)) ;
#2744=CARTESIAN_POINT('Line Origine',(10.55,0.437638837844,3.5)) ;
#2748=CARTESIAN_POINT('Vertex',(10.55,0.875277675688,3.5)) ;
#2751=CARTESIAN_POINT('Line Origine',(10.55,0.875277675688,6.79999999981)) ;
#2755=CARTESIAN_POINT('Vertex',(10.55,0.875277675688,10.0999999996)) ;
#2758=CARTESIAN_POINT('Line Origine',(10.55,1.20000000019,10.0999999996)) ;
#2762=CARTESIAN_POINT('Vertex',(10.55,1.52472232468,10.0999999996)) ;
#2765=CARTESIAN_POINT('Line Origine',(10.55,1.52472232468,6.79999999981)) ;
#2789=CARTESIAN_POINT('Axis2P3D Location',(0.55,-2.34187669257E-014,3.5)) ;
#2794=CARTESIAN_POINT('Line Origine',(10.2249999998,1.71236116253,3.5)) ;
#2798=CARTESIAN_POINT('Vertex',(9.89999999963,1.90000000037,3.5)) ;
#2801=CARTESIAN_POINT('Line Origine',(9.89999999963,1.20000000019,3.5)) ;
#2805=CARTESIAN_POINT('Vertex',(9.89999999963,0.5,3.5)) ;
#2808=CARTESIAN_POINT('Line Origine',(10.2249999998,0.687638837844,3.5)) ;
#2813=CARTESIAN_POINT('Line Origine',(5.55,-2.37250540394E-014,3.5)) ;
#2817=CARTESIAN_POINT('Vertex',(0.55,-1.95399252334E-014,3.5)) ;
#2820=CARTESIAN_POINT('Line Origine',(0.55,0.447168783285,3.5)) ;
#2824=CARTESIAN_POINT('Vertex',(0.55,0.894337566569,3.5)) ;
#2827=CARTESIAN_POINT('Line Origine',(0.274999999627,0.735566242598,3.5)) ;
#2831=CARTESIAN_POINT('Vertex',(-7.45058015283E-010,0.576794918627,3.5)) ;
#2834=CARTESIAN_POINT('Line Origine',(-7.45057959772E-010,1.19999999925,3.5)) ;
#2838=CARTESIAN_POINT('Vertex',(-7.45057904261E-010,1.82320507988,3.5)) ;
#2841=CARTESIAN_POINT('Line Origine',(0.274999999627,1.66443375591,3.5)) ;
#2845=CARTESIAN_POINT('Vertex',(0.55,1.50566243194,3.5)) ;
#2848=CARTESIAN_POINT('Line Origine',(0.55,4.84999999963,3.5)) ;
#2852=CARTESIAN_POINT('Vertex',(0.55,8.19433756731,3.5)) ;
#2855=CARTESIAN_POINT('Line Origine',(0.274999999627,8.03556624334,3.5)) ;
#2859=CARTESIAN_POINT('Vertex',(-7.45057571194E-010,7.87679491937,3.5)) ;
#2862=CARTESIAN_POINT('Line Origine',(-7.45057515683E-010,8.5,3.5)) ;
#2866=CARTESIAN_POINT('Vertex',(-7.45057460172E-010,9.12320508063,3.5)) ;
#2869=CARTESIAN_POINT('Line Origine',(0.274999999627,8.96443375666,3.5)) ;
#2873=CARTESIAN_POINT('Vertex',(0.55,8.80566243269,3.5)) ;
#2876=CARTESIAN_POINT('Line Origine',(0.55,9.40283121634,3.5)) ;
#2880=CARTESIAN_POINT('Vertex',(0.55,10.,3.5)) ;
#2883=CARTESIAN_POINT('Line Origine',(5.55,10.,3.5)) ;
#2888=CARTESIAN_POINT('Line Origine',(10.2249999998,9.01236116234,3.5)) ;
#2892=CARTESIAN_POINT('Vertex',(9.89999999963,9.19999999925,3.5)) ;
#2895=CARTESIAN_POINT('Line Origine',(9.89999999963,8.5,3.5)) ;
#2899=CARTESIAN_POINT('Vertex',(9.89999999963,7.80000000075,3.5)) ;
#2902=CARTESIAN_POINT('Line Origine',(10.2249999998,7.98763883766,3.5)) ;
#2929=CARTESIAN_POINT('Line Origine',(1.70723916143,1.90723916143,3.5)) ;
#2933=CARTESIAN_POINT('Vertex',(1.70723916143,1.65723916143,3.5)) ;
#2935=CARTESIAN_POINT('Vertex',(1.70723916143,2.15723916143,3.5)) ;
#2938=CARTESIAN_POINT('Line Origine',(3.05,1.65723916143,3.5)) ;
#2942=CARTESIAN_POINT('Vertex',(4.39276083857,1.65723916143,3.5)) ;
#2945=CARTESIAN_POINT('Line Origine',(4.39276083857,1.90723916143,3.5)) ;
#2949=CARTESIAN_POINT('Vertex',(4.39276083857,2.15723916143,3.5)) ;
#2952=CARTESIAN_POINT('Line Origine',(4.75888041891,2.15723916143,3.5)) ;
#2956=CARTESIAN_POINT('Vertex',(5.12499999925,2.15723916143,3.5)) ;
#2959=CARTESIAN_POINT('Line Origine',(5.12499999925,4.79999999981,3.5)) ;
#2963=CARTESIAN_POINT('Vertex',(5.12499999925,7.4427608382,3.5)) ;
#2966=CARTESIAN_POINT('Line Origine',(4.61368060317,7.4427608382,3.5)) ;
#2970=CARTESIAN_POINT('Vertex',(4.10236120708,7.4427608382,3.5)) ;
#2973=CARTESIAN_POINT('Line Origine',(4.10236120708,7.7288804194,3.5)) ;
#2977=CARTESIAN_POINT('Vertex',(4.10236120708,8.0150000006,3.5)) ;
#2980=CARTESIAN_POINT('Line Origine',(4.35857348256,8.0150000006,3.5)) ;
#2984=CARTESIAN_POINT('Vertex',(4.61478575803,8.0150000006,3.5)) ;
#2987=CARTESIAN_POINT('Line Origine',(4.61478575803,8.55118060391,3.5)) ;
#2991=CARTESIAN_POINT('Vertex',(4.61478575803,9.08736120723,3.5)) ;
#2994=CARTESIAN_POINT('Line Origine',(4.29607348256,9.08736120723,3.5)) ;
#2998=CARTESIAN_POINT('Vertex',(3.97736120708,9.08736120723,3.5)) ;
#3001=CARTESIAN_POINT('Line Origine',(3.97736120708,9.23736120667,3.5)) ;
#3005=CARTESIAN_POINT('Vertex',(3.97736120708,9.38736120611,3.5)) ;
#3008=CARTESIAN_POINT('Line Origine',(3.05,9.38736120611,3.5)) ;
#3012=CARTESIAN_POINT('Vertex',(2.12263879292,9.38736120611,3.5)) ;
#3015=CARTESIAN_POINT('Line Origine',(2.12263879292,9.23736120667,3.5)) ;
#3019=CARTESIAN_POINT('Vertex',(2.12263879292,9.08736120723,3.5)) ;
#3022=CARTESIAN_POINT('Line Origine',(1.80392651744,9.08736120723,3.5)) ;
#3026=CARTESIAN_POINT('Vertex',(1.48521424197,9.08736120723,3.5)) ;
#3029=CARTESIAN_POINT('Line Origine',(1.48521424197,8.55118060391,3.5)) ;
#3033=CARTESIAN_POINT('Vertex',(1.48521424197,8.0150000006,3.5)) ;
#3036=CARTESIAN_POINT('Line Origine',(1.74142651744,8.0150000006,3.5)) ;
#3040=CARTESIAN_POINT('Vertex',(1.99763879292,8.0150000006,3.5)) ;
#3043=CARTESIAN_POINT('Line Origine',(1.99763879292,7.7288804194,3.5)) ;
#3047=CARTESIAN_POINT('Vertex',(1.99763879292,7.4427608382,3.5)) ;
#3050=CARTESIAN_POINT('Line Origine',(1.48631939683,7.4427608382,3.5)) ;
#3054=CARTESIAN_POINT('Vertex',(0.975000000745,7.4427608382,3.5)) ;
#3057=CARTESIAN_POINT('Line Origine',(0.975000000745,4.79999999981,3.5)) ;
#3061=CARTESIAN_POINT('Vertex',(0.975000000745,2.15723916143,3.5)) ;
#3064=CARTESIAN_POINT('Line Origine',(1.34111958109,2.15723916143,3.5)) ;
#3091=CARTESIAN_POINT('Line Origine',(6.70723916143,1.90723916143,3.5)) ;
#3095=CARTESIAN_POINT('Vertex',(6.70723916143,1.65723916143,3.5)) ;
#3097=CARTESIAN_POINT('Vertex',(6.70723916143,2.15723916143,3.5)) ;
#3100=CARTESIAN_POINT('Line Origine',(8.05,1.65723916143,3.5)) ;
#3104=CARTESIAN_POINT('Vertex',(9.39276083857,1.65723916143,3.5)) ;
#3107=CARTESIAN_POINT('Line Origine',(9.39276083857,1.90723916143,3.5)) ;
#3111=CARTESIAN_POINT('Vertex',(9.39276083857,2.15723916143,3.5)) ;
#3114=CARTESIAN_POINT('Line Origine',(9.75888041891,2.15723916143,3.5)) ;
#3118=CARTESIAN_POINT('Vertex',(10.1249999993,2.15723916143,3.5)) ;
#3121=CARTESIAN_POINT('Line Origine',(10.1249999993,4.79999999981,3.5)) ;
#3125=CARTESIAN_POINT('Vertex',(10.1249999993,7.4427608382,3.5)) ;
#3128=CARTESIAN_POINT('Line Origine',(9.61368060317,7.4427608382,3.5)) ;
#3132=CARTESIAN_POINT('Vertex',(9.10236120708,7.4427608382,3.5)) ;
#3135=CARTESIAN_POINT('Line Origine',(9.10236120708,7.7288804194,3.5)) ;
#3139=CARTESIAN_POINT('Vertex',(9.10236120708,8.0150000006,3.5)) ;
#3142=CARTESIAN_POINT('Line Origine',(9.35857348256,8.0150000006,3.5)) ;
#3146=CARTESIAN_POINT('Vertex',(9.61478575803,8.0150000006,3.5)) ;
#3149=CARTESIAN_POINT('Line Origine',(9.61478575803,8.55118060391,3.5)) ;
#3153=CARTESIAN_POINT('Vertex',(9.61478575803,9.08736120723,3.5)) ;
#3156=CARTESIAN_POINT('Line Origine',(9.29607348256,9.08736120723,3.5)) ;
#3160=CARTESIAN_POINT('Vertex',(8.97736120708,9.08736120723,3.5)) ;
#3163=CARTESIAN_POINT('Line Origine',(8.97736120708,9.23736120667,3.5)) ;
#3167=CARTESIAN_POINT('Vertex',(8.97736120708,9.38736120611,3.5)) ;
#3170=CARTESIAN_POINT('Line Origine',(8.05,9.38736120611,3.5)) ;
#3174=CARTESIAN_POINT('Vertex',(7.12263879292,9.38736120611,3.5)) ;
#3177=CARTESIAN_POINT('Line Origine',(7.12263879292,9.23736120667,3.5)) ;
#3181=CARTESIAN_POINT('Vertex',(7.12263879292,9.08736120723,3.5)) ;
#3184=CARTESIAN_POINT('Line Origine',(6.80392651744,9.08736120723,3.5)) ;
#3188=CARTESIAN_POINT('Vertex',(6.48521424197,9.08736120723,3.5)) ;
#3191=CARTESIAN_POINT('Line Origine',(6.48521424197,8.55118060391,3.5)) ;
#3195=CARTESIAN_POINT('Vertex',(6.48521424197,8.0150000006,3.5)) ;
#3198=CARTESIAN_POINT('Line Origine',(6.74142651744,8.0150000006,3.5)) ;
#3202=CARTESIAN_POINT('Vertex',(6.99763879292,8.0150000006,3.5)) ;
#3205=CARTESIAN_POINT('Line Origine',(6.99763879292,7.7288804194,3.5)) ;
#3209=CARTESIAN_POINT('Vertex',(6.99763879292,7.4427608382,3.5)) ;
#3212=CARTESIAN_POINT('Line Origine',(6.48631939683,7.4427608382,3.5)) ;
#3216=CARTESIAN_POINT('Vertex',(5.97500000075,7.4427608382,3.5)) ;
#3219=CARTESIAN_POINT('Line Origine',(5.97500000075,4.79999999981,3.5)) ;
#3223=CARTESIAN_POINT('Vertex',(5.97500000075,2.15723916143,3.5)) ;
#3226=CARTESIAN_POINT('Line Origine',(6.34111958109,2.15723916143,3.5)) ;
#3254=CARTESIAN_POINT('Axis2P3D Location',(10.55,8.17527767497,3.5)) ;
#3259=CARTESIAN_POINT('Line Origine',(9.90000000037,7.80000000021,6.79999999981)) ;
#3263=CARTESIAN_POINT('Vertex',(9.9,7.80000000075,10.0999999996)) ;
#3266=CARTESIAN_POINT('Line Origine',(10.2250000002,7.98763883759,10.0999999996)) ;
#3278=CARTESIAN_POINT('Axis2P3D Location',(-1.95,8.425,10.1)) ;
#3283=CARTESIAN_POINT('Line Origine',(9.89999999963,8.50000000019,10.1)) ;
#3287=CARTESIAN_POINT('Vertex',(9.9,9.19999999925,10.0999999996)) ;
#3290=CARTESIAN_POINT('Line Origine',(10.2249999998,9.01236116253,10.1)) ;
#3302=CARTESIAN_POINT('Axis2P3D Location',(9.9,9.2,3.5)) ;
#3307=CARTESIAN_POINT('Line Origine',(9.9,9.2,6.79999999981)) ;
#3319=CARTESIAN_POINT('Axis2P3D Location',(0.55,10.,3.5)) ;
#3324=CARTESIAN_POINT('Line Origine',(0.55,10.,8.45000000019)) ;
#3328=CARTESIAN_POINT('Vertex',(0.55,10.,13.4000000004)) ;
#3331=CARTESIAN_POINT('Line Origine',(1.27990381066,10.,13.4000000004)) ;
#3335=CARTESIAN_POINT('Vertex',(2.00980762132,10.,13.4)) ;
#3338=CARTESIAN_POINT('Line Origine',(2.00980762132,10.,9.90000000037)) ;
#3342=CARTESIAN_POINT('Vertex',(2.00980762132,10.,6.40000000037)) ;
#3345=CARTESIAN_POINT('Line Origine',(3.05,10.,6.40000000037)) ;
#3349=CARTESIAN_POINT('Vertex',(4.09019237868,10.,6.40000000037)) ;
#3352=CARTESIAN_POINT('Line Origine',(4.09019237868,10.,9.90000000037)) ;
#3356=CARTESIAN_POINT('Vertex',(4.09019237868,10.,13.4000000004)) ;
#3359=CARTESIAN_POINT('Line Origine',(5.55,10.,13.4000000004)) ;
#3363=CARTESIAN_POINT('Vertex',(7.00980762132,10.,13.4000000004)) ;
#3366=CARTESIAN_POINT('Line Origine',(7.00980762132,10.,9.90000000037)) ;
#3370=CARTESIAN_POINT('Vertex',(7.00980762132,10.,6.40000000037)) ;
#3373=CARTESIAN_POINT('Line Origine',(8.05,10.,6.40000000037)) ;
#3377=CARTESIAN_POINT('Vertex',(9.09019237868,10.,6.40000000037)) ;
#3380=CARTESIAN_POINT('Line Origine',(9.09019237868,10.,9.90000000037)) ;
#3384=CARTESIAN_POINT('Vertex',(9.09019237868,10.,13.4000000004)) ;
#3387=CARTESIAN_POINT('Line Origine',(9.82009618934,10.,13.4000000004)) ;
#3407=CARTESIAN_POINT('Axis2P3D Location',(0.55,10.,13.4)) ;
#3412=CARTESIAN_POINT('Line Origine',(9.39509618953,9.4718911089,13.4)) ;
#3416=CARTESIAN_POINT('Vertex',(9.70000000037,8.9437822178,13.4)) ;
#3419=CARTESIAN_POINT('Line Origine',(9.70000000037,8.77189110871,13.4)) ;
#3423=CARTESIAN_POINT('Vertex',(9.70000000037,8.6,13.4)) ;
#3426=CARTESIAN_POINT('Line Origine',(10.1250000002,8.59999999963,13.4)) ;
#3439=CARTESIAN_POINT('Axis2P3D Location',(0.55,8.6,13.4)) ;
#3444=CARTESIAN_POINT('Line Origine',(7.95075862221,8.6,13.4)) ;
#3448=CARTESIAN_POINT('Vertex',(6.20151724406,8.6,13.4)) ;
#3451=CARTESIAN_POINT('Line Origine',(5.55,8.6,13.4)) ;
#3455=CARTESIAN_POINT('Vertex',(4.89848275594,8.6,13.4)) ;
#3458=CARTESIAN_POINT('Line Origine',(3.05,8.6,13.4)) ;
#3462=CARTESIAN_POINT('Vertex',(1.20151724406,8.6,13.4)) ;
#3465=CARTESIAN_POINT('Line Origine',(0.875758622028,8.6,13.4)) ;
#3469=CARTESIAN_POINT('Vertex',(0.55,8.59999999963,13.4000000004)) ;
#3472=CARTESIAN_POINT('Line Origine',(0.55,8.14980702733,15.3499999999)) ;
#3476=CARTESIAN_POINT('Vertex',(0.55,7.69961405545,17.3000000007)) ;
#3479=CARTESIAN_POINT('Line Origine',(5.55,7.69961405466,17.2999999998)) ;
#3495=CARTESIAN_POINT('Axis2P3D Location',(0.55,7.69961405461,17.3)) ;
#3500=CARTESIAN_POINT('Line Origine',(0.55,4.8500643243,17.3)) ;
#3504=CARTESIAN_POINT('Vertex',(0.55,2.00051459298,17.3000000007)) ;
#3507=CARTESIAN_POINT('Line Origine',(5.55,2.00051459399,17.3)) ;
#3518=CARTESIAN_POINT('Axis2P3D Location',(8.05,4.7999999999,17.3)) ;
#3522=CARTESIAN_POINT('Vertex',(7.06717764512,3.00095574846,17.3)) ;
#3524=CARTESIAN_POINT('Vertex',(9.03282235488,6.59904425134,17.3)) ;
#3527=CARTESIAN_POINT('Axis2P3D Location',(8.05,4.7999999999,17.3)) ;
#3536=CARTESIAN_POINT('Axis2P3D Location',(3.05,4.7999999999,17.3)) ;
#3540=CARTESIAN_POINT('Vertex',(2.06717764512,3.00095574846,17.3)) ;
#3542=CARTESIAN_POINT('Vertex',(4.03282235488,6.59904425134,17.3)) ;
#3545=CARTESIAN_POINT('Axis2P3D Location',(3.05,4.7999999999,17.3)) ;
#3555=CARTESIAN_POINT('Axis2P3D Location',(0.55,2.00051459385,17.3)) ;
#3560=CARTESIAN_POINT('Line Origine',(0.55,1.40025729696,14.7000000002)) ;
#3564=CARTESIAN_POINT('Vertex',(0.55,0.800000000745,12.0999999996)) ;
#3567=CARTESIAN_POINT('Line Origine',(5.55,0.800000000067,12.1000000003)) ;
#3579=CARTESIAN_POINT('Axis2P3D Location',(13.66,0.8,11.3)) ;
#3585=CARTESIAN_POINT('Control Point',(0.55,-2.30926389122E-014,11.3)) ;
#3586=CARTESIAN_POINT('Control Point',(0.550000000149,-2.17603712827E-014,11.6141592654)) ;
#3587=CARTESIAN_POINT('Control Point',(0.550000000298,0.167655328908,11.9323446711)) ;
#3588=CARTESIAN_POINT('Control Point',(0.550000000447,0.485840734641,12.1)) ;
#3589=CARTESIAN_POINT('Control Point',(0.550000000596,0.8,12.1)) ;
#3590=CARTESIAN_POINT('Vertex',(0.55,-1.95399252334E-014,11.3000000007)) ;
#3593=CARTESIAN_POINT('Line Origine',(13.6600000001,-2.30926389122E-014,11.3)) ;
#3605=CARTESIAN_POINT('Axis2P3D Location',(0.55,-2.34187669257E-014,11.3)) ;
#3610=CARTESIAN_POINT('Line Origine',(0.55,-2.34187669257E-014,7.39999999963)) ;
#3621=CARTESIAN_POINT('Line Origine',(8.05,-2.38779943084E-014,10.9071796771)) ;
#3625=CARTESIAN_POINT('Vertex',(9.72704182863,-2.39806801123E-014,10.9071796771)) ;
#3627=CARTESIAN_POINT('Vertex',(6.37295817137,-2.37753085044E-014,10.9071796771)) ;
#3630=CARTESIAN_POINT('Line Origine',(9.72704182863,-2.39806801123E-014,7.90717967711)) ;
#3634=CARTESIAN_POINT('Vertex',(9.72704182863,-2.39806801123E-014,4.90717967711)) ;
#3637=CARTESIAN_POINT('Line Origine',(8.05,-2.38779943084E-014,4.90717967711)) ;
#3641=CARTESIAN_POINT('Vertex',(6.37295817137,-2.37753085044E-014,4.90717967711)) ;
#3644=CARTESIAN_POINT('Line Origine',(6.37295817137,-2.37753085044E-014,7.90717967711)) ;
#3655=CARTESIAN_POINT('Line Origine',(3.05,-2.35718427199E-014,10.9071796771)) ;
#3659=CARTESIAN_POINT('Vertex',(4.72704182863,-2.36745285239E-014,10.9071796771)) ;
#3661=CARTESIAN_POINT('Vertex',(1.37295817137,-2.3469156916E-014,10.9071796771)) ;
#3664=CARTESIAN_POINT('Line Origine',(4.72704182863,-2.36745285239E-014,7.90717967711)) ;
#3668=CARTESIAN_POINT('Vertex',(4.72704182863,-2.36745285239E-014,4.90717967711)) ;
#3671=CARTESIAN_POINT('Line Origine',(3.05,-2.35718427199E-014,4.90717967711)) ;
#3675=CARTESIAN_POINT('Vertex',(1.37295817137,-2.3469156916E-014,4.90717967711)) ;
#3678=CARTESIAN_POINT('Line Origine',(1.37295817137,-2.3469156916E-014,7.90717967711)) ;
#3690=CARTESIAN_POINT('Axis2P3D Location',(10.55,0.87527767497,3.5)) ;
#3695=CARTESIAN_POINT('Line Origine',(9.90000000037,0.500000000213,6.79999999981)) ;
#3699=CARTESIAN_POINT('Vertex',(9.9,0.5,10.0999999996)) ;
#3702=CARTESIAN_POINT('Line Origine',(10.2250000002,0.687638837591,10.0999999996)) ;
#3714=CARTESIAN_POINT('Axis2P3D Location',(-1.95,8.425,10.1)) ;
#3719=CARTESIAN_POINT('Line Origine',(9.89999999963,1.19999999944,10.1)) ;
#3723=CARTESIAN_POINT('Vertex',(9.9,1.90000000037,10.0999999996)) ;
#3726=CARTESIAN_POINT('Line Origine',(10.2249999998,1.71236116271,10.1)) ;
#3738=CARTESIAN_POINT('Axis2P3D Location',(9.9,1.9,3.5)) ;
#3743=CARTESIAN_POINT('Line Origine',(9.9,1.9,6.79999999981)) ;
#3755=CARTESIAN_POINT('Axis2P3D Location',(9.9,0.5,3.5)) ;
#3767=CARTESIAN_POINT('Axis2P3D Location',(0.55,10.,1.59377719355E-014)) ;
#3772=CARTESIAN_POINT('Line Origine',(0.55,1.50566243194,6.75)) ;
#3776=CARTESIAN_POINT('Vertex',(0.55,1.50566243194,10.)) ;
#3779=CARTESIAN_POINT('Line Origine',(0.55,1.19999999925,10.)) ;
#3783=CARTESIAN_POINT('Vertex',(0.55,0.894337566569,10.)) ;
#3786=CARTESIAN_POINT('Line Origine',(0.55,0.894337566569,6.75)) ;
#3791=CARTESIAN_POINT('Line Origine',(0.55,9.29999999981,13.4000000004)) ;
#3796=CARTESIAN_POINT('Line Origine',(0.55,8.80566243269,6.75)) ;
#3800=CARTESIAN_POINT('Vertex',(0.55,8.80566243269,10.)) ;
#3803=CARTESIAN_POINT('Line Origine',(0.55,8.5,10.)) ;
#3807=CARTESIAN_POINT('Vertex',(0.55,8.19433756731,10.)) ;
#3810=CARTESIAN_POINT('Line Origine',(0.55,8.19433756731,6.75)) ;
#3834=CARTESIAN_POINT('Axis2P3D Location',(0.55,0.8943375673,3.5)) ;
#3839=CARTESIAN_POINT('Line Origine',(0.275000000097,0.735566243328,10.)) ;
#3843=CARTESIAN_POINT('Vertex',(-7.45058237328E-010,0.576794919744,10.)) ;
#3846=CARTESIAN_POINT('Line Origine',(1.93008942162E-010,0.576794919357,6.75)) ;
#3858=CARTESIAN_POINT('Axis2P3D Location',(0.,7.87679491924,3.5)) ;
#3863=CARTESIAN_POINT('Line Origine',(0.,1.20000000005,10.)) ;
#3867=CARTESIAN_POINT('Vertex',(-1.33226762955E-015,1.82320508076,10.)) ;
#3870=CARTESIAN_POINT('Line Origine',(0.,1.82320508161,6.75)) ;
#3882=CARTESIAN_POINT('Axis2P3D Location',(-1.33226762955E-015,1.82320508076,3.5)) ;
#3887=CARTESIAN_POINT('Line Origine',(0.274999999903,1.66443375679,10.)) ;
#3899=CARTESIAN_POINT('Axis2P3D Location',(0.55,8.1943375673,3.5)) ;
#3904=CARTESIAN_POINT('Line Origine',(0.275000000096,8.03556624333,10.)) ;
#3908=CARTESIAN_POINT('Vertex',(-7.45058237328E-010,7.87679491863,10.)) ;
#3911=CARTESIAN_POINT('Line Origine',(1.92850069247E-010,7.87679491936,6.75)) ;
#3923=CARTESIAN_POINT('Axis2P3D Location',(0.,7.87679491924,3.5)) ;
#3928=CARTESIAN_POINT('Line Origine',(0.,8.49999999987,10.)) ;
#3932=CARTESIAN_POINT('Vertex',(1.11022302463E-016,9.12320508076,10.)) ;
#3935=CARTESIAN_POINT('Line Origine',(0.,9.1232050805,6.75)) ;
#3947=CARTESIAN_POINT('Axis2P3D Location',(1.11022302463E-016,9.12320508076,3.5)) ;
#3952=CARTESIAN_POINT('Line Origine',(0.274999999904,8.96443375679,10.)) ;
#3964=CARTESIAN_POINT('Axis2P3D Location',(9.9,0.5,3.5)) ;
#3976=CARTESIAN_POINT('Axis2P3D Location',(1.70723916196,2.157239162,3.5)) ;
#3981=CARTESIAN_POINT('Line Origine',(1.70723916196,1.907239162,5.65000000037)) ;
#3985=CARTESIAN_POINT('Vertex',(1.70723916196,2.157239162,5.65000000037)) ;
#3987=CARTESIAN_POINT('Vertex',(1.70723916196,1.657239162,5.65000000037)) ;
#3990=CARTESIAN_POINT('Line Origine',(1.70723916196,1.657239162,4.57500000019)) ;
#3995=CARTESIAN_POINT('Line Origine',(1.70723916196,2.157239162,4.57500000019)) ;
#4007=CARTESIAN_POINT('Axis2P3D Location',(1.70723916192,1.65723916196,3.5)) ;
#4012=CARTESIAN_POINT('Line Origine',(3.04999999956,1.65723916196,5.65000000037)) ;
#4016=CARTESIAN_POINT('Vertex',(4.39276083719,1.65723916196,5.65000000037)) ;
#4019=CARTESIAN_POINT('Line Origine',(4.39276083719,1.65723916196,4.57500000019)) ;
#4031=CARTESIAN_POINT('Axis2P3D Location',(4.39276083804,2.15723916199,3.5)) ;
#4036=CARTESIAN_POINT('Line Origine',(4.39276083804,2.15723916199,4.57500000019)) ;
#4040=CARTESIAN_POINT('Vertex',(4.39276083804,2.15723916199,5.65000000037)) ;
#4043=CARTESIAN_POINT('Line Origine',(4.39276083804,1.90723916199,5.65000000037)) ;
#4055=CARTESIAN_POINT('Axis2P3D Location',(5.12500000003,2.15723916197,3.5)) ;
#4060=CARTESIAN_POINT('Line Origine',(5.12500000003,2.15723916197,4.57500000019)) ;
#4064=CARTESIAN_POINT('Vertex',(5.12500000003,2.15723916197,5.65000000037)) ;
#4067=CARTESIAN_POINT('Line Origine',(4.75888041876,2.15723916197,5.65000000037)) ;
#4079=CARTESIAN_POINT('Axis2P3D Location',(5.125,7.44276083803,3.5)) ;
#4084=CARTESIAN_POINT('Line Origine',(5.125,7.44276083803,4.57500000019)) ;
#4088=CARTESIAN_POINT('Vertex',(5.125,7.44276083803,5.65000000037)) ;
#4091=CARTESIAN_POINT('Line Origine',(5.125,4.79999999965,5.65000000037)) ;
#4103=CARTESIAN_POINT('Axis2P3D Location',(4.10236120677,7.44276083799,3.5)) ;
#4108=CARTESIAN_POINT('Line Origine',(4.10236120677,7.44276083799,4.57500000019)) ;
#4112=CARTESIAN_POINT('Vertex',(4.10236120677,7.44276083799,5.65000000037)) ;
#4115=CARTESIAN_POINT('Line Origine',(4.61368060379,7.44276083799,5.65000000037)) ;
#4127=CARTESIAN_POINT('Axis2P3D Location',(4.10236120677,8.01499999999,3.5)) ;
#4132=CARTESIAN_POINT('Line Origine',(4.10236120677,8.01499999999,4.57500000019)) ;
#4136=CARTESIAN_POINT('Vertex',(4.10236120677,8.01499999999,5.65000000037)) ;
#4139=CARTESIAN_POINT('Line Origine',(4.10236120677,7.72888041879,5.65000000037)) ;
#4151=CARTESIAN_POINT('Axis2P3D Location',(4.10236120674,8.015,3.5)) ;
#4156=CARTESIAN_POINT('Line Origine',(4.35857348315,8.015,5.65000000037)) ;
#4160=CARTESIAN_POINT('Vertex',(4.61478575955,8.015,5.65000000037)) ;
#4163=CARTESIAN_POINT('Line Origine',(4.61478575955,8.015,4.57500000019)) ;
#4175=CARTESIAN_POINT('Axis2P3D Location',(4.61478575867,8.01500000001,3.5)) ;
#4180=CARTESIAN_POINT('Line Origine',(4.61478575867,8.55118060333,5.65000000037)) ;
#4184=CARTESIAN_POINT('Vertex',(4.61478575867,9.08736120665,5.65000000037)) ;
#4187=CARTESIAN_POINT('Line Origine',(4.61478575867,9.08736120665,4.57500000019)) ;
#4199=CARTESIAN_POINT('Axis2P3D Location',(1.48521424133,9.08736120674,3.5)) ;
#4204=CARTESIAN_POINT('Line Origine',(3.97736120645,9.08736120674,4.57500000019)) ;
#4208=CARTESIAN_POINT('Vertex',(3.97736120645,9.08736120674,5.65000000037)) ;
#4211=CARTESIAN_POINT('Line Origine',(4.29607348285,9.08736120674,5.65000000037)) ;
#4223=CARTESIAN_POINT('Axis2P3D Location',(3.97736120674,9.08736120674,3.5)) ;
#4228=CARTESIAN_POINT('Line Origine',(3.97736120674,9.23736120712,5.65000000037)) ;
#4232=CARTESIAN_POINT('Vertex',(3.97736120674,9.38736120749,5.65000000037)) ;
#4235=CARTESIAN_POINT('Line Origine',(3.97736120674,9.38736120749,4.57500000019)) ;
#4247=CARTESIAN_POINT('Axis2P3D Location',(2.12263879326,9.38736120674,3.5)) ;
#4252=CARTESIAN_POINT('Line Origine',(2.12263879326,9.38736120674,4.57500000019)) ;
#4256=CARTESIAN_POINT('Vertex',(2.12263879326,9.38736120674,5.65000000037)) ;
#4259=CARTESIAN_POINT('Line Origine',(3.05000000034,9.38736120674,5.65000000037)) ;
#4271=CARTESIAN_POINT('Axis2P3D Location',(2.12263879326,9.08736120674,3.5)) ;
#4276=CARTESIAN_POINT('Line Origine',(2.12263879326,9.08736120674,4.57500000019)) ;
#4280=CARTESIAN_POINT('Vertex',(2.12263879326,9.08736120674,5.65000000037)) ;
#4283=CARTESIAN_POINT('Line Origine',(2.12263879326,9.23736120712,5.65000000037)) ;
#4295=CARTESIAN_POINT('Axis2P3D Location',(1.48521424133,9.08736120674,3.5)) ;
#4300=CARTESIAN_POINT('Line Origine',(1.48521424133,9.08736120674,4.57500000019)) ;
#4304=CARTESIAN_POINT('Vertex',(1.48521424133,9.08736120674,5.65000000037)) ;
#4307=CARTESIAN_POINT('Line Origine',(1.80392651774,9.08736120674,5.65000000037)) ;
#4319=CARTESIAN_POINT('Axis2P3D Location',(1.48521424133,9.08736120674,3.5)) ;
#4324=CARTESIAN_POINT('Line Origine',(1.48521424133,8.55118060343,5.65000000037)) ;
#4328=CARTESIAN_POINT('Vertex',(1.48521424133,8.01500000011,5.65000000037)) ;
#4331=CARTESIAN_POINT('Line Origine',(1.48521424133,8.01500000011,4.57500000019)) ;
#4343=CARTESIAN_POINT('Axis2P3D Location',(4.10236120674,8.015,3.5)) ;
#4348=CARTESIAN_POINT('Line Origine',(1.7414265171,8.015,5.65000000037)) ;
#4352=CARTESIAN_POINT('Vertex',(1.99763879257,8.015,5.65000000037)) ;
#4355=CARTESIAN_POINT('Line Origine',(1.99763879257,8.015,4.57500000019)) ;
#4367=CARTESIAN_POINT('Axis2P3D Location',(1.99763879331,8.01499999999,3.5)) ;
#4372=CARTESIAN_POINT('Line Origine',(1.99763879331,7.72888041879,5.65000000037)) ;
#4376=CARTESIAN_POINT('Vertex',(1.99763879331,7.44276083759,5.65000000037)) ;
#4379=CARTESIAN_POINT('Line Origine',(1.99763879331,7.44276083759,4.57500000019)) ;
#4391=CARTESIAN_POINT('Axis2P3D Location',(4.10236120677,7.44276083799,3.5)) ;
#4396=CARTESIAN_POINT('Line Origine',(0.975000000432,7.44276083799,4.57500000019)) ;
#4400=CARTESIAN_POINT('Vertex',(0.975000000432,7.44276083799,5.65000000037)) ;
#4403=CARTESIAN_POINT('Line Origine',(1.48631939652,7.44276083799,5.65000000037)) ;
#4415=CARTESIAN_POINT('Axis2P3D Location',(0.975,2.15723916196,3.5)) ;
#4420=CARTESIAN_POINT('Line Origine',(0.975,2.15723916196,4.57500000019)) ;
#4424=CARTESIAN_POINT('Vertex',(0.975,2.15723916196,5.65000000037)) ;
#4427=CARTESIAN_POINT('Line Origine',(0.975,4.80000000034,5.65000000037)) ;
#4439=CARTESIAN_POINT('Axis2P3D Location',(5.12500000003,2.15723916197,3.5)) ;
#4444=CARTESIAN_POINT('Line Origine',(1.34111958093,2.15723916197,5.65000000037)) ;
#4456=CARTESIAN_POINT('Axis2P3D Location',(6.70723916196,2.157239162,3.5)) ;
#4461=CARTESIAN_POINT('Line Origine',(6.70723916196,1.907239162,5.65000000037)) ;
#4465=CARTESIAN_POINT('Vertex',(6.70723916196,2.157239162,5.65000000037)) ;
#4467=CARTESIAN_POINT('Vertex',(6.70723916196,1.657239162,5.65000000037)) ;
#4470=CARTESIAN_POINT('Line Origine',(6.70723916196,1.657239162,4.57500000019)) ;
#4475=CARTESIAN_POINT('Line Origine',(6.70723916196,2.157239162,4.57500000019)) ;
#4487=CARTESIAN_POINT('Axis2P3D Location',(1.70723916192,1.65723916196,3.5)) ;
#4492=CARTESIAN_POINT('Line Origine',(8.04999999956,1.65723916196,5.65000000037)) ;
#4496=CARTESIAN_POINT('Vertex',(9.39276083719,1.65723916196,5.65000000037)) ;
#4499=CARTESIAN_POINT('Line Origine',(9.39276083719,1.65723916196,4.57500000019)) ;
#4511=CARTESIAN_POINT('Axis2P3D Location',(9.39276083804,2.15723916199,3.5)) ;
#4516=CARTESIAN_POINT('Line Origine',(9.39276083804,2.15723916199,4.57500000019)) ;
#4520=CARTESIAN_POINT('Vertex',(9.39276083804,2.15723916199,5.65000000037)) ;
#4523=CARTESIAN_POINT('Line Origine',(9.39276083804,1.90723916199,5.65000000037)) ;
#4535=CARTESIAN_POINT('Axis2P3D Location',(5.12500000003,2.15723916197,3.5)) ;
#4540=CARTESIAN_POINT('Line Origine',(10.125,2.15723916197,4.57500000019)) ;
#4544=CARTESIAN_POINT('Vertex',(10.125,2.15723916197,5.65000000037)) ;
#4547=CARTESIAN_POINT('Line Origine',(9.75888041876,2.15723916197,5.65000000037)) ;
#4559=CARTESIAN_POINT('Axis2P3D Location',(10.125,7.44276083803,3.5)) ;
#4564=CARTESIAN_POINT('Line Origine',(10.125,7.44276083803,4.57500000019)) ;
#4568=CARTESIAN_POINT('Vertex',(10.125,7.44276083803,5.65000000037)) ;
#4571=CARTESIAN_POINT('Line Origine',(10.125,4.79999999965,5.65000000037)) ;
#4583=CARTESIAN_POINT('Axis2P3D Location',(4.10236120677,7.44276083799,3.5)) ;
#4588=CARTESIAN_POINT('Line Origine',(9.10236120677,7.44276083799,4.57500000019)) ;
#4592=CARTESIAN_POINT('Vertex',(9.10236120677,7.44276083799,5.65000000037)) ;
#4595=CARTESIAN_POINT('Line Origine',(9.61368060379,7.44276083799,5.65000000037)) ;
#4607=CARTESIAN_POINT('Axis2P3D Location',(9.10236120677,8.01499999999,3.5)) ;
#4612=CARTESIAN_POINT('Line Origine',(9.10236120677,8.01499999999,4.57500000019)) ;
#4616=CARTESIAN_POINT('Vertex',(9.10236120677,8.01499999999,5.65000000037)) ;
#4619=CARTESIAN_POINT('Line Origine',(9.10236120677,7.72888041879,5.65000000037)) ;
#4631=CARTESIAN_POINT('Axis2P3D Location',(4.10236120674,8.015,3.5)) ;
#4636=CARTESIAN_POINT('Line Origine',(9.35857348315,8.015,5.65000000037)) ;
#4640=CARTESIAN_POINT('Vertex',(9.61478575955,8.015,5.65000000037)) ;
#4643=CARTESIAN_POINT('Line Origine',(9.61478575955,8.015,4.57500000019)) ;
#4655=CARTESIAN_POINT('Axis2P3D Location',(9.61478575867,8.01500000001,3.5)) ;
#4660=CARTESIAN_POINT('Line Origine',(9.61478575867,8.55118060333,5.65000000037)) ;
#4664=CARTESIAN_POINT('Vertex',(9.61478575867,9.08736120665,5.65000000037)) ;
#4667=CARTESIAN_POINT('Line Origine',(9.61478575867,9.08736120665,4.57500000019)) ;
#4679=CARTESIAN_POINT('Axis2P3D Location',(1.48521424133,9.08736120674,3.5)) ;
#4684=CARTESIAN_POINT('Line Origine',(8.97736120645,9.08736120674,4.57500000019)) ;
#4688=CARTESIAN_POINT('Vertex',(8.97736120645,9.08736120674,5.65000000037)) ;
#4691=CARTESIAN_POINT('Line Origine',(9.29607348285,9.08736120674,5.65000000037)) ;
#4703=CARTESIAN_POINT('Axis2P3D Location',(8.97736120674,9.08736120674,3.5)) ;
#4708=CARTESIAN_POINT('Line Origine',(8.97736120674,9.23736120712,5.65000000037)) ;
#4712=CARTESIAN_POINT('Vertex',(8.97736120674,9.38736120749,5.65000000037)) ;
#4715=CARTESIAN_POINT('Line Origine',(8.97736120674,9.38736120749,4.57500000019)) ;
#4727=CARTESIAN_POINT('Axis2P3D Location',(2.12263879326,9.38736120674,3.5)) ;
#4732=CARTESIAN_POINT('Line Origine',(7.12263879326,9.38736120674,4.57500000019)) ;
#4736=CARTESIAN_POINT('Vertex',(7.12263879326,9.38736120674,5.65000000037)) ;
#4739=CARTESIAN_POINT('Line Origine',(8.05000000034,9.38736120674,5.65000000037)) ;
#4751=CARTESIAN_POINT('Axis2P3D Location',(7.12263879326,9.08736120674,3.5)) ;
#4756=CARTESIAN_POINT('Line Origine',(7.12263879326,9.08736120674,4.57500000019)) ;
#4760=CARTESIAN_POINT('Vertex',(7.12263879326,9.08736120674,5.65000000037)) ;
#4763=CARTESIAN_POINT('Line Origine',(7.12263879326,9.23736120712,5.65000000037)) ;
#4775=CARTESIAN_POINT('Axis2P3D Location',(1.48521424133,9.08736120674,3.5)) ;
#4780=CARTESIAN_POINT('Line Origine',(6.48521424133,9.08736120674,4.57500000019)) ;
#4784=CARTESIAN_POINT('Vertex',(6.48521424133,9.08736120674,5.65000000037)) ;
#4787=CARTESIAN_POINT('Line Origine',(6.80392651774,9.08736120674,5.65000000037)) ;
#4799=CARTESIAN_POINT('Axis2P3D Location',(6.48521424133,9.08736120674,3.5)) ;
#4804=CARTESIAN_POINT('Line Origine',(6.48521424133,8.55118060343,5.65000000037)) ;
#4808=CARTESIAN_POINT('Vertex',(6.48521424133,8.01500000011,5.65000000037)) ;
#4811=CARTESIAN_POINT('Line Origine',(6.48521424133,8.01500000011,4.57500000019)) ;
#4823=CARTESIAN_POINT('Axis2P3D Location',(4.10236120674,8.015,3.5)) ;
#4828=CARTESIAN_POINT('Line Origine',(6.7414265171,8.015,5.65000000037)) ;
#4832=CARTESIAN_POINT('Vertex',(6.99763879257,8.015,5.65000000037)) ;
#4835=CARTESIAN_POINT('Line Origine',(6.99763879257,8.015,4.57500000019)) ;
#4847=CARTESIAN_POINT('Axis2P3D Location',(6.99763879331,8.01499999999,3.5)) ;
#4852=CARTESIAN_POINT('Line Origine',(6.99763879331,7.72888041879,5.65000000037)) ;
#4856=CARTESIAN_POINT('Vertex',(6.99763879331,7.44276083759,5.65000000037)) ;
#4859=CARTESIAN_POINT('Line Origine',(6.99763879331,7.44276083759,4.57500000019)) ;
#4871=CARTESIAN_POINT('Axis2P3D Location',(4.10236120677,7.44276083799,3.5)) ;
#4876=CARTESIAN_POINT('Line Origine',(5.97500000043,7.44276083799,4.57500000019)) ;
#4880=CARTESIAN_POINT('Vertex',(5.97500000043,7.44276083799,5.65000000037)) ;
#4883=CARTESIAN_POINT('Line Origine',(6.48631939652,7.44276083799,5.65000000037)) ;
#4895=CARTESIAN_POINT('Axis2P3D Location',(5.975,2.15723916196,3.5)) ;
#4900=CARTESIAN_POINT('Line Origine',(5.975,2.15723916196,4.57500000019)) ;
#4904=CARTESIAN_POINT('Vertex',(5.975,2.15723916196,5.65000000037)) ;
#4907=CARTESIAN_POINT('Line Origine',(5.975,4.80000000034,5.65000000037)) ;
#4919=CARTESIAN_POINT('Axis2P3D Location',(5.12500000003,2.15723916197,3.5)) ;
#4924=CARTESIAN_POINT('Line Origine',(6.34111958093,2.15723916197,5.65000000037)) ;
#4936=CARTESIAN_POINT('Axis2P3D Location',(0.55,10.,13.4)) ;
#4941=CARTESIAN_POINT('Line Origine',(1.60566243269,9.29999999981,13.4)) ;
#4953=CARTESIAN_POINT('Axis2P3D Location',(2.00980762114,10.,13.4)) ;
#4958=CARTESIAN_POINT('Line Origine',(1.20151724388,8.59999999932,9.9)) ;
#4962=CARTESIAN_POINT('Vertex',(1.20151724427,8.6,6.4)) ;
#4965=CARTESIAN_POINT('Line Origine',(1.60566243251,9.29999999966,6.4)) ;
#4977=CARTESIAN_POINT('Axis2P3D Location',(0.,10.,6.4)) ;
#4982=CARTESIAN_POINT('Line Origine',(3.04999999981,8.59999999963,6.4)) ;
#4986=CARTESIAN_POINT('Vertex',(4.89848275616,8.6,6.4)) ;
#4989=CARTESIAN_POINT('Line Origine',(4.49433756713,9.29999999981,6.4)) ;
#5001=CARTESIAN_POINT('Axis2P3D Location',(4.89848275573,8.6,13.4)) ;
#5006=CARTESIAN_POINT('Line Origine',(4.89848275573,8.6,9.9)) ;
#5011=CARTESIAN_POINT('Line Origine',(4.4943375671,9.30000000034,13.4)) ;
#5023=CARTESIAN_POINT('Axis2P3D Location',(0.55,10.,13.4)) ;
#5028=CARTESIAN_POINT('Line Origine',(6.60566243269,9.29999999981,13.4)) ;
#5040=CARTESIAN_POINT('Axis2P3D Location',(7.00980762114,10.,13.4)) ;
#5045=CARTESIAN_POINT('Line Origine',(6.20151724388,8.59999999932,9.9)) ;
#5049=CARTESIAN_POINT('Vertex',(6.20151724427,8.6,6.4)) ;
#5052=CARTESIAN_POINT('Line Origine',(6.60566243251,9.29999999966,6.4)) ;
#5064=CARTESIAN_POINT('Axis2P3D Location',(0.,10.,6.4)) ;
#5069=CARTESIAN_POINT('Line Origine',(7.95075862203,8.59999999963,6.4)) ;
#5073=CARTESIAN_POINT('Vertex',(9.70000000059,8.6,6.4)) ;
#5076=CARTESIAN_POINT('Line Origine',(9.69999999925,8.77189110871,6.4)) ;
#5080=CARTESIAN_POINT('Vertex',(9.69999999925,8.9437822178,6.4)) ;
#5083=CARTESIAN_POINT('Line Origine',(9.39509618934,9.4718911089,6.4)) ;
#5096=CARTESIAN_POINT('Axis2P3D Location',(9.7,8.94378221735,13.4)) ;
#5101=CARTESIAN_POINT('Line Origine',(9.7,8.94378221735,9.9)) ;
#5113=CARTESIAN_POINT('Axis2P3D Location',(9.7,8.94378221735,13.4)) ;
#5118=CARTESIAN_POINT('Line Origine',(9.7,8.59999999918,9.9)) ;
#5130=CARTESIAN_POINT('Axis2P3D Location',(1.20151724427,8.6,13.4)) ;
#5142=CARTESIAN_POINT('Axis2P3D Location',(1.20151724427,8.6,13.4)) ;
#5154=CARTESIAN_POINT('Axis2P3D Location',(8.05,4.8,14.9399999998)) ;
#5159=CARTESIAN_POINT('Axis2P3D Location',(8.05,4.8,13.7999999992)) ;
#5163=CARTESIAN_POINT('Vertex',(9.03282235414,6.59904425188,13.7999999992)) ;
#5165=CARTESIAN_POINT('Vertex',(7.06717764586,3.00095574812,13.7999999992)) ;
#5168=CARTESIAN_POINT('Line Origine',(7.06717764586,3.00095574812,14.9399999995)) ;
#5173=CARTESIAN_POINT('Line Origine',(9.03282235414,6.59904425188,14.9399999995)) ;
#5185=CARTESIAN_POINT('Axis2P3D Location',(8.05,4.8,14.9399999998)) ;
#5191=CARTESIAN_POINT('Control Point',(7.06717764586,3.00095574812,13.8)) ;
#5192=CARTESIAN_POINT('Control Point',(6.50199122534,3.30971849688,13.7999999999)) ;
#5193=CARTESIAN_POINT('Control Point',(6.05805565273,3.84042943396,13.7999999998)) ;
#5194=CARTESIAN_POINT('Control Point',(5.85537843894,4.53119866521,13.7999999998)) ;
#5195=CARTESIAN_POINT('Control Point',(6.0290075598,5.90407320204,13.7999999996)) ;
#5196=CARTESIAN_POINT('Control Point',(7.09042943396,6.79194434727,13.7999999994)) ;
#5197=CARTESIAN_POINT('Control Point',(7.78119866521,6.99462156106,13.7999999994)) ;
#5198=CARTESIAN_POINT('Control Point',(8.46763593362,6.90780700063,13.7999999993)) ;
#5199=CARTESIAN_POINT('Control Point',(9.03282235414,6.59904425188,13.7999999992)) ;
#5208=CARTESIAN_POINT('Axis2P3D Location',(3.05,4.8,14.9399999998)) ;
#5213=CARTESIAN_POINT('Axis2P3D Location',(3.05,4.8,13.7999999992)) ;
#5217=CARTESIAN_POINT('Vertex',(4.03282235414,6.59904425188,13.7999999992)) ;
#5219=CARTESIAN_POINT('Vertex',(2.06717764586,3.00095574812,13.7999999992)) ;
#5222=CARTESIAN_POINT('Line Origine',(2.06717764586,3.00095574812,14.9399999995)) ;
#5227=CARTESIAN_POINT('Line Origine',(4.03282235414,6.59904425188,14.9399999995)) ;
#5239=CARTESIAN_POINT('Axis2P3D Location',(3.05,4.8,14.9399999998)) ;
#5245=CARTESIAN_POINT('Control Point',(2.06717764586,3.00095574812,13.8)) ;
#5246=CARTESIAN_POINT('Control Point',(1.50199122534,3.30971849688,13.7999999999)) ;
#5247=CARTESIAN_POINT('Control Point',(1.05805565273,3.84042943396,13.7999999998)) ;
#5248=CARTESIAN_POINT('Control Point',(0.855378438941,4.53119866521,13.7999999998)) ;
#5249=CARTESIAN_POINT('Control Point',(1.0290075598,5.90407320204,13.7999999996)) ;
#5250=CARTESIAN_POINT('Control Point',(2.09042943396,6.79194434727,13.7999999994)) ;
#5251=CARTESIAN_POINT('Control Point',(2.78119866521,6.99462156106,13.7999999994)) ;
#5252=CARTESIAN_POINT('Control Point',(3.46763593362,6.90780700063,13.7999999993)) ;
#5253=CARTESIAN_POINT('Control Point',(4.03282235414,6.59904425188,13.7999999992)) ;
#5262=CARTESIAN_POINT('Axis2P3D Location',(4.72704182932,-2.34187669257E-014,10.907179677)) ;
#5267=CARTESIAN_POINT('Line Origine',(9.72704182932,0.599999999627,10.907179677)) ;
#5271=CARTESIAN_POINT('Vertex',(9.72704182932,1.19999999925,10.907179677)) ;
#5274=CARTESIAN_POINT('Line Origine',(6.37295817019,0.599999999627,10.907179677)) ;
#5278=CARTESIAN_POINT('Vertex',(6.37295817019,1.19999999925,10.907179677)) ;
#5281=CARTESIAN_POINT('Line Origine',(8.04999999976,1.19999999925,10.907179677)) ;
#5293=CARTESIAN_POINT('Axis2P3D Location',(9.72704182935,-2.34187669257E-014,4.90717967697)) ;
#5298=CARTESIAN_POINT('Line Origine',(9.72704182935,0.599999999627,4.90717967697)) ;
#5302=CARTESIAN_POINT('Vertex',(9.72704182935,1.19999999925,4.90717967697)) ;
#5305=CARTESIAN_POINT('Line Origine',(9.72704182934,1.19999999925,7.90717967697)) ;
#5317=CARTESIAN_POINT('Axis2P3D Location',(4.72704182932,-2.34187669257E-014,4.90717967697)) ;
#5322=CARTESIAN_POINT('Line Origine',(6.37295817019,0.599999999627,4.90717967697)) ;
#5326=CARTESIAN_POINT('Vertex',(6.37295817019,1.19999999925,4.90717967697)) ;
#5329=CARTESIAN_POINT('Line Origine',(8.04999999976,1.19999999925,4.90717967697)) ;
#5341=CARTESIAN_POINT('Axis2P3D Location',(6.37295817065,-2.34187669257E-014,10.907179677)) ;
#5346=CARTESIAN_POINT('Line Origine',(6.37295817066,1.19999999925,7.907179677)) ;
#5358=CARTESIAN_POINT('Axis2P3D Location',(4.72704182932,-2.34187669257E-014,10.907179677)) ;
#5363=CARTESIAN_POINT('Line Origine',(4.72704182932,0.599999999627,10.907179677)) ;
#5367=CARTESIAN_POINT('Vertex',(4.72704182932,1.19999999925,10.907179677)) ;
#5370=CARTESIAN_POINT('Line Origine',(1.37295817019,0.599999999627,10.907179677)) ;
#5374=CARTESIAN_POINT('Vertex',(1.37295817019,1.19999999925,10.907179677)) ;
#5377=CARTESIAN_POINT('Line Origine',(3.04999999976,1.19999999925,10.907179677)) ;
#5389=CARTESIAN_POINT('Axis2P3D Location',(4.72704182935,-2.34187669257E-014,4.90717967697)) ;
#5394=CARTESIAN_POINT('Line Origine',(4.72704182935,0.599999999627,4.90717967697)) ;
#5398=CARTESIAN_POINT('Vertex',(4.72704182935,1.19999999925,4.90717967697)) ;
#5401=CARTESIAN_POINT('Line Origine',(4.72704182934,1.19999999925,7.90717967697)) ;
#5413=CARTESIAN_POINT('Axis2P3D Location',(4.72704182932,-2.34187669257E-014,4.90717967697)) ;
#5418=CARTESIAN_POINT('Line Origine',(1.37295817019,0.599999999627,4.90717967697)) ;
#5422=CARTESIAN_POINT('Vertex',(1.37295817019,1.19999999925,4.90717967697)) ;
#5425=CARTESIAN_POINT('Line Origine',(3.04999999976,1.19999999925,4.90717967697)) ;
#5437=CARTESIAN_POINT('Axis2P3D Location',(1.37295817065,-2.34187669257E-014,10.907179677)) ;
#5442=CARTESIAN_POINT('Line Origine',(1.37295817066,1.19999999925,7.907179677)) ;
#5454=CARTESIAN_POINT('Axis2P3D Location',(3.05,8.425,10.)) ;
#5466=CARTESIAN_POINT('Axis2P3D Location',(3.05,8.425,10.)) ;
#5478=CARTESIAN_POINT('Axis2P3D Location',(3.05,4.8,5.65)) ;
#5506=CARTESIAN_POINT('Axis2P3D Location',(3.05,4.8,5.65)) ;
#5534=CARTESIAN_POINT('Axis2P3D Location',(3.05,3.325,13.8)) ;
#5544=CARTESIAN_POINT('Axis2P3D Location',(3.05,3.325,13.8)) ;
#5554=CARTESIAN_POINT('Axis2P3D Location',(-3.70612828621E-016,1.2,1.59377719355E-014)) ;
#5566=CARTESIAN_POINT('Axis2P3D Location',(-3.70612828621E-016,1.2,1.59377719355E-014)) ;
#5578=CARTESIAN_POINT('Axis2P3D Location',(0.,0.,0.)) ;
#33=DIRECTION('Axis2P3D Direction',(0.,4.03872348164E-017,1.)) ;
#34=DIRECTION('Axis2P3D XDirection',(-1.,0.,0.)) ;
#38=DIRECTION('Axis2P3D Direction',(0.,4.03872348164E-017,1.)) ;
#47=DIRECTION('Axis2P3D Direction',(0.,4.03872348164E-017,1.)) ;
#57=DIRECTION('Axis2P3D Direction',(-1.69923431273E-017,3.11042754577E-017,1.)) ;
#58=DIRECTION('Axis2P3D XDirection',(-0.87758256189,-0.479425538604,0.)) ;
#62=DIRECTION('Axis2P3D Direction',(-1.69923431273E-017,3.11042754577E-017,1.)) ;
#71=DIRECTION('Vector Direction',(-1.69923630722E-017,3.11042747114E-017,1.)) ;
#76=DIRECTION('Vector Direction',(-1.69923630722E-017,3.11042747114E-017,1.)) ;
#93=DIRECTION('Vector Direction',(-1.69923630722E-017,3.11042747114E-017,1.)) ;
#100=DIRECTION('Axis2P3D Direction',(-1.69923431273E-017,3.11042754577E-017,1.)) ;
#107=DIRECTION('Vector Direction',(-1.69923630722E-017,3.11042747114E-017,1.)) ;
#123=DIRECTION('Axis2P3D Direction',(-1.69923431273E-017,3.11042754577E-017,1.)) ;
#124=DIRECTION('Axis2P3D XDirection',(0.87758256189,0.479425538604,4.34053193776E-033)) ;
#128=DIRECTION('Axis2P3D Direction',(-1.69923431273E-017,3.11042754577E-017,1.)) ;
#135=DIRECTION('Axis2P3D Direction',(-1.69923431273E-017,3.11042754577E-017,1.)) ;
#142=DIRECTION('Vector Direction',(-1.69923630722E-017,3.11042747114E-017,1.)) ;
#149=DIRECTION('Axis2P3D Direction',(-1.69923431273E-017,3.11042754577E-017,1.)) ;
#156=DIRECTION('Vector Direction',(-1.69923630722E-017,3.11042747114E-017,1.)) ;
#172=DIRECTION('Axis2P3D Direction',(1.52655665886E-016,4.76176503852E-016,1.)) ;
#173=DIRECTION('Axis2P3D XDirection',(-1.,-1.04430353254E-015,1.52655665886E-016)) ;
#177=DIRECTION('Vector Direction',(1.05082887327E-015,-1.,0.)) ;
#184=DIRECTION('Vector Direction',(0.999996580915,-0.00261498706455,0.)) ;
#191=DIRECTION('Axis2P3D Direction',(1.52655665886E-016,4.76176503852E-016,1.)) ;
#198=DIRECTION('Vector Direction',(-0.999996580953,-0.00261497274637,0.)) ;
#205=DIRECTION('Vector Direction',(1.05082887327E-015,-1.,0.)) ;
#220=DIRECTION('Axis2P3D Direction',(1.52655665886E-016,4.76176503852E-016,1.)) ;
#221=DIRECTION('Axis2P3D XDirection',(-1.,-1.04430353254E-015,1.52655665886E-016)) ;
#225=DIRECTION('Vector Direction',(-1.05090128635E-015,1.,0.)) ;
#232=DIRECTION('Vector Direction',(-0.999996577632,0.00261624225045,0.)) ;
#239=DIRECTION('Axis2P3D Direction',(1.52655665886E-016,4.76176503852E-016,1.)) ;
#246=DIRECTION('Vector Direction',(0.99999657767,0.00261622791641,0.)) ;
#253=DIRECTION('Vector Direction',(-1.05090128635E-015,1.,0.)) ;
#268=DIRECTION('Axis2P3D Direction',(-1.,-1.04430353254E-015,1.52655483195E-016)) ;
#269=DIRECTION('Axis2P3D XDirection',(1.04430353254E-015,-1.,4.75314232418E-016)) ;
#273=DIRECTION('Vector Direction',(0.,0.,-1.)) ;
#280=DIRECTION('Vector Direction',(-1.05090128635E-015,1.,0.)) ;
#292=DIRECTION('Axis2P3D Direction',(1.38777878078E-016,4.76176503852E-016,1.)) ;
#293=DIRECTION('Axis2P3D XDirection',(1.,1.04430353254E-015,-1.38777878078E-016)) ;
#297=DIRECTION('Vector Direction',(0.99999657767,0.00261622792335,0.)) ;
#304=DIRECTION('Axis2P3D Direction',(1.38777878078E-016,4.76176503852E-016,1.)) ;
#311=DIRECTION('Vector Direction',(0.99999657767,-0.00261622792335,0.)) ;
#318=DIRECTION('Vector Direction',(-1.05090128635E-015,1.,0.)) ;
#323=DIRECTION('Vector Direction',(-1.05082887327E-015,1.,0.)) ;
#330=DIRECTION('Vector Direction',(-0.999996580915,-0.0026149870715,0.)) ;
#337=DIRECTION('Axis2P3D Direction',(1.38777878078E-016,4.76176503852E-016,1.)) ;
#344=DIRECTION('Vector Direction',(-0.999996580953,0.00261497274637,0.)) ;
#351=DIRECTION('Vector Direction',(-1.05082887327E-015,1.,0.)) ;
#371=DIRECTION('Axis2P3D Direction',(-1.,-1.04430353254E-015,1.52655483195E-016)) ;
#372=DIRECTION('Axis2P3D XDirection',(1.04430353254E-015,-1.,4.75314232418E-016)) ;
#376=DIRECTION('Vector Direction',(0.,0.,-1.)) ;
#388=DIRECTION('Axis2P3D Direction',(-1.,-1.04430353254E-015,1.52655483195E-016)) ;
#389=DIRECTION('Axis2P3D XDirection',(1.04430353254E-015,-1.,4.75314232418E-016)) ;
#393=DIRECTION('Vector Direction',(0.,0.,-1.)) ;
#405=DIRECTION('Axis2P3D Direction',(-1.,-1.04430353254E-015,1.52655483195E-016)) ;
#406=DIRECTION('Axis2P3D XDirection',(1.04430353254E-015,-1.,4.75314232418E-016)) ;
#410=DIRECTION('Vector Direction',(0.,0.,-1.)) ;
#422=DIRECTION('Axis2P3D Direction',(-0.00261498639473,-0.999996580917,4.76574067777E-016)) ;
#423=DIRECTION('Axis2P3D XDirection',(0.999996580917,-0.00261498639473,-1.52655665886E-016)) ;
#427=DIRECTION('Vector Direction',(-4.68764093759E-007,1.22581648612E-009,-1.)) ;
#439=DIRECTION('Axis2P3D Direction',(1.15572396624E-016,4.85012930511E-016,1.)) ;
#440=DIRECTION('Axis2P3D XDirection',(-0.97276411285,0.231797283742,-6.10599759026E-032)) ;
#444=DIRECTION('Vector Direction',(1.15572396098E-016,4.85012918716E-016,1.)) ;
#456=DIRECTION('Axis2P3D Direction',(0.00261498639586,-0.999996580917,4.75775683753E-016)) ;
#457=DIRECTION('Axis2P3D XDirection',(0.999996580917,0.00261498639586,-1.52655665886E-016)) ;
#468=DIRECTION('Axis2P3D Direction',(0.0026162427178,0.999996577631,-4.76574257997E-016)) ;
#469=DIRECTION('Axis2P3D XDirection',(-0.999996577631,0.0026162427178,1.52655665886E-016)) ;
#473=DIRECTION('Vector Direction',(4.7186848976E-007,-1.23452655582E-009,-1.)) ;
#485=DIRECTION('Axis2P3D Direction',(1.15571187329E-016,4.85013122706E-016,1.)) ;
#486=DIRECTION('Axis2P3D XDirection',(0.972764680452,-0.231794901722,6.10599644705E-032)) ;
#490=DIRECTION('Vector Direction',(1.15571197057E-016,4.85013096352E-016,1.)) ;
#502=DIRECTION('Axis2P3D Direction',(-0.00261624271893,0.999996577631,-4.75775490404E-016)) ;
#503=DIRECTION('Axis2P3D XDirection',(-0.999996577631,-0.00261624271893,1.52655665886E-016)) ;
#519=DIRECTION('Axis2P3D Direction',(0.,4.03872348164E-017,1.)) ;
#520=DIRECTION('Axis2P3D XDirection',(-1.,0.,0.)) ;
#524=DIRECTION('Axis2P3D Direction',(0.,4.03872348164E-017,1.)) ;
#533=DIRECTION('Axis2P3D Direction',(0.,4.03872348164E-017,1.)) ;
#543=DIRECTION('Axis2P3D Direction',(-1.69923431273E-017,3.11042754577E-017,1.)) ;
#544=DIRECTION('Axis2P3D XDirection',(-0.87758256189,-0.479425538604,0.)) ;
#548=DIRECTION('Axis2P3D Direction',(-1.69923431273E-017,3.11042754577E-017,1.)) ;
#557=DIRECTION('Vector Direction',(-1.69922742543E-017,3.11042747114E-017,1.)) ;
#562=DIRECTION('Vector Direction',(-1.69922742543E-017,3.11042747114E-017,1.)) ;
#579=DIRECTION('Vector Direction',(-1.69922742543E-017,3.11042747114E-017,1.)) ;
#586=DIRECTION('Axis2P3D Direction',(-1.69923431273E-017,3.11042754577E-017,1.)) ;
#593=DIRECTION('Vector Direction',(-1.69922742543E-017,3.11042747114E-017,1.)) ;
#609=DIRECTION('Axis2P3D Direction',(-1.69923431273E-017,3.11042754577E-017,1.)) ;
#610=DIRECTION('Axis2P3D XDirection',(0.87758256189,0.479425538604,4.34053193776E-033)) ;
#614=DIRECTION('Axis2P3D Direction',(-1.69923431273E-017,3.11042754577E-017,1.)) ;
#621=DIRECTION('Axis2P3D Direction',(-1.69923431273E-017,3.11042754577E-017,1.)) ;
#628=DIRECTION('Vector Direction',(-1.69922742543E-017,3.11042747114E-017,1.)) ;
#635=DIRECTION('Axis2P3D Direction',(-1.69923431273E-017,3.11042754577E-017,1.)) ;
#642=DIRECTION('Vector Direction',(-1.69922742543E-017,3.11042747114E-017,1.)) ;
#658=DIRECTION('Axis2P3D Direction',(1.52655665886E-016,4.76176503852E-016,1.)) ;
#659=DIRECTION('Axis2P3D XDirection',(-1.,-1.04430353254E-015,1.52655665886E-016)) ;
#663=DIRECTION('Vector Direction',(1.05082887327E-015,-1.,0.)) ;
#670=DIRECTION('Vector Direction',(0.999996580915,-0.00261498706455,0.)) ;
#677=DIRECTION('Axis2P3D Direction',(1.52655665886E-016,4.76176503852E-016,1.)) ;
#684=DIRECTION('Vector Direction',(-0.999996580953,-0.00261497274637,0.)) ;
#691=DIRECTION('Vector Direction',(1.05082887327E-015,-1.,0.)) ;
#706=DIRECTION('Axis2P3D Direction',(1.52655665886E-016,4.76176503852E-016,1.)) ;
#707=DIRECTION('Axis2P3D XDirection',(-1.,-1.04430353254E-015,1.52655665886E-016)) ;
#711=DIRECTION('Vector Direction',(-1.05090128635E-015,1.,0.)) ;
#718=DIRECTION('Vector Direction',(-0.999996577632,0.00261624225045,0.)) ;
#725=DIRECTION('Axis2P3D Direction',(1.52655665886E-016,4.76176503852E-016,1.)) ;
#732=DIRECTION('Vector Direction',(0.99999657767,0.00261622791641,0.)) ;
#739=DIRECTION('Vector Direction',(-1.05090128635E-015,1.,0.)) ;
#754=DIRECTION('Axis2P3D Direction',(-1.,-1.04430353254E-015,1.52655483195E-016)) ;
#755=DIRECTION('Axis2P3D XDirection',(1.04430353254E-015,-1.,4.75314232418E-016)) ;
#759=DIRECTION('Vector Direction',(0.,0.,-1.)) ;
#766=DIRECTION('Vector Direction',(-1.05090128635E-015,1.,0.)) ;
#778=DIRECTION('Axis2P3D Direction',(1.38777878078E-016,4.76176503852E-016,1.)) ;
#779=DIRECTION('Axis2P3D XDirection',(1.,1.04430353254E-015,-1.38777878078E-016)) ;
#783=DIRECTION('Vector Direction',(0.99999657767,0.00261622792335,0.)) ;
#790=DIRECTION('Axis2P3D Direction',(1.38777878078E-016,4.76176503852E-016,1.)) ;
#797=DIRECTION('Vector Direction',(0.99999657767,-0.00261622792335,0.)) ;
#804=DIRECTION('Vector Direction',(-1.05090128635E-015,1.,0.)) ;
#809=DIRECTION('Vector Direction',(-1.05082887327E-015,1.,0.)) ;
#816=DIRECTION('Vector Direction',(-0.999996580915,-0.0026149870715,0.)) ;
#823=DIRECTION('Axis2P3D Direction',(1.38777878078E-016,4.76176503852E-016,1.)) ;
#830=DIRECTION('Vector Direction',(-0.999996580953,0.00261497274637,0.)) ;
#837=DIRECTION('Vector Direction',(-1.05082887327E-015,1.,0.)) ;
#857=DIRECTION('Axis2P3D Direction',(-1.,-1.04430353254E-015,1.52655483195E-016)) ;
#858=DIRECTION('Axis2P3D XDirection',(1.04430353254E-015,-1.,4.75314232418E-016)) ;
#862=DIRECTION('Vector Direction',(0.,0.,-1.)) ;
#874=DIRECTION('Axis2P3D Direction',(-1.,-1.04430353254E-015,1.52655483195E-016)) ;
#875=DIRECTION('Axis2P3D XDirection',(1.04430353254E-015,-1.,4.75314232418E-016)) ;
#879=DIRECTION('Vector Direction',(0.,0.,-1.)) ;
#891=DIRECTION('Axis2P3D Direction',(-1.,-1.04430353254E-015,1.52655483195E-016)) ;
#892=DIRECTION('Axis2P3D XDirection',(1.04430353254E-015,-1.,4.75314232418E-016)) ;
#896=DIRECTION('Vector Direction',(0.,0.,-1.)) ;
#908=DIRECTION('Axis2P3D Direction',(-0.00261498639473,-0.999996580917,4.76574067777E-016)) ;
#909=DIRECTION('Axis2P3D XDirection',(0.999996580917,-0.00261498639473,-1.52655665886E-016)) ;
#913=DIRECTION('Vector Direction',(-4.68764093019E-007,1.22581648612E-009,-1.)) ;
#925=DIRECTION('Axis2P3D Direction',(1.15572396624E-016,4.85012930511E-016,1.)) ;
#926=DIRECTION('Axis2P3D XDirection',(-0.97276411285,0.231797283742,-6.10599759026E-032)) ;
#930=DIRECTION('Vector Direction',(1.15572440507E-016,4.85012918716E-016,1.)) ;
#942=DIRECTION('Axis2P3D Direction',(0.00261498639586,-0.999996580917,4.75775683753E-016)) ;
#943=DIRECTION('Axis2P3D XDirection',(0.999996580917,0.00261498639586,-1.52655665886E-016)) ;
#954=DIRECTION('Axis2P3D Direction',(0.0026162427178,0.999996577631,-4.76574257997E-016)) ;
#955=DIRECTION('Axis2P3D XDirection',(-0.999996577631,0.0026162427178,1.52655665886E-016)) ;
#959=DIRECTION('Vector Direction',(4.7186848828E-007,-1.23452655582E-009,-1.)) ;
#971=DIRECTION('Axis2P3D Direction',(1.15571187329E-016,4.85013122706E-016,1.)) ;
#972=DIRECTION('Axis2P3D XDirection',(0.972764680452,-0.231794901722,6.10599644705E-032)) ;
#976=DIRECTION('Vector Direction',(1.15571197057E-016,4.85013096352E-016,1.)) ;
#988=DIRECTION('Axis2P3D Direction',(-0.00261624271893,0.999996577631,-4.75775490404E-016)) ;
#989=DIRECTION('Axis2P3D XDirection',(-0.999996577631,-0.00261624271893,1.52655665886E-016)) ;
#1003=DIRECTION('Axis2P3D Direction',(-1.15628415409E-014,9.45424294407E-016,1.)) ;
#1004=DIRECTION('Axis2P3D XDirection',(-2.72351585728E-016,-1.,9.45424294407E-016)) ;
#1008=DIRECTION('Vector Direction',(0.,1.,-1.11022302359E-015)) ;
#1017=DIRECTION('Vector Direction',(-1.,0.,-1.18423789244E-014)) ;
#1024=DIRECTION('Vector Direction',(0.,1.,-1.11022302359E-015)) ;
#1031=DIRECTION('Vector Direction',(-1.,0.,-1.18423789244E-014)) ;
#1043=DIRECTION('Axis2P3D Direction',(1.,1.21177857005E-031,-3.05311331772E-016)) ;
#1044=DIRECTION('Axis2P3D XDirection',(-3.05311331772E-016,6.07153216592E-017,-1.)) ;
#1048=DIRECTION('Vector Direction',(0.,0.,1.)) ;
#1055=DIRECTION('Axis2P3D Direction',(1.,1.21177857005E-031,-3.05311331772E-016)) ;
#1062=DIRECTION('Axis2P3D Direction',(1.,1.21177857005E-031,-3.05311331772E-016)) ;
#1069=DIRECTION('Vector Direction',(0.,1.,0.)) ;
#1086=DIRECTION('Vector Direction',(0.,1.,0.)) ;
#1093=DIRECTION('Axis2P3D Direction',(1.,1.21177857005E-031,-3.05311331772E-016)) ;
#1100=DIRECTION('Vector Direction',(0.,-1.,0.)) ;
#1107=DIRECTION('Axis2P3D Direction',(1.,1.21177857005E-031,-3.05311331772E-016)) ;
#1114=DIRECTION('Vector Direction',(0.,0.,-1.)) ;
#1133=DIRECTION('Axis2P3D Direction',(-9.84503790282E-032,-1.,-6.07153216592E-017)) ;
#1134=DIRECTION('Axis2P3D XDirection',(3.05311331772E-016,-6.07153216592E-017,1.)) ;
#1138=DIRECTION('Vector Direction',(1.,0.,0.)) ;
#1145=DIRECTION('Vector Direction',(0.,0.,-1.)) ;
#1157=DIRECTION('Axis2P3D Direction',(1.,1.21177857005E-031,-3.05311331772E-016)) ;
#1158=DIRECTION('Axis2P3D XDirection',(-3.05311331772E-016,6.07153216592E-017,-1.)) ;
#1162=DIRECTION('Axis2P3D Direction',(1.,1.21177857005E-031,-3.05311331772E-016)) ;
#1169=DIRECTION('Vector Direction',(0.,-1.,0.)) ;
#1176=DIRECTION('Axis2P3D Direction',(1.,1.21177857005E-031,-3.05311331772E-016)) ;
#1183=DIRECTION('Vector Direction',(0.,1.,0.)) ;
#1200=DIRECTION('Vector Direction',(0.,1.,0.)) ;
#1207=DIRECTION('Axis2P3D Direction',(1.,1.21177857005E-031,-3.05311331772E-016)) ;
#1214=DIRECTION('Axis2P3D Direction',(1.,1.21177857005E-031,-3.05311331772E-016)) ;
#1221=DIRECTION('Vector Direction',(0.,0.,1.)) ;
#1240=DIRECTION('Axis2P3D Direction',(9.84503790282E-032,1.,6.07153216592E-017)) ;
#1241=DIRECTION('Axis2P3D XDirection',(-3.05311331772E-016,6.07153216592E-017,-1.)) ;
#1245=DIRECTION('Vector Direction',(1.,0.,0.)) ;
#1257=DIRECTION('Axis2P3D Direction',(1.,1.21177857005E-031,-3.94255335449E-016)) ;
#1258=DIRECTION('Axis2P3D XDirection',(-3.94255335449E-016,-1.22464679915E-016,-1.)) ;
#1262=DIRECTION('Vector Direction',(1.,0.,-3.94255295078E-016)) ;
#1276=DIRECTION('Axis2P3D Direction',(2.49800180541E-016,-6.15826833972E-017,1.)) ;
#1277=DIRECTION('Axis2P3D XDirection',(0.,1.,6.15826833972E-017)) ;
#1281=DIRECTION('Vector Direction',(1.,0.,0.)) ;
#1293=DIRECTION('Axis2P3D Direction',(1.,-4.08452877702E-031,-7.08552795779E-046)) ;
#1294=DIRECTION('Axis2P3D XDirection',(5.0021050928E-047,-1.61225879606E-015,1.)) ;
#1342=DIRECTION('Vector Direction',(1.,0.,0.)) ;
#1368=DIRECTION('Axis2P3D Direction',(0.,-1.,-6.12303176911E-017)) ;
#1369=DIRECTION('Axis2P3D XDirection',(-1.,-7.49855125712E-033,1.22464679915E-016)) ;
#1373=DIRECTION('Vector Direction',(0.,-1.,-6.12303097114E-017)) ;
#1393=DIRECTION('Axis2P3D Direction',(1.,1.40052540262E-031,-3.33600668457E-016)) ;
#1394=DIRECTION('Axis2P3D XDirection',(3.33600668457E-016,-5.44736656999E-016,1.)) ;
#1408=DIRECTION('Vector Direction',(1.,0.,-3.33600658209E-016)) ;
#1437=DIRECTION('Vector Direction',(1.,0.,-3.33600658209E-016)) ;
#1461=DIRECTION('Axis2P3D Direction',(-2.49800180541E-016,6.15826833972E-017,-1.)) ;
#1462=DIRECTION('Axis2P3D XDirection',(0.,-1.,-6.15826833972E-017)) ;
#1466=DIRECTION('Vector Direction',(1.,0.,0.)) ;
#1478=DIRECTION('Axis2P3D Direction',(1.,1.21177857005E-031,-0.)) ;
#1479=DIRECTION('Axis2P3D XDirection',(1.48400074709E-047,-1.22464679915E-016,-1.)) ;
#1490=DIRECTION('Axis2P3D Direction',(-3.06151588456E-017,-1.,-3.06151588455E-017)) ;
#1491=DIRECTION('Axis2P3D XDirection',(0.707106781187,5.30227644298E-033,-0.707106781187)) ;
#1495=DIRECTION('Vector Direction',(-3.06151548557E-017,-1.,-3.06151548557E-017)) ;
#1507=DIRECTION('Axis2P3D Direction',(-0.707106781187,4.32388743505E-017,-0.707106781187)) ;
#1508=DIRECTION('Axis2P3D XDirection',(0.,1.,6.11490025282E-017)) ;
#1512=DIRECTION('Vector Direction',(1.1347348103E-007,-1.,-1.1347348103E-007)) ;
#1524=DIRECTION('Axis2P3D Direction',(-0.707106781187,-4.32388743505E-017,0.707106781187)) ;
#1525=DIRECTION('Axis2P3D XDirection',(0.,1.,6.11490025282E-017)) ;
#1529=DIRECTION('Vector Direction',(-1.1347348103E-007,-1.,-1.1347348103E-007)) ;
#1541=DIRECTION('Axis2P3D Direction',(-3.06151588456E-017,-1.,-3.06151588456E-017)) ;
#1542=DIRECTION('Axis2P3D XDirection',(-0.707106781187,-5.30227644298E-033,0.707106781187)) ;
#1546=DIRECTION('Vector Direction',(-3.06151548557E-017,-1.,-3.06151548557E-017)) ;
#1555=DIRECTION('Axis2P3D Direction',(-3.06151588456E-017,-1.,-3.06151588456E-017)) ;
#1560=DIRECTION('Axis2P3D Direction',(-3.06151588456E-017,-1.,-3.06151588456E-017)) ;
#1574=DIRECTION('Axis2P3D Direction',(9.87151943956E-032,1.,6.15826833972E-017)) ;
#1575=DIRECTION('Axis2P3D XDirection',(-3.05311331772E-016,6.15826833972E-017,-1.)) ;
#1592=DIRECTION('Vector Direction',(3.51651337986E-016,0.,1.)) ;
#1599=DIRECTION('Vector Direction',(-1.,0.,2.33731163262E-016)) ;
#1606=DIRECTION('Vector Direction',(3.51651337986E-016,0.,1.)) ;
#1620=DIRECTION('Axis2P3D Direction',(1.77029449234E-031,-1.,-6.12303176911E-017)) ;
#1621=DIRECTION('Axis2P3D XDirection',(1.,7.49855125712E-033,2.76874111338E-015)) ;
#1625=DIRECTION('Vector Direction',(0.,-1.,-6.12303097114E-017)) ;
#1647=DIRECTION('Axis2P3D Direction',(-9.87151943956E-032,-1.,-6.15826833972E-017)) ;
#1648=DIRECTION('Axis2P3D XDirection',(3.05311331772E-016,-6.15826833972E-017,1.)) ;
#1652=DIRECTION('Vector Direction',(-3.51651337986E-016,0.,-1.)) ;
#1659=DIRECTION('Vector Direction',(1.,0.,-4.67462326525E-016)) ;
#1666=DIRECTION('Vector Direction',(-3.51651337986E-016,0.,-1.)) ;
#1680=DIRECTION('Axis2P3D Direction',(1.,1.21177857005E-031,-3.05311331772E-016)) ;
#1681=DIRECTION('Axis2P3D XDirection',(-3.05311331772E-016,6.07153216592E-017,-1.)) ;
#1685=DIRECTION('Vector Direction',(0.,1.,0.)) ;
#1697=DIRECTION('Axis2P3D Direction',(4.33773461318E-017,-0.984807753012,0.173648177667)) ;
#1698=DIRECTION('Axis2P3D XDirection',(1.,0.,-2.49800180541E-016)) ;
#1702=DIRECTION('Vector Direction',(0.171087869904,0.171087869741,0.970287525221)) ;
#1709=DIRECTION('Vector Direction',(-1.,0.,3.71718552139E-016)) ;
#1716=DIRECTION('Vector Direction',(0.171087869904,-0.171087869741,-0.970287525221)) ;
#1728=DIRECTION('Axis2P3D Direction',(1.,1.21177857005E-031,-3.05311331772E-016)) ;
#1729=DIRECTION('Axis2P3D XDirection',(-3.05311331772E-016,6.07153216592E-017,-1.)) ;
#1733=DIRECTION('Vector Direction',(0.,-1.,0.)) ;
#1745=DIRECTION('Axis2P3D Direction',(4.33773461318E-017,0.984807753012,0.173648177667)) ;
#1746=DIRECTION('Axis2P3D XDirection',(-1.,0.,2.49800180541E-016)) ;
#1750=DIRECTION('Vector Direction',(-0.171087869904,-0.171087869741,0.970287525221)) ;
#1757=DIRECTION('Vector Direction',(1.,0.,-3.71718552139E-016)) ;
#1764=DIRECTION('Vector Direction',(0.171087869904,-0.171087869741,0.970287525221)) ;
#1776=DIRECTION('Axis2P3D Direction',(-0.984807753012,-1.06184128552E-017,0.173648177667)) ;
#1777=DIRECTION('Axis2P3D XDirection',(0.,-1.,-6.11490025282E-017)) ;
#1781=DIRECTION('Vector Direction',(0.,1.,0.)) ;
#1793=DIRECTION('Axis2P3D Direction',(-2.49800180541E-016,6.12303176911E-017,-1.)) ;
#1794=DIRECTION('Axis2P3D XDirection',(0.,-1.,-6.12303176911E-017)) ;
#1798=DIRECTION('Vector Direction',(0.,-1.,-6.12303176911E-017)) ;
#1810=DIRECTION('Axis2P3D Direction',(-0.984807753012,1.06184128552E-017,-0.173648177667)) ;
#1811=DIRECTION('Axis2P3D XDirection',(0.,-1.,-6.11490025282E-017)) ;
#1825=DIRECTION('Axis2P3D Direction',(-1.15628415409E-014,9.45424294407E-016,1.)) ;
#1826=DIRECTION('Axis2P3D XDirection',(-2.72351585728E-016,-1.,9.45424294407E-016)) ;
#1830=DIRECTION('Vector Direction',(0.,1.,-1.11022302359E-015)) ;
#1839=DIRECTION('Vector Direction',(-1.,0.,-1.18423789244E-014)) ;
#1846=DIRECTION('Vector Direction',(0.,1.,-1.11022302359E-015)) ;
#1853=DIRECTION('Vector Direction',(-1.,0.,-1.18423789244E-014)) ;
#1865=DIRECTION('Axis2P3D Direction',(1.,1.21177857005E-031,-3.05311331772E-016)) ;
#1866=DIRECTION('Axis2P3D XDirection',(-3.05311331772E-016,6.07153216592E-017,-1.)) ;
#1870=DIRECTION('Vector Direction',(0.,0.,1.)) ;
#1877=DIRECTION('Axis2P3D Direction',(1.,1.21177857005E-031,-3.05311331772E-016)) ;
#1884=DIRECTION('Axis2P3D Direction',(1.,1.21177857005E-031,-3.05311331772E-016)) ;
#1891=DIRECTION('Vector Direction',(0.,1.,0.)) ;
#1908=DIRECTION('Vector Direction',(0.,1.,0.)) ;
#1915=DIRECTION('Axis2P3D Direction',(1.,1.21177857005E-031,-3.05311331772E-016)) ;
#1922=DIRECTION('Vector Direction',(0.,-1.,0.)) ;
#1929=DIRECTION('Axis2P3D Direction',(1.,1.21177857005E-031,-3.05311331772E-016)) ;
#1936=DIRECTION('Vector Direction',(0.,0.,-1.)) ;
#1955=DIRECTION('Axis2P3D Direction',(-9.84503790282E-032,-1.,-6.07153216592E-017)) ;
#1956=DIRECTION('Axis2P3D XDirection',(3.05311331772E-016,-6.07153216592E-017,1.)) ;
#1960=DIRECTION('Vector Direction',(1.,0.,-4.93432455185E-016)) ;
#1967=DIRECTION('Vector Direction',(0.,0.,-1.)) ;
#1979=DIRECTION('Axis2P3D Direction',(1.,1.21177857005E-031,-3.05311331772E-016)) ;
#1980=DIRECTION('Axis2P3D XDirection',(-3.05311331772E-016,6.07153216592E-017,-1.)) ;
#1984=DIRECTION('Axis2P3D Direction',(1.,1.21177857005E-031,-3.05311331772E-016)) ;
#1991=DIRECTION('Vector Direction',(0.,-1.,0.)) ;
#1998=DIRECTION('Axis2P3D Direction',(1.,1.21177857005E-031,-3.05311331772E-016)) ;
#2005=DIRECTION('Vector Direction',(0.,1.,0.)) ;
#2022=DIRECTION('Vector Direction',(0.,1.,0.)) ;
#2029=DIRECTION('Axis2P3D Direction',(1.,1.21177857005E-031,-3.05311331772E-016)) ;
#2036=DIRECTION('Axis2P3D Direction',(1.,1.21177857005E-031,-3.05311331772E-016)) ;
#2043=DIRECTION('Vector Direction',(0.,0.,1.)) ;
#2062=DIRECTION('Axis2P3D Direction',(9.84503790282E-032,1.,6.07153216592E-017)) ;
#2063=DIRECTION('Axis2P3D XDirection',(-3.05311331772E-016,6.07153216592E-017,-1.)) ;
#2067=DIRECTION('Vector Direction',(1.,0.,-4.93432455185E-016)) ;
#2079=DIRECTION('Axis2P3D Direction',(1.,1.21177857005E-031,-3.94255335449E-016)) ;
#2080=DIRECTION('Axis2P3D XDirection',(-3.94255335449E-016,-1.22464679915E-016,-1.)) ;
#2084=DIRECTION('Vector Direction',(1.,0.,-3.94255295078E-016)) ;
#2098=DIRECTION('Axis2P3D Direction',(2.49800180541E-016,-6.15826833972E-017,1.)) ;
#2099=DIRECTION('Axis2P3D XDirection',(0.,1.,6.15826833972E-017)) ;
#2103=DIRECTION('Vector Direction',(1.,0.,-4.93432455185E-016)) ;
#2115=DIRECTION('Axis2P3D Direction',(1.,-4.08452877702E-031,-7.08552795779E-046)) ;
#2116=DIRECTION('Axis2P3D XDirection',(5.0021050928E-047,-1.61225879606E-015,1.)) ;
#2164=DIRECTION('Vector Direction',(1.,0.,0.)) ;
#2190=DIRECTION('Axis2P3D Direction',(0.,-1.,-6.12303176911E-017)) ;
#2191=DIRECTION('Axis2P3D XDirection',(-1.,-7.49855125712E-033,1.22464679915E-016)) ;
#2195=DIRECTION('Vector Direction',(0.,-1.,-6.12303097114E-017)) ;
#2215=DIRECTION('Axis2P3D Direction',(1.,1.40052540262E-031,-3.33600668457E-016)) ;
#2216=DIRECTION('Axis2P3D XDirection',(3.33600668457E-016,-5.44736656999E-016,1.)) ;
#2230=DIRECTION('Vector Direction',(1.,0.,-3.33600658209E-016)) ;
#2259=DIRECTION('Vector Direction',(1.,0.,-3.33600658209E-016)) ;
#2283=DIRECTION('Axis2P3D Direction',(-2.49800180541E-016,6.15826833972E-017,-1.)) ;
#2284=DIRECTION('Axis2P3D XDirection',(0.,-1.,-6.15826833972E-017)) ;
#2288=DIRECTION('Vector Direction',(1.,0.,-4.93432455185E-016)) ;
#2300=DIRECTION('Axis2P3D Direction',(1.,1.21177857005E-031,-0.)) ;
#2301=DIRECTION('Axis2P3D XDirection',(1.48400074709E-047,-1.22464679915E-016,-1.)) ;
#2312=DIRECTION('Axis2P3D Direction',(-3.06151588456E-017,-1.,-3.06151588456E-017)) ;
#2313=DIRECTION('Axis2P3D XDirection',(0.707106781187,5.30227644298E-033,-0.707106781187)) ;
#2317=DIRECTION('Vector Direction',(-3.06151548557E-017,-1.,-3.06151548557E-017)) ;
#2329=DIRECTION('Axis2P3D Direction',(-0.707106781187,4.32388743505E-017,-0.707106781187)) ;
#2330=DIRECTION('Axis2P3D XDirection',(0.,1.,6.11490025282E-017)) ;
#2334=DIRECTION('Vector Direction',(1.13473481585E-007,-1.,-1.1347348103E-007)) ;
#2346=DIRECTION('Axis2P3D Direction',(-0.707106781187,-4.32388743505E-017,0.707106781187)) ;
#2347=DIRECTION('Axis2P3D XDirection',(0.,1.,6.11490025282E-017)) ;
#2351=DIRECTION('Vector Direction',(-1.13473479367E-007,-1.,-1.1347348103E-007)) ;
#2363=DIRECTION('Axis2P3D Direction',(-3.06151588456E-017,-1.,-3.06151588456E-017)) ;
#2364=DIRECTION('Axis2P3D XDirection',(-0.707106781187,-5.30227644298E-033,0.707106781187)) ;
#2368=DIRECTION('Vector Direction',(-3.06151548557E-017,-1.,-3.06151548557E-017)) ;
#2377=DIRECTION('Axis2P3D Direction',(-3.06151588456E-017,-1.,-3.06151588456E-017)) ;
#2382=DIRECTION('Axis2P3D Direction',(-3.06151588456E-017,-1.,-3.06151588456E-017)) ;
#2396=DIRECTION('Axis2P3D Direction',(9.87151943956E-032,1.,6.15826833972E-017)) ;
#2397=DIRECTION('Axis2P3D XDirection',(-3.05311331772E-016,6.15826833972E-017,-1.)) ;
#2414=DIRECTION('Vector Direction',(7.03302675971E-016,0.,1.)) ;
#2421=DIRECTION('Vector Direction',(-1.,0.,3.50596744893E-016)) ;
#2428=DIRECTION('Vector Direction',(3.51651337986E-016,0.,1.)) ;
#2442=DIRECTION('Axis2P3D Direction',(1.77029449234E-031,-1.,-6.12303176911E-017)) ;
#2443=DIRECTION('Axis2P3D XDirection',(1.,7.49855125712E-033,2.76874111338E-015)) ;
#2447=DIRECTION('Vector Direction',(0.,-1.,-6.12303097114E-017)) ;
#2469=DIRECTION('Axis2P3D Direction',(-9.87151943956E-032,-1.,-6.15826833972E-017)) ;
#2470=DIRECTION('Axis2P3D XDirection',(3.05311331772E-016,-6.15826833972E-017,1.)) ;
#2474=DIRECTION('Vector Direction',(-3.51651337986E-016,0.,-1.)) ;
#2481=DIRECTION('Vector Direction',(1.,0.,-4.67462326525E-016)) ;
#2488=DIRECTION('Vector Direction',(-7.03302675971E-016,0.,-1.)) ;
#2502=DIRECTION('Axis2P3D Direction',(1.,1.21177857005E-031,-3.05311331772E-016)) ;
#2503=DIRECTION('Axis2P3D XDirection',(-3.05311331772E-016,6.07153216592E-017,-1.)) ;
#2507=DIRECTION('Vector Direction',(0.,1.,0.)) ;
#2519=DIRECTION('Axis2P3D Direction',(4.33773461318E-017,-0.984807753012,0.173648177667)) ;
#2520=DIRECTION('Axis2P3D XDirection',(1.,0.,-2.49800180541E-016)) ;
#2524=DIRECTION('Vector Direction',(0.171087869904,0.171087869741,0.970287525221)) ;
#2531=DIRECTION('Vector Direction',(-1.,0.,3.71718552139E-016)) ;
#2538=DIRECTION('Vector Direction',(0.171087869904,-0.171087869741,-0.970287525221)) ;
#2550=DIRECTION('Axis2P3D Direction',(1.,1.21177857005E-031,-3.05311331772E-016)) ;
#2551=DIRECTION('Axis2P3D XDirection',(-3.05311331772E-016,6.07153216592E-017,-1.)) ;
#2555=DIRECTION('Vector Direction',(0.,-1.,0.)) ;
#2567=DIRECTION('Axis2P3D Direction',(4.33773461318E-017,0.984807753012,0.173648177667)) ;
#2568=DIRECTION('Axis2P3D XDirection',(-1.,0.,2.49800180541E-016)) ;
#2572=DIRECTION('Vector Direction',(-0.171087869904,-0.171087869741,0.970287525221)) ;
#2579=DIRECTION('Vector Direction',(1.,0.,-3.71718552139E-016)) ;
#2586=DIRECTION('Vector Direction',(0.171087869904,-0.171087869741,0.970287525221)) ;
#2598=DIRECTION('Axis2P3D Direction',(-0.984807753012,-1.06184128552E-017,0.173648177667)) ;
#2599=DIRECTION('Axis2P3D XDirection',(0.,-1.,-6.11490025282E-017)) ;
#2603=DIRECTION('Vector Direction',(0.,1.,0.)) ;
#2615=DIRECTION('Axis2P3D Direction',(-2.49800180541E-016,6.12303176911E-017,-1.)) ;
#2616=DIRECTION('Axis2P3D XDirection',(0.,-1.,-6.12303176911E-017)) ;
#2620=DIRECTION('Vector Direction',(0.,-1.,-6.12303176911E-017)) ;
#2632=DIRECTION('Axis2P3D Direction',(-0.984807753012,1.06184128552E-017,-0.173648177667)) ;
#2633=DIRECTION('Axis2P3D XDirection',(0.,-1.,-6.11490025282E-017)) ;
#2654=DIRECTION('Axis2P3D Direction',(1.,0.,0.)) ;
#2655=DIRECTION('Axis2P3D XDirection',(0.,0.,-1.)) ;
#2659=DIRECTION('Vector Direction',(0.,1.,0.)) ;
#2668=DIRECTION('Vector Direction',(0.,0.,1.)) ;
#2675=DIRECTION('Vector Direction',(0.,1.,0.)) ;
#2682=DIRECTION('Vector Direction',(0.,0.,1.)) ;
#2689=DIRECTION('Vector Direction',(0.,1.,0.)) ;
#2696=DIRECTION('Vector Direction',(0.,0.,1.)) ;
#2703=DIRECTION('Vector Direction',(0.,-1.,0.)) ;
#2710=DIRECTION('Vector Direction',(0.,-0.224951054035,0.974370064857)) ;
#2717=DIRECTION('Vector Direction',(0.,-1.,0.)) ;
#2724=DIRECTION('Vector Direction',(0.,-0.224951054009,-0.974370064862)) ;
#2731=DIRECTION('Axis2P3D Direction',(1.,0.,0.)) ;
#2738=DIRECTION('Vector Direction',(0.,0.,-1.)) ;
#2745=DIRECTION('Vector Direction',(0.,1.,0.)) ;
#2752=DIRECTION('Vector Direction',(0.,0.,1.)) ;
#2759=DIRECTION('Vector Direction',(0.,1.,0.)) ;
#2766=DIRECTION('Vector Direction',(0.,0.,1.)) ;
#2790=DIRECTION('Axis2P3D Direction',(-0.,0.,-1.)) ;
#2791=DIRECTION('Axis2P3D XDirection',(-6.12574227454E-017,-1.,0.)) ;
#2795=DIRECTION('Vector Direction',(0.866025403496,-0.5000000005,0.)) ;
#2802=DIRECTION('Vector Direction',(0.,1.,0.)) ;
#2809=DIRECTION('Vector Direction',(-0.866025403496,-0.5000000005,0.)) ;
#2814=DIRECTION('Vector Direction',(1.,-6.12574227454E-017,0.)) ;
#2821=DIRECTION('Vector Direction',(0.,-1.,0.)) ;
#2828=DIRECTION('Vector Direction',(-0.866025404154,-0.49999999936,0.)) ;
#2835=DIRECTION('Vector Direction',(8.90736500018E-017,1.,0.)) ;
#2842=DIRECTION('Vector Direction',(0.866025404154,-0.49999999936,0.)) ;
#2849=DIRECTION('Vector Direction',(-6.63941962888E-017,-1.,0.)) ;
#2856=DIRECTION('Vector Direction',(-0.866025404154,-0.49999999936,0.)) ;
#2863=DIRECTION('Vector Direction',(8.90736500018E-017,1.,0.)) ;
#2870=DIRECTION('Vector Direction',(0.866025404154,-0.49999999936,0.)) ;
#2877=DIRECTION('Vector Direction',(-9.29572220626E-017,-1.,0.)) ;
#2884=DIRECTION('Vector Direction',(1.,0.,0.)) ;
#2889=DIRECTION('Vector Direction',(0.866025404571,-0.499999998638,0.)) ;
#2896=DIRECTION('Vector Direction',(0.,1.,0.)) ;
#2903=DIRECTION('Vector Direction',(-0.866025404571,-0.499999998638,0.)) ;
#2930=DIRECTION('Vector Direction',(0.,1.,0.)) ;
#2939=DIRECTION('Vector Direction',(-1.,8.26821123119E-017,0.)) ;
#2946=DIRECTION('Vector Direction',(0.,-1.,0.)) ;
#2953=DIRECTION('Vector Direction',(-1.,0.,0.)) ;
#2960=DIRECTION('Vector Direction',(-1.68039878373E-016,-1.,0.)) ;
#2967=DIRECTION('Vector Direction',(1.,0.,0.)) ;
#2974=DIRECTION('Vector Direction',(0.,-1.,0.)) ;
#2981=DIRECTION('Vector Direction',(-1.,0.,0.)) ;
#2988=DIRECTION('Vector Direction',(0.,-1.,0.)) ;
#2995=DIRECTION('Vector Direction',(1.,0.,0.)) ;
#3002=DIRECTION('Vector Direction',(0.,-1.,0.)) ;
#3009=DIRECTION('Vector Direction',(1.,0.,0.)) ;
#3016=DIRECTION('Vector Direction',(0.,1.,0.)) ;
#3023=DIRECTION('Vector Direction',(1.,0.,0.)) ;
#3030=DIRECTION('Vector Direction',(2.07061392701E-016,1.,0.)) ;
#3037=DIRECTION('Vector Direction',(-1.,0.,0.)) ;
#3044=DIRECTION('Vector Direction',(0.,1.,0.)) ;
#3051=DIRECTION('Vector Direction',(1.,0.,0.)) ;
#3058=DIRECTION('Vector Direction',(6.30149543898E-017,1.,0.)) ;
#3065=DIRECTION('Vector Direction',(-1.,0.,0.)) ;
#3092=DIRECTION('Vector Direction',(0.,1.,0.)) ;
#3101=DIRECTION('Vector Direction',(-1.,0.,0.)) ;
#3108=DIRECTION('Vector Direction',(0.,-1.,0.)) ;
#3115=DIRECTION('Vector Direction',(-1.,0.,0.)) ;
#3122=DIRECTION('Vector Direction',(0.,-1.,0.)) ;
#3129=DIRECTION('Vector Direction',(1.,0.,0.)) ;
#3136=DIRECTION('Vector Direction',(0.,-1.,0.)) ;
#3143=DIRECTION('Vector Direction',(-1.,0.,0.)) ;
#3150=DIRECTION('Vector Direction',(0.,-1.,0.)) ;
#3157=DIRECTION('Vector Direction',(1.,0.,0.)) ;
#3164=DIRECTION('Vector Direction',(0.,-1.,0.)) ;
#3171=DIRECTION('Vector Direction',(1.,0.,0.)) ;
#3178=DIRECTION('Vector Direction',(0.,1.,0.)) ;
#3185=DIRECTION('Vector Direction',(1.,0.,0.)) ;
#3192=DIRECTION('Vector Direction',(0.,1.,0.)) ;
#3199=DIRECTION('Vector Direction',(-1.,0.,0.)) ;
#3206=DIRECTION('Vector Direction',(0.,1.,0.)) ;
#3213=DIRECTION('Vector Direction',(1.,0.,0.)) ;
#3220=DIRECTION('Vector Direction',(1.68039878373E-016,1.,0.)) ;
#3227=DIRECTION('Vector Direction',(-1.,0.,0.)) ;
#3255=DIRECTION('Axis2P3D Direction',(-0.5,0.866025403784,0.)) ;
#3256=DIRECTION('Axis2P3D XDirection',(0.866025403784,0.5,0.)) ;
#3260=DIRECTION('Vector Direction',(0.,0.,1.)) ;
#3267=DIRECTION('Vector Direction',(-0.866025403784,-0.5,0.)) ;
#3279=DIRECTION('Axis2P3D Direction',(0.,0.,-1.)) ;
#3280=DIRECTION('Axis2P3D XDirection',(-1.,0.,0.)) ;
#3284=DIRECTION('Vector Direction',(0.,1.,0.)) ;
#3291=DIRECTION('Vector Direction',(0.866025403496,-0.5000000005,0.)) ;
#3303=DIRECTION('Axis2P3D Direction',(-0.5,-0.866025403784,0.)) ;
#3304=DIRECTION('Axis2P3D XDirection',(-0.866025403784,0.5,0.)) ;
#3308=DIRECTION('Vector Direction',(0.,0.,1.)) ;
#3320=DIRECTION('Axis2P3D Direction',(6.12303176911E-017,1.,0.)) ;
#3321=DIRECTION('Axis2P3D XDirection',(0.,0.,-1.)) ;
#3325=DIRECTION('Vector Direction',(0.,0.,-1.)) ;
#3332=DIRECTION('Vector Direction',(1.,0.,0.)) ;
#3339=DIRECTION('Vector Direction',(0.,0.,-1.)) ;
#3346=DIRECTION('Vector Direction',(-1.,0.,0.)) ;
#3353=DIRECTION('Vector Direction',(0.,0.,-1.)) ;
#3360=DIRECTION('Vector Direction',(1.,0.,0.)) ;
#3367=DIRECTION('Vector Direction',(0.,0.,-1.)) ;
#3374=DIRECTION('Vector Direction',(-1.,0.,0.)) ;
#3381=DIRECTION('Vector Direction',(0.,0.,-1.)) ;
#3388=DIRECTION('Vector Direction',(1.,0.,0.)) ;
#3408=DIRECTION('Axis2P3D Direction',(0.,-0.,1.)) ;
#3409=DIRECTION('Axis2P3D XDirection',(6.12574227454E-017,1.,0.)) ;
#3413=DIRECTION('Vector Direction',(-0.500000000499,0.866025403496,0.)) ;
#3420=DIRECTION('Vector Direction',(0.,1.,0.)) ;
#3427=DIRECTION('Vector Direction',(1.,0.,0.)) ;
#3440=DIRECTION('Axis2P3D Direction',(5.96609886155E-017,0.974370064785,0.224951054344)) ;
#3441=DIRECTION('Axis2P3D XDirection',(1.37693675906E-017,0.224951054344,-0.974370064785)) ;
#3445=DIRECTION('Vector Direction',(1.,0.,0.)) ;
#3452=DIRECTION('Vector Direction',(1.,0.,0.)) ;
#3459=DIRECTION('Vector Direction',(1.,0.,0.)) ;
#3466=DIRECTION('Vector Direction',(1.,0.,0.)) ;
#3473=DIRECTION('Vector Direction',(0.,0.224951054344,-0.974370064785)) ;
#3480=DIRECTION('Vector Direction',(1.,-8.881784197E-017,0.)) ;
#3496=DIRECTION('Axis2P3D Direction',(0.,-0.,1.)) ;
#3497=DIRECTION('Axis2P3D XDirection',(6.12574227454E-017,1.,0.)) ;
#3501=DIRECTION('Vector Direction',(5.8442023988E-017,1.,0.)) ;
#3508=DIRECTION('Vector Direction',(1.,-4.4408920985E-017,0.)) ;
#3519=DIRECTION('Axis2P3D Direction',(0.,-0.,1.)) ;
#3528=DIRECTION('Axis2P3D Direction',(0.,-0.,1.)) ;
#3537=DIRECTION('Axis2P3D Direction',(0.,-0.,1.)) ;
#3546=DIRECTION('Axis2P3D Direction',(0.,-0.,1.)) ;
#3556=DIRECTION('Axis2P3D Direction',(-5.96609886155E-017,-0.974370064785,0.224951054344)) ;
#3557=DIRECTION('Axis2P3D XDirection',(1.37693675906E-017,0.224951054344,0.974370064785)) ;
#3561=DIRECTION('Vector Direction',(2.08032323172E-017,0.224951054344,0.974370064785)) ;
#3568=DIRECTION('Vector Direction',(1.,-6.66133814775E-017,0.)) ;
#3580=DIRECTION('Axis2P3D Direction',(-1.,1.15161428072E-045,2.65544173851E-031)) ;
#3581=DIRECTION('Axis2P3D XDirection',(-3.25197822538E-047,-1.,4.21434401003E-015)) ;
#3594=DIRECTION('Vector Direction',(-1.,0.,0.)) ;
#3606=DIRECTION('Axis2P3D Direction',(-6.12303176911E-017,-1.,0.)) ;
#3607=DIRECTION('Axis2P3D XDirection',(0.,0.,1.)) ;
#3611=DIRECTION('Vector Direction',(0.,0.,1.)) ;
#3622=DIRECTION('Vector Direction',(-1.,6.12303176911E-017,0.)) ;
#3631=DIRECTION('Vector Direction',(0.,0.,1.)) ;
#3638=DIRECTION('Vector Direction',(1.,-6.12303176911E-017,0.)) ;
#3645=DIRECTION('Vector Direction',(0.,0.,-1.)) ;
#3656=DIRECTION('Vector Direction',(-1.,6.12303176911E-017,0.)) ;
#3665=DIRECTION('Vector Direction',(0.,0.,1.)) ;
#3672=DIRECTION('Vector Direction',(1.,-6.12303176911E-017,0.)) ;
#3679=DIRECTION('Vector Direction',(0.,0.,-1.)) ;
#3691=DIRECTION('Axis2P3D Direction',(-0.5,0.866025403784,0.)) ;
#3692=DIRECTION('Axis2P3D XDirection',(0.866025403784,0.5,0.)) ;
#3696=DIRECTION('Vector Direction',(0.,0.,1.)) ;
#3703=DIRECTION('Vector Direction',(-0.866025403784,-0.5,0.)) ;
#3715=DIRECTION('Axis2P3D Direction',(0.,0.,-1.)) ;
#3716=DIRECTION('Axis2P3D XDirection',(-1.,0.,0.)) ;
#3720=DIRECTION('Vector Direction',(0.,1.,0.)) ;
#3727=DIRECTION('Vector Direction',(0.866025404571,-0.499999998638,0.)) ;
#3739=DIRECTION('Axis2P3D Direction',(-0.5,-0.866025403784,0.)) ;
#3740=DIRECTION('Axis2P3D XDirection',(-0.866025403784,0.5,0.)) ;
#3744=DIRECTION('Vector Direction',(0.,0.,1.)) ;
#3756=DIRECTION('Axis2P3D Direction',(1.,0.,0.)) ;
#3757=DIRECTION('Axis2P3D XDirection',(0.,-1.,0.)) ;
#3768=DIRECTION('Axis2P3D Direction',(-1.,6.12574227454E-017,0.)) ;
#3769=DIRECTION('Axis2P3D XDirection',(6.12574227454E-017,1.,0.)) ;
#3773=DIRECTION('Vector Direction',(0.,0.,1.)) ;
#3780=DIRECTION('Vector Direction',(0.,1.,0.)) ;
#3787=DIRECTION('Vector Direction',(0.,0.,1.)) ;
#3792=DIRECTION('Vector Direction',(7.9301644595E-017,1.,0.)) ;
#3797=DIRECTION('Vector Direction',(0.,0.,1.)) ;
#3804=DIRECTION('Vector Direction',(0.,1.,0.)) ;
#3811=DIRECTION('Vector Direction',(0.,0.,1.)) ;
#3835=DIRECTION('Axis2P3D Direction',(-0.5,0.866025403784,0.)) ;
#3836=DIRECTION('Axis2P3D XDirection',(0.866025403784,0.5,0.)) ;
#3840=DIRECTION('Vector Direction',(-0.866025403784,-0.5,0.)) ;
#3847=DIRECTION('Vector Direction',(0.,0.,1.)) ;
#3859=DIRECTION('Axis2P3D Direction',(1.,0.,0.)) ;
#3860=DIRECTION('Axis2P3D XDirection',(0.,-1.,0.)) ;
#3864=DIRECTION('Vector Direction',(0.,1.,0.)) ;
#3871=DIRECTION('Vector Direction',(0.,0.,1.)) ;
#3883=DIRECTION('Axis2P3D Direction',(-0.5,-0.866025403784,0.)) ;
#3884=DIRECTION('Axis2P3D XDirection',(-0.866025403784,0.5,0.)) ;
#3888=DIRECTION('Vector Direction',(0.866025403784,-0.5,0.)) ;
#3900=DIRECTION('Axis2P3D Direction',(-0.5,0.866025403785,0.)) ;
#3901=DIRECTION('Axis2P3D XDirection',(0.866025403785,0.5,0.)) ;
#3905=DIRECTION('Vector Direction',(-0.866025403785,-0.5,0.)) ;
#3912=DIRECTION('Vector Direction',(0.,0.,1.)) ;
#3924=DIRECTION('Axis2P3D Direction',(1.,0.,0.)) ;
#3925=DIRECTION('Axis2P3D XDirection',(0.,-1.,0.)) ;
#3929=DIRECTION('Vector Direction',(0.,1.,0.)) ;
#3936=DIRECTION('Vector Direction',(0.,0.,1.)) ;
#3948=DIRECTION('Axis2P3D Direction',(-0.5,-0.866025403785,0.)) ;
#3949=DIRECTION('Axis2P3D XDirection',(-0.866025403785,0.5,0.)) ;
#3953=DIRECTION('Vector Direction',(0.866025403785,-0.5,0.)) ;
#3965=DIRECTION('Axis2P3D Direction',(1.,0.,0.)) ;
#3966=DIRECTION('Axis2P3D XDirection',(0.,-1.,0.)) ;
#3977=DIRECTION('Axis2P3D Direction',(-1.,0.,0.)) ;
#3978=DIRECTION('Axis2P3D XDirection',(0.,1.,0.)) ;
#3982=DIRECTION('Vector Direction',(0.,-1.,0.)) ;
#3991=DIRECTION('Vector Direction',(0.,0.,1.)) ;
#3996=DIRECTION('Vector Direction',(0.,0.,1.)) ;
#4008=DIRECTION('Axis2P3D Direction',(0.,-1.,0.)) ;
#4009=DIRECTION('Axis2P3D XDirection',(-1.,0.,0.)) ;
#4013=DIRECTION('Vector Direction',(1.,0.,0.)) ;
#4020=DIRECTION('Vector Direction',(0.,0.,1.)) ;
#4032=DIRECTION('Axis2P3D Direction',(-1.,0.,0.)) ;
#4033=DIRECTION('Axis2P3D XDirection',(0.,1.,0.)) ;
#4037=DIRECTION('Vector Direction',(0.,0.,1.)) ;
#4044=DIRECTION('Vector Direction',(0.,-1.,0.)) ;
#4056=DIRECTION('Axis2P3D Direction',(-0.,1.,0.)) ;
#4057=DIRECTION('Axis2P3D XDirection',(1.,0.,0.)) ;
#4061=DIRECTION('Vector Direction',(0.,0.,1.)) ;
#4068=DIRECTION('Vector Direction',(-1.,0.,0.)) ;
#4080=DIRECTION('Axis2P3D Direction',(-1.,0.,0.)) ;
#4081=DIRECTION('Axis2P3D XDirection',(0.,1.,0.)) ;
#4085=DIRECTION('Vector Direction',(0.,0.,1.)) ;
#4092=DIRECTION('Vector Direction',(0.,-1.,0.)) ;
#4104=DIRECTION('Axis2P3D Direction',(0.,-1.,0.)) ;
#4105=DIRECTION('Axis2P3D XDirection',(-1.,0.,0.)) ;
#4109=DIRECTION('Vector Direction',(0.,0.,1.)) ;
#4116=DIRECTION('Vector Direction',(1.,0.,0.)) ;
#4128=DIRECTION('Axis2P3D Direction',(-1.,0.,0.)) ;
#4129=DIRECTION('Axis2P3D XDirection',(0.,1.,0.)) ;
#4133=DIRECTION('Vector Direction',(0.,0.,1.)) ;
#4140=DIRECTION('Vector Direction',(0.,-1.,0.)) ;
#4152=DIRECTION('Axis2P3D Direction',(0.,-1.,0.)) ;
#4153=DIRECTION('Axis2P3D XDirection',(-1.,0.,0.)) ;
#4157=DIRECTION('Vector Direction',(1.,0.,0.)) ;
#4164=DIRECTION('Vector Direction',(0.,0.,1.)) ;
#4176=DIRECTION('Axis2P3D Direction',(1.,0.,0.)) ;
#4177=DIRECTION('Axis2P3D XDirection',(0.,-1.,0.)) ;
#4181=DIRECTION('Vector Direction',(0.,1.,0.)) ;
#4188=DIRECTION('Vector Direction',(0.,0.,1.)) ;
#4200=DIRECTION('Axis2P3D Direction',(0.,-1.,0.)) ;
#4201=DIRECTION('Axis2P3D XDirection',(-1.,0.,0.)) ;
#4205=DIRECTION('Vector Direction',(0.,0.,1.)) ;
#4212=DIRECTION('Vector Direction',(1.,0.,0.)) ;
#4224=DIRECTION('Axis2P3D Direction',(1.,0.,0.)) ;
#4225=DIRECTION('Axis2P3D XDirection',(0.,-1.,0.)) ;
#4229=DIRECTION('Vector Direction',(0.,1.,0.)) ;
#4236=DIRECTION('Vector Direction',(0.,0.,1.)) ;
#4248=DIRECTION('Axis2P3D Direction',(0.,-1.,0.)) ;
#4249=DIRECTION('Axis2P3D XDirection',(-1.,0.,0.)) ;
#4253=DIRECTION('Vector Direction',(0.,0.,1.)) ;
#4260=DIRECTION('Vector Direction',(1.,0.,0.)) ;
#4272=DIRECTION('Axis2P3D Direction',(1.,0.,0.)) ;
#4273=DIRECTION('Axis2P3D XDirection',(0.,-1.,0.)) ;
#4277=DIRECTION('Vector Direction',(0.,0.,1.)) ;
#4284=DIRECTION('Vector Direction',(0.,1.,0.)) ;
#4296=DIRECTION('Axis2P3D Direction',(0.,-1.,0.)) ;
#4297=DIRECTION('Axis2P3D XDirection',(-1.,0.,0.)) ;
#4301=DIRECTION('Vector Direction',(0.,0.,1.)) ;
#4308=DIRECTION('Vector Direction',(1.,0.,0.)) ;
#4320=DIRECTION('Axis2P3D Direction',(-1.,0.,0.)) ;
#4321=DIRECTION('Axis2P3D XDirection',(0.,1.,0.)) ;
#4325=DIRECTION('Vector Direction',(0.,-1.,0.)) ;
#4332=DIRECTION('Vector Direction',(0.,0.,1.)) ;
#4344=DIRECTION('Axis2P3D Direction',(0.,-1.,0.)) ;
#4345=DIRECTION('Axis2P3D XDirection',(-1.,0.,0.)) ;
#4349=DIRECTION('Vector Direction',(1.,0.,0.)) ;
#4356=DIRECTION('Vector Direction',(0.,0.,1.)) ;
#4368=DIRECTION('Axis2P3D Direction',(-1.,0.,0.)) ;
#4369=DIRECTION('Axis2P3D XDirection',(0.,1.,0.)) ;
#4373=DIRECTION('Vector Direction',(0.,-1.,0.)) ;
#4380=DIRECTION('Vector Direction',(0.,0.,1.)) ;
#4392=DIRECTION('Axis2P3D Direction',(0.,-1.,0.)) ;
#4393=DIRECTION('Axis2P3D XDirection',(-1.,0.,0.)) ;
#4397=DIRECTION('Vector Direction',(0.,0.,1.)) ;
#4404=DIRECTION('Vector Direction',(1.,0.,0.)) ;
#4416=DIRECTION('Axis2P3D Direction',(1.,0.,0.)) ;
#4417=DIRECTION('Axis2P3D XDirection',(0.,-1.,0.)) ;
#4421=DIRECTION('Vector Direction',(0.,0.,1.)) ;
#4428=DIRECTION('Vector Direction',(0.,1.,0.)) ;
#4440=DIRECTION('Axis2P3D Direction',(-0.,1.,0.)) ;
#4441=DIRECTION('Axis2P3D XDirection',(1.,0.,0.)) ;
#4445=DIRECTION('Vector Direction',(-1.,0.,0.)) ;
#4457=DIRECTION('Axis2P3D Direction',(-1.,0.,0.)) ;
#4458=DIRECTION('Axis2P3D XDirection',(0.,1.,0.)) ;
#4462=DIRECTION('Vector Direction',(0.,-1.,0.)) ;
#4471=DIRECTION('Vector Direction',(0.,0.,1.)) ;
#4476=DIRECTION('Vector Direction',(0.,0.,1.)) ;
#4488=DIRECTION('Axis2P3D Direction',(0.,-1.,0.)) ;
#4489=DIRECTION('Axis2P3D XDirection',(-1.,0.,0.)) ;
#4493=DIRECTION('Vector Direction',(1.,0.,0.)) ;
#4500=DIRECTION('Vector Direction',(0.,0.,1.)) ;
#4512=DIRECTION('Axis2P3D Direction',(-1.,0.,0.)) ;
#4513=DIRECTION('Axis2P3D XDirection',(0.,1.,0.)) ;
#4517=DIRECTION('Vector Direction',(0.,0.,1.)) ;
#4524=DIRECTION('Vector Direction',(0.,-1.,0.)) ;
#4536=DIRECTION('Axis2P3D Direction',(-0.,1.,0.)) ;
#4537=DIRECTION('Axis2P3D XDirection',(1.,0.,0.)) ;
#4541=DIRECTION('Vector Direction',(0.,0.,1.)) ;
#4548=DIRECTION('Vector Direction',(-1.,0.,0.)) ;
#4560=DIRECTION('Axis2P3D Direction',(-1.,0.,0.)) ;
#4561=DIRECTION('Axis2P3D XDirection',(0.,1.,0.)) ;
#4565=DIRECTION('Vector Direction',(0.,0.,1.)) ;
#4572=DIRECTION('Vector Direction',(0.,-1.,0.)) ;
#4584=DIRECTION('Axis2P3D Direction',(0.,-1.,0.)) ;
#4585=DIRECTION('Axis2P3D XDirection',(-1.,0.,0.)) ;
#4589=DIRECTION('Vector Direction',(0.,0.,1.)) ;
#4596=DIRECTION('Vector Direction',(1.,0.,0.)) ;
#4608=DIRECTION('Axis2P3D Direction',(-1.,0.,0.)) ;
#4609=DIRECTION('Axis2P3D XDirection',(0.,1.,0.)) ;
#4613=DIRECTION('Vector Direction',(0.,0.,1.)) ;
#4620=DIRECTION('Vector Direction',(0.,-1.,0.)) ;
#4632=DIRECTION('Axis2P3D Direction',(0.,-1.,0.)) ;
#4633=DIRECTION('Axis2P3D XDirection',(-1.,0.,0.)) ;
#4637=DIRECTION('Vector Direction',(1.,0.,0.)) ;
#4644=DIRECTION('Vector Direction',(0.,0.,1.)) ;
#4656=DIRECTION('Axis2P3D Direction',(1.,0.,0.)) ;
#4657=DIRECTION('Axis2P3D XDirection',(0.,-1.,0.)) ;
#4661=DIRECTION('Vector Direction',(0.,1.,0.)) ;
#4668=DIRECTION('Vector Direction',(0.,0.,1.)) ;
#4680=DIRECTION('Axis2P3D Direction',(0.,-1.,0.)) ;
#4681=DIRECTION('Axis2P3D XDirection',(-1.,0.,0.)) ;
#4685=DIRECTION('Vector Direction',(0.,0.,1.)) ;
#4692=DIRECTION('Vector Direction',(1.,0.,0.)) ;
#4704=DIRECTION('Axis2P3D Direction',(1.,0.,0.)) ;
#4705=DIRECTION('Axis2P3D XDirection',(0.,-1.,0.)) ;
#4709=DIRECTION('Vector Direction',(0.,1.,0.)) ;
#4716=DIRECTION('Vector Direction',(0.,0.,1.)) ;
#4728=DIRECTION('Axis2P3D Direction',(0.,-1.,0.)) ;
#4729=DIRECTION('Axis2P3D XDirection',(-1.,0.,0.)) ;
#4733=DIRECTION('Vector Direction',(0.,0.,1.)) ;
#4740=DIRECTION('Vector Direction',(1.,0.,0.)) ;
#4752=DIRECTION('Axis2P3D Direction',(1.,0.,0.)) ;
#4753=DIRECTION('Axis2P3D XDirection',(0.,-1.,0.)) ;
#4757=DIRECTION('Vector Direction',(0.,0.,1.)) ;
#4764=DIRECTION('Vector Direction',(0.,1.,0.)) ;
#4776=DIRECTION('Axis2P3D Direction',(0.,-1.,0.)) ;
#4777=DIRECTION('Axis2P3D XDirection',(-1.,0.,0.)) ;
#4781=DIRECTION('Vector Direction',(0.,0.,1.)) ;
#4788=DIRECTION('Vector Direction',(1.,0.,0.)) ;
#4800=DIRECTION('Axis2P3D Direction',(-1.,0.,0.)) ;
#4801=DIRECTION('Axis2P3D XDirection',(0.,1.,0.)) ;
#4805=DIRECTION('Vector Direction',(0.,-1.,0.)) ;
#4812=DIRECTION('Vector Direction',(0.,0.,1.)) ;
#4824=DIRECTION('Axis2P3D Direction',(0.,-1.,0.)) ;
#4825=DIRECTION('Axis2P3D XDirection',(-1.,0.,0.)) ;
#4829=DIRECTION('Vector Direction',(1.,0.,0.)) ;
#4836=DIRECTION('Vector Direction',(0.,0.,1.)) ;
#4848=DIRECTION('Axis2P3D Direction',(-1.,0.,0.)) ;
#4849=DIRECTION('Axis2P3D XDirection',(0.,1.,0.)) ;
#4853=DIRECTION('Vector Direction',(0.,-1.,0.)) ;
#4860=DIRECTION('Vector Direction',(0.,0.,1.)) ;
#4872=DIRECTION('Axis2P3D Direction',(0.,-1.,0.)) ;
#4873=DIRECTION('Axis2P3D XDirection',(-1.,0.,0.)) ;
#4877=DIRECTION('Vector Direction',(0.,0.,1.)) ;
#4884=DIRECTION('Vector Direction',(1.,0.,0.)) ;
#4896=DIRECTION('Axis2P3D Direction',(1.,0.,0.)) ;
#4897=DIRECTION('Axis2P3D XDirection',(0.,-1.,0.)) ;
#4901=DIRECTION('Vector Direction',(0.,0.,1.)) ;
#4908=DIRECTION('Vector Direction',(0.,1.,0.)) ;
#4920=DIRECTION('Axis2P3D Direction',(-0.,1.,0.)) ;
#4921=DIRECTION('Axis2P3D XDirection',(1.,0.,0.)) ;
#4925=DIRECTION('Vector Direction',(-1.,0.,0.)) ;
#4937=DIRECTION('Axis2P3D Direction',(0.,-0.,1.)) ;
#4938=DIRECTION('Axis2P3D XDirection',(6.12574227454E-017,1.,0.)) ;
#4942=DIRECTION('Vector Direction',(-0.500000000083,-0.866025403737,0.)) ;
#4954=DIRECTION('Axis2P3D Direction',(0.866025403784,-0.5,0.)) ;
#4955=DIRECTION('Axis2P3D XDirection',(0.5,0.866025403784,0.)) ;
#4959=DIRECTION('Vector Direction',(0.,0.,-1.)) ;
#4966=DIRECTION('Vector Direction',(-0.5,-0.866025403784,0.)) ;
#4978=DIRECTION('Axis2P3D Direction',(0.,0.,1.)) ;
#4979=DIRECTION('Axis2P3D XDirection',(1.,0.,0.)) ;
#4983=DIRECTION('Vector Direction',(1.,0.,0.)) ;
#4990=DIRECTION('Vector Direction',(-0.499999999219,0.866025404235,0.)) ;
#5002=DIRECTION('Axis2P3D Direction',(-0.866025403784,-0.5,0.)) ;
#5003=DIRECTION('Axis2P3D XDirection',(0.5,-0.866025403784,0.)) ;
#5007=DIRECTION('Vector Direction',(0.,0.,-1.)) ;
#5012=DIRECTION('Vector Direction',(-0.5,0.866025403784,0.)) ;
#5024=DIRECTION('Axis2P3D Direction',(0.,-0.,1.)) ;
#5025=DIRECTION('Axis2P3D XDirection',(6.12574227454E-017,1.,0.)) ;
#5029=DIRECTION('Vector Direction',(-0.500000000083,-0.866025403737,0.)) ;
#5041=DIRECTION('Axis2P3D Direction',(0.866025403784,-0.5,0.)) ;
#5042=DIRECTION('Axis2P3D XDirection',(0.5,0.866025403784,0.)) ;
#5046=DIRECTION('Vector Direction',(0.,0.,-1.)) ;
#5053=DIRECTION('Vector Direction',(-0.5,-0.866025403784,0.)) ;
#5065=DIRECTION('Axis2P3D Direction',(0.,0.,1.)) ;
#5066=DIRECTION('Axis2P3D XDirection',(1.,0.,0.)) ;
#5070=DIRECTION('Vector Direction',(1.,0.,0.)) ;
#5077=DIRECTION('Vector Direction',(0.,1.,0.)) ;
#5084=DIRECTION('Vector Direction',(-0.499999999354,0.866025404157,0.)) ;
#5097=DIRECTION('Axis2P3D Direction',(-0.866025403784,-0.5,0.)) ;
#5098=DIRECTION('Axis2P3D XDirection',(0.5,-0.866025403784,0.)) ;
#5102=DIRECTION('Vector Direction',(0.,0.,-1.)) ;
#5114=DIRECTION('Axis2P3D Direction',(1.,0.,0.)) ;
#5115=DIRECTION('Axis2P3D XDirection',(0.,1.,0.)) ;
#5119=DIRECTION('Vector Direction',(0.,0.,-1.)) ;
#5131=DIRECTION('Axis2P3D Direction',(0.,1.,0.)) ;
#5132=DIRECTION('Axis2P3D XDirection',(-1.,0.,0.)) ;
#5143=DIRECTION('Axis2P3D Direction',(0.,1.,0.)) ;
#5144=DIRECTION('Axis2P3D XDirection',(-1.,0.,0.)) ;
#5155=DIRECTION('Axis2P3D Direction',(0.,-0.,1.)) ;
#5156=DIRECTION('Axis2P3D XDirection',(-0.479425538604,-0.87758256189,0.)) ;
#5160=DIRECTION('Axis2P3D Direction',(0.,-0.,1.)) ;
#5169=DIRECTION('Vector Direction',(0.,0.,1.)) ;
#5174=DIRECTION('Vector Direction',(0.,0.,1.)) ;
#5186=DIRECTION('Axis2P3D Direction',(0.,-0.,1.)) ;
#5187=DIRECTION('Axis2P3D XDirection',(0.479425538604,0.87758256189,0.)) ;
#5209=DIRECTION('Axis2P3D Direction',(0.,-0.,1.)) ;
#5210=DIRECTION('Axis2P3D XDirection',(-0.479425538604,-0.87758256189,0.)) ;
#5214=DIRECTION('Axis2P3D Direction',(0.,-0.,1.)) ;
#5223=DIRECTION('Vector Direction',(0.,0.,1.)) ;
#5228=DIRECTION('Vector Direction',(0.,0.,1.)) ;
#5240=DIRECTION('Axis2P3D Direction',(0.,-0.,1.)) ;
#5241=DIRECTION('Axis2P3D XDirection',(0.479425538604,0.87758256189,0.)) ;
#5263=DIRECTION('Axis2P3D Direction',(0.,0.,-1.)) ;
#5264=DIRECTION('Axis2P3D XDirection',(1.,-6.12303176911E-017,0.)) ;
#5268=DIRECTION('Vector Direction',(0.,1.,0.)) ;
#5275=DIRECTION('Vector Direction',(0.,1.,0.)) ;
#5282=DIRECTION('Vector Direction',(-1.,6.62012720884E-017,0.)) ;
#5294=DIRECTION('Axis2P3D Direction',(-1.,6.12303176911E-017,-2.75424127949E-012)) ;
#5295=DIRECTION('Axis2P3D XDirection',(2.75424127949E-012,-1.68643670394E-028,-1.)) ;
#5299=DIRECTION('Vector Direction',(0.,1.,0.)) ;
#5306=DIRECTION('Vector Direction',(-2.75424127949E-012,0.,1.)) ;
#5318=DIRECTION('Axis2P3D Direction',(0.,0.,-1.)) ;
#5319=DIRECTION('Axis2P3D XDirection',(1.,-6.12303176911E-017,0.)) ;
#5323=DIRECTION('Vector Direction',(0.,1.,0.)) ;
#5330=DIRECTION('Vector Direction',(1.,-6.62012720884E-017,0.)) ;
#5342=DIRECTION('Axis2P3D Direction',(1.,-6.12303176911E-017,2.75424127949E-012)) ;
#5343=DIRECTION('Axis2P3D XDirection',(-2.75424127949E-012,1.68643670394E-028,1.)) ;
#5347=DIRECTION('Vector Direction',(2.75424127949E-012,0.,-1.)) ;
#5359=DIRECTION('Axis2P3D Direction',(0.,0.,-1.)) ;
#5360=DIRECTION('Axis2P3D XDirection',(1.,-6.12303176911E-017,0.)) ;
#5364=DIRECTION('Vector Direction',(0.,1.,0.)) ;
#5371=DIRECTION('Vector Direction',(0.,1.,0.)) ;
#5378=DIRECTION('Vector Direction',(-1.,0.,0.)) ;
#5390=DIRECTION('Axis2P3D Direction',(-1.,6.12303176911E-017,-2.75424127949E-012)) ;
#5391=DIRECTION('Axis2P3D XDirection',(2.75424127949E-012,-1.68643670394E-028,-1.)) ;
#5395=DIRECTION('Vector Direction',(0.,1.,0.)) ;
#5402=DIRECTION('Vector Direction',(-2.75424127949E-012,0.,1.)) ;
#5414=DIRECTION('Axis2P3D Direction',(0.,0.,-1.)) ;
#5415=DIRECTION('Axis2P3D XDirection',(1.,-6.12303176911E-017,0.)) ;
#5419=DIRECTION('Vector Direction',(0.,1.,0.)) ;
#5426=DIRECTION('Vector Direction',(1.,0.,0.)) ;
#5438=DIRECTION('Axis2P3D Direction',(1.,-6.12303176911E-017,2.75424127949E-012)) ;
#5439=DIRECTION('Axis2P3D XDirection',(-2.75424127949E-012,1.68643670394E-028,1.)) ;
#5443=DIRECTION('Vector Direction',(2.75424127949E-012,0.,-1.)) ;
#5455=DIRECTION('Axis2P3D Direction',(0.,0.,-1.)) ;
#5456=DIRECTION('Axis2P3D XDirection',(-1.,0.,0.)) ;
#5467=DIRECTION('Axis2P3D Direction',(0.,0.,-1.)) ;
#5468=DIRECTION('Axis2P3D XDirection',(-1.,0.,0.)) ;
#5479=DIRECTION('Axis2P3D Direction',(-1.15628415409E-014,9.45424294407E-016,1.)) ;
#5480=DIRECTION('Axis2P3D XDirection',(-2.72351585728E-016,-1.,9.45424294407E-016)) ;
#5507=DIRECTION('Axis2P3D Direction',(-1.15628415409E-014,9.45424294407E-016,1.)) ;
#5508=DIRECTION('Axis2P3D XDirection',(-2.72351585728E-016,-1.,9.45424294407E-016)) ;
#5535=DIRECTION('Axis2P3D Direction',(-0.,-4.03872348164E-017,-1.)) ;
#5536=DIRECTION('Axis2P3D XDirection',(-1.,0.,0.)) ;
#5545=DIRECTION('Axis2P3D Direction',(-0.,-4.03872348164E-017,-1.)) ;
#5546=DIRECTION('Axis2P3D XDirection',(-1.,0.,0.)) ;
#5555=DIRECTION('Axis2P3D Direction',(-6.11490025282E-017,-1.,0.)) ;
#5556=DIRECTION('Axis2P3D XDirection',(-1.,6.11490025282E-017,0.)) ;
#5567=DIRECTION('Axis2P3D Direction',(-6.11490025282E-017,-1.,0.)) ;
#5568=DIRECTION('Axis2P3D XDirection',(-1.,6.11490025282E-017,0.)) ;
#5579=DIRECTION('Axis2P3D Direction',(0.,0.,1.)) ;
#5580=DIRECTION('Axis2P3D XDirection',(1.,0.,0.)) ;
#30=PRESENTATION_LAYER_ASSIGNMENT('1',' ',(#21,#515,#999,#1821,#2643)) ;
#8=PRODUCT_RELATED_PRODUCT_CATEGORY('part',$,(#5)) ;
#7=PRODUCT_CATEGORY('part','specification') ;
#29=STYLED_ITEM(' ',(#28),#21) ;
#516=STYLED_ITEM(' ',(#28),#515) ;
#1000=STYLED_ITEM(' ',(#28),#999) ;
#1822=STYLED_ITEM(' ',(#28),#1821) ;
#2651=STYLED_ITEM(' ',(#2650),#2643) ;
#28=PRESENTATION_STYLE_ASSIGNMENT((#27)) ;
#2650=PRESENTATION_STYLE_ASSIGNMENT((#2649)) ;
#27=SURFACE_STYLE_USAGE(.BOTH.,#26) ;
#2649=SURFACE_STYLE_USAGE(.BOTH.,#2648) ;
#26=SURFACE_SIDE_STYLE(' ',(#25)) ;
#2648=SURFACE_SIDE_STYLE(' ',(#2647)) ;
#25=SURFACE_STYLE_FILL_AREA(#24) ;
#2647=SURFACE_STYLE_FILL_AREA(#2646) ;
#24=FILL_AREA_STYLE(' ',(#23)) ;
#2646=FILL_AREA_STYLE(' ',(#2645)) ;
#23=FILL_AREA_STYLE_COLOUR(' ',#22) ;
#2645=FILL_AREA_STYLE_COLOUR(' ',#2644) ;
#72=VECTOR('Line Direction',#71,1.) ;
#77=VECTOR('Line Direction',#76,1.) ;
#94=VECTOR('Line Direction',#93,1.) ;
#108=VECTOR('Line Direction',#107,1.) ;
#143=VECTOR('Line Direction',#142,1.) ;
#157=VECTOR('Line Direction',#156,1.) ;
#178=VECTOR('Line Direction',#177,1.) ;
#185=VECTOR('Line Direction',#184,1.) ;
#199=VECTOR('Line Direction',#198,1.) ;
#206=VECTOR('Line Direction',#205,1.) ;
#226=VECTOR('Line Direction',#225,1.) ;
#233=VECTOR('Line Direction',#232,1.) ;
#247=VECTOR('Line Direction',#246,1.) ;
#254=VECTOR('Line Direction',#253,1.) ;
#274=VECTOR('Line Direction',#273,1.) ;
#281=VECTOR('Line Direction',#280,1.) ;
#298=VECTOR('Line Direction',#297,1.) ;
#312=VECTOR('Line Direction',#311,1.) ;
#319=VECTOR('Line Direction',#318,1.) ;
#324=VECTOR('Line Direction',#323,1.) ;
#331=VECTOR('Line Direction',#330,1.) ;
#345=VECTOR('Line Direction',#344,1.) ;
#352=VECTOR('Line Direction',#351,1.) ;
#377=VECTOR('Line Direction',#376,1.) ;
#394=VECTOR('Line Direction',#393,1.) ;
#411=VECTOR('Line Direction',#410,1.) ;
#428=VECTOR('Line Direction',#427,1.) ;
#445=VECTOR('Line Direction',#444,1.) ;
#474=VECTOR('Line Direction',#473,1.) ;
#491=VECTOR('Line Direction',#490,1.) ;
#558=VECTOR('Line Direction',#557,1.) ;
#563=VECTOR('Line Direction',#562,1.) ;
#580=VECTOR('Line Direction',#579,1.) ;
#594=VECTOR('Line Direction',#593,1.) ;
#629=VECTOR('Line Direction',#628,1.) ;
#643=VECTOR('Line Direction',#642,1.) ;
#664=VECTOR('Line Direction',#663,1.) ;
#671=VECTOR('Line Direction',#670,1.) ;
#685=VECTOR('Line Direction',#684,1.) ;
#692=VECTOR('Line Direction',#691,1.) ;
#712=VECTOR('Line Direction',#711,1.) ;
#719=VECTOR('Line Direction',#718,1.) ;
#733=VECTOR('Line Direction',#732,1.) ;
#740=VECTOR('Line Direction',#739,1.) ;
#760=VECTOR('Line Direction',#759,1.) ;
#767=VECTOR('Line Direction',#766,1.) ;
#784=VECTOR('Line Direction',#783,1.) ;
#798=VECTOR('Line Direction',#797,1.) ;
#805=VECTOR('Line Direction',#804,1.) ;
#810=VECTOR('Line Direction',#809,1.) ;
#817=VECTOR('Line Direction',#816,1.) ;
#831=VECTOR('Line Direction',#830,1.) ;
#838=VECTOR('Line Direction',#837,1.) ;
#863=VECTOR('Line Direction',#862,1.) ;
#880=VECTOR('Line Direction',#879,1.) ;
#897=VECTOR('Line Direction',#896,1.) ;
#914=VECTOR('Line Direction',#913,1.) ;
#931=VECTOR('Line Direction',#930,1.) ;
#960=VECTOR('Line Direction',#959,1.) ;
#977=VECTOR('Line Direction',#976,1.) ;
#1009=VECTOR('Line Direction',#1008,1.) ;
#1018=VECTOR('Line Direction',#1017,1.) ;
#1025=VECTOR('Line Direction',#1024,1.) ;
#1032=VECTOR('Line Direction',#1031,1.) ;
#1049=VECTOR('Line Direction',#1048,1.) ;
#1070=VECTOR('Line Direction',#1069,1.) ;
#1087=VECTOR('Line Direction',#1086,1.) ;
#1101=VECTOR('Line Direction',#1100,1.) ;
#1115=VECTOR('Line Direction',#1114,1.) ;
#1139=VECTOR('Line Direction',#1138,1.) ;
#1146=VECTOR('Line Direction',#1145,1.) ;
#1170=VECTOR('Line Direction',#1169,1.) ;
#1184=VECTOR('Line Direction',#1183,1.) ;
#1201=VECTOR('Line Direction',#1200,1.) ;
#1222=VECTOR('Line Direction',#1221,1.) ;
#1246=VECTOR('Line Direction',#1245,1.) ;
#1263=VECTOR('Line Direction',#1262,1.) ;
#1282=VECTOR('Line Direction',#1281,1.) ;
#1343=VECTOR('Line Direction',#1342,1.) ;
#1374=VECTOR('Line Direction',#1373,1.) ;
#1409=VECTOR('Line Direction',#1408,1.) ;
#1438=VECTOR('Line Direction',#1437,1.) ;
#1467=VECTOR('Line Direction',#1466,1.) ;
#1496=VECTOR('Line Direction',#1495,1.) ;
#1513=VECTOR('Line Direction',#1512,1.) ;
#1530=VECTOR('Line Direction',#1529,1.) ;
#1547=VECTOR('Line Direction',#1546,1.) ;
#1593=VECTOR('Line Direction',#1592,1.) ;
#1600=VECTOR('Line Direction',#1599,1.) ;
#1607=VECTOR('Line Direction',#1606,1.) ;
#1626=VECTOR('Line Direction',#1625,1.) ;
#1653=VECTOR('Line Direction',#1652,1.) ;
#1660=VECTOR('Line Direction',#1659,1.) ;
#1667=VECTOR('Line Direction',#1666,1.) ;
#1686=VECTOR('Line Direction',#1685,1.) ;
#1703=VECTOR('Line Direction',#1702,1.) ;
#1710=VECTOR('Line Direction',#1709,1.) ;
#1717=VECTOR('Line Direction',#1716,1.) ;
#1734=VECTOR('Line Direction',#1733,1.) ;
#1751=VECTOR('Line Direction',#1750,1.) ;
#1758=VECTOR('Line Direction',#1757,1.) ;
#1765=VECTOR('Line Direction',#1764,1.) ;
#1782=VECTOR('Line Direction',#1781,1.) ;
#1799=VECTOR('Line Direction',#1798,1.) ;
#1831=VECTOR('Line Direction',#1830,1.) ;
#1840=VECTOR('Line Direction',#1839,1.) ;
#1847=VECTOR('Line Direction',#1846,1.) ;
#1854=VECTOR('Line Direction',#1853,1.) ;
#1871=VECTOR('Line Direction',#1870,1.) ;
#1892=VECTOR('Line Direction',#1891,1.) ;
#1909=VECTOR('Line Direction',#1908,1.) ;
#1923=VECTOR('Line Direction',#1922,1.) ;
#1937=VECTOR('Line Direction',#1936,1.) ;
#1961=VECTOR('Line Direction',#1960,1.) ;
#1968=VECTOR('Line Direction',#1967,1.) ;
#1992=VECTOR('Line Direction',#1991,1.) ;
#2006=VECTOR('Line Direction',#2005,1.) ;
#2023=VECTOR('Line Direction',#2022,1.) ;
#2044=VECTOR('Line Direction',#2043,1.) ;
#2068=VECTOR('Line Direction',#2067,1.) ;
#2085=VECTOR('Line Direction',#2084,1.) ;
#2104=VECTOR('Line Direction',#2103,1.) ;
#2165=VECTOR('Line Direction',#2164,1.) ;
#2196=VECTOR('Line Direction',#2195,1.) ;
#2231=VECTOR('Line Direction',#2230,1.) ;
#2260=VECTOR('Line Direction',#2259,1.) ;
#2289=VECTOR('Line Direction',#2288,1.) ;
#2318=VECTOR('Line Direction',#2317,1.) ;
#2335=VECTOR('Line Direction',#2334,1.) ;
#2352=VECTOR('Line Direction',#2351,1.) ;
#2369=VECTOR('Line Direction',#2368,1.) ;
#2415=VECTOR('Line Direction',#2414,1.) ;
#2422=VECTOR('Line Direction',#2421,1.) ;
#2429=VECTOR('Line Direction',#2428,1.) ;
#2448=VECTOR('Line Direction',#2447,1.) ;
#2475=VECTOR('Line Direction',#2474,1.) ;
#2482=VECTOR('Line Direction',#2481,1.) ;
#2489=VECTOR('Line Direction',#2488,1.) ;
#2508=VECTOR('Line Direction',#2507,1.) ;
#2525=VECTOR('Line Direction',#2524,1.) ;
#2532=VECTOR('Line Direction',#2531,1.) ;
#2539=VECTOR('Line Direction',#2538,1.) ;
#2556=VECTOR('Line Direction',#2555,1.) ;
#2573=VECTOR('Line Direction',#2572,1.) ;
#2580=VECTOR('Line Direction',#2579,1.) ;
#2587=VECTOR('Line Direction',#2586,1.) ;
#2604=VECTOR('Line Direction',#2603,1.) ;
#2621=VECTOR('Line Direction',#2620,1.) ;
#2660=VECTOR('Line Direction',#2659,1.) ;
#2669=VECTOR('Line Direction',#2668,1.) ;
#2676=VECTOR('Line Direction',#2675,1.) ;
#2683=VECTOR('Line Direction',#2682,1.) ;
#2690=VECTOR('Line Direction',#2689,1.) ;
#2697=VECTOR('Line Direction',#2696,1.) ;
#2704=VECTOR('Line Direction',#2703,1.) ;
#2711=VECTOR('Line Direction',#2710,1.) ;
#2718=VECTOR('Line Direction',#2717,1.) ;
#2725=VECTOR('Line Direction',#2724,1.) ;
#2739=VECTOR('Line Direction',#2738,1.) ;
#2746=VECTOR('Line Direction',#2745,1.) ;
#2753=VECTOR('Line Direction',#2752,1.) ;
#2760=VECTOR('Line Direction',#2759,1.) ;
#2767=VECTOR('Line Direction',#2766,1.) ;
#2796=VECTOR('Line Direction',#2795,1.) ;
#2803=VECTOR('Line Direction',#2802,1.) ;
#2810=VECTOR('Line Direction',#2809,1.) ;
#2815=VECTOR('Line Direction',#2814,1.) ;
#2822=VECTOR('Line Direction',#2821,1.) ;
#2829=VECTOR('Line Direction',#2828,1.) ;
#2836=VECTOR('Line Direction',#2835,1.) ;
#2843=VECTOR('Line Direction',#2842,1.) ;
#2850=VECTOR('Line Direction',#2849,1.) ;
#2857=VECTOR('Line Direction',#2856,1.) ;
#2864=VECTOR('Line Direction',#2863,1.) ;
#2871=VECTOR('Line Direction',#2870,1.) ;
#2878=VECTOR('Line Direction',#2877,1.) ;
#2885=VECTOR('Line Direction',#2884,1.) ;
#2890=VECTOR('Line Direction',#2889,1.) ;
#2897=VECTOR('Line Direction',#2896,1.) ;
#2904=VECTOR('Line Direction',#2903,1.) ;
#2931=VECTOR('Line Direction',#2930,1.) ;
#2940=VECTOR('Line Direction',#2939,1.) ;
#2947=VECTOR('Line Direction',#2946,1.) ;
#2954=VECTOR('Line Direction',#2953,1.) ;
#2961=VECTOR('Line Direction',#2960,1.) ;
#2968=VECTOR('Line Direction',#2967,1.) ;
#2975=VECTOR('Line Direction',#2974,1.) ;
#2982=VECTOR('Line Direction',#2981,1.) ;
#2989=VECTOR('Line Direction',#2988,1.) ;
#2996=VECTOR('Line Direction',#2995,1.) ;
#3003=VECTOR('Line Direction',#3002,1.) ;
#3010=VECTOR('Line Direction',#3009,1.) ;
#3017=VECTOR('Line Direction',#3016,1.) ;
#3024=VECTOR('Line Direction',#3023,1.) ;
#3031=VECTOR('Line Direction',#3030,1.) ;
#3038=VECTOR('Line Direction',#3037,1.) ;
#3045=VECTOR('Line Direction',#3044,1.) ;
#3052=VECTOR('Line Direction',#3051,1.) ;
#3059=VECTOR('Line Direction',#3058,1.) ;
#3066=VECTOR('Line Direction',#3065,1.) ;
#3093=VECTOR('Line Direction',#3092,1.) ;
#3102=VECTOR('Line Direction',#3101,1.) ;
#3109=VECTOR('Line Direction',#3108,1.) ;
#3116=VECTOR('Line Direction',#3115,1.) ;
#3123=VECTOR('Line Direction',#3122,1.) ;
#3130=VECTOR('Line Direction',#3129,1.) ;
#3137=VECTOR('Line Direction',#3136,1.) ;
#3144=VECTOR('Line Direction',#3143,1.) ;
#3151=VECTOR('Line Direction',#3150,1.) ;
#3158=VECTOR('Line Direction',#3157,1.) ;
#3165=VECTOR('Line Direction',#3164,1.) ;
#3172=VECTOR('Line Direction',#3171,1.) ;
#3179=VECTOR('Line Direction',#3178,1.) ;
#3186=VECTOR('Line Direction',#3185,1.) ;
#3193=VECTOR('Line Direction',#3192,1.) ;
#3200=VECTOR('Line Direction',#3199,1.) ;
#3207=VECTOR('Line Direction',#3206,1.) ;
#3214=VECTOR('Line Direction',#3213,1.) ;
#3221=VECTOR('Line Direction',#3220,1.) ;
#3228=VECTOR('Line Direction',#3227,1.) ;
#3261=VECTOR('Line Direction',#3260,1.) ;
#3268=VECTOR('Line Direction',#3267,1.) ;
#3285=VECTOR('Line Direction',#3284,1.) ;
#3292=VECTOR('Line Direction',#3291,1.) ;
#3309=VECTOR('Line Direction',#3308,1.) ;
#3326=VECTOR('Line Direction',#3325,1.) ;
#3333=VECTOR('Line Direction',#3332,1.) ;
#3340=VECTOR('Line Direction',#3339,1.) ;
#3347=VECTOR('Line Direction',#3346,1.) ;
#3354=VECTOR('Line Direction',#3353,1.) ;
#3361=VECTOR('Line Direction',#3360,1.) ;
#3368=VECTOR('Line Direction',#3367,1.) ;
#3375=VECTOR('Line Direction',#3374,1.) ;
#3382=VECTOR('Line Direction',#3381,1.) ;
#3389=VECTOR('Line Direction',#3388,1.) ;
#3414=VECTOR('Line Direction',#3413,1.) ;
#3421=VECTOR('Line Direction',#3420,1.) ;
#3428=VECTOR('Line Direction',#3427,1.) ;
#3446=VECTOR('Line Direction',#3445,1.) ;
#3453=VECTOR('Line Direction',#3452,1.) ;
#3460=VECTOR('Line Direction',#3459,1.) ;
#3467=VECTOR('Line Direction',#3466,1.) ;
#3474=VECTOR('Line Direction',#3473,1.) ;
#3481=VECTOR('Line Direction',#3480,1.) ;
#3502=VECTOR('Line Direction',#3501,1.) ;
#3509=VECTOR('Line Direction',#3508,1.) ;
#3562=VECTOR('Line Direction',#3561,1.) ;
#3569=VECTOR('Line Direction',#3568,1.) ;
#3595=VECTOR('Line Direction',#3594,1.) ;
#3612=VECTOR('Line Direction',#3611,1.) ;
#3623=VECTOR('Line Direction',#3622,1.) ;
#3632=VECTOR('Line Direction',#3631,1.) ;
#3639=VECTOR('Line Direction',#3638,1.) ;
#3646=VECTOR('Line Direction',#3645,1.) ;
#3657=VECTOR('Line Direction',#3656,1.) ;
#3666=VECTOR('Line Direction',#3665,1.) ;
#3673=VECTOR('Line Direction',#3672,1.) ;
#3680=VECTOR('Line Direction',#3679,1.) ;
#3697=VECTOR('Line Direction',#3696,1.) ;
#3704=VECTOR('Line Direction',#3703,1.) ;
#3721=VECTOR('Line Direction',#3720,1.) ;
#3728=VECTOR('Line Direction',#3727,1.) ;
#3745=VECTOR('Line Direction',#3744,1.) ;
#3774=VECTOR('Line Direction',#3773,1.) ;
#3781=VECTOR('Line Direction',#3780,1.) ;
#3788=VECTOR('Line Direction',#3787,1.) ;
#3793=VECTOR('Line Direction',#3792,1.) ;
#3798=VECTOR('Line Direction',#3797,1.) ;
#3805=VECTOR('Line Direction',#3804,1.) ;
#3812=VECTOR('Line Direction',#3811,1.) ;
#3841=VECTOR('Line Direction',#3840,1.) ;
#3848=VECTOR('Line Direction',#3847,1.) ;
#3865=VECTOR('Line Direction',#3864,1.) ;
#3872=VECTOR('Line Direction',#3871,1.) ;
#3889=VECTOR('Line Direction',#3888,1.) ;
#3906=VECTOR('Line Direction',#3905,1.) ;
#3913=VECTOR('Line Direction',#3912,1.) ;
#3930=VECTOR('Line Direction',#3929,1.) ;
#3937=VECTOR('Line Direction',#3936,1.) ;
#3954=VECTOR('Line Direction',#3953,1.) ;
#3983=VECTOR('Line Direction',#3982,1.) ;
#3992=VECTOR('Line Direction',#3991,1.) ;
#3997=VECTOR('Line Direction',#3996,1.) ;
#4014=VECTOR('Line Direction',#4013,1.) ;
#4021=VECTOR('Line Direction',#4020,1.) ;
#4038=VECTOR('Line Direction',#4037,1.) ;
#4045=VECTOR('Line Direction',#4044,1.) ;
#4062=VECTOR('Line Direction',#4061,1.) ;
#4069=VECTOR('Line Direction',#4068,1.) ;
#4086=VECTOR('Line Direction',#4085,1.) ;
#4093=VECTOR('Line Direction',#4092,1.) ;
#4110=VECTOR('Line Direction',#4109,1.) ;
#4117=VECTOR('Line Direction',#4116,1.) ;
#4134=VECTOR('Line Direction',#4133,1.) ;
#4141=VECTOR('Line Direction',#4140,1.) ;
#4158=VECTOR('Line Direction',#4157,1.) ;
#4165=VECTOR('Line Direction',#4164,1.) ;
#4182=VECTOR('Line Direction',#4181,1.) ;
#4189=VECTOR('Line Direction',#4188,1.) ;
#4206=VECTOR('Line Direction',#4205,1.) ;
#4213=VECTOR('Line Direction',#4212,1.) ;
#4230=VECTOR('Line Direction',#4229,1.) ;
#4237=VECTOR('Line Direction',#4236,1.) ;
#4254=VECTOR('Line Direction',#4253,1.) ;
#4261=VECTOR('Line Direction',#4260,1.) ;
#4278=VECTOR('Line Direction',#4277,1.) ;
#4285=VECTOR('Line Direction',#4284,1.) ;
#4302=VECTOR('Line Direction',#4301,1.) ;
#4309=VECTOR('Line Direction',#4308,1.) ;
#4326=VECTOR('Line Direction',#4325,1.) ;
#4333=VECTOR('Line Direction',#4332,1.) ;
#4350=VECTOR('Line Direction',#4349,1.) ;
#4357=VECTOR('Line Direction',#4356,1.) ;
#4374=VECTOR('Line Direction',#4373,1.) ;
#4381=VECTOR('Line Direction',#4380,1.) ;
#4398=VECTOR('Line Direction',#4397,1.) ;
#4405=VECTOR('Line Direction',#4404,1.) ;
#4422=VECTOR('Line Direction',#4421,1.) ;
#4429=VECTOR('Line Direction',#4428,1.) ;
#4446=VECTOR('Line Direction',#4445,1.) ;
#4463=VECTOR('Line Direction',#4462,1.) ;
#4472=VECTOR('Line Direction',#4471,1.) ;
#4477=VECTOR('Line Direction',#4476,1.) ;
#4494=VECTOR('Line Direction',#4493,1.) ;
#4501=VECTOR('Line Direction',#4500,1.) ;
#4518=VECTOR('Line Direction',#4517,1.) ;
#4525=VECTOR('Line Direction',#4524,1.) ;
#4542=VECTOR('Line Direction',#4541,1.) ;
#4549=VECTOR('Line Direction',#4548,1.) ;
#4566=VECTOR('Line Direction',#4565,1.) ;
#4573=VECTOR('Line Direction',#4572,1.) ;
#4590=VECTOR('Line Direction',#4589,1.) ;
#4597=VECTOR('Line Direction',#4596,1.) ;
#4614=VECTOR('Line Direction',#4613,1.) ;
#4621=VECTOR('Line Direction',#4620,1.) ;
#4638=VECTOR('Line Direction',#4637,1.) ;
#4645=VECTOR('Line Direction',#4644,1.) ;
#4662=VECTOR('Line Direction',#4661,1.) ;
#4669=VECTOR('Line Direction',#4668,1.) ;
#4686=VECTOR('Line Direction',#4685,1.) ;
#4693=VECTOR('Line Direction',#4692,1.) ;
#4710=VECTOR('Line Direction',#4709,1.) ;
#4717=VECTOR('Line Direction',#4716,1.) ;
#4734=VECTOR('Line Direction',#4733,1.) ;
#4741=VECTOR('Line Direction',#4740,1.) ;
#4758=VECTOR('Line Direction',#4757,1.) ;
#4765=VECTOR('Line Direction',#4764,1.) ;
#4782=VECTOR('Line Direction',#4781,1.) ;
#4789=VECTOR('Line Direction',#4788,1.) ;
#4806=VECTOR('Line Direction',#4805,1.) ;
#4813=VECTOR('Line Direction',#4812,1.) ;
#4830=VECTOR('Line Direction',#4829,1.) ;
#4837=VECTOR('Line Direction',#4836,1.) ;
#4854=VECTOR('Line Direction',#4853,1.) ;
#4861=VECTOR('Line Direction',#4860,1.) ;
#4878=VECTOR('Line Direction',#4877,1.) ;
#4885=VECTOR('Line Direction',#4884,1.) ;
#4902=VECTOR('Line Direction',#4901,1.) ;
#4909=VECTOR('Line Direction',#4908,1.) ;
#4926=VECTOR('Line Direction',#4925,1.) ;
#4943=VECTOR('Line Direction',#4942,1.) ;
#4960=VECTOR('Line Direction',#4959,1.) ;
#4967=VECTOR('Line Direction',#4966,1.) ;
#4984=VECTOR('Line Direction',#4983,1.) ;
#4991=VECTOR('Line Direction',#4990,1.) ;
#5008=VECTOR('Line Direction',#5007,1.) ;
#5013=VECTOR('Line Direction',#5012,1.) ;
#5030=VECTOR('Line Direction',#5029,1.) ;
#5047=VECTOR('Line Direction',#5046,1.) ;
#5054=VECTOR('Line Direction',#5053,1.) ;
#5071=VECTOR('Line Direction',#5070,1.) ;
#5078=VECTOR('Line Direction',#5077,1.) ;
#5085=VECTOR('Line Direction',#5084,1.) ;
#5103=VECTOR('Line Direction',#5102,1.) ;
#5120=VECTOR('Line Direction',#5119,1.) ;
#5170=VECTOR('Line Direction',#5169,1.) ;
#5175=VECTOR('Line Direction',#5174,1.) ;
#5224=VECTOR('Line Direction',#5223,1.) ;
#5229=VECTOR('Line Direction',#5228,1.) ;
#5269=VECTOR('Line Direction',#5268,1.) ;
#5276=VECTOR('Line Direction',#5275,1.) ;
#5283=VECTOR('Line Direction',#5282,1.) ;
#5300=VECTOR('Line Direction',#5299,1.) ;
#5307=VECTOR('Line Direction',#5306,1.) ;
#5324=VECTOR('Line Direction',#5323,1.) ;
#5331=VECTOR('Line Direction',#5330,1.) ;
#5348=VECTOR('Line Direction',#5347,1.) ;
#5365=VECTOR('Line Direction',#5364,1.) ;
#5372=VECTOR('Line Direction',#5371,1.) ;
#5379=VECTOR('Line Direction',#5378,1.) ;
#5396=VECTOR('Line Direction',#5395,1.) ;
#5403=VECTOR('Line Direction',#5402,1.) ;
#5420=VECTOR('Line Direction',#5419,1.) ;
#5427=VECTOR('Line Direction',#5426,1.) ;
#5444=VECTOR('Line Direction',#5443,1.) ;
#15=UNCERTAINTY_MEASURE_WITH_UNIT(LENGTH_MEASURE(0.005),#12,'distance_accuracy_value','CONFUSED CURVE UNCERTAINTY') ;
#514=SHAPE_REPRESENTATION_RELATIONSHIP(' ',' ',#19,#513) ;
#52=ORIENTED_EDGE('',*,*,#45,.F.) ;
#53=ORIENTED_EDGE('',*,*,#50,.F.) ;
#112=ORIENTED_EDGE('',*,*,#69,.F.) ;
#113=ORIENTED_EDGE('',*,*,#74,.F.) ;
#114=ORIENTED_EDGE('',*,*,#45,.T.) ;
#115=ORIENTED_EDGE('',*,*,#81,.T.) ;
#116=ORIENTED_EDGE('',*,*,#91,.F.) ;
#117=ORIENTED_EDGE('',*,*,#98,.T.) ;
#118=ORIENTED_EDGE('',*,*,#105,.F.) ;
#119=ORIENTED_EDGE('',*,*,#110,.F.) ;
#161=ORIENTED_EDGE('',*,*,#133,.F.) ;
#162=ORIENTED_EDGE('',*,*,#81,.F.) ;
#163=ORIENTED_EDGE('',*,*,#50,.T.) ;
#164=ORIENTED_EDGE('',*,*,#74,.T.) ;
#165=ORIENTED_EDGE('',*,*,#140,.F.) ;
#166=ORIENTED_EDGE('',*,*,#147,.T.) ;
#167=ORIENTED_EDGE('',*,*,#154,.F.) ;
#168=ORIENTED_EDGE('',*,*,#159,.F.) ;
#210=ORIENTED_EDGE('',*,*,#140,.T.) ;
#211=ORIENTED_EDGE('',*,*,#69,.T.) ;
#212=ORIENTED_EDGE('',*,*,#182,.F.) ;
#213=ORIENTED_EDGE('',*,*,#189,.F.) ;
#214=ORIENTED_EDGE('',*,*,#196,.F.) ;
#215=ORIENTED_EDGE('',*,*,#203,.F.) ;
#216=ORIENTED_EDGE('',*,*,#208,.F.) ;
#258=ORIENTED_EDGE('',*,*,#91,.T.) ;
#259=ORIENTED_EDGE('',*,*,#133,.T.) ;
#260=ORIENTED_EDGE('',*,*,#230,.F.) ;
#261=ORIENTED_EDGE('',*,*,#237,.F.) ;
#262=ORIENTED_EDGE('',*,*,#244,.F.) ;
#263=ORIENTED_EDGE('',*,*,#251,.F.) ;
#264=ORIENTED_EDGE('',*,*,#256,.F.) ;
#285=ORIENTED_EDGE('',*,*,#98,.F.) ;
#286=ORIENTED_EDGE('',*,*,#256,.T.) ;
#287=ORIENTED_EDGE('',*,*,#278,.T.) ;
#288=ORIENTED_EDGE('',*,*,#283,.F.) ;
#356=ORIENTED_EDGE('',*,*,#302,.T.) ;
#357=ORIENTED_EDGE('',*,*,#309,.T.) ;
#358=ORIENTED_EDGE('',*,*,#316,.F.) ;
#359=ORIENTED_EDGE('',*,*,#321,.T.) ;
#360=ORIENTED_EDGE('',*,*,#154,.T.) ;
#361=ORIENTED_EDGE('',*,*,#328,.F.) ;
#362=ORIENTED_EDGE('',*,*,#335,.T.) ;
#363=ORIENTED_EDGE('',*,*,#342,.T.) ;
#364=ORIENTED_EDGE('',*,*,#349,.F.) ;
#365=ORIENTED_EDGE('',*,*,#354,.F.) ;
#366=ORIENTED_EDGE('',*,*,#105,.T.) ;
#367=ORIENTED_EDGE('',*,*,#283,.T.) ;
#381=ORIENTED_EDGE('',*,*,#354,.T.) ;
#382=ORIENTED_EDGE('',*,*,#379,.F.) ;
#383=ORIENTED_EDGE('',*,*,#182,.T.) ;
#384=ORIENTED_EDGE('',*,*,#110,.T.) ;
#398=ORIENTED_EDGE('',*,*,#328,.T.) ;
#399=ORIENTED_EDGE('',*,*,#147,.F.) ;
#400=ORIENTED_EDGE('',*,*,#208,.T.) ;
#401=ORIENTED_EDGE('',*,*,#396,.T.) ;
#415=ORIENTED_EDGE('',*,*,#413,.F.) ;
#416=ORIENTED_EDGE('',*,*,#230,.T.) ;
#417=ORIENTED_EDGE('',*,*,#159,.T.) ;
#418=ORIENTED_EDGE('',*,*,#321,.F.) ;
#432=ORIENTED_EDGE('',*,*,#349,.T.) ;
#433=ORIENTED_EDGE('',*,*,#430,.F.) ;
#434=ORIENTED_EDGE('',*,*,#189,.T.) ;
#435=ORIENTED_EDGE('',*,*,#379,.T.) ;
#449=ORIENTED_EDGE('',*,*,#342,.F.) ;
#450=ORIENTED_EDGE('',*,*,#447,.F.) ;
#451=ORIENTED_EDGE('',*,*,#196,.T.) ;
#452=ORIENTED_EDGE('',*,*,#430,.T.) ;
#461=ORIENTED_EDGE('',*,*,#396,.F.) ;
#462=ORIENTED_EDGE('',*,*,#203,.T.) ;
#463=ORIENTED_EDGE('',*,*,#447,.T.) ;
#464=ORIENTED_EDGE('',*,*,#335,.F.) ;
#478=ORIENTED_EDGE('',*,*,#316,.T.) ;
#479=ORIENTED_EDGE('',*,*,#476,.F.) ;
#480=ORIENTED_EDGE('',*,*,#237,.T.) ;
#481=ORIENTED_EDGE('',*,*,#413,.T.) ;
#495=ORIENTED_EDGE('',*,*,#309,.F.) ;
#496=ORIENTED_EDGE('',*,*,#493,.F.) ;
#497=ORIENTED_EDGE('',*,*,#244,.T.) ;
#498=ORIENTED_EDGE('',*,*,#476,.T.) ;
#507=ORIENTED_EDGE('',*,*,#278,.F.) ;
#508=ORIENTED_EDGE('',*,*,#251,.T.) ;
#509=ORIENTED_EDGE('',*,*,#493,.T.) ;
#510=ORIENTED_EDGE('',*,*,#302,.F.) ;
#538=ORIENTED_EDGE('',*,*,#531,.F.) ;
#539=ORIENTED_EDGE('',*,*,#536,.F.) ;
#598=ORIENTED_EDGE('',*,*,#555,.F.) ;
#599=ORIENTED_EDGE('',*,*,#560,.F.) ;
#600=ORIENTED_EDGE('',*,*,#531,.T.) ;
#601=ORIENTED_EDGE('',*,*,#567,.T.) ;
#602=ORIENTED_EDGE('',*,*,#577,.F.) ;
#603=ORIENTED_EDGE('',*,*,#584,.T.) ;
#604=ORIENTED_EDGE('',*,*,#591,.F.) ;
#605=ORIENTED_EDGE('',*,*,#596,.F.) ;
#647=ORIENTED_EDGE('',*,*,#619,.F.) ;
#648=ORIENTED_EDGE('',*,*,#567,.F.) ;
#649=ORIENTED_EDGE('',*,*,#536,.T.) ;
#650=ORIENTED_EDGE('',*,*,#560,.T.) ;
#651=ORIENTED_EDGE('',*,*,#626,.F.) ;
#652=ORIENTED_EDGE('',*,*,#633,.T.) ;
#653=ORIENTED_EDGE('',*,*,#640,.F.) ;
#654=ORIENTED_EDGE('',*,*,#645,.F.) ;
#696=ORIENTED_EDGE('',*,*,#626,.T.) ;
#697=ORIENTED_EDGE('',*,*,#555,.T.) ;
#698=ORIENTED_EDGE('',*,*,#668,.F.) ;
#699=ORIENTED_EDGE('',*,*,#675,.F.) ;
#700=ORIENTED_EDGE('',*,*,#682,.F.) ;
#701=ORIENTED_EDGE('',*,*,#689,.F.) ;
#702=ORIENTED_EDGE('',*,*,#694,.F.) ;
#744=ORIENTED_EDGE('',*,*,#577,.T.) ;
#745=ORIENTED_EDGE('',*,*,#619,.T.) ;
#746=ORIENTED_EDGE('',*,*,#716,.F.) ;
#747=ORIENTED_EDGE('',*,*,#723,.F.) ;
#748=ORIENTED_EDGE('',*,*,#730,.F.) ;
#749=ORIENTED_EDGE('',*,*,#737,.F.) ;
#750=ORIENTED_EDGE('',*,*,#742,.F.) ;
#771=ORIENTED_EDGE('',*,*,#584,.F.) ;
#772=ORIENTED_EDGE('',*,*,#742,.T.) ;
#773=ORIENTED_EDGE('',*,*,#764,.T.) ;
#774=ORIENTED_EDGE('',*,*,#769,.F.) ;
#842=ORIENTED_EDGE('',*,*,#788,.T.) ;
#843=ORIENTED_EDGE('',*,*,#795,.T.) ;
#844=ORIENTED_EDGE('',*,*,#802,.F.) ;
#845=ORIENTED_EDGE('',*,*,#807,.T.) ;
#846=ORIENTED_EDGE('',*,*,#640,.T.) ;
#847=ORIENTED_EDGE('',*,*,#814,.F.) ;
#848=ORIENTED_EDGE('',*,*,#821,.T.) ;
#849=ORIENTED_EDGE('',*,*,#828,.T.) ;
#850=ORIENTED_EDGE('',*,*,#835,.F.) ;
#851=ORIENTED_EDGE('',*,*,#840,.F.) ;
#852=ORIENTED_EDGE('',*,*,#591,.T.) ;
#853=ORIENTED_EDGE('',*,*,#769,.T.) ;
#867=ORIENTED_EDGE('',*,*,#840,.T.) ;
#868=ORIENTED_EDGE('',*,*,#865,.F.) ;
#869=ORIENTED_EDGE('',*,*,#668,.T.) ;
#870=ORIENTED_EDGE('',*,*,#596,.T.) ;
#884=ORIENTED_EDGE('',*,*,#814,.T.) ;
#885=ORIENTED_EDGE('',*,*,#633,.F.) ;
#886=ORIENTED_EDGE('',*,*,#694,.T.) ;
#887=ORIENTED_EDGE('',*,*,#882,.T.) ;
#901=ORIENTED_EDGE('',*,*,#899,.F.) ;
#902=ORIENTED_EDGE('',*,*,#716,.T.) ;
#903=ORIENTED_EDGE('',*,*,#645,.T.) ;
#904=ORIENTED_EDGE('',*,*,#807,.F.) ;
#918=ORIENTED_EDGE('',*,*,#835,.T.) ;
#919=ORIENTED_EDGE('',*,*,#916,.F.) ;
#920=ORIENTED_EDGE('',*,*,#675,.T.) ;
#921=ORIENTED_EDGE('',*,*,#865,.T.) ;
#935=ORIENTED_EDGE('',*,*,#828,.F.) ;
#936=ORIENTED_EDGE('',*,*,#933,.F.) ;
#937=ORIENTED_EDGE('',*,*,#682,.T.) ;
#938=ORIENTED_EDGE('',*,*,#916,.T.) ;
#947=ORIENTED_EDGE('',*,*,#882,.F.) ;
#948=ORIENTED_EDGE('',*,*,#689,.T.) ;
#949=ORIENTED_EDGE('',*,*,#933,.T.) ;
#950=ORIENTED_EDGE('',*,*,#821,.F.) ;
#964=ORIENTED_EDGE('',*,*,#802,.T.) ;
#965=ORIENTED_EDGE('',*,*,#962,.F.) ;
#966=ORIENTED_EDGE('',*,*,#723,.T.) ;
#967=ORIENTED_EDGE('',*,*,#899,.T.) ;
#981=ORIENTED_EDGE('',*,*,#795,.F.) ;
#982=ORIENTED_EDGE('',*,*,#979,.F.) ;
#983=ORIENTED_EDGE('',*,*,#730,.T.) ;
#984=ORIENTED_EDGE('',*,*,#962,.T.) ;
#993=ORIENTED_EDGE('',*,*,#764,.F.) ;
#994=ORIENTED_EDGE('',*,*,#737,.T.) ;
#995=ORIENTED_EDGE('',*,*,#979,.T.) ;
#996=ORIENTED_EDGE('',*,*,#788,.F.) ;
#1036=ORIENTED_EDGE('',*,*,#1015,.F.) ;
#1037=ORIENTED_EDGE('',*,*,#1022,.F.) ;
#1038=ORIENTED_EDGE('',*,*,#1029,.T.) ;
#1039=ORIENTED_EDGE('',*,*,#1034,.T.) ;
#1119=ORIENTED_EDGE('',*,*,#1015,.T.) ;
#1120=ORIENTED_EDGE('',*,*,#1053,.F.) ;
#1121=ORIENTED_EDGE('',*,*,#1060,.F.) ;
#1122=ORIENTED_EDGE('',*,*,#1067,.F.) ;
#1123=ORIENTED_EDGE('',*,*,#1074,.F.) ;
#1124=ORIENTED_EDGE('',*,*,#1084,.F.) ;
#1125=ORIENTED_EDGE('',*,*,#1091,.F.) ;
#1126=ORIENTED_EDGE('',*,*,#1098,.F.) ;
#1127=ORIENTED_EDGE('',*,*,#1105,.F.) ;
#1128=ORIENTED_EDGE('',*,*,#1112,.T.) ;
#1129=ORIENTED_EDGE('',*,*,#1117,.F.) ;
#1150=ORIENTED_EDGE('',*,*,#1117,.T.) ;
#1151=ORIENTED_EDGE('',*,*,#1143,.T.) ;
#1152=ORIENTED_EDGE('',*,*,#1148,.F.) ;
#1153=ORIENTED_EDGE('',*,*,#1022,.T.) ;
#1226=ORIENTED_EDGE('',*,*,#1148,.T.) ;
#1227=ORIENTED_EDGE('',*,*,#1167,.F.) ;
#1228=ORIENTED_EDGE('',*,*,#1174,.T.) ;
#1229=ORIENTED_EDGE('',*,*,#1181,.T.) ;
#1230=ORIENTED_EDGE('',*,*,#1188,.T.) ;
#1231=ORIENTED_EDGE('',*,*,#1198,.T.) ;
#1232=ORIENTED_EDGE('',*,*,#1205,.T.) ;
#1233=ORIENTED_EDGE('',*,*,#1212,.T.) ;
#1234=ORIENTED_EDGE('',*,*,#1219,.T.) ;
#1235=ORIENTED_EDGE('',*,*,#1224,.T.) ;
#1236=ORIENTED_EDGE('',*,*,#1029,.F.) ;
#1250=ORIENTED_EDGE('',*,*,#1224,.F.) ;
#1251=ORIENTED_EDGE('',*,*,#1248,.F.) ;
#1252=ORIENTED_EDGE('',*,*,#1053,.T.) ;
#1253=ORIENTED_EDGE('',*,*,#1034,.F.) ;
#1267=ORIENTED_EDGE('',*,*,#1248,.T.) ;
#1268=ORIENTED_EDGE('',*,*,#1219,.F.) ;
#1269=ORIENTED_EDGE('',*,*,#1212,.F.) ;
#1270=ORIENTED_EDGE('',*,*,#1265,.F.) ;
#1271=ORIENTED_EDGE('',*,*,#1067,.T.) ;
#1272=ORIENTED_EDGE('',*,*,#1060,.T.) ;
#1286=ORIENTED_EDGE('',*,*,#1284,.F.) ;
#1287=ORIENTED_EDGE('',*,*,#1074,.T.) ;
#1288=ORIENTED_EDGE('',*,*,#1265,.T.) ;
#1289=ORIENTED_EDGE('',*,*,#1205,.F.) ;
#1355=ORIENTED_EDGE('',*,*,#1306,.F.) ;
#1356=ORIENTED_EDGE('',*,*,#1314,.F.) ;
#1357=ORIENTED_EDGE('',*,*,#1084,.T.) ;
#1358=ORIENTED_EDGE('',*,*,#1284,.T.) ;
#1359=ORIENTED_EDGE('',*,*,#1198,.F.) ;
#1360=ORIENTED_EDGE('',*,*,#1324,.F.) ;
#1361=ORIENTED_EDGE('',*,*,#1332,.F.) ;
#1362=ORIENTED_EDGE('',*,*,#1340,.T.) ;
#1363=ORIENTED_EDGE('',*,*,#1347,.F.) ;
#1364=ORIENTED_EDGE('',*,*,#1353,.T.) ;
#1386=ORIENTED_EDGE('',*,*,#1314,.T.) ;
#1387=ORIENTED_EDGE('',*,*,#1378,.F.) ;
#1388=ORIENTED_EDGE('',*,*,#1384,.T.) ;
#1389=ORIENTED_EDGE('',*,*,#1091,.T.) ;
#1448=ORIENTED_EDGE('',*,*,#1406,.T.) ;
#1449=ORIENTED_EDGE('',*,*,#1413,.T.) ;
#1450=ORIENTED_EDGE('',*,*,#1421,.T.) ;
#1451=ORIENTED_EDGE('',*,*,#1429,.F.) ;
#1452=ORIENTED_EDGE('',*,*,#1435,.F.) ;
#1453=ORIENTED_EDGE('',*,*,#1181,.F.) ;
#1454=ORIENTED_EDGE('',*,*,#1440,.F.) ;
#1455=ORIENTED_EDGE('',*,*,#1098,.T.) ;
#1456=ORIENTED_EDGE('',*,*,#1384,.F.) ;
#1457=ORIENTED_EDGE('',*,*,#1446,.F.) ;
#1471=ORIENTED_EDGE('',*,*,#1469,.F.) ;
#1472=ORIENTED_EDGE('',*,*,#1105,.T.) ;
#1473=ORIENTED_EDGE('',*,*,#1440,.T.) ;
#1474=ORIENTED_EDGE('',*,*,#1174,.F.) ;
#1483=ORIENTED_EDGE('',*,*,#1112,.F.) ;
#1484=ORIENTED_EDGE('',*,*,#1469,.T.) ;
#1485=ORIENTED_EDGE('',*,*,#1167,.T.) ;
#1486=ORIENTED_EDGE('',*,*,#1143,.F.) ;
#1500=ORIENTED_EDGE('',*,*,#1324,.T.) ;
#1501=ORIENTED_EDGE('',*,*,#1188,.F.) ;
#1502=ORIENTED_EDGE('',*,*,#1435,.T.) ;
#1503=ORIENTED_EDGE('',*,*,#1498,.T.) ;
#1517=ORIENTED_EDGE('',*,*,#1446,.T.) ;
#1518=ORIENTED_EDGE('',*,*,#1378,.T.) ;
#1519=ORIENTED_EDGE('',*,*,#1306,.T.) ;
#1520=ORIENTED_EDGE('',*,*,#1515,.T.) ;
#1534=ORIENTED_EDGE('',*,*,#1532,.F.) ;
#1535=ORIENTED_EDGE('',*,*,#1332,.T.) ;
#1536=ORIENTED_EDGE('',*,*,#1498,.F.) ;
#1537=ORIENTED_EDGE('',*,*,#1429,.T.) ;
#1565=ORIENTED_EDGE('',*,*,#1553,.F.) ;
#1566=ORIENTED_EDGE('',*,*,#1558,.F.) ;
#1567=ORIENTED_EDGE('',*,*,#1340,.F.) ;
#1568=ORIENTED_EDGE('',*,*,#1532,.T.) ;
#1569=ORIENTED_EDGE('',*,*,#1421,.F.) ;
#1570=ORIENTED_EDGE('',*,*,#1563,.F.) ;
#1611=ORIENTED_EDGE('',*,*,#1590,.T.) ;
#1612=ORIENTED_EDGE('',*,*,#1347,.T.) ;
#1613=ORIENTED_EDGE('',*,*,#1558,.T.) ;
#1614=ORIENTED_EDGE('',*,*,#1597,.F.) ;
#1615=ORIENTED_EDGE('',*,*,#1604,.T.) ;
#1616=ORIENTED_EDGE('',*,*,#1609,.T.) ;
#1638=ORIENTED_EDGE('',*,*,#1515,.F.) ;
#1639=ORIENTED_EDGE('',*,*,#1353,.F.) ;
#1640=ORIENTED_EDGE('',*,*,#1590,.F.) ;
#1641=ORIENTED_EDGE('',*,*,#1630,.T.) ;
#1642=ORIENTED_EDGE('',*,*,#1636,.F.) ;
#1643=ORIENTED_EDGE('',*,*,#1406,.F.) ;
#1671=ORIENTED_EDGE('',*,*,#1413,.F.) ;
#1672=ORIENTED_EDGE('',*,*,#1636,.T.) ;
#1673=ORIENTED_EDGE('',*,*,#1657,.T.) ;
#1674=ORIENTED_EDGE('',*,*,#1664,.T.) ;
#1675=ORIENTED_EDGE('',*,*,#1669,.F.) ;
#1676=ORIENTED_EDGE('',*,*,#1563,.T.) ;
#1690=ORIENTED_EDGE('',*,*,#1669,.T.) ;
#1691=ORIENTED_EDGE('',*,*,#1688,.T.) ;
#1692=ORIENTED_EDGE('',*,*,#1597,.T.) ;
#1693=ORIENTED_EDGE('',*,*,#1553,.T.) ;
#1721=ORIENTED_EDGE('',*,*,#1604,.F.) ;
#1722=ORIENTED_EDGE('',*,*,#1707,.F.) ;
#1723=ORIENTED_EDGE('',*,*,#1714,.T.) ;
#1724=ORIENTED_EDGE('',*,*,#1719,.F.) ;
#1738=ORIENTED_EDGE('',*,*,#1630,.F.) ;
#1739=ORIENTED_EDGE('',*,*,#1609,.F.) ;
#1740=ORIENTED_EDGE('',*,*,#1736,.T.) ;
#1741=ORIENTED_EDGE('',*,*,#1657,.F.) ;
#1769=ORIENTED_EDGE('',*,*,#1664,.F.) ;
#1770=ORIENTED_EDGE('',*,*,#1755,.F.) ;
#1771=ORIENTED_EDGE('',*,*,#1762,.T.) ;
#1772=ORIENTED_EDGE('',*,*,#1767,.T.) ;
#1786=ORIENTED_EDGE('',*,*,#1688,.F.) ;
#1787=ORIENTED_EDGE('',*,*,#1767,.F.) ;
#1788=ORIENTED_EDGE('',*,*,#1784,.T.) ;
#1789=ORIENTED_EDGE('',*,*,#1707,.T.) ;
#1803=ORIENTED_EDGE('',*,*,#1801,.F.) ;
#1804=ORIENTED_EDGE('',*,*,#1714,.F.) ;
#1805=ORIENTED_EDGE('',*,*,#1784,.F.) ;
#1806=ORIENTED_EDGE('',*,*,#1762,.F.) ;
#1815=ORIENTED_EDGE('',*,*,#1755,.T.) ;
#1816=ORIENTED_EDGE('',*,*,#1736,.F.) ;
#1817=ORIENTED_EDGE('',*,*,#1719,.T.) ;
#1818=ORIENTED_EDGE('',*,*,#1801,.T.) ;
#1858=ORIENTED_EDGE('',*,*,#1837,.F.) ;
#1859=ORIENTED_EDGE('',*,*,#1844,.F.) ;
#1860=ORIENTED_EDGE('',*,*,#1851,.T.) ;
#1861=ORIENTED_EDGE('',*,*,#1856,.T.) ;
#1941=ORIENTED_EDGE('',*,*,#1837,.T.) ;
#1942=ORIENTED_EDGE('',*,*,#1875,.F.) ;
#1943=ORIENTED_EDGE('',*,*,#1882,.F.) ;
#1944=ORIENTED_EDGE('',*,*,#1889,.F.) ;
#1945=ORIENTED_EDGE('',*,*,#1896,.F.) ;
#1946=ORIENTED_EDGE('',*,*,#1906,.F.) ;
#1947=ORIENTED_EDGE('',*,*,#1913,.F.) ;
#1948=ORIENTED_EDGE('',*,*,#1920,.F.) ;
#1949=ORIENTED_EDGE('',*,*,#1927,.F.) ;
#1950=ORIENTED_EDGE('',*,*,#1934,.T.) ;
#1951=ORIENTED_EDGE('',*,*,#1939,.F.) ;
#1972=ORIENTED_EDGE('',*,*,#1939,.T.) ;
#1973=ORIENTED_EDGE('',*,*,#1965,.T.) ;
#1974=ORIENTED_EDGE('',*,*,#1970,.F.) ;
#1975=ORIENTED_EDGE('',*,*,#1844,.T.) ;
#2048=ORIENTED_EDGE('',*,*,#1970,.T.) ;
#2049=ORIENTED_EDGE('',*,*,#1989,.F.) ;
#2050=ORIENTED_EDGE('',*,*,#1996,.T.) ;
#2051=ORIENTED_EDGE('',*,*,#2003,.T.) ;
#2052=ORIENTED_EDGE('',*,*,#2010,.T.) ;
#2053=ORIENTED_EDGE('',*,*,#2020,.T.) ;
#2054=ORIENTED_EDGE('',*,*,#2027,.T.) ;
#2055=ORIENTED_EDGE('',*,*,#2034,.T.) ;
#2056=ORIENTED_EDGE('',*,*,#2041,.T.) ;
#2057=ORIENTED_EDGE('',*,*,#2046,.T.) ;
#2058=ORIENTED_EDGE('',*,*,#1851,.F.) ;
#2072=ORIENTED_EDGE('',*,*,#2046,.F.) ;
#2073=ORIENTED_EDGE('',*,*,#2070,.F.) ;
#2074=ORIENTED_EDGE('',*,*,#1875,.T.) ;
#2075=ORIENTED_EDGE('',*,*,#1856,.F.) ;
#2089=ORIENTED_EDGE('',*,*,#2070,.T.) ;
#2090=ORIENTED_EDGE('',*,*,#2041,.F.) ;
#2091=ORIENTED_EDGE('',*,*,#2034,.F.) ;
#2092=ORIENTED_EDGE('',*,*,#2087,.F.) ;
#2093=ORIENTED_EDGE('',*,*,#1889,.T.) ;
#2094=ORIENTED_EDGE('',*,*,#1882,.T.) ;
#2108=ORIENTED_EDGE('',*,*,#2106,.F.) ;
#2109=ORIENTED_EDGE('',*,*,#1896,.T.) ;
#2110=ORIENTED_EDGE('',*,*,#2087,.T.) ;
#2111=ORIENTED_EDGE('',*,*,#2027,.F.) ;
#2177=ORIENTED_EDGE('',*,*,#2128,.F.) ;
#2178=ORIENTED_EDGE('',*,*,#2136,.F.) ;
#2179=ORIENTED_EDGE('',*,*,#1906,.T.) ;
#2180=ORIENTED_EDGE('',*,*,#2106,.T.) ;
#2181=ORIENTED_EDGE('',*,*,#2020,.F.) ;
#2182=ORIENTED_EDGE('',*,*,#2146,.F.) ;
#2183=ORIENTED_EDGE('',*,*,#2154,.F.) ;
#2184=ORIENTED_EDGE('',*,*,#2162,.T.) ;
#2185=ORIENTED_EDGE('',*,*,#2169,.F.) ;
#2186=ORIENTED_EDGE('',*,*,#2175,.T.) ;
#2208=ORIENTED_EDGE('',*,*,#2136,.T.) ;
#2209=ORIENTED_EDGE('',*,*,#2200,.F.) ;
#2210=ORIENTED_EDGE('',*,*,#2206,.T.) ;
#2211=ORIENTED_EDGE('',*,*,#1913,.T.) ;
#2270=ORIENTED_EDGE('',*,*,#2228,.T.) ;
#2271=ORIENTED_EDGE('',*,*,#2235,.T.) ;
#2272=ORIENTED_EDGE('',*,*,#2243,.T.) ;
#2273=ORIENTED_EDGE('',*,*,#2251,.F.) ;
#2274=ORIENTED_EDGE('',*,*,#2257,.F.) ;
#2275=ORIENTED_EDGE('',*,*,#2003,.F.) ;
#2276=ORIENTED_EDGE('',*,*,#2262,.F.) ;
#2277=ORIENTED_EDGE('',*,*,#1920,.T.) ;
#2278=ORIENTED_EDGE('',*,*,#2206,.F.) ;
#2279=ORIENTED_EDGE('',*,*,#2268,.F.) ;
#2293=ORIENTED_EDGE('',*,*,#2291,.F.) ;
#2294=ORIENTED_EDGE('',*,*,#1927,.T.) ;
#2295=ORIENTED_EDGE('',*,*,#2262,.T.) ;
#2296=ORIENTED_EDGE('',*,*,#1996,.F.) ;
#2305=ORIENTED_EDGE('',*,*,#1934,.F.) ;
#2306=ORIENTED_EDGE('',*,*,#2291,.T.) ;
#2307=ORIENTED_EDGE('',*,*,#1989,.T.) ;
#2308=ORIENTED_EDGE('',*,*,#1965,.F.) ;
#2322=ORIENTED_EDGE('',*,*,#2146,.T.) ;
#2323=ORIENTED_EDGE('',*,*,#2010,.F.) ;
#2324=ORIENTED_EDGE('',*,*,#2257,.T.) ;
#2325=ORIENTED_EDGE('',*,*,#2320,.T.) ;
#2339=ORIENTED_EDGE('',*,*,#2268,.T.) ;
#2340=ORIENTED_EDGE('',*,*,#2200,.T.) ;
#2341=ORIENTED_EDGE('',*,*,#2128,.T.) ;
#2342=ORIENTED_EDGE('',*,*,#2337,.T.) ;
#2356=ORIENTED_EDGE('',*,*,#2354,.F.) ;
#2357=ORIENTED_EDGE('',*,*,#2154,.T.) ;
#2358=ORIENTED_EDGE('',*,*,#2320,.F.) ;
#2359=ORIENTED_EDGE('',*,*,#2251,.T.) ;
#2387=ORIENTED_EDGE('',*,*,#2375,.F.) ;
#2388=ORIENTED_EDGE('',*,*,#2380,.F.) ;
#2389=ORIENTED_EDGE('',*,*,#2162,.F.) ;
#2390=ORIENTED_EDGE('',*,*,#2354,.T.) ;
#2391=ORIENTED_EDGE('',*,*,#2243,.F.) ;
#2392=ORIENTED_EDGE('',*,*,#2385,.F.) ;
#2433=ORIENTED_EDGE('',*,*,#2412,.T.) ;
#2434=ORIENTED_EDGE('',*,*,#2169,.T.) ;
#2435=ORIENTED_EDGE('',*,*,#2380,.T.) ;
#2436=ORIENTED_EDGE('',*,*,#2419,.F.) ;
#2437=ORIENTED_EDGE('',*,*,#2426,.T.) ;
#2438=ORIENTED_EDGE('',*,*,#2431,.T.) ;
#2460=ORIENTED_EDGE('',*,*,#2337,.F.) ;
#2461=ORIENTED_EDGE('',*,*,#2175,.F.) ;
#2462=ORIENTED_EDGE('',*,*,#2412,.F.) ;
#2463=ORIENTED_EDGE('',*,*,#2452,.T.) ;
#2464=ORIENTED_EDGE('',*,*,#2458,.F.) ;
#2465=ORIENTED_EDGE('',*,*,#2228,.F.) ;
#2493=ORIENTED_EDGE('',*,*,#2235,.F.) ;
#2494=ORIENTED_EDGE('',*,*,#2458,.T.) ;
#2495=ORIENTED_EDGE('',*,*,#2479,.T.) ;
#2496=ORIENTED_EDGE('',*,*,#2486,.T.) ;
#2497=ORIENTED_EDGE('',*,*,#2491,.F.) ;
#2498=ORIENTED_EDGE('',*,*,#2385,.T.) ;
#2512=ORIENTED_EDGE('',*,*,#2491,.T.) ;
#2513=ORIENTED_EDGE('',*,*,#2510,.T.) ;
#2514=ORIENTED_EDGE('',*,*,#2419,.T.) ;
#2515=ORIENTED_EDGE('',*,*,#2375,.T.) ;
#2543=ORIENTED_EDGE('',*,*,#2426,.F.) ;
#2544=ORIENTED_EDGE('',*,*,#2529,.F.) ;
#2545=ORIENTED_EDGE('',*,*,#2536,.T.) ;
#2546=ORIENTED_EDGE('',*,*,#2541,.F.) ;
#2560=ORIENTED_EDGE('',*,*,#2452,.F.) ;
#2561=ORIENTED_EDGE('',*,*,#2431,.F.) ;
#2562=ORIENTED_EDGE('',*,*,#2558,.T.) ;
#2563=ORIENTED_EDGE('',*,*,#2479,.F.) ;
#2591=ORIENTED_EDGE('',*,*,#2486,.F.) ;
#2592=ORIENTED_EDGE('',*,*,#2577,.F.) ;
#2593=ORIENTED_EDGE('',*,*,#2584,.T.) ;
#2594=ORIENTED_EDGE('',*,*,#2589,.T.) ;
#2608=ORIENTED_EDGE('',*,*,#2510,.F.) ;
#2609=ORIENTED_EDGE('',*,*,#2589,.F.) ;
#2610=ORIENTED_EDGE('',*,*,#2606,.T.) ;
#2611=ORIENTED_EDGE('',*,*,#2529,.T.) ;
#2625=ORIENTED_EDGE('',*,*,#2623,.F.) ;
#2626=ORIENTED_EDGE('',*,*,#2536,.F.) ;
#2627=ORIENTED_EDGE('',*,*,#2606,.F.) ;
#2628=ORIENTED_EDGE('',*,*,#2584,.F.) ;
#2637=ORIENTED_EDGE('',*,*,#2577,.T.) ;
#2638=ORIENTED_EDGE('',*,*,#2558,.F.) ;
#2639=ORIENTED_EDGE('',*,*,#2541,.T.) ;
#2640=ORIENTED_EDGE('',*,*,#2623,.T.) ;
#2771=ORIENTED_EDGE('',*,*,#2666,.T.) ;
#2772=ORIENTED_EDGE('',*,*,#2673,.T.) ;
#2773=ORIENTED_EDGE('',*,*,#2680,.T.) ;
#2774=ORIENTED_EDGE('',*,*,#2687,.F.) ;
#2775=ORIENTED_EDGE('',*,*,#2694,.T.) ;
#2776=ORIENTED_EDGE('',*,*,#2701,.T.) ;
#2777=ORIENTED_EDGE('',*,*,#2708,.T.) ;
#2778=ORIENTED_EDGE('',*,*,#2715,.T.) ;
#2779=ORIENTED_EDGE('',*,*,#2722,.T.) ;
#2780=ORIENTED_EDGE('',*,*,#2729,.T.) ;
#2781=ORIENTED_EDGE('',*,*,#2736,.T.) ;
#2782=ORIENTED_EDGE('',*,*,#2743,.T.) ;
#2783=ORIENTED_EDGE('',*,*,#2750,.T.) ;
#2784=ORIENTED_EDGE('',*,*,#2757,.T.) ;
#2785=ORIENTED_EDGE('',*,*,#2764,.T.) ;
#2786=ORIENTED_EDGE('',*,*,#2769,.F.) ;
#2908=ORIENTED_EDGE('',*,*,#2666,.F.) ;
#2909=ORIENTED_EDGE('',*,*,#2800,.F.) ;
#2910=ORIENTED_EDGE('',*,*,#2807,.F.) ;
#2911=ORIENTED_EDGE('',*,*,#2812,.F.) ;
#2912=ORIENTED_EDGE('',*,*,#2750,.F.) ;
#2913=ORIENTED_EDGE('',*,*,#2819,.F.) ;
#2914=ORIENTED_EDGE('',*,*,#2826,.F.) ;
#2915=ORIENTED_EDGE('',*,*,#2833,.T.) ;
#2916=ORIENTED_EDGE('',*,*,#2840,.T.) ;
#2917=ORIENTED_EDGE('',*,*,#2847,.T.) ;
#2918=ORIENTED_EDGE('',*,*,#2854,.F.) ;
#2919=ORIENTED_EDGE('',*,*,#2861,.T.) ;
#2920=ORIENTED_EDGE('',*,*,#2868,.T.) ;
#2921=ORIENTED_EDGE('',*,*,#2875,.T.) ;
#2922=ORIENTED_EDGE('',*,*,#2882,.F.) ;
#2923=ORIENTED_EDGE('',*,*,#2887,.T.) ;
#2924=ORIENTED_EDGE('',*,*,#2694,.F.) ;
#2925=ORIENTED_EDGE('',*,*,#2894,.F.) ;
#2926=ORIENTED_EDGE('',*,*,#2901,.F.) ;
#2927=ORIENTED_EDGE('',*,*,#2906,.F.) ;
#3070=ORIENTED_EDGE('',*,*,#2937,.F.) ;
#3071=ORIENTED_EDGE('',*,*,#2944,.F.) ;
#3072=ORIENTED_EDGE('',*,*,#2951,.F.) ;
#3073=ORIENTED_EDGE('',*,*,#2958,.F.) ;
#3074=ORIENTED_EDGE('',*,*,#2965,.F.) ;
#3075=ORIENTED_EDGE('',*,*,#2972,.F.) ;
#3076=ORIENTED_EDGE('',*,*,#2979,.F.) ;
#3077=ORIENTED_EDGE('',*,*,#2986,.F.) ;
#3078=ORIENTED_EDGE('',*,*,#2993,.F.) ;
#3079=ORIENTED_EDGE('',*,*,#3000,.F.) ;
#3080=ORIENTED_EDGE('',*,*,#3007,.F.) ;
#3081=ORIENTED_EDGE('',*,*,#3014,.F.) ;
#3082=ORIENTED_EDGE('',*,*,#3021,.F.) ;
#3083=ORIENTED_EDGE('',*,*,#3028,.F.) ;
#3084=ORIENTED_EDGE('',*,*,#3035,.F.) ;
#3085=ORIENTED_EDGE('',*,*,#3042,.F.) ;
#3086=ORIENTED_EDGE('',*,*,#3049,.F.) ;
#3087=ORIENTED_EDGE('',*,*,#3056,.F.) ;
#3088=ORIENTED_EDGE('',*,*,#3063,.F.) ;
#3089=ORIENTED_EDGE('',*,*,#3068,.F.) ;
#3232=ORIENTED_EDGE('',*,*,#3099,.F.) ;
#3233=ORIENTED_EDGE('',*,*,#3106,.F.) ;
#3234=ORIENTED_EDGE('',*,*,#3113,.F.) ;
#3235=ORIENTED_EDGE('',*,*,#3120,.F.) ;
#3236=ORIENTED_EDGE('',*,*,#3127,.F.) ;
#3237=ORIENTED_EDGE('',*,*,#3134,.F.) ;
#3238=ORIENTED_EDGE('',*,*,#3141,.F.) ;
#3239=ORIENTED_EDGE('',*,*,#3148,.F.) ;
#3240=ORIENTED_EDGE('',*,*,#3155,.F.) ;
#3241=ORIENTED_EDGE('',*,*,#3162,.F.) ;
#3242=ORIENTED_EDGE('',*,*,#3169,.F.) ;
#3243=ORIENTED_EDGE('',*,*,#3176,.F.) ;
#3244=ORIENTED_EDGE('',*,*,#3183,.F.) ;
#3245=ORIENTED_EDGE('',*,*,#3190,.F.) ;
#3246=ORIENTED_EDGE('',*,*,#3197,.F.) ;
#3247=ORIENTED_EDGE('',*,*,#3204,.F.) ;
#3248=ORIENTED_EDGE('',*,*,#3211,.F.) ;
#3249=ORIENTED_EDGE('',*,*,#3218,.F.) ;
#3250=ORIENTED_EDGE('',*,*,#3225,.F.) ;
#3251=ORIENTED_EDGE('',*,*,#3230,.F.) ;
#3272=ORIENTED_EDGE('',*,*,#2673,.F.) ;
#3273=ORIENTED_EDGE('',*,*,#2906,.T.) ;
#3274=ORIENTED_EDGE('',*,*,#3265,.T.) ;
#3275=ORIENTED_EDGE('',*,*,#3270,.F.) ;
#3296=ORIENTED_EDGE('',*,*,#3270,.T.) ;
#3297=ORIENTED_EDGE('',*,*,#3289,.T.) ;
#3298=ORIENTED_EDGE('',*,*,#3294,.T.) ;
#3299=ORIENTED_EDGE('',*,*,#2680,.F.) ;
#3313=ORIENTED_EDGE('',*,*,#3311,.F.) ;
#3314=ORIENTED_EDGE('',*,*,#2894,.T.) ;
#3315=ORIENTED_EDGE('',*,*,#2687,.T.) ;
#3316=ORIENTED_EDGE('',*,*,#3294,.F.) ;
#3393=ORIENTED_EDGE('',*,*,#2887,.F.) ;
#3394=ORIENTED_EDGE('',*,*,#3330,.F.) ;
#3395=ORIENTED_EDGE('',*,*,#3337,.T.) ;
#3396=ORIENTED_EDGE('',*,*,#3344,.T.) ;
#3397=ORIENTED_EDGE('',*,*,#3351,.F.) ;
#3398=ORIENTED_EDGE('',*,*,#3358,.F.) ;
#3399=ORIENTED_EDGE('',*,*,#3365,.T.) ;
#3400=ORIENTED_EDGE('',*,*,#3372,.T.) ;
#3401=ORIENTED_EDGE('',*,*,#3379,.F.) ;
#3402=ORIENTED_EDGE('',*,*,#3386,.F.) ;
#3403=ORIENTED_EDGE('',*,*,#3391,.T.) ;
#3404=ORIENTED_EDGE('',*,*,#2701,.F.) ;
#3432=ORIENTED_EDGE('',*,*,#3391,.F.) ;
#3433=ORIENTED_EDGE('',*,*,#3418,.F.) ;
#3434=ORIENTED_EDGE('',*,*,#3425,.F.) ;
#3435=ORIENTED_EDGE('',*,*,#3430,.T.) ;
#3436=ORIENTED_EDGE('',*,*,#2708,.F.) ;
#3485=ORIENTED_EDGE('',*,*,#3430,.F.) ;
#3486=ORIENTED_EDGE('',*,*,#3450,.F.) ;
#3487=ORIENTED_EDGE('',*,*,#3457,.F.) ;
#3488=ORIENTED_EDGE('',*,*,#3464,.F.) ;
#3489=ORIENTED_EDGE('',*,*,#3471,.F.) ;
#3490=ORIENTED_EDGE('',*,*,#3478,.F.) ;
#3491=ORIENTED_EDGE('',*,*,#3483,.T.) ;
#3492=ORIENTED_EDGE('',*,*,#2715,.F.) ;
#3513=ORIENTED_EDGE('',*,*,#3483,.F.) ;
#3514=ORIENTED_EDGE('',*,*,#3506,.F.) ;
#3515=ORIENTED_EDGE('',*,*,#3511,.T.) ;
#3516=ORIENTED_EDGE('',*,*,#2722,.F.) ;
#3533=ORIENTED_EDGE('',*,*,#3526,.F.) ;
#3534=ORIENTED_EDGE('',*,*,#3531,.F.) ;
#3551=ORIENTED_EDGE('',*,*,#3544,.F.) ;
#3552=ORIENTED_EDGE('',*,*,#3549,.F.) ;
#3573=ORIENTED_EDGE('',*,*,#3511,.F.) ;
#3574=ORIENTED_EDGE('',*,*,#3566,.F.) ;
#3575=ORIENTED_EDGE('',*,*,#3571,.T.) ;
#3576=ORIENTED_EDGE('',*,*,#2729,.F.) ;
#3599=ORIENTED_EDGE('',*,*,#3571,.F.) ;
#3600=ORIENTED_EDGE('',*,*,#3592,.F.) ;
#3601=ORIENTED_EDGE('',*,*,#3597,.T.) ;
#3602=ORIENTED_EDGE('',*,*,#2736,.F.) ;
#3616=ORIENTED_EDGE('',*,*,#3597,.F.) ;
#3617=ORIENTED_EDGE('',*,*,#3614,.F.) ;
#3618=ORIENTED_EDGE('',*,*,#2819,.T.) ;
#3619=ORIENTED_EDGE('',*,*,#2743,.F.) ;
#3650=ORIENTED_EDGE('',*,*,#3629,.F.) ;
#3651=ORIENTED_EDGE('',*,*,#3636,.F.) ;
#3652=ORIENTED_EDGE('',*,*,#3643,.F.) ;
#3653=ORIENTED_EDGE('',*,*,#3648,.F.) ;
#3684=ORIENTED_EDGE('',*,*,#3663,.F.) ;
#3685=ORIENTED_EDGE('',*,*,#3670,.F.) ;
#3686=ORIENTED_EDGE('',*,*,#3677,.F.) ;
#3687=ORIENTED_EDGE('',*,*,#3682,.F.) ;
#3708=ORIENTED_EDGE('',*,*,#2757,.F.) ;
#3709=ORIENTED_EDGE('',*,*,#2812,.T.) ;
#3710=ORIENTED_EDGE('',*,*,#3701,.T.) ;
#3711=ORIENTED_EDGE('',*,*,#3706,.F.) ;
#3732=ORIENTED_EDGE('',*,*,#3706,.T.) ;
#3733=ORIENTED_EDGE('',*,*,#3725,.T.) ;
#3734=ORIENTED_EDGE('',*,*,#3730,.T.) ;
#3735=ORIENTED_EDGE('',*,*,#2764,.F.) ;
#3749=ORIENTED_EDGE('',*,*,#3747,.F.) ;
#3750=ORIENTED_EDGE('',*,*,#2800,.T.) ;
#3751=ORIENTED_EDGE('',*,*,#2769,.T.) ;
#3752=ORIENTED_EDGE('',*,*,#3730,.F.) ;
#3761=ORIENTED_EDGE('',*,*,#3701,.F.) ;
#3762=ORIENTED_EDGE('',*,*,#2807,.T.) ;
#3763=ORIENTED_EDGE('',*,*,#3747,.T.) ;
#3764=ORIENTED_EDGE('',*,*,#3725,.F.) ;
#3816=ORIENTED_EDGE('',*,*,#2854,.T.) ;
#3817=ORIENTED_EDGE('',*,*,#3778,.T.) ;
#3818=ORIENTED_EDGE('',*,*,#3785,.F.) ;
#3819=ORIENTED_EDGE('',*,*,#3790,.F.) ;
#3820=ORIENTED_EDGE('',*,*,#2826,.T.) ;
#3821=ORIENTED_EDGE('',*,*,#3614,.T.) ;
#3822=ORIENTED_EDGE('',*,*,#3592,.T.) ;
#3823=ORIENTED_EDGE('',*,*,#3566,.T.) ;
#3824=ORIENTED_EDGE('',*,*,#3506,.T.) ;
#3825=ORIENTED_EDGE('',*,*,#3478,.T.) ;
#3826=ORIENTED_EDGE('',*,*,#3795,.T.) ;
#3827=ORIENTED_EDGE('',*,*,#3330,.T.) ;
#3828=ORIENTED_EDGE('',*,*,#2882,.T.) ;
#3829=ORIENTED_EDGE('',*,*,#3802,.T.) ;
#3830=ORIENTED_EDGE('',*,*,#3809,.F.) ;
#3831=ORIENTED_EDGE('',*,*,#3814,.F.) ;
#3852=ORIENTED_EDGE('',*,*,#3845,.T.) ;
#3853=ORIENTED_EDGE('',*,*,#3850,.F.) ;
#3854=ORIENTED_EDGE('',*,*,#2833,.F.) ;
#3855=ORIENTED_EDGE('',*,*,#3790,.T.) ;
#3876=ORIENTED_EDGE('',*,*,#3869,.T.) ;
#3877=ORIENTED_EDGE('',*,*,#3874,.F.) ;
#3878=ORIENTED_EDGE('',*,*,#2840,.F.) ;
#3879=ORIENTED_EDGE('',*,*,#3850,.T.) ;
#3893=ORIENTED_EDGE('',*,*,#3891,.T.) ;
#3894=ORIENTED_EDGE('',*,*,#3778,.F.) ;
#3895=ORIENTED_EDGE('',*,*,#2847,.F.) ;
#3896=ORIENTED_EDGE('',*,*,#3874,.T.) ;
#3917=ORIENTED_EDGE('',*,*,#3910,.T.) ;
#3918=ORIENTED_EDGE('',*,*,#3915,.F.) ;
#3919=ORIENTED_EDGE('',*,*,#2861,.F.) ;
#3920=ORIENTED_EDGE('',*,*,#3814,.T.) ;
#3941=ORIENTED_EDGE('',*,*,#3934,.T.) ;
#3942=ORIENTED_EDGE('',*,*,#3939,.F.) ;
#3943=ORIENTED_EDGE('',*,*,#2868,.F.) ;
#3944=ORIENTED_EDGE('',*,*,#3915,.T.) ;
#3958=ORIENTED_EDGE('',*,*,#3956,.T.) ;
#3959=ORIENTED_EDGE('',*,*,#3802,.F.) ;
#3960=ORIENTED_EDGE('',*,*,#2875,.F.) ;
#3961=ORIENTED_EDGE('',*,*,#3939,.T.) ;
#3970=ORIENTED_EDGE('',*,*,#3265,.F.) ;
#3971=ORIENTED_EDGE('',*,*,#2901,.T.) ;
#3972=ORIENTED_EDGE('',*,*,#3311,.T.) ;
#3973=ORIENTED_EDGE('',*,*,#3289,.F.) ;
#4001=ORIENTED_EDGE('',*,*,#3989,.T.) ;
#4002=ORIENTED_EDGE('',*,*,#3994,.F.) ;
#4003=ORIENTED_EDGE('',*,*,#2937,.T.) ;
#4004=ORIENTED_EDGE('',*,*,#3999,.T.) ;
#4025=ORIENTED_EDGE('',*,*,#4018,.T.) ;
#4026=ORIENTED_EDGE('',*,*,#4023,.F.) ;
#4027=ORIENTED_EDGE('',*,*,#2944,.T.) ;
#4028=ORIENTED_EDGE('',*,*,#3994,.T.) ;
#4049=ORIENTED_EDGE('',*,*,#4042,.F.) ;
#4050=ORIENTED_EDGE('',*,*,#2951,.T.) ;
#4051=ORIENTED_EDGE('',*,*,#4023,.T.) ;
#4052=ORIENTED_EDGE('',*,*,#4047,.F.) ;
#4073=ORIENTED_EDGE('',*,*,#4066,.F.) ;
#4074=ORIENTED_EDGE('',*,*,#2958,.T.) ;
#4075=ORIENTED_EDGE('',*,*,#4042,.T.) ;
#4076=ORIENTED_EDGE('',*,*,#4071,.F.) ;
#4097=ORIENTED_EDGE('',*,*,#4090,.F.) ;
#4098=ORIENTED_EDGE('',*,*,#2965,.T.) ;
#4099=ORIENTED_EDGE('',*,*,#4066,.T.) ;
#4100=ORIENTED_EDGE('',*,*,#4095,.F.) ;
#4121=ORIENTED_EDGE('',*,*,#4114,.F.) ;
#4122=ORIENTED_EDGE('',*,*,#2972,.T.) ;
#4123=ORIENTED_EDGE('',*,*,#4090,.T.) ;
#4124=ORIENTED_EDGE('',*,*,#4119,.F.) ;
#4145=ORIENTED_EDGE('',*,*,#4138,.F.) ;
#4146=ORIENTED_EDGE('',*,*,#2979,.T.) ;
#4147=ORIENTED_EDGE('',*,*,#4114,.T.) ;
#4148=ORIENTED_EDGE('',*,*,#4143,.F.) ;
#4169=ORIENTED_EDGE('',*,*,#4162,.T.) ;
#4170=ORIENTED_EDGE('',*,*,#4167,.F.) ;
#4171=ORIENTED_EDGE('',*,*,#2986,.T.) ;
#4172=ORIENTED_EDGE('',*,*,#4138,.T.) ;
#4193=ORIENTED_EDGE('',*,*,#4186,.T.) ;
#4194=ORIENTED_EDGE('',*,*,#4191,.F.) ;
#4195=ORIENTED_EDGE('',*,*,#2993,.T.) ;
#4196=ORIENTED_EDGE('',*,*,#4167,.T.) ;
#4217=ORIENTED_EDGE('',*,*,#4210,.F.) ;
#4218=ORIENTED_EDGE('',*,*,#3000,.T.) ;
#4219=ORIENTED_EDGE('',*,*,#4191,.T.) ;
#4220=ORIENTED_EDGE('',*,*,#4215,.F.) ;
#4241=ORIENTED_EDGE('',*,*,#4234,.T.) ;
#4242=ORIENTED_EDGE('',*,*,#4239,.F.) ;
#4243=ORIENTED_EDGE('',*,*,#3007,.T.) ;
#4244=ORIENTED_EDGE('',*,*,#4210,.T.) ;
#4265=ORIENTED_EDGE('',*,*,#4258,.F.) ;
#4266=ORIENTED_EDGE('',*,*,#3014,.T.) ;
#4267=ORIENTED_EDGE('',*,*,#4239,.T.) ;
#4268=ORIENTED_EDGE('',*,*,#4263,.F.) ;
#4289=ORIENTED_EDGE('',*,*,#4282,.F.) ;
#4290=ORIENTED_EDGE('',*,*,#3021,.T.) ;
#4291=ORIENTED_EDGE('',*,*,#4258,.T.) ;
#4292=ORIENTED_EDGE('',*,*,#4287,.F.) ;
#4313=ORIENTED_EDGE('',*,*,#4306,.F.) ;
#4314=ORIENTED_EDGE('',*,*,#3028,.T.) ;
#4315=ORIENTED_EDGE('',*,*,#4282,.T.) ;
#4316=ORIENTED_EDGE('',*,*,#4311,.F.) ;
#4337=ORIENTED_EDGE('',*,*,#4330,.T.) ;
#4338=ORIENTED_EDGE('',*,*,#4335,.F.) ;
#4339=ORIENTED_EDGE('',*,*,#3035,.T.) ;
#4340=ORIENTED_EDGE('',*,*,#4306,.T.) ;
#4361=ORIENTED_EDGE('',*,*,#4354,.T.) ;
#4362=ORIENTED_EDGE('',*,*,#4359,.F.) ;
#4363=ORIENTED_EDGE('',*,*,#3042,.T.) ;
#4364=ORIENTED_EDGE('',*,*,#4335,.T.) ;
#4385=ORIENTED_EDGE('',*,*,#4378,.T.) ;
#4386=ORIENTED_EDGE('',*,*,#4383,.F.) ;
#4387=ORIENTED_EDGE('',*,*,#3049,.T.) ;
#4388=ORIENTED_EDGE('',*,*,#4359,.T.) ;
#4409=ORIENTED_EDGE('',*,*,#4402,.F.) ;
#4410=ORIENTED_EDGE('',*,*,#3056,.T.) ;
#4411=ORIENTED_EDGE('',*,*,#4383,.T.) ;
#4412=ORIENTED_EDGE('',*,*,#4407,.F.) ;
#4433=ORIENTED_EDGE('',*,*,#4426,.F.) ;
#4434=ORIENTED_EDGE('',*,*,#3063,.T.) ;
#4435=ORIENTED_EDGE('',*,*,#4402,.T.) ;
#4436=ORIENTED_EDGE('',*,*,#4431,.F.) ;
#4450=ORIENTED_EDGE('',*,*,#3999,.F.) ;
#4451=ORIENTED_EDGE('',*,*,#3068,.T.) ;
#4452=ORIENTED_EDGE('',*,*,#4426,.T.) ;
#4453=ORIENTED_EDGE('',*,*,#4448,.F.) ;
#4481=ORIENTED_EDGE('',*,*,#4469,.T.) ;
#4482=ORIENTED_EDGE('',*,*,#4474,.F.) ;
#4483=ORIENTED_EDGE('',*,*,#3099,.T.) ;
#4484=ORIENTED_EDGE('',*,*,#4479,.T.) ;
#4505=ORIENTED_EDGE('',*,*,#4498,.T.) ;
#4506=ORIENTED_EDGE('',*,*,#4503,.F.) ;
#4507=ORIENTED_EDGE('',*,*,#3106,.T.) ;
#4508=ORIENTED_EDGE('',*,*,#4474,.T.) ;
#4529=ORIENTED_EDGE('',*,*,#4522,.F.) ;
#4530=ORIENTED_EDGE('',*,*,#3113,.T.) ;
#4531=ORIENTED_EDGE('',*,*,#4503,.T.) ;
#4532=ORIENTED_EDGE('',*,*,#4527,.F.) ;
#4553=ORIENTED_EDGE('',*,*,#4546,.F.) ;
#4554=ORIENTED_EDGE('',*,*,#3120,.T.) ;
#4555=ORIENTED_EDGE('',*,*,#4522,.T.) ;
#4556=ORIENTED_EDGE('',*,*,#4551,.F.) ;
#4577=ORIENTED_EDGE('',*,*,#4570,.F.) ;
#4578=ORIENTED_EDGE('',*,*,#3127,.T.) ;
#4579=ORIENTED_EDGE('',*,*,#4546,.T.) ;
#4580=ORIENTED_EDGE('',*,*,#4575,.F.) ;
#4601=ORIENTED_EDGE('',*,*,#4594,.F.) ;
#4602=ORIENTED_EDGE('',*,*,#3134,.T.) ;
#4603=ORIENTED_EDGE('',*,*,#4570,.T.) ;
#4604=ORIENTED_EDGE('',*,*,#4599,.F.) ;
#4625=ORIENTED_EDGE('',*,*,#4618,.F.) ;
#4626=ORIENTED_EDGE('',*,*,#3141,.T.) ;
#4627=ORIENTED_EDGE('',*,*,#4594,.T.) ;
#4628=ORIENTED_EDGE('',*,*,#4623,.F.) ;
#4649=ORIENTED_EDGE('',*,*,#4642,.T.) ;
#4650=ORIENTED_EDGE('',*,*,#4647,.F.) ;
#4651=ORIENTED_EDGE('',*,*,#3148,.T.) ;
#4652=ORIENTED_EDGE('',*,*,#4618,.T.) ;
#4673=ORIENTED_EDGE('',*,*,#4666,.T.) ;
#4674=ORIENTED_EDGE('',*,*,#4671,.F.) ;
#4675=ORIENTED_EDGE('',*,*,#3155,.T.) ;
#4676=ORIENTED_EDGE('',*,*,#4647,.T.) ;
#4697=ORIENTED_EDGE('',*,*,#4690,.F.) ;
#4698=ORIENTED_EDGE('',*,*,#3162,.T.) ;
#4699=ORIENTED_EDGE('',*,*,#4671,.T.) ;
#4700=ORIENTED_EDGE('',*,*,#4695,.F.) ;
#4721=ORIENTED_EDGE('',*,*,#4714,.T.) ;
#4722=ORIENTED_EDGE('',*,*,#4719,.F.) ;
#4723=ORIENTED_EDGE('',*,*,#3169,.T.) ;
#4724=ORIENTED_EDGE('',*,*,#4690,.T.) ;
#4745=ORIENTED_EDGE('',*,*,#4738,.F.) ;
#4746=ORIENTED_EDGE('',*,*,#3176,.T.) ;
#4747=ORIENTED_EDGE('',*,*,#4719,.T.) ;
#4748=ORIENTED_EDGE('',*,*,#4743,.F.) ;
#4769=ORIENTED_EDGE('',*,*,#4762,.F.) ;
#4770=ORIENTED_EDGE('',*,*,#3183,.T.) ;
#4771=ORIENTED_EDGE('',*,*,#4738,.T.) ;
#4772=ORIENTED_EDGE('',*,*,#4767,.F.) ;
#4793=ORIENTED_EDGE('',*,*,#4786,.F.) ;
#4794=ORIENTED_EDGE('',*,*,#3190,.T.) ;
#4795=ORIENTED_EDGE('',*,*,#4762,.T.) ;
#4796=ORIENTED_EDGE('',*,*,#4791,.F.) ;
#4817=ORIENTED_EDGE('',*,*,#4810,.T.) ;
#4818=ORIENTED_EDGE('',*,*,#4815,.F.) ;
#4819=ORIENTED_EDGE('',*,*,#3197,.T.) ;
#4820=ORIENTED_EDGE('',*,*,#4786,.T.) ;
#4841=ORIENTED_EDGE('',*,*,#4834,.T.) ;
#4842=ORIENTED_EDGE('',*,*,#4839,.F.) ;
#4843=ORIENTED_EDGE('',*,*,#3204,.T.) ;
#4844=ORIENTED_EDGE('',*,*,#4815,.T.) ;
#4865=ORIENTED_EDGE('',*,*,#4858,.T.) ;
#4866=ORIENTED_EDGE('',*,*,#4863,.F.) ;
#4867=ORIENTED_EDGE('',*,*,#3211,.T.) ;
#4868=ORIENTED_EDGE('',*,*,#4839,.T.) ;
#4889=ORIENTED_EDGE('',*,*,#4882,.F.) ;
#4890=ORIENTED_EDGE('',*,*,#3218,.T.) ;
#4891=ORIENTED_EDGE('',*,*,#4863,.T.) ;
#4892=ORIENTED_EDGE('',*,*,#4887,.F.) ;
#4913=ORIENTED_EDGE('',*,*,#4906,.F.) ;
#4914=ORIENTED_EDGE('',*,*,#3225,.T.) ;
#4915=ORIENTED_EDGE('',*,*,#4882,.T.) ;
#4916=ORIENTED_EDGE('',*,*,#4911,.F.) ;
#4930=ORIENTED_EDGE('',*,*,#4479,.F.) ;
#4931=ORIENTED_EDGE('',*,*,#3230,.T.) ;
#4932=ORIENTED_EDGE('',*,*,#4906,.T.) ;
#4933=ORIENTED_EDGE('',*,*,#4928,.F.) ;
#4947=ORIENTED_EDGE('',*,*,#3337,.F.) ;
#4948=ORIENTED_EDGE('',*,*,#3795,.F.) ;
#4949=ORIENTED_EDGE('',*,*,#3471,.T.) ;
#4950=ORIENTED_EDGE('',*,*,#4945,.F.) ;
#4971=ORIENTED_EDGE('',*,*,#3344,.F.) ;
#4972=ORIENTED_EDGE('',*,*,#4945,.T.) ;
#4973=ORIENTED_EDGE('',*,*,#4964,.T.) ;
#4974=ORIENTED_EDGE('',*,*,#4969,.F.) ;
#4995=ORIENTED_EDGE('',*,*,#4988,.T.) ;
#4996=ORIENTED_EDGE('',*,*,#4993,.T.) ;
#4997=ORIENTED_EDGE('',*,*,#3351,.T.) ;
#4998=ORIENTED_EDGE('',*,*,#4969,.T.) ;
#5017=ORIENTED_EDGE('',*,*,#5010,.F.) ;
#5018=ORIENTED_EDGE('',*,*,#5015,.T.) ;
#5019=ORIENTED_EDGE('',*,*,#3358,.T.) ;
#5020=ORIENTED_EDGE('',*,*,#4993,.F.) ;
#5034=ORIENTED_EDGE('',*,*,#3365,.F.) ;
#5035=ORIENTED_EDGE('',*,*,#5015,.F.) ;
#5036=ORIENTED_EDGE('',*,*,#3457,.T.) ;
#5037=ORIENTED_EDGE('',*,*,#5032,.F.) ;
#5058=ORIENTED_EDGE('',*,*,#3372,.F.) ;
#5059=ORIENTED_EDGE('',*,*,#5032,.T.) ;
#5060=ORIENTED_EDGE('',*,*,#5051,.T.) ;
#5061=ORIENTED_EDGE('',*,*,#5056,.F.) ;
#5089=ORIENTED_EDGE('',*,*,#5075,.T.) ;
#5090=ORIENTED_EDGE('',*,*,#5082,.T.) ;
#5091=ORIENTED_EDGE('',*,*,#5087,.T.) ;
#5092=ORIENTED_EDGE('',*,*,#3379,.T.) ;
#5093=ORIENTED_EDGE('',*,*,#5056,.T.) ;
#5107=ORIENTED_EDGE('',*,*,#5105,.F.) ;
#5108=ORIENTED_EDGE('',*,*,#3418,.T.) ;
#5109=ORIENTED_EDGE('',*,*,#3386,.T.) ;
#5110=ORIENTED_EDGE('',*,*,#5087,.F.) ;
#5124=ORIENTED_EDGE('',*,*,#5122,.F.) ;
#5125=ORIENTED_EDGE('',*,*,#3425,.T.) ;
#5126=ORIENTED_EDGE('',*,*,#5105,.T.) ;
#5127=ORIENTED_EDGE('',*,*,#5082,.F.) ;
#5136=ORIENTED_EDGE('',*,*,#5051,.F.) ;
#5137=ORIENTED_EDGE('',*,*,#3450,.T.) ;
#5138=ORIENTED_EDGE('',*,*,#5122,.T.) ;
#5139=ORIENTED_EDGE('',*,*,#5075,.F.) ;
#5148=ORIENTED_EDGE('',*,*,#4964,.F.) ;
#5149=ORIENTED_EDGE('',*,*,#3464,.T.) ;
#5150=ORIENTED_EDGE('',*,*,#5010,.T.) ;
#5151=ORIENTED_EDGE('',*,*,#4988,.F.) ;
#5179=ORIENTED_EDGE('',*,*,#5167,.T.) ;
#5180=ORIENTED_EDGE('',*,*,#5172,.T.) ;
#5181=ORIENTED_EDGE('',*,*,#3526,.T.) ;
#5182=ORIENTED_EDGE('',*,*,#5177,.F.) ;
#5202=ORIENTED_EDGE('',*,*,#5200,.T.) ;
#5203=ORIENTED_EDGE('',*,*,#5177,.T.) ;
#5204=ORIENTED_EDGE('',*,*,#3531,.T.) ;
#5205=ORIENTED_EDGE('',*,*,#5172,.F.) ;
#5233=ORIENTED_EDGE('',*,*,#5221,.T.) ;
#5234=ORIENTED_EDGE('',*,*,#5226,.T.) ;
#5235=ORIENTED_EDGE('',*,*,#3544,.T.) ;
#5236=ORIENTED_EDGE('',*,*,#5231,.F.) ;
#5256=ORIENTED_EDGE('',*,*,#5254,.T.) ;
#5257=ORIENTED_EDGE('',*,*,#5231,.T.) ;
#5258=ORIENTED_EDGE('',*,*,#3549,.T.) ;
#5259=ORIENTED_EDGE('',*,*,#5226,.F.) ;
#5287=ORIENTED_EDGE('',*,*,#5273,.F.) ;
#5288=ORIENTED_EDGE('',*,*,#3629,.T.) ;
#5289=ORIENTED_EDGE('',*,*,#5280,.T.) ;
#5290=ORIENTED_EDGE('',*,*,#5285,.F.) ;
#5311=ORIENTED_EDGE('',*,*,#5304,.F.) ;
#5312=ORIENTED_EDGE('',*,*,#3636,.T.) ;
#5313=ORIENTED_EDGE('',*,*,#5273,.T.) ;
#5314=ORIENTED_EDGE('',*,*,#5309,.F.) ;
#5335=ORIENTED_EDGE('',*,*,#5328,.F.) ;
#5336=ORIENTED_EDGE('',*,*,#3643,.T.) ;
#5337=ORIENTED_EDGE('',*,*,#5304,.T.) ;
#5338=ORIENTED_EDGE('',*,*,#5333,.F.) ;
#5352=ORIENTED_EDGE('',*,*,#5280,.F.) ;
#5353=ORIENTED_EDGE('',*,*,#3648,.T.) ;
#5354=ORIENTED_EDGE('',*,*,#5328,.T.) ;
#5355=ORIENTED_EDGE('',*,*,#5350,.F.) ;
#5383=ORIENTED_EDGE('',*,*,#5369,.F.) ;
#5384=ORIENTED_EDGE('',*,*,#3663,.T.) ;
#5385=ORIENTED_EDGE('',*,*,#5376,.T.) ;
#5386=ORIENTED_EDGE('',*,*,#5381,.F.) ;
#5407=ORIENTED_EDGE('',*,*,#5400,.F.) ;
#5408=ORIENTED_EDGE('',*,*,#3670,.T.) ;
#5409=ORIENTED_EDGE('',*,*,#5369,.T.) ;
#5410=ORIENTED_EDGE('',*,*,#5405,.F.) ;
#5431=ORIENTED_EDGE('',*,*,#5424,.F.) ;
#5432=ORIENTED_EDGE('',*,*,#3677,.T.) ;
#5433=ORIENTED_EDGE('',*,*,#5400,.T.) ;
#5434=ORIENTED_EDGE('',*,*,#5429,.F.) ;
#5448=ORIENTED_EDGE('',*,*,#5376,.F.) ;
#5449=ORIENTED_EDGE('',*,*,#3682,.T.) ;
#5450=ORIENTED_EDGE('',*,*,#5424,.T.) ;
#5451=ORIENTED_EDGE('',*,*,#5446,.F.) ;
#5460=ORIENTED_EDGE('',*,*,#3891,.F.) ;
#5461=ORIENTED_EDGE('',*,*,#3869,.F.) ;
#5462=ORIENTED_EDGE('',*,*,#3845,.F.) ;
#5463=ORIENTED_EDGE('',*,*,#3785,.T.) ;
#5472=ORIENTED_EDGE('',*,*,#3956,.F.) ;
#5473=ORIENTED_EDGE('',*,*,#3934,.F.) ;
#5474=ORIENTED_EDGE('',*,*,#3910,.F.) ;
#5475=ORIENTED_EDGE('',*,*,#3809,.T.) ;
#5484=ORIENTED_EDGE('',*,*,#4354,.F.) ;
#5485=ORIENTED_EDGE('',*,*,#4330,.F.) ;
#5486=ORIENTED_EDGE('',*,*,#4311,.T.) ;
#5487=ORIENTED_EDGE('',*,*,#4287,.T.) ;
#5488=ORIENTED_EDGE('',*,*,#4263,.T.) ;
#5489=ORIENTED_EDGE('',*,*,#4234,.F.) ;
#5490=ORIENTED_EDGE('',*,*,#4215,.T.) ;
#5491=ORIENTED_EDGE('',*,*,#4186,.F.) ;
#5492=ORIENTED_EDGE('',*,*,#4162,.F.) ;
#5493=ORIENTED_EDGE('',*,*,#4143,.T.) ;
#5494=ORIENTED_EDGE('',*,*,#4119,.T.) ;
#5495=ORIENTED_EDGE('',*,*,#4095,.T.) ;
#5496=ORIENTED_EDGE('',*,*,#4071,.T.) ;
#5497=ORIENTED_EDGE('',*,*,#4047,.T.) ;
#5498=ORIENTED_EDGE('',*,*,#4018,.F.) ;
#5499=ORIENTED_EDGE('',*,*,#3989,.F.) ;
#5500=ORIENTED_EDGE('',*,*,#4448,.T.) ;
#5501=ORIENTED_EDGE('',*,*,#4431,.T.) ;
#5502=ORIENTED_EDGE('',*,*,#4407,.T.) ;
#5503=ORIENTED_EDGE('',*,*,#4378,.F.) ;
#5512=ORIENTED_EDGE('',*,*,#4834,.F.) ;
#5513=ORIENTED_EDGE('',*,*,#4810,.F.) ;
#5514=ORIENTED_EDGE('',*,*,#4791,.T.) ;
#5515=ORIENTED_EDGE('',*,*,#4767,.T.) ;
#5516=ORIENTED_EDGE('',*,*,#4743,.T.) ;
#5517=ORIENTED_EDGE('',*,*,#4714,.F.) ;
#5518=ORIENTED_EDGE('',*,*,#4695,.T.) ;
#5519=ORIENTED_EDGE('',*,*,#4666,.F.) ;
#5520=ORIENTED_EDGE('',*,*,#4642,.F.) ;
#5521=ORIENTED_EDGE('',*,*,#4623,.T.) ;
#5522=ORIENTED_EDGE('',*,*,#4599,.T.) ;
#5523=ORIENTED_EDGE('',*,*,#4575,.T.) ;
#5524=ORIENTED_EDGE('',*,*,#4551,.T.) ;
#5525=ORIENTED_EDGE('',*,*,#4527,.T.) ;
#5526=ORIENTED_EDGE('',*,*,#4498,.F.) ;
#5527=ORIENTED_EDGE('',*,*,#4469,.F.) ;
#5528=ORIENTED_EDGE('',*,*,#4928,.T.) ;
#5529=ORIENTED_EDGE('',*,*,#4911,.T.) ;
#5530=ORIENTED_EDGE('',*,*,#4887,.T.) ;
#5531=ORIENTED_EDGE('',*,*,#4858,.F.) ;
#5540=ORIENTED_EDGE('',*,*,#5167,.F.) ;
#5541=ORIENTED_EDGE('',*,*,#5200,.F.) ;
#5550=ORIENTED_EDGE('',*,*,#5221,.F.) ;
#5551=ORIENTED_EDGE('',*,*,#5254,.F.) ;
#5560=ORIENTED_EDGE('',*,*,#5350,.T.) ;
#5561=ORIENTED_EDGE('',*,*,#5333,.T.) ;
#5562=ORIENTED_EDGE('',*,*,#5309,.T.) ;
#5563=ORIENTED_EDGE('',*,*,#5285,.T.) ;
#5572=ORIENTED_EDGE('',*,*,#5446,.T.) ;
#5573=ORIENTED_EDGE('',*,*,#5429,.T.) ;
#5574=ORIENTED_EDGE('',*,*,#5405,.T.) ;
#5575=ORIENTED_EDGE('',*,*,#5381,.T.) ;
#3090=FACE_BOUND('',#3069,.T.) ;
#3252=FACE_BOUND('',#3231,.T.) ;
#3535=FACE_BOUND('',#3532,.T.) ;
#3553=FACE_BOUND('',#3550,.T.) ;
#3654=FACE_BOUND('',#3649,.T.) ;
#3688=FACE_BOUND('',#3683,.T.) ;
#31=CLOSED_SHELL('Closed Shell',(#55,#121,#170,#218,#266,#290,#369,#386,#403,#420,#437,#454,#466,#483,#500,#512)) ;
#517=CLOSED_SHELL('Closed Shell',(#541,#607,#656,#704,#752,#776,#855,#872,#889,#906,#923,#940,#952,#969,#986,#998)) ;
#1001=CLOSED_SHELL('Closed Shell',(#1041,#1131,#1155,#1238,#1255,#1274,#1291,#1366,#1391,#1459,#1476,#1488,#1505,#1522,#1539,#1572,#1618,#1645,#1678,#1695,#1726,#1743,#1774,#1791,#1808,#1820)) ;
#1823=CLOSED_SHELL('Closed Shell',(#1863,#1953,#1977,#2060,#2077,#2096,#2113,#2188,#2213,#2281,#2298,#2310,#2327,#2344,#2361,#2394,#2440,#2467,#2500,#2517,#2548,#2565,#2596,#2613,#2630,#2642)) ;
#2652=CLOSED_SHELL('Closed Shell',(#2788,#3253,#3277,#3301,#3318,#3406,#3438,#3494,#3554,#3578,#3604,#3689,#3713,#3737,#3754,#3766,#3833,#3857,#3881,#3898,#3922,#3946,#3963,#3975,#4006,#4030,#4054,#4078,#4102,#4126,#4150,#4174,#4198,#4222,#4246,#4270,#4294,#4318,#4342,#4366,#4390,#4414,#4438,#4455,#4486,#4510,#4534,#4558,#4582,#4606,#4630,#4654,#4678,#4702,#4726,#4750,#4774,#4798,#4822,#4846,#4870,#4894,#4918,#4935,#4952,#4976,#5000,#5022,#5039,#5063,#5095,#5112,#5129,#5141,#5153,#5184,#5207,#5238,#5261,#5292,#5316,#5340,#5357,#5388,#5412,#5436,#5453,#5465,#5477,#5505,#5533,#5543,#5553,#5565,#5577)) ;
#513=ADVANCED_BREP_SHAPE_REPRESENTATION('NONE',(#21,#515,#999,#1821,#2643),#16) ;
#55=ADVANCED_FACE('SCREW_PM_JAM_797664.1',(#54),#36,.F.) ;
#121=ADVANCED_FACE('SCREW_PM_JAM_797664.1',(#120),#60,.T.) ;
#170=ADVANCED_FACE('SCREW_PM_JAM_797664.1',(#169),#126,.T.) ;
#218=ADVANCED_FACE('SCREW_PM_JAM_797664.1',(#217),#175,.T.) ;
#266=ADVANCED_FACE('SCREW_PM_JAM_797664.1',(#265),#223,.T.) ;
#290=ADVANCED_FACE('SCREW_PM_JAM_797664.1',(#289),#271,.T.) ;
#369=ADVANCED_FACE('SCREW_PM_JAM_797664.1',(#368),#295,.T.) ;
#386=ADVANCED_FACE('SCREW_PM_JAM_797664.1',(#385),#374,.F.) ;
#403=ADVANCED_FACE('SCREW_PM_JAM_797664.1',(#402),#391,.F.) ;
#420=ADVANCED_FACE('SCREW_PM_JAM_797664.1',(#419),#408,.T.) ;
#437=ADVANCED_FACE('SCREW_PM_JAM_797664.1',(#436),#425,.F.) ;
#454=ADVANCED_FACE('SCREW_PM_JAM_797664.1',(#453),#442,.F.) ;
#466=ADVANCED_FACE('SCREW_PM_JAM_797664.1',(#465),#459,.T.) ;
#483=ADVANCED_FACE('SCREW_PM_JAM_797664.1',(#482),#471,.F.) ;
#500=ADVANCED_FACE('SCREW_PM_JAM_797664.1',(#499),#488,.F.) ;
#512=ADVANCED_FACE('SCREW_PM_JAM_797664.1',(#511),#505,.T.) ;
#541=ADVANCED_FACE('SCREW_PM_JAM_797664.2',(#540),#522,.F.) ;
#607=ADVANCED_FACE('SCREW_PM_JAM_797664.2',(#606),#546,.T.) ;
#656=ADVANCED_FACE('SCREW_PM_JAM_797664.2',(#655),#612,.T.) ;
#704=ADVANCED_FACE('SCREW_PM_JAM_797664.2',(#703),#661,.T.) ;
#752=ADVANCED_FACE('SCREW_PM_JAM_797664.2',(#751),#709,.T.) ;
#776=ADVANCED_FACE('SCREW_PM_JAM_797664.2',(#775),#757,.T.) ;
#855=ADVANCED_FACE('SCREW_PM_JAM_797664.2',(#854),#781,.T.) ;
#872=ADVANCED_FACE('SCREW_PM_JAM_797664.2',(#871),#860,.F.) ;
#889=ADVANCED_FACE('SCREW_PM_JAM_797664.2',(#888),#877,.F.) ;
#906=ADVANCED_FACE('SCREW_PM_JAM_797664.2',(#905),#894,.T.) ;
#923=ADVANCED_FACE('SCREW_PM_JAM_797664.2',(#922),#911,.F.) ;
#940=ADVANCED_FACE('SCREW_PM_JAM_797664.2',(#939),#928,.F.) ;
#952=ADVANCED_FACE('SCREW_PM_JAM_797664.2',(#951),#945,.T.) ;
#969=ADVANCED_FACE('SCREW_PM_JAM_797664.2',(#968),#957,.F.) ;
#986=ADVANCED_FACE('SCREW_PM_JAM_797664.2',(#985),#974,.F.) ;
#998=ADVANCED_FACE('SCREW_PM_JAM_797664.2',(#997),#991,.T.) ;
#1041=ADVANCED_FACE('CURRENTBAR_LM-090_797664.1',(#1040),#1006,.T.) ;
#1131=ADVANCED_FACE('CURRENTBAR_LM-090_797664.1',(#1130),#1046,.F.) ;
#1155=ADVANCED_FACE('CURRENTBAR_LM-090_797664.1',(#1154),#1136,.T.) ;
#1238=ADVANCED_FACE('CURRENTBAR_LM-090_797664.1',(#1237),#1160,.T.) ;
#1255=ADVANCED_FACE('CURRENTBAR_LM-090_797664.1',(#1254),#1243,.T.) ;
#1274=ADVANCED_FACE('CURRENTBAR_LM-090_797664.1',(#1273),#1260,.T.) ;
#1291=ADVANCED_FACE('CURRENTBAR_LM-090_797664.1',(#1290),#1279,.F.) ;
#1366=ADVANCED_FACE('CURRENTBAR_LM-090_797664.1',(#1365),#1296,.F.) ;
#1391=ADVANCED_FACE('CURRENTBAR_LM-090_797664.1',(#1390),#1371,.T.) ;
#1459=ADVANCED_FACE('CURRENTBAR_LM-090_797664.1',(#1458),#1396,.T.) ;
#1476=ADVANCED_FACE('CURRENTBAR_LM-090_797664.1',(#1475),#1464,.F.) ;
#1488=ADVANCED_FACE('CURRENTBAR_LM-090_797664.1',(#1487),#1481,.F.) ;
#1505=ADVANCED_FACE('CURRENTBAR_LM-090_797664.1',(#1504),#1493,.T.) ;
#1522=ADVANCED_FACE('CURRENTBAR_LM-090_797664.1',(#1521),#1510,.T.) ;
#1539=ADVANCED_FACE('CURRENTBAR_LM-090_797664.1',(#1538),#1527,.F.) ;
#1572=ADVANCED_FACE('CURRENTBAR_LM-090_797664.1',(#1571),#1544,.F.) ;
#1618=ADVANCED_FACE('CURRENTBAR_LM-090_797664.1',(#1617),#1577,.T.) ;
#1645=ADVANCED_FACE('CURRENTBAR_LM-090_797664.1',(#1644),#1623,.F.) ;
#1678=ADVANCED_FACE('CURRENTBAR_LM-090_797664.1',(#1677),#1650,.T.) ;
#1695=ADVANCED_FACE('CURRENTBAR_LM-090_797664.1',(#1694),#1683,.T.) ;
#1726=ADVANCED_FACE('CURRENTBAR_LM-090_797664.1',(#1725),#1700,.F.) ;
#1743=ADVANCED_FACE('CURRENTBAR_LM-090_797664.1',(#1742),#1731,.F.) ;
#1774=ADVANCED_FACE('CURRENTBAR_LM-090_797664.1',(#1773),#1748,.F.) ;
#1791=ADVANCED_FACE('CURRENTBAR_LM-090_797664.1',(#1790),#1779,.F.) ;
#1808=ADVANCED_FACE('CURRENTBAR_LM-090_797664.1',(#1807),#1796,.T.) ;
#1820=ADVANCED_FACE('CURRENTBAR_LM-090_797664.1',(#1819),#1813,.T.) ;
#1863=ADVANCED_FACE('CURRENTBAR_LM-090_797664.2',(#1862),#1828,.T.) ;
#1953=ADVANCED_FACE('CURRENTBAR_LM-090_797664.2',(#1952),#1868,.F.) ;
#1977=ADVANCED_FACE('CURRENTBAR_LM-090_797664.2',(#1976),#1958,.T.) ;
#2060=ADVANCED_FACE('CURRENTBAR_LM-090_797664.2',(#2059),#1982,.T.) ;
#2077=ADVANCED_FACE('CURRENTBAR_LM-090_797664.2',(#2076),#2065,.T.) ;
#2096=ADVANCED_FACE('CURRENTBAR_LM-090_797664.2',(#2095),#2082,.T.) ;
#2113=ADVANCED_FACE('CURRENTBAR_LM-090_797664.2',(#2112),#2101,.F.) ;
#2188=ADVANCED_FACE('CURRENTBAR_LM-090_797664.2',(#2187),#2118,.F.) ;
#2213=ADVANCED_FACE('CURRENTBAR_LM-090_797664.2',(#2212),#2193,.T.) ;
#2281=ADVANCED_FACE('CURRENTBAR_LM-090_797664.2',(#2280),#2218,.T.) ;
#2298=ADVANCED_FACE('CURRENTBAR_LM-090_797664.2',(#2297),#2286,.F.) ;
#2310=ADVANCED_FACE('CURRENTBAR_LM-090_797664.2',(#2309),#2303,.F.) ;
#2327=ADVANCED_FACE('CURRENTBAR_LM-090_797664.2',(#2326),#2315,.T.) ;
#2344=ADVANCED_FACE('CURRENTBAR_LM-090_797664.2',(#2343),#2332,.T.) ;
#2361=ADVANCED_FACE('CURRENTBAR_LM-090_797664.2',(#2360),#2349,.F.) ;
#2394=ADVANCED_FACE('CURRENTBAR_LM-090_797664.2',(#2393),#2366,.F.) ;
#2440=ADVANCED_FACE('CURRENTBAR_LM-090_797664.2',(#2439),#2399,.T.) ;
#2467=ADVANCED_FACE('CURRENTBAR_LM-090_797664.2',(#2466),#2445,.F.) ;
#2500=ADVANCED_FACE('CURRENTBAR_LM-090_797664.2',(#2499),#2472,.T.) ;
#2517=ADVANCED_FACE('CURRENTBAR_LM-090_797664.2',(#2516),#2505,.T.) ;
#2548=ADVANCED_FACE('CURRENTBAR_LM-090_797664.2',(#2547),#2522,.F.) ;
#2565=ADVANCED_FACE('CURRENTBAR_LM-090_797664.2',(#2564),#2553,.F.) ;
#2596=ADVANCED_FACE('CURRENTBAR_LM-090_797664.2',(#2595),#2570,.F.) ;
#2613=ADVANCED_FACE('CURRENTBAR_LM-090_797664.2',(#2612),#2601,.F.) ;
#2630=ADVANCED_FACE('CURRENTBAR_LM-090_797664.2',(#2629),#2618,.T.) ;
#2642=ADVANCED_FACE('CURRENTBAR_LM-090_797664.2',(#2641),#2635,.T.) ;
#2788=ADVANCED_FACE('HOUSING',(#2787),#2657,.T.) ;
#3253=ADVANCED_FACE('HOUSING',(#2928,#3090,#3252),#2793,.T.) ;
#3277=ADVANCED_FACE('HOUSING',(#3276),#3258,.T.) ;
#3301=ADVANCED_FACE('HOUSING',(#3300),#3282,.T.) ;
#3318=ADVANCED_FACE('HOUSING',(#3317),#3306,.T.) ;
#3406=ADVANCED_FACE('HOUSING',(#3405),#3323,.T.) ;
#3438=ADVANCED_FACE('HOUSING',(#3437),#3411,.T.) ;
#3494=ADVANCED_FACE('HOUSING',(#3493),#3443,.T.) ;
#3554=ADVANCED_FACE('HOUSING',(#3517,#3535,#3553),#3499,.T.) ;
#3578=ADVANCED_FACE('HOUSING',(#3577),#3559,.T.) ;
#3604=ADVANCED_FACE('HOUSING',(#3603),#3583,.T.) ;
#3689=ADVANCED_FACE('HOUSING',(#3620,#3654,#3688),#3609,.T.) ;
#3713=ADVANCED_FACE('HOUSING',(#3712),#3694,.T.) ;
#3737=ADVANCED_FACE('HOUSING',(#3736),#3718,.T.) ;
#3754=ADVANCED_FACE('HOUSING',(#3753),#3742,.T.) ;
#3766=ADVANCED_FACE('HOUSING',(#3765),#3759,.T.) ;
#3833=ADVANCED_FACE('HOUSING',(#3832),#3771,.T.) ;
#3857=ADVANCED_FACE('HOUSING',(#3856),#3838,.F.) ;
#3881=ADVANCED_FACE('HOUSING',(#3880),#3862,.F.) ;
#3898=ADVANCED_FACE('HOUSING',(#3897),#3886,.F.) ;
#3922=ADVANCED_FACE('HOUSING',(#3921),#3903,.F.) ;
#3946=ADVANCED_FACE('HOUSING',(#3945),#3927,.F.) ;
#3963=ADVANCED_FACE('HOUSING',(#3962),#3951,.F.) ;
#3975=ADVANCED_FACE('HOUSING',(#3974),#3968,.T.) ;
#4006=ADVANCED_FACE('HOUSING',(#4005),#3980,.F.) ;
#4030=ADVANCED_FACE('HOUSING',(#4029),#4011,.F.) ;
#4054=ADVANCED_FACE('HOUSING',(#4053),#4035,.T.) ;
#4078=ADVANCED_FACE('HOUSING',(#4077),#4059,.T.) ;
#4102=ADVANCED_FACE('HOUSING',(#4101),#4083,.T.) ;
#4126=ADVANCED_FACE('HOUSING',(#4125),#4107,.T.) ;
#4150=ADVANCED_FACE('HOUSING',(#4149),#4131,.T.) ;
#4174=ADVANCED_FACE('HOUSING',(#4173),#4155,.F.) ;
#4198=ADVANCED_FACE('HOUSING',(#4197),#4179,.F.) ;
#4222=ADVANCED_FACE('HOUSING',(#4221),#4203,.T.) ;
#4246=ADVANCED_FACE('HOUSING',(#4245),#4227,.F.) ;
#4270=ADVANCED_FACE('HOUSING',(#4269),#4251,.T.) ;
#4294=ADVANCED_FACE('HOUSING',(#4293),#4275,.T.) ;
#4318=ADVANCED_FACE('HOUSING',(#4317),#4299,.T.) ;
#4342=ADVANCED_FACE('HOUSING',(#4341),#4323,.F.) ;
#4366=ADVANCED_FACE('HOUSING',(#4365),#4347,.F.) ;
#4390=ADVANCED_FACE('HOUSING',(#4389),#4371,.F.) ;
#4414=ADVANCED_FACE('HOUSING',(#4413),#4395,.T.) ;
#4438=ADVANCED_FACE('HOUSING',(#4437),#4419,.T.) ;
#4455=ADVANCED_FACE('HOUSING',(#4454),#4443,.T.) ;
#4486=ADVANCED_FACE('HOUSING',(#4485),#4460,.F.) ;
#4510=ADVANCED_FACE('HOUSING',(#4509),#4491,.F.) ;
#4534=ADVANCED_FACE('HOUSING',(#4533),#4515,.T.) ;
#4558=ADVANCED_FACE('HOUSING',(#4557),#4539,.T.) ;
#4582=ADVANCED_FACE('HOUSING',(#4581),#4563,.T.) ;
#4606=ADVANCED_FACE('HOUSING',(#4605),#4587,.T.) ;
#4630=ADVANCED_FACE('HOUSING',(#4629),#4611,.T.) ;
#4654=ADVANCED_FACE('HOUSING',(#4653),#4635,.F.) ;
#4678=ADVANCED_FACE('HOUSING',(#4677),#4659,.F.) ;
#4702=ADVANCED_FACE('HOUSING',(#4701),#4683,.T.) ;
#4726=ADVANCED_FACE('HOUSING',(#4725),#4707,.F.) ;
#4750=ADVANCED_FACE('HOUSING',(#4749),#4731,.T.) ;
#4774=ADVANCED_FACE('HOUSING',(#4773),#4755,.T.) ;
#4798=ADVANCED_FACE('HOUSING',(#4797),#4779,.T.) ;
#4822=ADVANCED_FACE('HOUSING',(#4821),#4803,.F.) ;
#4846=ADVANCED_FACE('HOUSING',(#4845),#4827,.F.) ;
#4870=ADVANCED_FACE('HOUSING',(#4869),#4851,.F.) ;
#4894=ADVANCED_FACE('HOUSING',(#4893),#4875,.T.) ;
#4918=ADVANCED_FACE('HOUSING',(#4917),#4899,.T.) ;
#4935=ADVANCED_FACE('HOUSING',(#4934),#4923,.T.) ;
#4952=ADVANCED_FACE('HOUSING',(#4951),#4940,.T.) ;
#4976=ADVANCED_FACE('HOUSING',(#4975),#4957,.T.) ;
#5000=ADVANCED_FACE('HOUSING',(#4999),#4981,.T.) ;
#5022=ADVANCED_FACE('HOUSING',(#5021),#5005,.T.) ;
#5039=ADVANCED_FACE('HOUSING',(#5038),#5027,.T.) ;
#5063=ADVANCED_FACE('HOUSING',(#5062),#5044,.T.) ;
#5095=ADVANCED_FACE('HOUSING',(#5094),#5068,.T.) ;
#5112=ADVANCED_FACE('HOUSING',(#5111),#5100,.T.) ;
#5129=ADVANCED_FACE('HOUSING',(#5128),#5117,.F.) ;
#5141=ADVANCED_FACE('HOUSING',(#5140),#5134,.T.) ;
#5153=ADVANCED_FACE('HOUSING',(#5152),#5146,.T.) ;
#5184=ADVANCED_FACE('HOUSING',(#5183),#5158,.F.) ;
#5207=ADVANCED_FACE('HOUSING',(#5206),#5189,.F.) ;
#5238=ADVANCED_FACE('HOUSING',(#5237),#5212,.F.) ;
#5261=ADVANCED_FACE('HOUSING',(#5260),#5243,.F.) ;
#5292=ADVANCED_FACE('HOUSING',(#5291),#5266,.T.) ;
#5316=ADVANCED_FACE('HOUSING',(#5315),#5297,.T.) ;
#5340=ADVANCED_FACE('HOUSING',(#5339),#5321,.F.) ;
#5357=ADVANCED_FACE('HOUSING',(#5356),#5345,.T.) ;
#5388=ADVANCED_FACE('HOUSING',(#5387),#5362,.T.) ;
#5412=ADVANCED_FACE('HOUSING',(#5411),#5393,.T.) ;
#5436=ADVANCED_FACE('HOUSING',(#5435),#5417,.F.) ;
#5453=ADVANCED_FACE('HOUSING',(#5452),#5441,.T.) ;
#5465=ADVANCED_FACE('HOUSING',(#5464),#5458,.F.) ;
#5477=ADVANCED_FACE('HOUSING',(#5476),#5470,.F.) ;
#5505=ADVANCED_FACE('HOUSING',(#5504),#5482,.F.) ;
#5533=ADVANCED_FACE('HOUSING',(#5532),#5510,.F.) ;
#5543=ADVANCED_FACE('HOUSING',(#5542),#5538,.F.) ;
#5553=ADVANCED_FACE('HOUSING',(#5552),#5548,.F.) ;
#5565=ADVANCED_FACE('HOUSING',(#5564),#5558,.T.) ;
#5577=ADVANCED_FACE('HOUSING',(#5576),#5570,.T.) ;
#4=APPLICATION_PROTOCOL_DEFINITION('international standard','automotive_design',2001,#1) ;
#82=B_SPLINE_CURVE_WITH_KNOTS('',5,(#83,#84,#85,#86,#87,#88),.UNSPECIFIED.,.F.,.U.,(6,6),(-1.8723863184,1.8723863184),.UNSPECIFIED.) ;
#568=B_SPLINE_CURVE_WITH_KNOTS('',5,(#569,#570,#571,#572,#573,#574),.UNSPECIFIED.,.F.,.U.,(6,6),(-1.8723863184,1.8723863184),.UNSPECIFIED.) ;
#1075=B_SPLINE_CURVE_WITH_KNOTS('',5,(#1076,#1077,#1078,#1079,#1080,#1081),.UNSPECIFIED.,.F.,.U.,(6,6),(0.,0.0383672152954),.UNSPECIFIED.) ;
#1189=B_SPLINE_CURVE_WITH_KNOTS('',5,(#1190,#1191,#1192,#1193,#1194,#1195),.UNSPECIFIED.,.F.,.U.,(6,6),(0.,0.0383672152954),.UNSPECIFIED.) ;
#1297=B_SPLINE_CURVE_WITH_KNOTS('',3,(#1298,#1299,#1300,#1301),.UNSPECIFIED.,.F.,.U.,(4,4),(0.,0.591030704365),.UNSPECIFIED.) ;
#1307=B_SPLINE_CURVE_WITH_KNOTS('',5,(#1308,#1309,#1310,#1311,#1312,#1313),.UNSPECIFIED.,.F.,.U.,(6,6),(0.,0.671863468175),.UNSPECIFIED.) ;
#1315=B_SPLINE_CURVE_WITH_KNOTS('',5,(#1316,#1317,#1318,#1319,#1320,#1321),.UNSPECIFIED.,.F.,.U.,(6,6),(0.,0.656063190454),.UNSPECIFIED.) ;
#1325=B_SPLINE_CURVE_WITH_KNOTS('',3,(#1326,#1327,#1328,#1329),.UNSPECIFIED.,.F.,.U.,(4,4),(0.,0.591030704365),.UNSPECIFIED.) ;
#1333=B_SPLINE_CURVE_WITH_KNOTS('',3,(#1334,#1335,#1336,#1337),.UNSPECIFIED.,.F.,.U.,(4,4),(0.,0.0702964584932),.UNSPECIFIED.) ;
#1348=B_SPLINE_CURVE_WITH_KNOTS('',3,(#1349,#1350,#1351,#1352),.UNSPECIFIED.,.F.,.U.,(4,4),(0.,0.0702964583916),.UNSPECIFIED.) ;
#1379=B_SPLINE_CURVE_WITH_KNOTS('',3,(#1380,#1381,#1382,#1383),.UNSPECIFIED.,.F.,.U.,(4,4),(0.,0.348959488722),.UNSPECIFIED.) ;
#1397=B_SPLINE_CURVE_WITH_KNOTS('',3,(#1398,#1399,#1400,#1401),.UNSPECIFIED.,.F.,.U.,(4,4),(0.,0.0702530115499),.UNSPECIFIED.) ;
#1414=B_SPLINE_CURVE_WITH_KNOTS('',3,(#1415,#1416,#1417,#1418),.UNSPECIFIED.,.F.,.U.,(4,4),(0.,0.0702595640417),.UNSPECIFIED.) ;
#1422=B_SPLINE_CURVE_WITH_KNOTS('',3,(#1423,#1424,#1425,#1426),.UNSPECIFIED.,.F.,.U.,(4,4),(0.,0.501117049507),.UNSPECIFIED.) ;
#1430=B_SPLINE_CURVE_WITH_KNOTS('',3,(#1431,#1432,#1433,#1434),.UNSPECIFIED.,.F.,.U.,(4,4),(0.,0.347065617889),.UNSPECIFIED.) ;
#1441=B_SPLINE_CURVE_WITH_KNOTS('',3,(#1442,#1443,#1444,#1445),.UNSPECIFIED.,.F.,.U.,(4,4),(0.,0.501117049507),.UNSPECIFIED.) ;
#1578=B_SPLINE_CURVE_WITH_KNOTS('',5,(#1579,#1580,#1581,#1582,#1583,#1584,#1585,#1586,#1587),.UNSPECIFIED.,.F.,.U.,(6,3,6),(0.,0.209298879277,0.261874641524),.UNSPECIFIED.) ;
#1631=B_SPLINE_CURVE_WITH_KNOTS('',3,(#1632,#1633,#1634,#1635),.UNSPECIFIED.,.F.,.U.,(4,4),(0.,0.262968828795),.UNSPECIFIED.) ;
#1897=B_SPLINE_CURVE_WITH_KNOTS('',5,(#1898,#1899,#1900,#1901,#1902,#1903),.UNSPECIFIED.,.F.,.U.,(6,6),(0.,0.0383672152954),.UNSPECIFIED.) ;
#2011=B_SPLINE_CURVE_WITH_KNOTS('',5,(#2012,#2013,#2014,#2015,#2016,#2017),.UNSPECIFIED.,.F.,.U.,(6,6),(0.,0.0383672152954),.UNSPECIFIED.) ;
#2119=B_SPLINE_CURVE_WITH_KNOTS('',3,(#2120,#2121,#2122,#2123),.UNSPECIFIED.,.F.,.U.,(4,4),(0.,0.591030704365),.UNSPECIFIED.) ;
#2129=B_SPLINE_CURVE_WITH_KNOTS('',5,(#2130,#2131,#2132,#2133,#2134,#2135),.UNSPECIFIED.,.F.,.U.,(6,6),(0.,0.671863468071),.UNSPECIFIED.) ;
#2137=B_SPLINE_CURVE_WITH_KNOTS('',5,(#2138,#2139,#2140,#2141,#2142,#2143),.UNSPECIFIED.,.F.,.U.,(6,6),(0.,0.65606319045),.UNSPECIFIED.) ;
#2147=B_SPLINE_CURVE_WITH_KNOTS('',3,(#2148,#2149,#2150,#2151),.UNSPECIFIED.,.F.,.U.,(4,4),(0.,0.591030704365),.UNSPECIFIED.) ;
#2155=B_SPLINE_CURVE_WITH_KNOTS('',3,(#2156,#2157,#2158,#2159),.UNSPECIFIED.,.F.,.U.,(4,4),(0.,0.0702964584932),.UNSPECIFIED.) ;
#2170=B_SPLINE_CURVE_WITH_KNOTS('',3,(#2171,#2172,#2173,#2174),.UNSPECIFIED.,.F.,.U.,(4,4),(0.,0.0702964583916),.UNSPECIFIED.) ;
#2201=B_SPLINE_CURVE_WITH_KNOTS('',3,(#2202,#2203,#2204,#2205),.UNSPECIFIED.,.F.,.U.,(4,4),(0.,0.348959472749),.UNSPECIFIED.) ;
#2219=B_SPLINE_CURVE_WITH_KNOTS('',3,(#2220,#2221,#2222,#2223),.UNSPECIFIED.,.F.,.U.,(4,4),(0.,0.0702530115499),.UNSPECIFIED.) ;
#2236=B_SPLINE_CURVE_WITH_KNOTS('',3,(#2237,#2238,#2239,#2240),.UNSPECIFIED.,.F.,.U.,(4,4),(0.,0.0702595640417),.UNSPECIFIED.) ;
#2244=B_SPLINE_CURVE_WITH_KNOTS('',3,(#2245,#2246,#2247,#2248),.UNSPECIFIED.,.F.,.U.,(4,4),(0.,0.501117049507),.UNSPECIFIED.) ;
#2252=B_SPLINE_CURVE_WITH_KNOTS('',3,(#2253,#2254,#2255,#2256),.UNSPECIFIED.,.F.,.U.,(4,4),(0.,0.347065617889),.UNSPECIFIED.) ;
#2263=B_SPLINE_CURVE_WITH_KNOTS('',3,(#2264,#2265,#2266,#2267),.UNSPECIFIED.,.F.,.U.,(4,4),(0.,0.501117049507),.UNSPECIFIED.) ;
#2400=B_SPLINE_CURVE_WITH_KNOTS('',5,(#2401,#2402,#2403,#2404,#2405,#2406,#2407,#2408,#2409),.UNSPECIFIED.,.F.,.U.,(6,3,6),(0.,0.209298879277,0.261874641524),.UNSPECIFIED.) ;
#2453=B_SPLINE_CURVE_WITH_KNOTS('',3,(#2454,#2455,#2456,#2457),.UNSPECIFIED.,.F.,.U.,(4,4),(0.,0.262968828795),.UNSPECIFIED.) ;
#3584=B_SPLINE_CURVE_WITH_KNOTS('',4,(#3585,#3586,#3587,#3588,#3589),.UNSPECIFIED.,.F.,.U.,(5,5),(-0.628318530718,0.628318530718),.UNSPECIFIED.) ;
#5190=B_SPLINE_CURVE_WITH_KNOTS('',5,(#5191,#5192,#5193,#5194,#5195,#5196,#5197,#5198,#5199),.UNSPECIFIED.,.F.,.U.,(6,3,6),(-3.22013246993,0.,3.22013246993),.UNSPECIFIED.) ;
#5244=B_SPLINE_CURVE_WITH_KNOTS('',5,(#5245,#5246,#5247,#5248,#5249,#5250,#5251,#5252,#5253),.UNSPECIFIED.,.F.,.U.,(6,3,6),(-3.22013246993,0.,3.22013246993),.UNSPECIFIED.) ;
#21=MANIFOLD_SOLID_BREP('SCREW_PM_JAM_797664.1',#31) ;
#515=MANIFOLD_SOLID_BREP('SCREW_PM_JAM_797664.2',#517) ;
#999=MANIFOLD_SOLID_BREP('CURRENTBAR_LM-090_797664.1',#1001) ;
#1821=MANIFOLD_SOLID_BREP('CURRENTBAR_LM-090_797664.2',#1823) ;
#2643=MANIFOLD_SOLID_BREP('HOUSING',#2652) ;
#40=CIRCLE('generated circle',#39,1.95400626763) ;
#49=CIRCLE('generated circle',#48,1.95400626763) ;
#64=CIRCLE('generated circle',#63,1.95400626816) ;
#102=CIRCLE('generated circle',#101,1.95400626816) ;
#130=CIRCLE('generated circle',#129,1.95400626816) ;
#137=CIRCLE('generated circle',#136,1.95400626816) ;
#151=CIRCLE('generated circle',#150,1.95400626816) ;
#193=CIRCLE('generated circle',#192,1.02947756869) ;
#241=CIRCLE('generated circle',#240,1.02947755035) ;
#306=CIRCLE('generated circle',#305,1.02947748681) ;
#339=CIRCLE('generated circle',#338,1.02947753543) ;
#526=CIRCLE('generated circle',#525,1.95400626763) ;
#535=CIRCLE('generated circle',#534,1.95400626763) ;
#550=CIRCLE('generated circle',#549,1.95400626816) ;
#588=CIRCLE('generated circle',#587,1.95400626816) ;
#616=CIRCLE('generated circle',#615,1.95400626816) ;
#623=CIRCLE('generated circle',#622,1.95400626816) ;
#637=CIRCLE('generated circle',#636,1.95400626816) ;
#679=CIRCLE('generated circle',#678,1.02947756869) ;
#727=CIRCLE('generated circle',#726,1.02947755035) ;
#792=CIRCLE('generated circle',#791,1.02947748681) ;
#825=CIRCLE('generated circle',#824,1.02947753543) ;
#1057=CIRCLE('generated circle',#1056,1.09999992807) ;
#1064=CIRCLE('generated circle',#1063,1.099999998) ;
#1095=CIRCLE('generated circle',#1094,1.29999999506) ;
#1109=CIRCLE('generated circle',#1108,0.300000000948) ;
#1164=CIRCLE('generated circle',#1163,0.300000000948) ;
#1178=CIRCLE('generated circle',#1177,1.29999999506) ;
#1209=CIRCLE('generated circle',#1208,1.099999998) ;
#1216=CIRCLE('generated circle',#1215,1.09999992807) ;
#1557=CIRCLE('generated circle',#1556,0.3) ;
#1562=CIRCLE('generated circle',#1561,0.3) ;
#1879=CIRCLE('generated circle',#1878,1.09999992807) ;
#1886=CIRCLE('generated circle',#1885,1.099999998) ;
#1917=CIRCLE('generated circle',#1916,1.29999999506) ;
#1931=CIRCLE('generated circle',#1930,0.300000000948) ;
#1986=CIRCLE('generated circle',#1985,0.300000000948) ;
#2000=CIRCLE('generated circle',#1999,1.29999999506) ;
#2031=CIRCLE('generated circle',#2030,1.099999998) ;
#2038=CIRCLE('generated circle',#2037,1.09999992807) ;
#2379=CIRCLE('generated circle',#2378,0.3) ;
#2384=CIRCLE('generated circle',#2383,0.3) ;
#2733=CIRCLE('generated circle',#2732,0.799999999349) ;
#3521=CIRCLE('generated circle',#3520,2.04999999998) ;
#3530=CIRCLE('generated circle',#3529,2.04999999998) ;
#3539=CIRCLE('generated circle',#3538,2.04999999998) ;
#3548=CIRCLE('generated circle',#3547,2.04999999998) ;
#5162=CIRCLE('generated circle',#5161,2.05) ;
#5216=CIRCLE('generated circle',#5215,2.05) ;
#22=COLOUR_RGB('Colour',0.823529411765,0.823529411765,1.) ;
#2644=COLOUR_RGB('Colour',0.862745098039,0.435294117647,0.196078431373) ;
#5582=CONSTRUCTIVE_GEOMETRY_REPRESENTATION('supplemental geometry',(#5581),#16) ;
#5583=CONSTRUCTIVE_GEOMETRY_REPRESENTATION_RELATIONSHIP('supplemental geometry','',#19,#5582) ;
#60=CYLINDRICAL_SURFACE('generated cylinder',#59,1.95400626816) ;
#126=CYLINDRICAL_SURFACE('generated cylinder',#125,1.95400626816) ;
#442=CYLINDRICAL_SURFACE('generated cylinder',#441,1.02947755129) ;
#488=CYLINDRICAL_SURFACE('generated cylinder',#487,1.02947750905) ;
#546=CYLINDRICAL_SURFACE('generated cylinder',#545,1.95400626816) ;
#612=CYLINDRICAL_SURFACE('generated cylinder',#611,1.95400626816) ;
#928=CYLINDRICAL_SURFACE('generated cylinder',#927,1.02947755129) ;
#974=CYLINDRICAL_SURFACE('generated cylinder',#973,1.02947750905) ;
#1260=CYLINDRICAL_SURFACE('generated cylinder',#1259,1.1) ;
#1296=CYLINDRICAL_SURFACE('generated cylinder',#1295,0.5) ;
#1371=CYLINDRICAL_SURFACE('generated cylinder',#1370,0.3) ;
#1396=CYLINDRICAL_SURFACE('generated cylinder',#1395,1.3) ;
#1481=CYLINDRICAL_SURFACE('generated cylinder',#1480,0.3) ;
#1493=CYLINDRICAL_SURFACE('generated cylinder',#1492,0.3) ;
#1544=CYLINDRICAL_SURFACE('generated cylinder',#1543,0.3) ;
#1623=CYLINDRICAL_SURFACE('generated cylinder',#1622,0.3) ;
#2082=CYLINDRICAL_SURFACE('generated cylinder',#2081,1.1) ;
#2118=CYLINDRICAL_SURFACE('generated cylinder',#2117,0.5) ;
#2193=CYLINDRICAL_SURFACE('generated cylinder',#2192,0.3) ;
#2218=CYLINDRICAL_SURFACE('generated cylinder',#2217,1.3) ;
#2303=CYLINDRICAL_SURFACE('generated cylinder',#2302,0.3) ;
#2315=CYLINDRICAL_SURFACE('generated cylinder',#2314,0.3) ;
#2366=CYLINDRICAL_SURFACE('generated cylinder',#2365,0.3) ;
#2445=CYLINDRICAL_SURFACE('generated cylinder',#2444,0.3) ;
#3583=CYLINDRICAL_SURFACE('generated cylinder',#3582,0.8) ;
#5158=CYLINDRICAL_SURFACE('generated cylinder',#5157,2.05) ;
#5189=CYLINDRICAL_SURFACE('generated cylinder',#5188,2.05) ;
#5212=CYLINDRICAL_SURFACE('generated cylinder',#5211,2.05) ;
#5243=CYLINDRICAL_SURFACE('generated cylinder',#5242,2.05) ;
#45=EDGE_CURVE('',#42,#44,#40,.T.) ;
#50=EDGE_CURVE('',#44,#42,#49,.T.) ;
#69=EDGE_CURVE('',#66,#68,#64,.T.) ;
#74=EDGE_CURVE('',#42,#66,#73,.T.) ;
#81=EDGE_CURVE('',#44,#80,#78,.T.) ;
#91=EDGE_CURVE('',#90,#80,#82,.T.) ;
#98=EDGE_CURVE('',#90,#97,#95,.F.) ;
#105=EDGE_CURVE('',#104,#97,#102,.T.) ;
#110=EDGE_CURVE('',#68,#104,#109,.F.) ;
#133=EDGE_CURVE('',#80,#132,#130,.T.) ;
#140=EDGE_CURVE('',#139,#66,#137,.T.) ;
#147=EDGE_CURVE('',#139,#146,#144,.F.) ;
#154=EDGE_CURVE('',#153,#146,#151,.T.) ;
#159=EDGE_CURVE('',#132,#153,#158,.F.) ;
#182=EDGE_CURVE('',#181,#68,#179,.T.) ;
#189=EDGE_CURVE('',#188,#181,#186,.T.) ;
#196=EDGE_CURVE('',#195,#188,#193,.T.) ;
#203=EDGE_CURVE('',#202,#195,#200,.T.) ;
#208=EDGE_CURVE('',#139,#202,#207,.T.) ;
#230=EDGE_CURVE('',#229,#132,#227,.T.) ;
#237=EDGE_CURVE('',#236,#229,#234,.T.) ;
#244=EDGE_CURVE('',#243,#236,#241,.T.) ;
#251=EDGE_CURVE('',#250,#243,#248,.T.) ;
#256=EDGE_CURVE('',#90,#250,#255,.T.) ;
#278=EDGE_CURVE('',#250,#277,#275,.T.) ;
#283=EDGE_CURVE('',#97,#277,#282,.T.) ;
#302=EDGE_CURVE('',#277,#301,#299,.T.) ;
#309=EDGE_CURVE('',#301,#308,#306,.T.) ;
#316=EDGE_CURVE('',#315,#308,#313,.T.) ;
#321=EDGE_CURVE('',#315,#153,#320,.T.) ;
#328=EDGE_CURVE('',#327,#146,#325,.T.) ;
#335=EDGE_CURVE('',#327,#334,#332,.T.) ;
#342=EDGE_CURVE('',#334,#341,#339,.T.) ;
#349=EDGE_CURVE('',#348,#341,#346,.T.) ;
#354=EDGE_CURVE('',#104,#348,#353,.T.) ;
#379=EDGE_CURVE('',#181,#348,#378,.T.) ;
#396=EDGE_CURVE('',#202,#327,#395,.T.) ;
#413=EDGE_CURVE('',#229,#315,#412,.T.) ;
#430=EDGE_CURVE('',#188,#341,#429,.T.) ;
#447=EDGE_CURVE('',#195,#334,#446,.F.) ;
#476=EDGE_CURVE('',#236,#308,#475,.T.) ;
#493=EDGE_CURVE('',#243,#301,#492,.F.) ;
#531=EDGE_CURVE('',#528,#530,#526,.T.) ;
#536=EDGE_CURVE('',#530,#528,#535,.T.) ;
#555=EDGE_CURVE('',#552,#554,#550,.T.) ;
#560=EDGE_CURVE('',#528,#552,#559,.T.) ;
#567=EDGE_CURVE('',#530,#566,#564,.T.) ;
#577=EDGE_CURVE('',#576,#566,#568,.T.) ;
#584=EDGE_CURVE('',#576,#583,#581,.F.) ;
#591=EDGE_CURVE('',#590,#583,#588,.T.) ;
#596=EDGE_CURVE('',#554,#590,#595,.F.) ;
#619=EDGE_CURVE('',#566,#618,#616,.T.) ;
#626=EDGE_CURVE('',#625,#552,#623,.T.) ;
#633=EDGE_CURVE('',#625,#632,#630,.F.) ;
#640=EDGE_CURVE('',#639,#632,#637,.T.) ;
#645=EDGE_CURVE('',#618,#639,#644,.F.) ;
#668=EDGE_CURVE('',#667,#554,#665,.T.) ;
#675=EDGE_CURVE('',#674,#667,#672,.T.) ;
#682=EDGE_CURVE('',#681,#674,#679,.T.) ;
#689=EDGE_CURVE('',#688,#681,#686,.T.) ;
#694=EDGE_CURVE('',#625,#688,#693,.T.) ;
#716=EDGE_CURVE('',#715,#618,#713,.T.) ;
#723=EDGE_CURVE('',#722,#715,#720,.T.) ;
#730=EDGE_CURVE('',#729,#722,#727,.T.) ;
#737=EDGE_CURVE('',#736,#729,#734,.T.) ;
#742=EDGE_CURVE('',#576,#736,#741,.T.) ;
#764=EDGE_CURVE('',#736,#763,#761,.T.) ;
#769=EDGE_CURVE('',#583,#763,#768,.T.) ;
#788=EDGE_CURVE('',#763,#787,#785,.T.) ;
#795=EDGE_CURVE('',#787,#794,#792,.T.) ;
#802=EDGE_CURVE('',#801,#794,#799,.T.) ;
#807=EDGE_CURVE('',#801,#639,#806,.T.) ;
#814=EDGE_CURVE('',#813,#632,#811,.T.) ;
#821=EDGE_CURVE('',#813,#820,#818,.T.) ;
#828=EDGE_CURVE('',#820,#827,#825,.T.) ;
#835=EDGE_CURVE('',#834,#827,#832,.T.) ;
#840=EDGE_CURVE('',#590,#834,#839,.T.) ;
#865=EDGE_CURVE('',#667,#834,#864,.T.) ;
#882=EDGE_CURVE('',#688,#813,#881,.T.) ;
#899=EDGE_CURVE('',#715,#801,#898,.T.) ;
#916=EDGE_CURVE('',#674,#827,#915,.T.) ;
#933=EDGE_CURVE('',#681,#820,#932,.F.) ;
#962=EDGE_CURVE('',#722,#794,#961,.T.) ;
#979=EDGE_CURVE('',#729,#787,#978,.F.) ;
#1015=EDGE_CURVE('',#1012,#1014,#1010,.T.) ;
#1022=EDGE_CURVE('',#1021,#1012,#1019,.T.) ;
#1029=EDGE_CURVE('',#1021,#1028,#1026,.T.) ;
#1034=EDGE_CURVE('',#1028,#1014,#1033,.T.) ;
#1053=EDGE_CURVE('',#1052,#1014,#1050,.T.) ;
#1060=EDGE_CURVE('',#1059,#1052,#1057,.T.) ;
#1067=EDGE_CURVE('',#1066,#1059,#1064,.T.) ;
#1074=EDGE_CURVE('',#1073,#1066,#1071,.T.) ;
#1084=EDGE_CURVE('',#1083,#1073,#1075,.T.) ;
#1091=EDGE_CURVE('',#1090,#1083,#1088,.T.) ;
#1098=EDGE_CURVE('',#1097,#1090,#1095,.T.) ;
#1105=EDGE_CURVE('',#1104,#1097,#1102,.T.) ;
#1112=EDGE_CURVE('',#1104,#1111,#1109,.T.) ;
#1117=EDGE_CURVE('',#1012,#1111,#1116,.T.) ;
#1143=EDGE_CURVE('',#1111,#1142,#1140,.T.) ;
#1148=EDGE_CURVE('',#1021,#1142,#1147,.T.) ;
#1167=EDGE_CURVE('',#1166,#1142,#1164,.T.) ;
#1174=EDGE_CURVE('',#1166,#1173,#1171,.T.) ;
#1181=EDGE_CURVE('',#1173,#1180,#1178,.T.) ;
#1188=EDGE_CURVE('',#1180,#1187,#1185,.T.) ;
#1198=EDGE_CURVE('',#1187,#1197,#1189,.T.) ;
#1205=EDGE_CURVE('',#1197,#1204,#1202,.T.) ;
#1212=EDGE_CURVE('',#1204,#1211,#1209,.T.) ;
#1219=EDGE_CURVE('',#1211,#1218,#1216,.T.) ;
#1224=EDGE_CURVE('',#1218,#1028,#1223,.T.) ;
#1248=EDGE_CURVE('',#1052,#1218,#1247,.T.) ;
#1265=EDGE_CURVE('',#1066,#1204,#1264,.T.) ;
#1284=EDGE_CURVE('',#1073,#1197,#1283,.T.) ;
#1306=EDGE_CURVE('',#1303,#1305,#1297,.T.) ;
#1314=EDGE_CURVE('',#1083,#1303,#1307,.T.) ;
#1324=EDGE_CURVE('',#1323,#1187,#1315,.T.) ;
#1332=EDGE_CURVE('',#1331,#1323,#1325,.T.) ;
#1340=EDGE_CURVE('',#1331,#1339,#1333,.T.) ;
#1347=EDGE_CURVE('',#1346,#1339,#1344,.T.) ;
#1353=EDGE_CURVE('',#1346,#1305,#1348,.T.) ;
#1378=EDGE_CURVE('',#1377,#1303,#1375,.F.) ;
#1384=EDGE_CURVE('',#1377,#1090,#1379,.T.) ;
#1406=EDGE_CURVE('',#1403,#1405,#1397,.T.) ;
#1413=EDGE_CURVE('',#1405,#1412,#1410,.T.) ;
#1421=EDGE_CURVE('',#1412,#1420,#1414,.T.) ;
#1429=EDGE_CURVE('',#1428,#1420,#1422,.T.) ;
#1435=EDGE_CURVE('',#1180,#1428,#1430,.T.) ;
#1440=EDGE_CURVE('',#1097,#1173,#1439,.T.) ;
#1446=EDGE_CURVE('',#1403,#1377,#1441,.T.) ;
#1469=EDGE_CURVE('',#1104,#1166,#1468,.T.) ;
#1498=EDGE_CURVE('',#1428,#1323,#1497,.F.) ;
#1515=EDGE_CURVE('',#1305,#1403,#1514,.T.) ;
#1532=EDGE_CURVE('',#1331,#1420,#1531,.T.) ;
#1553=EDGE_CURVE('',#1550,#1552,#1548,.T.) ;
#1558=EDGE_CURVE('',#1339,#1550,#1557,.T.) ;
#1563=EDGE_CURVE('',#1552,#1412,#1562,.F.) ;
#1590=EDGE_CURVE('',#1589,#1346,#1578,.T.) ;
#1597=EDGE_CURVE('',#1596,#1550,#1594,.T.) ;
#1604=EDGE_CURVE('',#1596,#1603,#1601,.T.) ;
#1609=EDGE_CURVE('',#1603,#1589,#1608,.T.) ;
#1630=EDGE_CURVE('',#1589,#1629,#1627,.T.) ;
#1636=EDGE_CURVE('',#1405,#1629,#1631,.T.) ;
#1657=EDGE_CURVE('',#1629,#1656,#1654,.T.) ;
#1664=EDGE_CURVE('',#1656,#1663,#1661,.T.) ;
#1669=EDGE_CURVE('',#1552,#1663,#1668,.T.) ;
#1688=EDGE_CURVE('',#1663,#1596,#1687,.T.) ;
#1707=EDGE_CURVE('',#1706,#1596,#1704,.T.) ;
#1714=EDGE_CURVE('',#1706,#1713,#1711,.T.) ;
#1719=EDGE_CURVE('',#1603,#1713,#1718,.T.) ;
#1736=EDGE_CURVE('',#1603,#1656,#1735,.T.) ;
#1755=EDGE_CURVE('',#1754,#1656,#1752,.T.) ;
#1762=EDGE_CURVE('',#1754,#1761,#1759,.T.) ;
#1767=EDGE_CURVE('',#1761,#1663,#1766,.T.) ;
#1784=EDGE_CURVE('',#1761,#1706,#1783,.T.) ;
#1801=EDGE_CURVE('',#1713,#1754,#1800,.T.) ;
#1837=EDGE_CURVE('',#1834,#1836,#1832,.T.) ;
#1844=EDGE_CURVE('',#1843,#1834,#1841,.T.) ;
#1851=EDGE_CURVE('',#1843,#1850,#1848,.T.) ;
#1856=EDGE_CURVE('',#1850,#1836,#1855,.T.) ;
#1875=EDGE_CURVE('',#1874,#1836,#1872,.T.) ;
#1882=EDGE_CURVE('',#1881,#1874,#1879,.T.) ;
#1889=EDGE_CURVE('',#1888,#1881,#1886,.T.) ;
#1896=EDGE_CURVE('',#1895,#1888,#1893,.T.) ;
#1906=EDGE_CURVE('',#1905,#1895,#1897,.T.) ;
#1913=EDGE_CURVE('',#1912,#1905,#1910,.T.) ;
#1920=EDGE_CURVE('',#1919,#1912,#1917,.T.) ;
#1927=EDGE_CURVE('',#1926,#1919,#1924,.T.) ;
#1934=EDGE_CURVE('',#1926,#1933,#1931,.T.) ;
#1939=EDGE_CURVE('',#1834,#1933,#1938,.T.) ;
#1965=EDGE_CURVE('',#1933,#1964,#1962,.T.) ;
#1970=EDGE_CURVE('',#1843,#1964,#1969,.T.) ;
#1989=EDGE_CURVE('',#1988,#1964,#1986,.T.) ;
#1996=EDGE_CURVE('',#1988,#1995,#1993,.T.) ;
#2003=EDGE_CURVE('',#1995,#2002,#2000,.T.) ;
#2010=EDGE_CURVE('',#2002,#2009,#2007,.T.) ;
#2020=EDGE_CURVE('',#2009,#2019,#2011,.T.) ;
#2027=EDGE_CURVE('',#2019,#2026,#2024,.T.) ;
#2034=EDGE_CURVE('',#2026,#2033,#2031,.T.) ;
#2041=EDGE_CURVE('',#2033,#2040,#2038,.T.) ;
#2046=EDGE_CURVE('',#2040,#1850,#2045,.T.) ;
#2070=EDGE_CURVE('',#1874,#2040,#2069,.T.) ;
#2087=EDGE_CURVE('',#1888,#2026,#2086,.T.) ;
#2106=EDGE_CURVE('',#1895,#2019,#2105,.T.) ;
#2128=EDGE_CURVE('',#2125,#2127,#2119,.T.) ;
#2136=EDGE_CURVE('',#1905,#2125,#2129,.T.) ;
#2146=EDGE_CURVE('',#2145,#2009,#2137,.T.) ;
#2154=EDGE_CURVE('',#2153,#2145,#2147,.T.) ;
#2162=EDGE_CURVE('',#2153,#2161,#2155,.T.) ;
#2169=EDGE_CURVE('',#2168,#2161,#2166,.T.) ;
#2175=EDGE_CURVE('',#2168,#2127,#2170,.T.) ;
#2200=EDGE_CURVE('',#2199,#2125,#2197,.F.) ;
#2206=EDGE_CURVE('',#2199,#1912,#2201,.T.) ;
#2228=EDGE_CURVE('',#2225,#2227,#2219,.T.) ;
#2235=EDGE_CURVE('',#2227,#2234,#2232,.T.) ;
#2243=EDGE_CURVE('',#2234,#2242,#2236,.T.) ;
#2251=EDGE_CURVE('',#2250,#2242,#2244,.T.) ;
#2257=EDGE_CURVE('',#2002,#2250,#2252,.T.) ;
#2262=EDGE_CURVE('',#1919,#1995,#2261,.T.) ;
#2268=EDGE_CURVE('',#2225,#2199,#2263,.T.) ;
#2291=EDGE_CURVE('',#1926,#1988,#2290,.T.) ;
#2320=EDGE_CURVE('',#2250,#2145,#2319,.F.) ;
#2337=EDGE_CURVE('',#2127,#2225,#2336,.T.) ;
#2354=EDGE_CURVE('',#2153,#2242,#2353,.T.) ;
#2375=EDGE_CURVE('',#2372,#2374,#2370,.T.) ;
#2380=EDGE_CURVE('',#2161,#2372,#2379,.T.) ;
#2385=EDGE_CURVE('',#2374,#2234,#2384,.F.) ;
#2412=EDGE_CURVE('',#2411,#2168,#2400,.T.) ;
#2419=EDGE_CURVE('',#2418,#2372,#2416,.T.) ;
#2426=EDGE_CURVE('',#2418,#2425,#2423,.T.) ;
#2431=EDGE_CURVE('',#2425,#2411,#2430,.T.) ;
#2452=EDGE_CURVE('',#2411,#2451,#2449,.T.) ;
#2458=EDGE_CURVE('',#2227,#2451,#2453,.T.) ;
#2479=EDGE_CURVE('',#2451,#2478,#2476,.T.) ;
#2486=EDGE_CURVE('',#2478,#2485,#2483,.T.) ;
#2491=EDGE_CURVE('',#2374,#2485,#2490,.T.) ;
#2510=EDGE_CURVE('',#2485,#2418,#2509,.T.) ;
#2529=EDGE_CURVE('',#2528,#2418,#2526,.T.) ;
#2536=EDGE_CURVE('',#2528,#2535,#2533,.T.) ;
#2541=EDGE_CURVE('',#2425,#2535,#2540,.T.) ;
#2558=EDGE_CURVE('',#2425,#2478,#2557,.T.) ;
#2577=EDGE_CURVE('',#2576,#2478,#2574,.T.) ;
#2584=EDGE_CURVE('',#2576,#2583,#2581,.T.) ;
#2589=EDGE_CURVE('',#2583,#2485,#2588,.T.) ;
#2606=EDGE_CURVE('',#2583,#2528,#2605,.T.) ;
#2623=EDGE_CURVE('',#2535,#2576,#2622,.T.) ;
#2666=EDGE_CURVE('',#2663,#2665,#2661,.T.) ;
#2673=EDGE_CURVE('',#2665,#2672,#2670,.T.) ;
#2680=EDGE_CURVE('',#2672,#2679,#2677,.T.) ;
#2687=EDGE_CURVE('',#2686,#2679,#2684,.T.) ;
#2694=EDGE_CURVE('',#2686,#2693,#2691,.T.) ;
#2701=EDGE_CURVE('',#2693,#2700,#2698,.T.) ;
#2708=EDGE_CURVE('',#2700,#2707,#2705,.T.) ;
#2715=EDGE_CURVE('',#2707,#2714,#2712,.T.) ;
#2722=EDGE_CURVE('',#2714,#2721,#2719,.T.) ;
#2729=EDGE_CURVE('',#2721,#2728,#2726,.T.) ;
#2736=EDGE_CURVE('',#2728,#2735,#2733,.T.) ;
#2743=EDGE_CURVE('',#2735,#2742,#2740,.T.) ;
#2750=EDGE_CURVE('',#2742,#2749,#2747,.T.) ;
#2757=EDGE_CURVE('',#2749,#2756,#2754,.T.) ;
#2764=EDGE_CURVE('',#2756,#2763,#2761,.T.) ;
#2769=EDGE_CURVE('',#2663,#2763,#2768,.T.) ;
#2800=EDGE_CURVE('',#2799,#2663,#2797,.T.) ;
#2807=EDGE_CURVE('',#2806,#2799,#2804,.T.) ;
#2812=EDGE_CURVE('',#2749,#2806,#2811,.T.) ;
#2819=EDGE_CURVE('',#2818,#2742,#2816,.T.) ;
#2826=EDGE_CURVE('',#2825,#2818,#2823,.T.) ;
#2833=EDGE_CURVE('',#2825,#2832,#2830,.T.) ;
#2840=EDGE_CURVE('',#2832,#2839,#2837,.T.) ;
#2847=EDGE_CURVE('',#2839,#2846,#2844,.T.) ;
#2854=EDGE_CURVE('',#2853,#2846,#2851,.T.) ;
#2861=EDGE_CURVE('',#2853,#2860,#2858,.T.) ;
#2868=EDGE_CURVE('',#2860,#2867,#2865,.T.) ;
#2875=EDGE_CURVE('',#2867,#2874,#2872,.T.) ;
#2882=EDGE_CURVE('',#2881,#2874,#2879,.T.) ;
#2887=EDGE_CURVE('',#2881,#2693,#2886,.T.) ;
#2894=EDGE_CURVE('',#2893,#2686,#2891,.T.) ;
#2901=EDGE_CURVE('',#2900,#2893,#2898,.T.) ;
#2906=EDGE_CURVE('',#2665,#2900,#2905,.T.) ;
#2937=EDGE_CURVE('',#2934,#2936,#2932,.T.) ;
#2944=EDGE_CURVE('',#2943,#2934,#2941,.T.) ;
#2951=EDGE_CURVE('',#2950,#2943,#2948,.T.) ;
#2958=EDGE_CURVE('',#2957,#2950,#2955,.T.) ;
#2965=EDGE_CURVE('',#2964,#2957,#2962,.T.) ;
#2972=EDGE_CURVE('',#2971,#2964,#2969,.T.) ;
#2979=EDGE_CURVE('',#2978,#2971,#2976,.T.) ;
#2986=EDGE_CURVE('',#2985,#2978,#2983,.T.) ;
#2993=EDGE_CURVE('',#2992,#2985,#2990,.T.) ;
#3000=EDGE_CURVE('',#2999,#2992,#2997,.T.) ;
#3007=EDGE_CURVE('',#3006,#2999,#3004,.T.) ;
#3014=EDGE_CURVE('',#3013,#3006,#3011,.T.) ;
#3021=EDGE_CURVE('',#3020,#3013,#3018,.T.) ;
#3028=EDGE_CURVE('',#3027,#3020,#3025,.T.) ;
#3035=EDGE_CURVE('',#3034,#3027,#3032,.T.) ;
#3042=EDGE_CURVE('',#3041,#3034,#3039,.T.) ;
#3049=EDGE_CURVE('',#3048,#3041,#3046,.T.) ;
#3056=EDGE_CURVE('',#3055,#3048,#3053,.T.) ;
#3063=EDGE_CURVE('',#3062,#3055,#3060,.T.) ;
#3068=EDGE_CURVE('',#2936,#3062,#3067,.T.) ;
#3099=EDGE_CURVE('',#3096,#3098,#3094,.T.) ;
#3106=EDGE_CURVE('',#3105,#3096,#3103,.T.) ;
#3113=EDGE_CURVE('',#3112,#3105,#3110,.T.) ;
#3120=EDGE_CURVE('',#3119,#3112,#3117,.T.) ;
#3127=EDGE_CURVE('',#3126,#3119,#3124,.T.) ;
#3134=EDGE_CURVE('',#3133,#3126,#3131,.T.) ;
#3141=EDGE_CURVE('',#3140,#3133,#3138,.T.) ;
#3148=EDGE_CURVE('',#3147,#3140,#3145,.T.) ;
#3155=EDGE_CURVE('',#3154,#3147,#3152,.T.) ;
#3162=EDGE_CURVE('',#3161,#3154,#3159,.T.) ;
#3169=EDGE_CURVE('',#3168,#3161,#3166,.T.) ;
#3176=EDGE_CURVE('',#3175,#3168,#3173,.T.) ;
#3183=EDGE_CURVE('',#3182,#3175,#3180,.T.) ;
#3190=EDGE_CURVE('',#3189,#3182,#3187,.T.) ;
#3197=EDGE_CURVE('',#3196,#3189,#3194,.T.) ;
#3204=EDGE_CURVE('',#3203,#3196,#3201,.T.) ;
#3211=EDGE_CURVE('',#3210,#3203,#3208,.T.) ;
#3218=EDGE_CURVE('',#3217,#3210,#3215,.T.) ;
#3225=EDGE_CURVE('',#3224,#3217,#3222,.T.) ;
#3230=EDGE_CURVE('',#3098,#3224,#3229,.T.) ;
#3265=EDGE_CURVE('',#2900,#3264,#3262,.T.) ;
#3270=EDGE_CURVE('',#2672,#3264,#3269,.T.) ;
#3289=EDGE_CURVE('',#3264,#3288,#3286,.T.) ;
#3294=EDGE_CURVE('',#3288,#2679,#3293,.T.) ;
#3311=EDGE_CURVE('',#2893,#3288,#3310,.T.) ;
#3330=EDGE_CURVE('',#3329,#2881,#3327,.T.) ;
#3337=EDGE_CURVE('',#3329,#3336,#3334,.T.) ;
#3344=EDGE_CURVE('',#3336,#3343,#3341,.T.) ;
#3351=EDGE_CURVE('',#3350,#3343,#3348,.T.) ;
#3358=EDGE_CURVE('',#3357,#3350,#3355,.T.) ;
#3365=EDGE_CURVE('',#3357,#3364,#3362,.T.) ;
#3372=EDGE_CURVE('',#3364,#3371,#3369,.T.) ;
#3379=EDGE_CURVE('',#3378,#3371,#3376,.T.) ;
#3386=EDGE_CURVE('',#3385,#3378,#3383,.T.) ;
#3391=EDGE_CURVE('',#3385,#2700,#3390,.T.) ;
#3418=EDGE_CURVE('',#3417,#3385,#3415,.T.) ;
#3425=EDGE_CURVE('',#3424,#3417,#3422,.T.) ;
#3430=EDGE_CURVE('',#3424,#2707,#3429,.T.) ;
#3450=EDGE_CURVE('',#3449,#3424,#3447,.T.) ;
#3457=EDGE_CURVE('',#3456,#3449,#3454,.T.) ;
#3464=EDGE_CURVE('',#3463,#3456,#3461,.T.) ;
#3471=EDGE_CURVE('',#3470,#3463,#3468,.T.) ;
#3478=EDGE_CURVE('',#3477,#3470,#3475,.T.) ;
#3483=EDGE_CURVE('',#3477,#2714,#3482,.T.) ;
#3506=EDGE_CURVE('',#3505,#3477,#3503,.T.) ;
#3511=EDGE_CURVE('',#3505,#2721,#3510,.T.) ;
#3526=EDGE_CURVE('',#3523,#3525,#3521,.T.) ;
#3531=EDGE_CURVE('',#3525,#3523,#3530,.T.) ;
#3544=EDGE_CURVE('',#3541,#3543,#3539,.T.) ;
#3549=EDGE_CURVE('',#3543,#3541,#3548,.T.) ;
#3566=EDGE_CURVE('',#3565,#3505,#3563,.T.) ;
#3571=EDGE_CURVE('',#3565,#2728,#3570,.T.) ;
#3592=EDGE_CURVE('',#3591,#3565,#3584,.T.) ;
#3597=EDGE_CURVE('',#3591,#2735,#3596,.F.) ;
#3614=EDGE_CURVE('',#2818,#3591,#3613,.T.) ;
#3629=EDGE_CURVE('',#3626,#3628,#3624,.T.) ;
#3636=EDGE_CURVE('',#3635,#3626,#3633,.T.) ;
#3643=EDGE_CURVE('',#3642,#3635,#3640,.T.) ;
#3648=EDGE_CURVE('',#3628,#3642,#3647,.T.) ;
#3663=EDGE_CURVE('',#3660,#3662,#3658,.T.) ;
#3670=EDGE_CURVE('',#3669,#3660,#3667,.T.) ;
#3677=EDGE_CURVE('',#3676,#3669,#3674,.T.) ;
#3682=EDGE_CURVE('',#3662,#3676,#3681,.T.) ;
#3701=EDGE_CURVE('',#2806,#3700,#3698,.T.) ;
#3706=EDGE_CURVE('',#2756,#3700,#3705,.T.) ;
#3725=EDGE_CURVE('',#3700,#3724,#3722,.T.) ;
#3730=EDGE_CURVE('',#3724,#2763,#3729,.T.) ;
#3747=EDGE_CURVE('',#2799,#3724,#3746,.T.) ;
#3778=EDGE_CURVE('',#2846,#3777,#3775,.T.) ;
#3785=EDGE_CURVE('',#3784,#3777,#3782,.T.) ;
#3790=EDGE_CURVE('',#2825,#3784,#3789,.T.) ;
#3795=EDGE_CURVE('',#3470,#3329,#3794,.T.) ;
#3802=EDGE_CURVE('',#2874,#3801,#3799,.T.) ;
#3809=EDGE_CURVE('',#3808,#3801,#3806,.T.) ;
#3814=EDGE_CURVE('',#2853,#3808,#3813,.T.) ;
#3845=EDGE_CURVE('',#3784,#3844,#3842,.T.) ;
#3850=EDGE_CURVE('',#2832,#3844,#3849,.T.) ;
#3869=EDGE_CURVE('',#3844,#3868,#3866,.T.) ;
#3874=EDGE_CURVE('',#2839,#3868,#3873,.T.) ;
#3891=EDGE_CURVE('',#3868,#3777,#3890,.T.) ;
#3910=EDGE_CURVE('',#3808,#3909,#3907,.T.) ;
#3915=EDGE_CURVE('',#2860,#3909,#3914,.T.) ;
#3934=EDGE_CURVE('',#3909,#3933,#3931,.T.) ;
#3939=EDGE_CURVE('',#2867,#3933,#3938,.T.) ;
#3956=EDGE_CURVE('',#3933,#3801,#3955,.T.) ;
#3989=EDGE_CURVE('',#3986,#3988,#3984,.T.) ;
#3994=EDGE_CURVE('',#2934,#3988,#3993,.T.) ;
#3999=EDGE_CURVE('',#2936,#3986,#3998,.T.) ;
#4018=EDGE_CURVE('',#3988,#4017,#4015,.T.) ;
#4023=EDGE_CURVE('',#2943,#4017,#4022,.T.) ;
#4042=EDGE_CURVE('',#2950,#4041,#4039,.T.) ;
#4047=EDGE_CURVE('',#4041,#4017,#4046,.T.) ;
#4066=EDGE_CURVE('',#2957,#4065,#4063,.T.) ;
#4071=EDGE_CURVE('',#4065,#4041,#4070,.T.) ;
#4090=EDGE_CURVE('',#2964,#4089,#4087,.T.) ;
#4095=EDGE_CURVE('',#4089,#4065,#4094,.T.) ;
#4114=EDGE_CURVE('',#2971,#4113,#4111,.T.) ;
#4119=EDGE_CURVE('',#4113,#4089,#4118,.T.) ;
#4138=EDGE_CURVE('',#2978,#4137,#4135,.T.) ;
#4143=EDGE_CURVE('',#4137,#4113,#4142,.T.) ;
#4162=EDGE_CURVE('',#4137,#4161,#4159,.T.) ;
#4167=EDGE_CURVE('',#2985,#4161,#4166,.T.) ;
#4186=EDGE_CURVE('',#4161,#4185,#4183,.T.) ;
#4191=EDGE_CURVE('',#2992,#4185,#4190,.T.) ;
#4210=EDGE_CURVE('',#2999,#4209,#4207,.T.) ;
#4215=EDGE_CURVE('',#4209,#4185,#4214,.T.) ;
#4234=EDGE_CURVE('',#4209,#4233,#4231,.T.) ;
#4239=EDGE_CURVE('',#3006,#4233,#4238,.T.) ;
#4258=EDGE_CURVE('',#3013,#4257,#4255,.T.) ;
#4263=EDGE_CURVE('',#4257,#4233,#4262,.T.) ;
#4282=EDGE_CURVE('',#3020,#4281,#4279,.T.) ;
#4287=EDGE_CURVE('',#4281,#4257,#4286,.T.) ;
#4306=EDGE_CURVE('',#3027,#4305,#4303,.T.) ;
#4311=EDGE_CURVE('',#4305,#4281,#4310,.T.) ;
#4330=EDGE_CURVE('',#4305,#4329,#4327,.T.) ;
#4335=EDGE_CURVE('',#3034,#4329,#4334,.T.) ;
#4354=EDGE_CURVE('',#4329,#4353,#4351,.T.) ;
#4359=EDGE_CURVE('',#3041,#4353,#4358,.T.) ;
#4378=EDGE_CURVE('',#4353,#4377,#4375,.T.) ;
#4383=EDGE_CURVE('',#3048,#4377,#4382,.T.) ;
#4402=EDGE_CURVE('',#3055,#4401,#4399,.T.) ;
#4407=EDGE_CURVE('',#4401,#4377,#4406,.T.) ;
#4426=EDGE_CURVE('',#3062,#4425,#4423,.T.) ;
#4431=EDGE_CURVE('',#4425,#4401,#4430,.T.) ;
#4448=EDGE_CURVE('',#3986,#4425,#4447,.T.) ;
#4469=EDGE_CURVE('',#4466,#4468,#4464,.T.) ;
#4474=EDGE_CURVE('',#3096,#4468,#4473,.T.) ;
#4479=EDGE_CURVE('',#3098,#4466,#4478,.T.) ;
#4498=EDGE_CURVE('',#4468,#4497,#4495,.T.) ;
#4503=EDGE_CURVE('',#3105,#4497,#4502,.T.) ;
#4522=EDGE_CURVE('',#3112,#4521,#4519,.T.) ;
#4527=EDGE_CURVE('',#4521,#4497,#4526,.T.) ;
#4546=EDGE_CURVE('',#3119,#4545,#4543,.T.) ;
#4551=EDGE_CURVE('',#4545,#4521,#4550,.T.) ;
#4570=EDGE_CURVE('',#3126,#4569,#4567,.T.) ;
#4575=EDGE_CURVE('',#4569,#4545,#4574,.T.) ;
#4594=EDGE_CURVE('',#3133,#4593,#4591,.T.) ;
#4599=EDGE_CURVE('',#4593,#4569,#4598,.T.) ;
#4618=EDGE_CURVE('',#3140,#4617,#4615,.T.) ;
#4623=EDGE_CURVE('',#4617,#4593,#4622,.T.) ;
#4642=EDGE_CURVE('',#4617,#4641,#4639,.T.) ;
#4647=EDGE_CURVE('',#3147,#4641,#4646,.T.) ;
#4666=EDGE_CURVE('',#4641,#4665,#4663,.T.) ;
#4671=EDGE_CURVE('',#3154,#4665,#4670,.T.) ;
#4690=EDGE_CURVE('',#3161,#4689,#4687,.T.) ;
#4695=EDGE_CURVE('',#4689,#4665,#4694,.T.) ;
#4714=EDGE_CURVE('',#4689,#4713,#4711,.T.) ;
#4719=EDGE_CURVE('',#3168,#4713,#4718,.T.) ;
#4738=EDGE_CURVE('',#3175,#4737,#4735,.T.) ;
#4743=EDGE_CURVE('',#4737,#4713,#4742,.T.) ;
#4762=EDGE_CURVE('',#3182,#4761,#4759,.T.) ;
#4767=EDGE_CURVE('',#4761,#4737,#4766,.T.) ;
#4786=EDGE_CURVE('',#3189,#4785,#4783,.T.) ;
#4791=EDGE_CURVE('',#4785,#4761,#4790,.T.) ;
#4810=EDGE_CURVE('',#4785,#4809,#4807,.T.) ;
#4815=EDGE_CURVE('',#3196,#4809,#4814,.T.) ;
#4834=EDGE_CURVE('',#4809,#4833,#4831,.T.) ;
#4839=EDGE_CURVE('',#3203,#4833,#4838,.T.) ;
#4858=EDGE_CURVE('',#4833,#4857,#4855,.T.) ;
#4863=EDGE_CURVE('',#3210,#4857,#4862,.T.) ;
#4882=EDGE_CURVE('',#3217,#4881,#4879,.T.) ;
#4887=EDGE_CURVE('',#4881,#4857,#4886,.T.) ;
#4906=EDGE_CURVE('',#3224,#4905,#4903,.T.) ;
#4911=EDGE_CURVE('',#4905,#4881,#4910,.T.) ;
#4928=EDGE_CURVE('',#4466,#4905,#4927,.T.) ;
#4945=EDGE_CURVE('',#3336,#3463,#4944,.T.) ;
#4964=EDGE_CURVE('',#3463,#4963,#4961,.T.) ;
#4969=EDGE_CURVE('',#3343,#4963,#4968,.T.) ;
#4988=EDGE_CURVE('',#4963,#4987,#4985,.T.) ;
#4993=EDGE_CURVE('',#4987,#3350,#4992,.T.) ;
#5010=EDGE_CURVE('',#3456,#4987,#5009,.T.) ;
#5015=EDGE_CURVE('',#3456,#3357,#5014,.T.) ;
#5032=EDGE_CURVE('',#3364,#3449,#5031,.T.) ;
#5051=EDGE_CURVE('',#3449,#5050,#5048,.T.) ;
#5056=EDGE_CURVE('',#3371,#5050,#5055,.T.) ;
#5075=EDGE_CURVE('',#5050,#5074,#5072,.T.) ;
#5082=EDGE_CURVE('',#5074,#5081,#5079,.T.) ;
#5087=EDGE_CURVE('',#5081,#3378,#5086,.T.) ;
#5105=EDGE_CURVE('',#3417,#5081,#5104,.T.) ;
#5122=EDGE_CURVE('',#3424,#5074,#5121,.T.) ;
#5167=EDGE_CURVE('',#5164,#5166,#5162,.F.) ;
#5172=EDGE_CURVE('',#5166,#3523,#5171,.T.) ;
#5177=EDGE_CURVE('',#5164,#3525,#5176,.T.) ;
#5200=EDGE_CURVE('',#5166,#5164,#5190,.T.) ;
#5221=EDGE_CURVE('',#5218,#5220,#5216,.F.) ;
#5226=EDGE_CURVE('',#5220,#3541,#5225,.T.) ;
#5231=EDGE_CURVE('',#5218,#3543,#5230,.T.) ;
#5254=EDGE_CURVE('',#5220,#5218,#5244,.T.) ;
#5273=EDGE_CURVE('',#3626,#5272,#5270,.T.) ;
#5280=EDGE_CURVE('',#3628,#5279,#5277,.T.) ;
#5285=EDGE_CURVE('',#5272,#5279,#5284,.T.) ;
#5304=EDGE_CURVE('',#3635,#5303,#5301,.T.) ;
#5309=EDGE_CURVE('',#5303,#5272,#5308,.T.) ;
#5328=EDGE_CURVE('',#3642,#5327,#5325,.T.) ;
#5333=EDGE_CURVE('',#5327,#5303,#5332,.T.) ;
#5350=EDGE_CURVE('',#5279,#5327,#5349,.T.) ;
#5369=EDGE_CURVE('',#3660,#5368,#5366,.T.) ;
#5376=EDGE_CURVE('',#3662,#5375,#5373,.T.) ;
#5381=EDGE_CURVE('',#5368,#5375,#5380,.T.) ;
#5400=EDGE_CURVE('',#3669,#5399,#5397,.T.) ;
#5405=EDGE_CURVE('',#5399,#5368,#5404,.T.) ;
#5424=EDGE_CURVE('',#3676,#5423,#5421,.T.) ;
#5429=EDGE_CURVE('',#5423,#5399,#5428,.T.) ;
#5446=EDGE_CURVE('',#5375,#5423,#5445,.T.) ;
#51=EDGE_LOOP('',(#52,#53)) ;
#111=EDGE_LOOP('',(#112,#113,#114,#115,#116,#117,#118,#119)) ;
#160=EDGE_LOOP('',(#161,#162,#163,#164,#165,#166,#167,#168)) ;
#209=EDGE_LOOP('',(#210,#211,#212,#213,#214,#215,#216)) ;
#257=EDGE_LOOP('',(#258,#259,#260,#261,#262,#263,#264)) ;
#284=EDGE_LOOP('',(#285,#286,#287,#288)) ;
#355=EDGE_LOOP('',(#356,#357,#358,#359,#360,#361,#362,#363,#364,#365,#366,#367)) ;
#380=EDGE_LOOP('',(#381,#382,#383,#384)) ;
#397=EDGE_LOOP('',(#398,#399,#400,#401)) ;
#414=EDGE_LOOP('',(#415,#416,#417,#418)) ;
#431=EDGE_LOOP('',(#432,#433,#434,#435)) ;
#448=EDGE_LOOP('',(#449,#450,#451,#452)) ;
#460=EDGE_LOOP('',(#461,#462,#463,#464)) ;
#477=EDGE_LOOP('',(#478,#479,#480,#481)) ;
#494=EDGE_LOOP('',(#495,#496,#497,#498)) ;
#506=EDGE_LOOP('',(#507,#508,#509,#510)) ;
#537=EDGE_LOOP('',(#538,#539)) ;
#597=EDGE_LOOP('',(#598,#599,#600,#601,#602,#603,#604,#605)) ;
#646=EDGE_LOOP('',(#647,#648,#649,#650,#651,#652,#653,#654)) ;
#695=EDGE_LOOP('',(#696,#697,#698,#699,#700,#701,#702)) ;
#743=EDGE_LOOP('',(#744,#745,#746,#747,#748,#749,#750)) ;
#770=EDGE_LOOP('',(#771,#772,#773,#774)) ;
#841=EDGE_LOOP('',(#842,#843,#844,#845,#846,#847,#848,#849,#850,#851,#852,#853)) ;
#866=EDGE_LOOP('',(#867,#868,#869,#870)) ;
#883=EDGE_LOOP('',(#884,#885,#886,#887)) ;
#900=EDGE_LOOP('',(#901,#902,#903,#904)) ;
#917=EDGE_LOOP('',(#918,#919,#920,#921)) ;
#934=EDGE_LOOP('',(#935,#936,#937,#938)) ;
#946=EDGE_LOOP('',(#947,#948,#949,#950)) ;
#963=EDGE_LOOP('',(#964,#965,#966,#967)) ;
#980=EDGE_LOOP('',(#981,#982,#983,#984)) ;
#992=EDGE_LOOP('',(#993,#994,#995,#996)) ;
#1035=EDGE_LOOP('',(#1036,#1037,#1038,#1039)) ;
#1118=EDGE_LOOP('',(#1119,#1120,#1121,#1122,#1123,#1124,#1125,#1126,#1127,#1128,#1129)) ;
#1149=EDGE_LOOP('',(#1150,#1151,#1152,#1153)) ;
#1225=EDGE_LOOP('',(#1226,#1227,#1228,#1229,#1230,#1231,#1232,#1233,#1234,#1235,#1236)) ;
#1249=EDGE_LOOP('',(#1250,#1251,#1252,#1253)) ;
#1266=EDGE_LOOP('',(#1267,#1268,#1269,#1270,#1271,#1272)) ;
#1285=EDGE_LOOP('',(#1286,#1287,#1288,#1289)) ;
#1354=EDGE_LOOP('',(#1355,#1356,#1357,#1358,#1359,#1360,#1361,#1362,#1363,#1364)) ;
#1385=EDGE_LOOP('',(#1386,#1387,#1388,#1389)) ;
#1447=EDGE_LOOP('',(#1448,#1449,#1450,#1451,#1452,#1453,#1454,#1455,#1456,#1457)) ;
#1470=EDGE_LOOP('',(#1471,#1472,#1473,#1474)) ;
#1482=EDGE_LOOP('',(#1483,#1484,#1485,#1486)) ;
#1499=EDGE_LOOP('',(#1500,#1501,#1502,#1503)) ;
#1516=EDGE_LOOP('',(#1517,#1518,#1519,#1520)) ;
#1533=EDGE_LOOP('',(#1534,#1535,#1536,#1537)) ;
#1564=EDGE_LOOP('',(#1565,#1566,#1567,#1568,#1569,#1570)) ;
#1610=EDGE_LOOP('',(#1611,#1612,#1613,#1614,#1615,#1616)) ;
#1637=EDGE_LOOP('',(#1638,#1639,#1640,#1641,#1642,#1643)) ;
#1670=EDGE_LOOP('',(#1671,#1672,#1673,#1674,#1675,#1676)) ;
#1689=EDGE_LOOP('',(#1690,#1691,#1692,#1693)) ;
#1720=EDGE_LOOP('',(#1721,#1722,#1723,#1724)) ;
#1737=EDGE_LOOP('',(#1738,#1739,#1740,#1741)) ;
#1768=EDGE_LOOP('',(#1769,#1770,#1771,#1772)) ;
#1785=EDGE_LOOP('',(#1786,#1787,#1788,#1789)) ;
#1802=EDGE_LOOP('',(#1803,#1804,#1805,#1806)) ;
#1814=EDGE_LOOP('',(#1815,#1816,#1817,#1818)) ;
#1857=EDGE_LOOP('',(#1858,#1859,#1860,#1861)) ;
#1940=EDGE_LOOP('',(#1941,#1942,#1943,#1944,#1945,#1946,#1947,#1948,#1949,#1950,#1951)) ;
#1971=EDGE_LOOP('',(#1972,#1973,#1974,#1975)) ;
#2047=EDGE_LOOP('',(#2048,#2049,#2050,#2051,#2052,#2053,#2054,#2055,#2056,#2057,#2058)) ;
#2071=EDGE_LOOP('',(#2072,#2073,#2074,#2075)) ;
#2088=EDGE_LOOP('',(#2089,#2090,#2091,#2092,#2093,#2094)) ;
#2107=EDGE_LOOP('',(#2108,#2109,#2110,#2111)) ;
#2176=EDGE_LOOP('',(#2177,#2178,#2179,#2180,#2181,#2182,#2183,#2184,#2185,#2186)) ;
#2207=EDGE_LOOP('',(#2208,#2209,#2210,#2211)) ;
#2269=EDGE_LOOP('',(#2270,#2271,#2272,#2273,#2274,#2275,#2276,#2277,#2278,#2279)) ;
#2292=EDGE_LOOP('',(#2293,#2294,#2295,#2296)) ;
#2304=EDGE_LOOP('',(#2305,#2306,#2307,#2308)) ;
#2321=EDGE_LOOP('',(#2322,#2323,#2324,#2325)) ;
#2338=EDGE_LOOP('',(#2339,#2340,#2341,#2342)) ;
#2355=EDGE_LOOP('',(#2356,#2357,#2358,#2359)) ;
#2386=EDGE_LOOP('',(#2387,#2388,#2389,#2390,#2391,#2392)) ;
#2432=EDGE_LOOP('',(#2433,#2434,#2435,#2436,#2437,#2438)) ;
#2459=EDGE_LOOP('',(#2460,#2461,#2462,#2463,#2464,#2465)) ;
#2492=EDGE_LOOP('',(#2493,#2494,#2495,#2496,#2497,#2498)) ;
#2511=EDGE_LOOP('',(#2512,#2513,#2514,#2515)) ;
#2542=EDGE_LOOP('',(#2543,#2544,#2545,#2546)) ;
#2559=EDGE_LOOP('',(#2560,#2561,#2562,#2563)) ;
#2590=EDGE_LOOP('',(#2591,#2592,#2593,#2594)) ;
#2607=EDGE_LOOP('',(#2608,#2609,#2610,#2611)) ;
#2624=EDGE_LOOP('',(#2625,#2626,#2627,#2628)) ;
#2636=EDGE_LOOP('',(#2637,#2638,#2639,#2640)) ;
#2770=EDGE_LOOP('',(#2771,#2772,#2773,#2774,#2775,#2776,#2777,#2778,#2779,#2780,#2781,#2782,#2783,#2784,#2785,#2786)) ;
#2907=EDGE_LOOP('',(#2908,#2909,#2910,#2911,#2912,#2913,#2914,#2915,#2916,#2917,#2918,#2919,#2920,#2921,#2922,#2923,#2924,#2925,#2926,#2927)) ;
#3069=EDGE_LOOP('',(#3070,#3071,#3072,#3073,#3074,#3075,#3076,#3077,#3078,#3079,#3080,#3081,#3082,#3083,#3084,#3085,#3086,#3087,#3088,#3089)) ;
#3231=EDGE_LOOP('',(#3232,#3233,#3234,#3235,#3236,#3237,#3238,#3239,#3240,#3241,#3242,#3243,#3244,#3245,#3246,#3247,#3248,#3249,#3250,#3251)) ;
#3271=EDGE_LOOP('',(#3272,#3273,#3274,#3275)) ;
#3295=EDGE_LOOP('',(#3296,#3297,#3298,#3299)) ;
#3312=EDGE_LOOP('',(#3313,#3314,#3315,#3316)) ;
#3392=EDGE_LOOP('',(#3393,#3394,#3395,#3396,#3397,#3398,#3399,#3400,#3401,#3402,#3403,#3404)) ;
#3431=EDGE_LOOP('',(#3432,#3433,#3434,#3435,#3436)) ;
#3484=EDGE_LOOP('',(#3485,#3486,#3487,#3488,#3489,#3490,#3491,#3492)) ;
#3512=EDGE_LOOP('',(#3513,#3514,#3515,#3516)) ;
#3532=EDGE_LOOP('',(#3533,#3534)) ;
#3550=EDGE_LOOP('',(#3551,#3552)) ;
#3572=EDGE_LOOP('',(#3573,#3574,#3575,#3576)) ;
#3598=EDGE_LOOP('',(#3599,#3600,#3601,#3602)) ;
#3615=EDGE_LOOP('',(#3616,#3617,#3618,#3619)) ;
#3649=EDGE_LOOP('',(#3650,#3651,#3652,#3653)) ;
#3683=EDGE_LOOP('',(#3684,#3685,#3686,#3687)) ;
#3707=EDGE_LOOP('',(#3708,#3709,#3710,#3711)) ;
#3731=EDGE_LOOP('',(#3732,#3733,#3734,#3735)) ;
#3748=EDGE_LOOP('',(#3749,#3750,#3751,#3752)) ;
#3760=EDGE_LOOP('',(#3761,#3762,#3763,#3764)) ;
#3815=EDGE_LOOP('',(#3816,#3817,#3818,#3819,#3820,#3821,#3822,#3823,#3824,#3825,#3826,#3827,#3828,#3829,#3830,#3831)) ;
#3851=EDGE_LOOP('',(#3852,#3853,#3854,#3855)) ;
#3875=EDGE_LOOP('',(#3876,#3877,#3878,#3879)) ;
#3892=EDGE_LOOP('',(#3893,#3894,#3895,#3896)) ;
#3916=EDGE_LOOP('',(#3917,#3918,#3919,#3920)) ;
#3940=EDGE_LOOP('',(#3941,#3942,#3943,#3944)) ;
#3957=EDGE_LOOP('',(#3958,#3959,#3960,#3961)) ;
#3969=EDGE_LOOP('',(#3970,#3971,#3972,#3973)) ;
#4000=EDGE_LOOP('',(#4001,#4002,#4003,#4004)) ;
#4024=EDGE_LOOP('',(#4025,#4026,#4027,#4028)) ;
#4048=EDGE_LOOP('',(#4049,#4050,#4051,#4052)) ;
#4072=EDGE_LOOP('',(#4073,#4074,#4075,#4076)) ;
#4096=EDGE_LOOP('',(#4097,#4098,#4099,#4100)) ;
#4120=EDGE_LOOP('',(#4121,#4122,#4123,#4124)) ;
#4144=EDGE_LOOP('',(#4145,#4146,#4147,#4148)) ;
#4168=EDGE_LOOP('',(#4169,#4170,#4171,#4172)) ;
#4192=EDGE_LOOP('',(#4193,#4194,#4195,#4196)) ;
#4216=EDGE_LOOP('',(#4217,#4218,#4219,#4220)) ;
#4240=EDGE_LOOP('',(#4241,#4242,#4243,#4244)) ;
#4264=EDGE_LOOP('',(#4265,#4266,#4267,#4268)) ;
#4288=EDGE_LOOP('',(#4289,#4290,#4291,#4292)) ;
#4312=EDGE_LOOP('',(#4313,#4314,#4315,#4316)) ;
#4336=EDGE_LOOP('',(#4337,#4338,#4339,#4340)) ;
#4360=EDGE_LOOP('',(#4361,#4362,#4363,#4364)) ;
#4384=EDGE_LOOP('',(#4385,#4386,#4387,#4388)) ;
#4408=EDGE_LOOP('',(#4409,#4410,#4411,#4412)) ;
#4432=EDGE_LOOP('',(#4433,#4434,#4435,#4436)) ;
#4449=EDGE_LOOP('',(#4450,#4451,#4452,#4453)) ;
#4480=EDGE_LOOP('',(#4481,#4482,#4483,#4484)) ;
#4504=EDGE_LOOP('',(#4505,#4506,#4507,#4508)) ;
#4528=EDGE_LOOP('',(#4529,#4530,#4531,#4532)) ;
#4552=EDGE_LOOP('',(#4553,#4554,#4555,#4556)) ;
#4576=EDGE_LOOP('',(#4577,#4578,#4579,#4580)) ;
#4600=EDGE_LOOP('',(#4601,#4602,#4603,#4604)) ;
#4624=EDGE_LOOP('',(#4625,#4626,#4627,#4628)) ;
#4648=EDGE_LOOP('',(#4649,#4650,#4651,#4652)) ;
#4672=EDGE_LOOP('',(#4673,#4674,#4675,#4676)) ;
#4696=EDGE_LOOP('',(#4697,#4698,#4699,#4700)) ;
#4720=EDGE_LOOP('',(#4721,#4722,#4723,#4724)) ;
#4744=EDGE_LOOP('',(#4745,#4746,#4747,#4748)) ;
#4768=EDGE_LOOP('',(#4769,#4770,#4771,#4772)) ;
#4792=EDGE_LOOP('',(#4793,#4794,#4795,#4796)) ;
#4816=EDGE_LOOP('',(#4817,#4818,#4819,#4820)) ;
#4840=EDGE_LOOP('',(#4841,#4842,#4843,#4844)) ;
#4864=EDGE_LOOP('',(#4865,#4866,#4867,#4868)) ;
#4888=EDGE_LOOP('',(#4889,#4890,#4891,#4892)) ;
#4912=EDGE_LOOP('',(#4913,#4914,#4915,#4916)) ;
#4929=EDGE_LOOP('',(#4930,#4931,#4932,#4933)) ;
#4946=EDGE_LOOP('',(#4947,#4948,#4949,#4950)) ;
#4970=EDGE_LOOP('',(#4971,#4972,#4973,#4974)) ;
#4994=EDGE_LOOP('',(#4995,#4996,#4997,#4998)) ;
#5016=EDGE_LOOP('',(#5017,#5018,#5019,#5020)) ;
#5033=EDGE_LOOP('',(#5034,#5035,#5036,#5037)) ;
#5057=EDGE_LOOP('',(#5058,#5059,#5060,#5061)) ;
#5088=EDGE_LOOP('',(#5089,#5090,#5091,#5092,#5093)) ;
#5106=EDGE_LOOP('',(#5107,#5108,#5109,#5110)) ;
#5123=EDGE_LOOP('',(#5124,#5125,#5126,#5127)) ;
#5135=EDGE_LOOP('',(#5136,#5137,#5138,#5139)) ;
#5147=EDGE_LOOP('',(#5148,#5149,#5150,#5151)) ;
#5178=EDGE_LOOP('',(#5179,#5180,#5181,#5182)) ;
#5201=EDGE_LOOP('',(#5202,#5203,#5204,#5205)) ;
#5232=EDGE_LOOP('',(#5233,#5234,#5235,#5236)) ;
#5255=EDGE_LOOP('',(#5256,#5257,#5258,#5259)) ;
#5286=EDGE_LOOP('',(#5287,#5288,#5289,#5290)) ;
#5310=EDGE_LOOP('',(#5311,#5312,#5313,#5314)) ;
#5334=EDGE_LOOP('',(#5335,#5336,#5337,#5338)) ;
#5351=EDGE_LOOP('',(#5352,#5353,#5354,#5355)) ;
#5382=EDGE_LOOP('',(#5383,#5384,#5385,#5386)) ;
#5406=EDGE_LOOP('',(#5407,#5408,#5409,#5410)) ;
#5430=EDGE_LOOP('',(#5431,#5432,#5433,#5434)) ;
#5447=EDGE_LOOP('',(#5448,#5449,#5450,#5451)) ;
#5459=EDGE_LOOP('',(#5460,#5461,#5462,#5463)) ;
#5471=EDGE_LOOP('',(#5472,#5473,#5474,#5475)) ;
#5483=EDGE_LOOP('',(#5484,#5485,#5486,#5487,#5488,#5489,#5490,#5491,#5492,#5493,#5494,#5495,#5496,#5497,#5498,#5499,#5500,#5501,#5502,#5503)) ;
#5511=EDGE_LOOP('',(#5512,#5513,#5514,#5515,#5516,#5517,#5518,#5519,#5520,#5521,#5522,#5523,#5524,#5525,#5526,#5527,#5528,#5529,#5530,#5531)) ;
#5539=EDGE_LOOP('',(#5540,#5541)) ;
#5549=EDGE_LOOP('',(#5550,#5551)) ;
#5559=EDGE_LOOP('',(#5560,#5561,#5562,#5563)) ;
#5571=EDGE_LOOP('',(#5572,#5573,#5574,#5575)) ;
#54=FACE_OUTER_BOUND('',#51,.T.) ;
#120=FACE_OUTER_BOUND('',#111,.T.) ;
#169=FACE_OUTER_BOUND('',#160,.T.) ;
#217=FACE_OUTER_BOUND('',#209,.T.) ;
#265=FACE_OUTER_BOUND('',#257,.T.) ;
#289=FACE_OUTER_BOUND('',#284,.T.) ;
#368=FACE_OUTER_BOUND('',#355,.T.) ;
#385=FACE_OUTER_BOUND('',#380,.T.) ;
#402=FACE_OUTER_BOUND('',#397,.T.) ;
#419=FACE_OUTER_BOUND('',#414,.T.) ;
#436=FACE_OUTER_BOUND('',#431,.T.) ;
#453=FACE_OUTER_BOUND('',#448,.T.) ;
#465=FACE_OUTER_BOUND('',#460,.T.) ;
#482=FACE_OUTER_BOUND('',#477,.T.) ;
#499=FACE_OUTER_BOUND('',#494,.T.) ;
#511=FACE_OUTER_BOUND('',#506,.T.) ;
#540=FACE_OUTER_BOUND('',#537,.T.) ;
#606=FACE_OUTER_BOUND('',#597,.T.) ;
#655=FACE_OUTER_BOUND('',#646,.T.) ;
#703=FACE_OUTER_BOUND('',#695,.T.) ;
#751=FACE_OUTER_BOUND('',#743,.T.) ;
#775=FACE_OUTER_BOUND('',#770,.T.) ;
#854=FACE_OUTER_BOUND('',#841,.T.) ;
#871=FACE_OUTER_BOUND('',#866,.T.) ;
#888=FACE_OUTER_BOUND('',#883,.T.) ;
#905=FACE_OUTER_BOUND('',#900,.T.) ;
#922=FACE_OUTER_BOUND('',#917,.T.) ;
#939=FACE_OUTER_BOUND('',#934,.T.) ;
#951=FACE_OUTER_BOUND('',#946,.T.) ;
#968=FACE_OUTER_BOUND('',#963,.T.) ;
#985=FACE_OUTER_BOUND('',#980,.T.) ;
#997=FACE_OUTER_BOUND('',#992,.T.) ;
#1040=FACE_OUTER_BOUND('',#1035,.T.) ;
#1130=FACE_OUTER_BOUND('',#1118,.T.) ;
#1154=FACE_OUTER_BOUND('',#1149,.T.) ;
#1237=FACE_OUTER_BOUND('',#1225,.T.) ;
#1254=FACE_OUTER_BOUND('',#1249,.T.) ;
#1273=FACE_OUTER_BOUND('',#1266,.T.) ;
#1290=FACE_OUTER_BOUND('',#1285,.T.) ;
#1365=FACE_OUTER_BOUND('',#1354,.T.) ;
#1390=FACE_OUTER_BOUND('',#1385,.T.) ;
#1458=FACE_OUTER_BOUND('',#1447,.T.) ;
#1475=FACE_OUTER_BOUND('',#1470,.T.) ;
#1487=FACE_OUTER_BOUND('',#1482,.T.) ;
#1504=FACE_OUTER_BOUND('',#1499,.T.) ;
#1521=FACE_OUTER_BOUND('',#1516,.T.) ;
#1538=FACE_OUTER_BOUND('',#1533,.T.) ;
#1571=FACE_OUTER_BOUND('',#1564,.T.) ;
#1617=FACE_OUTER_BOUND('',#1610,.T.) ;
#1644=FACE_OUTER_BOUND('',#1637,.T.) ;
#1677=FACE_OUTER_BOUND('',#1670,.T.) ;
#1694=FACE_OUTER_BOUND('',#1689,.T.) ;
#1725=FACE_OUTER_BOUND('',#1720,.T.) ;
#1742=FACE_OUTER_BOUND('',#1737,.T.) ;
#1773=FACE_OUTER_BOUND('',#1768,.T.) ;
#1790=FACE_OUTER_BOUND('',#1785,.T.) ;
#1807=FACE_OUTER_BOUND('',#1802,.T.) ;
#1819=FACE_OUTER_BOUND('',#1814,.T.) ;
#1862=FACE_OUTER_BOUND('',#1857,.T.) ;
#1952=FACE_OUTER_BOUND('',#1940,.T.) ;
#1976=FACE_OUTER_BOUND('',#1971,.T.) ;
#2059=FACE_OUTER_BOUND('',#2047,.T.) ;
#2076=FACE_OUTER_BOUND('',#2071,.T.) ;
#2095=FACE_OUTER_BOUND('',#2088,.T.) ;
#2112=FACE_OUTER_BOUND('',#2107,.T.) ;
#2187=FACE_OUTER_BOUND('',#2176,.T.) ;
#2212=FACE_OUTER_BOUND('',#2207,.T.) ;
#2280=FACE_OUTER_BOUND('',#2269,.T.) ;
#2297=FACE_OUTER_BOUND('',#2292,.T.) ;
#2309=FACE_OUTER_BOUND('',#2304,.T.) ;
#2326=FACE_OUTER_BOUND('',#2321,.T.) ;
#2343=FACE_OUTER_BOUND('',#2338,.T.) ;
#2360=FACE_OUTER_BOUND('',#2355,.T.) ;
#2393=FACE_OUTER_BOUND('',#2386,.T.) ;
#2439=FACE_OUTER_BOUND('',#2432,.T.) ;
#2466=FACE_OUTER_BOUND('',#2459,.T.) ;
#2499=FACE_OUTER_BOUND('',#2492,.T.) ;
#2516=FACE_OUTER_BOUND('',#2511,.T.) ;
#2547=FACE_OUTER_BOUND('',#2542,.T.) ;
#2564=FACE_OUTER_BOUND('',#2559,.T.) ;
#2595=FACE_OUTER_BOUND('',#2590,.T.) ;
#2612=FACE_OUTER_BOUND('',#2607,.T.) ;
#2629=FACE_OUTER_BOUND('',#2624,.T.) ;
#2641=FACE_OUTER_BOUND('',#2636,.T.) ;
#2787=FACE_OUTER_BOUND('',#2770,.T.) ;
#2928=FACE_OUTER_BOUND('',#2907,.T.) ;
#3276=FACE_OUTER_BOUND('',#3271,.T.) ;
#3300=FACE_OUTER_BOUND('',#3295,.T.) ;
#3317=FACE_OUTER_BOUND('',#3312,.T.) ;
#3405=FACE_OUTER_BOUND('',#3392,.T.) ;
#3437=FACE_OUTER_BOUND('',#3431,.T.) ;
#3493=FACE_OUTER_BOUND('',#3484,.T.) ;
#3517=FACE_OUTER_BOUND('',#3512,.T.) ;
#3577=FACE_OUTER_BOUND('',#3572,.T.) ;
#3603=FACE_OUTER_BOUND('',#3598,.T.) ;
#3620=FACE_OUTER_BOUND('',#3615,.T.) ;
#3712=FACE_OUTER_BOUND('',#3707,.T.) ;
#3736=FACE_OUTER_BOUND('',#3731,.T.) ;
#3753=FACE_OUTER_BOUND('',#3748,.T.) ;
#3765=FACE_OUTER_BOUND('',#3760,.T.) ;
#3832=FACE_OUTER_BOUND('',#3815,.T.) ;
#3856=FACE_OUTER_BOUND('',#3851,.T.) ;
#3880=FACE_OUTER_BOUND('',#3875,.T.) ;
#3897=FACE_OUTER_BOUND('',#3892,.T.) ;
#3921=FACE_OUTER_BOUND('',#3916,.T.) ;
#3945=FACE_OUTER_BOUND('',#3940,.T.) ;
#3962=FACE_OUTER_BOUND('',#3957,.T.) ;
#3974=FACE_OUTER_BOUND('',#3969,.T.) ;
#4005=FACE_OUTER_BOUND('',#4000,.T.) ;
#4029=FACE_OUTER_BOUND('',#4024,.T.) ;
#4053=FACE_OUTER_BOUND('',#4048,.T.) ;
#4077=FACE_OUTER_BOUND('',#4072,.T.) ;
#4101=FACE_OUTER_BOUND('',#4096,.T.) ;
#4125=FACE_OUTER_BOUND('',#4120,.T.) ;
#4149=FACE_OUTER_BOUND('',#4144,.T.) ;
#4173=FACE_OUTER_BOUND('',#4168,.T.) ;
#4197=FACE_OUTER_BOUND('',#4192,.T.) ;
#4221=FACE_OUTER_BOUND('',#4216,.T.) ;
#4245=FACE_OUTER_BOUND('',#4240,.T.) ;
#4269=FACE_OUTER_BOUND('',#4264,.T.) ;
#4293=FACE_OUTER_BOUND('',#4288,.T.) ;
#4317=FACE_OUTER_BOUND('',#4312,.T.) ;
#4341=FACE_OUTER_BOUND('',#4336,.T.) ;
#4365=FACE_OUTER_BOUND('',#4360,.T.) ;
#4389=FACE_OUTER_BOUND('',#4384,.T.) ;
#4413=FACE_OUTER_BOUND('',#4408,.T.) ;
#4437=FACE_OUTER_BOUND('',#4432,.T.) ;
#4454=FACE_OUTER_BOUND('',#4449,.T.) ;
#4485=FACE_OUTER_BOUND('',#4480,.T.) ;
#4509=FACE_OUTER_BOUND('',#4504,.T.) ;
#4533=FACE_OUTER_BOUND('',#4528,.T.) ;
#4557=FACE_OUTER_BOUND('',#4552,.T.) ;
#4581=FACE_OUTER_BOUND('',#4576,.T.) ;
#4605=FACE_OUTER_BOUND('',#4600,.T.) ;
#4629=FACE_OUTER_BOUND('',#4624,.T.) ;
#4653=FACE_OUTER_BOUND('',#4648,.T.) ;
#4677=FACE_OUTER_BOUND('',#4672,.T.) ;
#4701=FACE_OUTER_BOUND('',#4696,.T.) ;
#4725=FACE_OUTER_BOUND('',#4720,.T.) ;
#4749=FACE_OUTER_BOUND('',#4744,.T.) ;
#4773=FACE_OUTER_BOUND('',#4768,.T.) ;
#4797=FACE_OUTER_BOUND('',#4792,.T.) ;
#4821=FACE_OUTER_BOUND('',#4816,.T.) ;
#4845=FACE_OUTER_BOUND('',#4840,.T.) ;
#4869=FACE_OUTER_BOUND('',#4864,.T.) ;
#4893=FACE_OUTER_BOUND('',#4888,.T.) ;
#4917=FACE_OUTER_BOUND('',#4912,.T.) ;
#4934=FACE_OUTER_BOUND('',#4929,.T.) ;
#4951=FACE_OUTER_BOUND('',#4946,.T.) ;
#4975=FACE_OUTER_BOUND('',#4970,.T.) ;
#4999=FACE_OUTER_BOUND('',#4994,.T.) ;
#5021=FACE_OUTER_BOUND('',#5016,.T.) ;
#5038=FACE_OUTER_BOUND('',#5033,.T.) ;
#5062=FACE_OUTER_BOUND('',#5057,.T.) ;
#5094=FACE_OUTER_BOUND('',#5088,.T.) ;
#5111=FACE_OUTER_BOUND('',#5106,.T.) ;
#5128=FACE_OUTER_BOUND('',#5123,.T.) ;
#5140=FACE_OUTER_BOUND('',#5135,.T.) ;
#5152=FACE_OUTER_BOUND('',#5147,.T.) ;
#5183=FACE_OUTER_BOUND('',#5178,.T.) ;
#5206=FACE_OUTER_BOUND('',#5201,.T.) ;
#5237=FACE_OUTER_BOUND('',#5232,.T.) ;
#5260=FACE_OUTER_BOUND('',#5255,.T.) ;
#5291=FACE_OUTER_BOUND('',#5286,.T.) ;
#5315=FACE_OUTER_BOUND('',#5310,.T.) ;
#5339=FACE_OUTER_BOUND('',#5334,.T.) ;
#5356=FACE_OUTER_BOUND('',#5351,.T.) ;
#5387=FACE_OUTER_BOUND('',#5382,.T.) ;
#5411=FACE_OUTER_BOUND('',#5406,.T.) ;
#5435=FACE_OUTER_BOUND('',#5430,.T.) ;
#5452=FACE_OUTER_BOUND('',#5447,.T.) ;
#5464=FACE_OUTER_BOUND('',#5459,.T.) ;
#5476=FACE_OUTER_BOUND('',#5471,.T.) ;
#5504=FACE_OUTER_BOUND('',#5483,.T.) ;
#5532=FACE_OUTER_BOUND('',#5511,.T.) ;
#5542=FACE_OUTER_BOUND('',#5539,.T.) ;
#5552=FACE_OUTER_BOUND('',#5549,.T.) ;
#5564=FACE_OUTER_BOUND('',#5559,.T.) ;
#5576=FACE_OUTER_BOUND('',#5571,.T.) ;
#73=LINE('Line',#70,#72) ;
#78=LINE('Line',#75,#77) ;
#95=LINE('Line',#92,#94) ;
#109=LINE('Line',#106,#108) ;
#144=LINE('Line',#141,#143) ;
#158=LINE('Line',#155,#157) ;
#179=LINE('Line',#176,#178) ;
#186=LINE('Line',#183,#185) ;
#200=LINE('Line',#197,#199) ;
#207=LINE('Line',#204,#206) ;
#227=LINE('Line',#224,#226) ;
#234=LINE('Line',#231,#233) ;
#248=LINE('Line',#245,#247) ;
#255=LINE('Line',#252,#254) ;
#275=LINE('Line',#272,#274) ;
#282=LINE('Line',#279,#281) ;
#299=LINE('Line',#296,#298) ;
#313=LINE('Line',#310,#312) ;
#320=LINE('Line',#317,#319) ;
#325=LINE('Line',#322,#324) ;
#332=LINE('Line',#329,#331) ;
#346=LINE('Line',#343,#345) ;
#353=LINE('Line',#350,#352) ;
#378=LINE('Line',#375,#377) ;
#395=LINE('Line',#392,#394) ;
#412=LINE('Line',#409,#411) ;
#429=LINE('Line',#426,#428) ;
#446=LINE('Line',#443,#445) ;
#475=LINE('Line',#472,#474) ;
#492=LINE('Line',#489,#491) ;
#559=LINE('Line',#556,#558) ;
#564=LINE('Line',#561,#563) ;
#581=LINE('Line',#578,#580) ;
#595=LINE('Line',#592,#594) ;
#630=LINE('Line',#627,#629) ;
#644=LINE('Line',#641,#643) ;
#665=LINE('Line',#662,#664) ;
#672=LINE('Line',#669,#671) ;
#686=LINE('Line',#683,#685) ;
#693=LINE('Line',#690,#692) ;
#713=LINE('Line',#710,#712) ;
#720=LINE('Line',#717,#719) ;
#734=LINE('Line',#731,#733) ;
#741=LINE('Line',#738,#740) ;
#761=LINE('Line',#758,#760) ;
#768=LINE('Line',#765,#767) ;
#785=LINE('Line',#782,#784) ;
#799=LINE('Line',#796,#798) ;
#806=LINE('Line',#803,#805) ;
#811=LINE('Line',#808,#810) ;
#818=LINE('Line',#815,#817) ;
#832=LINE('Line',#829,#831) ;
#839=LINE('Line',#836,#838) ;
#864=LINE('Line',#861,#863) ;
#881=LINE('Line',#878,#880) ;
#898=LINE('Line',#895,#897) ;
#915=LINE('Line',#912,#914) ;
#932=LINE('Line',#929,#931) ;
#961=LINE('Line',#958,#960) ;
#978=LINE('Line',#975,#977) ;
#1010=LINE('Line',#1007,#1009) ;
#1019=LINE('Line',#1016,#1018) ;
#1026=LINE('Line',#1023,#1025) ;
#1033=LINE('Line',#1030,#1032) ;
#1050=LINE('Line',#1047,#1049) ;
#1071=LINE('Line',#1068,#1070) ;
#1088=LINE('Line',#1085,#1087) ;
#1102=LINE('Line',#1099,#1101) ;
#1116=LINE('Line',#1113,#1115) ;
#1140=LINE('Line',#1137,#1139) ;
#1147=LINE('Line',#1144,#1146) ;
#1171=LINE('Line',#1168,#1170) ;
#1185=LINE('Line',#1182,#1184) ;
#1202=LINE('Line',#1199,#1201) ;
#1223=LINE('Line',#1220,#1222) ;
#1247=LINE('Line',#1244,#1246) ;
#1264=LINE('Line',#1261,#1263) ;
#1283=LINE('Line',#1280,#1282) ;
#1344=LINE('Line',#1341,#1343) ;
#1375=LINE('Line',#1372,#1374) ;
#1410=LINE('Line',#1407,#1409) ;
#1439=LINE('Line',#1436,#1438) ;
#1468=LINE('Line',#1465,#1467) ;
#1497=LINE('Line',#1494,#1496) ;
#1514=LINE('Line',#1511,#1513) ;
#1531=LINE('Line',#1528,#1530) ;
#1548=LINE('Line',#1545,#1547) ;
#1594=LINE('Line',#1591,#1593) ;
#1601=LINE('Line',#1598,#1600) ;
#1608=LINE('Line',#1605,#1607) ;
#1627=LINE('Line',#1624,#1626) ;
#1654=LINE('Line',#1651,#1653) ;
#1661=LINE('Line',#1658,#1660) ;
#1668=LINE('Line',#1665,#1667) ;
#1687=LINE('Line',#1684,#1686) ;
#1704=LINE('Line',#1701,#1703) ;
#1711=LINE('Line',#1708,#1710) ;
#1718=LINE('Line',#1715,#1717) ;
#1735=LINE('Line',#1732,#1734) ;
#1752=LINE('Line',#1749,#1751) ;
#1759=LINE('Line',#1756,#1758) ;
#1766=LINE('Line',#1763,#1765) ;
#1783=LINE('Line',#1780,#1782) ;
#1800=LINE('Line',#1797,#1799) ;
#1832=LINE('Line',#1829,#1831) ;
#1841=LINE('Line',#1838,#1840) ;
#1848=LINE('Line',#1845,#1847) ;
#1855=LINE('Line',#1852,#1854) ;
#1872=LINE('Line',#1869,#1871) ;
#1893=LINE('Line',#1890,#1892) ;
#1910=LINE('Line',#1907,#1909) ;
#1924=LINE('Line',#1921,#1923) ;
#1938=LINE('Line',#1935,#1937) ;
#1962=LINE('Line',#1959,#1961) ;
#1969=LINE('Line',#1966,#1968) ;
#1993=LINE('Line',#1990,#1992) ;
#2007=LINE('Line',#2004,#2006) ;
#2024=LINE('Line',#2021,#2023) ;
#2045=LINE('Line',#2042,#2044) ;
#2069=LINE('Line',#2066,#2068) ;
#2086=LINE('Line',#2083,#2085) ;
#2105=LINE('Line',#2102,#2104) ;
#2166=LINE('Line',#2163,#2165) ;
#2197=LINE('Line',#2194,#2196) ;
#2232=LINE('Line',#2229,#2231) ;
#2261=LINE('Line',#2258,#2260) ;
#2290=LINE('Line',#2287,#2289) ;
#2319=LINE('Line',#2316,#2318) ;
#2336=LINE('Line',#2333,#2335) ;
#2353=LINE('Line',#2350,#2352) ;
#2370=LINE('Line',#2367,#2369) ;
#2416=LINE('Line',#2413,#2415) ;
#2423=LINE('Line',#2420,#2422) ;
#2430=LINE('Line',#2427,#2429) ;
#2449=LINE('Line',#2446,#2448) ;
#2476=LINE('Line',#2473,#2475) ;
#2483=LINE('Line',#2480,#2482) ;
#2490=LINE('Line',#2487,#2489) ;
#2509=LINE('Line',#2506,#2508) ;
#2526=LINE('Line',#2523,#2525) ;
#2533=LINE('Line',#2530,#2532) ;
#2540=LINE('Line',#2537,#2539) ;
#2557=LINE('Line',#2554,#2556) ;
#2574=LINE('Line',#2571,#2573) ;
#2581=LINE('Line',#2578,#2580) ;
#2588=LINE('Line',#2585,#2587) ;
#2605=LINE('Line',#2602,#2604) ;
#2622=LINE('Line',#2619,#2621) ;
#2661=LINE('Line',#2658,#2660) ;
#2670=LINE('Line',#2667,#2669) ;
#2677=LINE('Line',#2674,#2676) ;
#2684=LINE('Line',#2681,#2683) ;
#2691=LINE('Line',#2688,#2690) ;
#2698=LINE('Line',#2695,#2697) ;
#2705=LINE('Line',#2702,#2704) ;
#2712=LINE('Line',#2709,#2711) ;
#2719=LINE('Line',#2716,#2718) ;
#2726=LINE('Line',#2723,#2725) ;
#2740=LINE('Line',#2737,#2739) ;
#2747=LINE('Line',#2744,#2746) ;
#2754=LINE('Line',#2751,#2753) ;
#2761=LINE('Line',#2758,#2760) ;
#2768=LINE('Line',#2765,#2767) ;
#2797=LINE('Line',#2794,#2796) ;
#2804=LINE('Line',#2801,#2803) ;
#2811=LINE('Line',#2808,#2810) ;
#2816=LINE('Line',#2813,#2815) ;
#2823=LINE('Line',#2820,#2822) ;
#2830=LINE('Line',#2827,#2829) ;
#2837=LINE('Line',#2834,#2836) ;
#2844=LINE('Line',#2841,#2843) ;
#2851=LINE('Line',#2848,#2850) ;
#2858=LINE('Line',#2855,#2857) ;
#2865=LINE('Line',#2862,#2864) ;
#2872=LINE('Line',#2869,#2871) ;
#2879=LINE('Line',#2876,#2878) ;
#2886=LINE('Line',#2883,#2885) ;
#2891=LINE('Line',#2888,#2890) ;
#2898=LINE('Line',#2895,#2897) ;
#2905=LINE('Line',#2902,#2904) ;
#2932=LINE('Line',#2929,#2931) ;
#2941=LINE('Line',#2938,#2940) ;
#2948=LINE('Line',#2945,#2947) ;
#2955=LINE('Line',#2952,#2954) ;
#2962=LINE('Line',#2959,#2961) ;
#2969=LINE('Line',#2966,#2968) ;
#2976=LINE('Line',#2973,#2975) ;
#2983=LINE('Line',#2980,#2982) ;
#2990=LINE('Line',#2987,#2989) ;
#2997=LINE('Line',#2994,#2996) ;
#3004=LINE('Line',#3001,#3003) ;
#3011=LINE('Line',#3008,#3010) ;
#3018=LINE('Line',#3015,#3017) ;
#3025=LINE('Line',#3022,#3024) ;
#3032=LINE('Line',#3029,#3031) ;
#3039=LINE('Line',#3036,#3038) ;
#3046=LINE('Line',#3043,#3045) ;
#3053=LINE('Line',#3050,#3052) ;
#3060=LINE('Line',#3057,#3059) ;
#3067=LINE('Line',#3064,#3066) ;
#3094=LINE('Line',#3091,#3093) ;
#3103=LINE('Line',#3100,#3102) ;
#3110=LINE('Line',#3107,#3109) ;
#3117=LINE('Line',#3114,#3116) ;
#3124=LINE('Line',#3121,#3123) ;
#3131=LINE('Line',#3128,#3130) ;
#3138=LINE('Line',#3135,#3137) ;
#3145=LINE('Line',#3142,#3144) ;
#3152=LINE('Line',#3149,#3151) ;
#3159=LINE('Line',#3156,#3158) ;
#3166=LINE('Line',#3163,#3165) ;
#3173=LINE('Line',#3170,#3172) ;
#3180=LINE('Line',#3177,#3179) ;
#3187=LINE('Line',#3184,#3186) ;
#3194=LINE('Line',#3191,#3193) ;
#3201=LINE('Line',#3198,#3200) ;
#3208=LINE('Line',#3205,#3207) ;
#3215=LINE('Line',#3212,#3214) ;
#3222=LINE('Line',#3219,#3221) ;
#3229=LINE('Line',#3226,#3228) ;
#3262=LINE('Line',#3259,#3261) ;
#3269=LINE('Line',#3266,#3268) ;
#3286=LINE('Line',#3283,#3285) ;
#3293=LINE('Line',#3290,#3292) ;
#3310=LINE('Line',#3307,#3309) ;
#3327=LINE('Line',#3324,#3326) ;
#3334=LINE('Line',#3331,#3333) ;
#3341=LINE('Line',#3338,#3340) ;
#3348=LINE('Line',#3345,#3347) ;
#3355=LINE('Line',#3352,#3354) ;
#3362=LINE('Line',#3359,#3361) ;
#3369=LINE('Line',#3366,#3368) ;
#3376=LINE('Line',#3373,#3375) ;
#3383=LINE('Line',#3380,#3382) ;
#3390=LINE('Line',#3387,#3389) ;
#3415=LINE('Line',#3412,#3414) ;
#3422=LINE('Line',#3419,#3421) ;
#3429=LINE('Line',#3426,#3428) ;
#3447=LINE('Line',#3444,#3446) ;
#3454=LINE('Line',#3451,#3453) ;
#3461=LINE('Line',#3458,#3460) ;
#3468=LINE('Line',#3465,#3467) ;
#3475=LINE('Line',#3472,#3474) ;
#3482=LINE('Line',#3479,#3481) ;
#3503=LINE('Line',#3500,#3502) ;
#3510=LINE('Line',#3507,#3509) ;
#3563=LINE('Line',#3560,#3562) ;
#3570=LINE('Line',#3567,#3569) ;
#3596=LINE('Line',#3593,#3595) ;
#3613=LINE('Line',#3610,#3612) ;
#3624=LINE('Line',#3621,#3623) ;
#3633=LINE('Line',#3630,#3632) ;
#3640=LINE('Line',#3637,#3639) ;
#3647=LINE('Line',#3644,#3646) ;
#3658=LINE('Line',#3655,#3657) ;
#3667=LINE('Line',#3664,#3666) ;
#3674=LINE('Line',#3671,#3673) ;
#3681=LINE('Line',#3678,#3680) ;
#3698=LINE('Line',#3695,#3697) ;
#3705=LINE('Line',#3702,#3704) ;
#3722=LINE('Line',#3719,#3721) ;
#3729=LINE('Line',#3726,#3728) ;
#3746=LINE('Line',#3743,#3745) ;
#3775=LINE('Line',#3772,#3774) ;
#3782=LINE('Line',#3779,#3781) ;
#3789=LINE('Line',#3786,#3788) ;
#3794=LINE('Line',#3791,#3793) ;
#3799=LINE('Line',#3796,#3798) ;
#3806=LINE('Line',#3803,#3805) ;
#3813=LINE('Line',#3810,#3812) ;
#3842=LINE('Line',#3839,#3841) ;
#3849=LINE('Line',#3846,#3848) ;
#3866=LINE('Line',#3863,#3865) ;
#3873=LINE('Line',#3870,#3872) ;
#3890=LINE('Line',#3887,#3889) ;
#3907=LINE('Line',#3904,#3906) ;
#3914=LINE('Line',#3911,#3913) ;
#3931=LINE('Line',#3928,#3930) ;
#3938=LINE('Line',#3935,#3937) ;
#3955=LINE('Line',#3952,#3954) ;
#3984=LINE('Line',#3981,#3983) ;
#3993=LINE('Line',#3990,#3992) ;
#3998=LINE('Line',#3995,#3997) ;
#4015=LINE('Line',#4012,#4014) ;
#4022=LINE('Line',#4019,#4021) ;
#4039=LINE('Line',#4036,#4038) ;
#4046=LINE('Line',#4043,#4045) ;
#4063=LINE('Line',#4060,#4062) ;
#4070=LINE('Line',#4067,#4069) ;
#4087=LINE('Line',#4084,#4086) ;
#4094=LINE('Line',#4091,#4093) ;
#4111=LINE('Line',#4108,#4110) ;
#4118=LINE('Line',#4115,#4117) ;
#4135=LINE('Line',#4132,#4134) ;
#4142=LINE('Line',#4139,#4141) ;
#4159=LINE('Line',#4156,#4158) ;
#4166=LINE('Line',#4163,#4165) ;
#4183=LINE('Line',#4180,#4182) ;
#4190=LINE('Line',#4187,#4189) ;
#4207=LINE('Line',#4204,#4206) ;
#4214=LINE('Line',#4211,#4213) ;
#4231=LINE('Line',#4228,#4230) ;
#4238=LINE('Line',#4235,#4237) ;
#4255=LINE('Line',#4252,#4254) ;
#4262=LINE('Line',#4259,#4261) ;
#4279=LINE('Line',#4276,#4278) ;
#4286=LINE('Line',#4283,#4285) ;
#4303=LINE('Line',#4300,#4302) ;
#4310=LINE('Line',#4307,#4309) ;
#4327=LINE('Line',#4324,#4326) ;
#4334=LINE('Line',#4331,#4333) ;
#4351=LINE('Line',#4348,#4350) ;
#4358=LINE('Line',#4355,#4357) ;
#4375=LINE('Line',#4372,#4374) ;
#4382=LINE('Line',#4379,#4381) ;
#4399=LINE('Line',#4396,#4398) ;
#4406=LINE('Line',#4403,#4405) ;
#4423=LINE('Line',#4420,#4422) ;
#4430=LINE('Line',#4427,#4429) ;
#4447=LINE('Line',#4444,#4446) ;
#4464=LINE('Line',#4461,#4463) ;
#4473=LINE('Line',#4470,#4472) ;
#4478=LINE('Line',#4475,#4477) ;
#4495=LINE('Line',#4492,#4494) ;
#4502=LINE('Line',#4499,#4501) ;
#4519=LINE('Line',#4516,#4518) ;
#4526=LINE('Line',#4523,#4525) ;
#4543=LINE('Line',#4540,#4542) ;
#4550=LINE('Line',#4547,#4549) ;
#4567=LINE('Line',#4564,#4566) ;
#4574=LINE('Line',#4571,#4573) ;
#4591=LINE('Line',#4588,#4590) ;
#4598=LINE('Line',#4595,#4597) ;
#4615=LINE('Line',#4612,#4614) ;
#4622=LINE('Line',#4619,#4621) ;
#4639=LINE('Line',#4636,#4638) ;
#4646=LINE('Line',#4643,#4645) ;
#4663=LINE('Line',#4660,#4662) ;
#4670=LINE('Line',#4667,#4669) ;
#4687=LINE('Line',#4684,#4686) ;
#4694=LINE('Line',#4691,#4693) ;
#4711=LINE('Line',#4708,#4710) ;
#4718=LINE('Line',#4715,#4717) ;
#4735=LINE('Line',#4732,#4734) ;
#4742=LINE('Line',#4739,#4741) ;
#4759=LINE('Line',#4756,#4758) ;
#4766=LINE('Line',#4763,#4765) ;
#4783=LINE('Line',#4780,#4782) ;
#4790=LINE('Line',#4787,#4789) ;
#4807=LINE('Line',#4804,#4806) ;
#4814=LINE('Line',#4811,#4813) ;
#4831=LINE('Line',#4828,#4830) ;
#4838=LINE('Line',#4835,#4837) ;
#4855=LINE('Line',#4852,#4854) ;
#4862=LINE('Line',#4859,#4861) ;
#4879=LINE('Line',#4876,#4878) ;
#4886=LINE('Line',#4883,#4885) ;
#4903=LINE('Line',#4900,#4902) ;
#4910=LINE('Line',#4907,#4909) ;
#4927=LINE('Line',#4924,#4926) ;
#4944=LINE('Line',#4941,#4943) ;
#4961=LINE('Line',#4958,#4960) ;
#4968=LINE('Line',#4965,#4967) ;
#4985=LINE('Line',#4982,#4984) ;
#4992=LINE('Line',#4989,#4991) ;
#5009=LINE('Line',#5006,#5008) ;
#5014=LINE('Line',#5011,#5013) ;
#5031=LINE('Line',#5028,#5030) ;
#5048=LINE('Line',#5045,#5047) ;
#5055=LINE('Line',#5052,#5054) ;
#5072=LINE('Line',#5069,#5071) ;
#5079=LINE('Line',#5076,#5078) ;
#5086=LINE('Line',#5083,#5085) ;
#5104=LINE('Line',#5101,#5103) ;
#5121=LINE('Line',#5118,#5120) ;
#5171=LINE('Line',#5168,#5170) ;
#5176=LINE('Line',#5173,#5175) ;
#5225=LINE('Line',#5222,#5224) ;
#5230=LINE('Line',#5227,#5229) ;
#5270=LINE('Line',#5267,#5269) ;
#5277=LINE('Line',#5274,#5276) ;
#5284=LINE('Line',#5281,#5283) ;
#5301=LINE('Line',#5298,#5300) ;
#5308=LINE('Line',#5305,#5307) ;
#5325=LINE('Line',#5322,#5324) ;
#5332=LINE('Line',#5329,#5331) ;
#5349=LINE('Line',#5346,#5348) ;
#5366=LINE('Line',#5363,#5365) ;
#5373=LINE('Line',#5370,#5372) ;
#5380=LINE('Line',#5377,#5379) ;
#5397=LINE('Line',#5394,#5396) ;
#5404=LINE('Line',#5401,#5403) ;
#5421=LINE('Line',#5418,#5420) ;
#5428=LINE('Line',#5425,#5427) ;
#5445=LINE('Line',#5442,#5444) ;
#36=PLANE('',#35) ;
#175=PLANE('',#174) ;
#223=PLANE('',#222) ;
#271=PLANE('',#270) ;
#295=PLANE('',#294) ;
#374=PLANE('',#373) ;
#391=PLANE('',#390) ;
#408=PLANE('',#407) ;
#425=PLANE('',#424) ;
#459=PLANE('',#458) ;
#471=PLANE('',#470) ;
#505=PLANE('',#504) ;
#522=PLANE('',#521) ;
#661=PLANE('',#660) ;
#709=PLANE('',#708) ;
#757=PLANE('',#756) ;
#781=PLANE('',#780) ;
#860=PLANE('',#859) ;
#877=PLANE('',#876) ;
#894=PLANE('',#893) ;
#911=PLANE('',#910) ;
#945=PLANE('',#944) ;
#957=PLANE('',#956) ;
#991=PLANE('',#990) ;
#1006=PLANE('',#1005) ;
#1046=PLANE('',#1045) ;
#1136=PLANE('',#1135) ;
#1160=PLANE('',#1159) ;
#1243=PLANE('',#1242) ;
#1279=PLANE('',#1278) ;
#1464=PLANE('',#1463) ;
#1510=PLANE('',#1509) ;
#1527=PLANE('',#1526) ;
#1577=PLANE('',#1576) ;
#1650=PLANE('',#1649) ;
#1683=PLANE('',#1682) ;
#1700=PLANE('',#1699) ;
#1731=PLANE('',#1730) ;
#1748=PLANE('',#1747) ;
#1779=PLANE('',#1778) ;
#1796=PLANE('',#1795) ;
#1813=PLANE('',#1812) ;
#1828=PLANE('',#1827) ;
#1868=PLANE('',#1867) ;
#1958=PLANE('',#1957) ;
#1982=PLANE('',#1981) ;
#2065=PLANE('',#2064) ;
#2101=PLANE('',#2100) ;
#2286=PLANE('',#2285) ;
#2332=PLANE('',#2331) ;
#2349=PLANE('',#2348) ;
#2399=PLANE('',#2398) ;
#2472=PLANE('',#2471) ;
#2505=PLANE('',#2504) ;
#2522=PLANE('',#2521) ;
#2553=PLANE('',#2552) ;
#2570=PLANE('',#2569) ;
#2601=PLANE('',#2600) ;
#2618=PLANE('',#2617) ;
#2635=PLANE('',#2634) ;
#2657=PLANE('',#2656) ;
#2793=PLANE('',#2792) ;
#3258=PLANE('',#3257) ;
#3282=PLANE('',#3281) ;
#3306=PLANE('',#3305) ;
#3323=PLANE('',#3322) ;
#3411=PLANE('',#3410) ;
#3443=PLANE('',#3442) ;
#3499=PLANE('',#3498) ;
#3559=PLANE('',#3558) ;
#3609=PLANE('',#3608) ;
#3694=PLANE('',#3693) ;
#3718=PLANE('',#3717) ;
#3742=PLANE('',#3741) ;
#3759=PLANE('',#3758) ;
#3771=PLANE('',#3770) ;
#3838=PLANE('',#3837) ;
#3862=PLANE('',#3861) ;
#3886=PLANE('',#3885) ;
#3903=PLANE('',#3902) ;
#3927=PLANE('',#3926) ;
#3951=PLANE('',#3950) ;
#3968=PLANE('',#3967) ;
#3980=PLANE('',#3979) ;
#4011=PLANE('',#4010) ;
#4035=PLANE('',#4034) ;
#4059=PLANE('',#4058) ;
#4083=PLANE('',#4082) ;
#4107=PLANE('',#4106) ;
#4131=PLANE('',#4130) ;
#4155=PLANE('',#4154) ;
#4179=PLANE('',#4178) ;
#4203=PLANE('',#4202) ;
#4227=PLANE('',#4226) ;
#4251=PLANE('',#4250) ;
#4275=PLANE('',#4274) ;
#4299=PLANE('',#4298) ;
#4323=PLANE('',#4322) ;
#4347=PLANE('',#4346) ;
#4371=PLANE('',#4370) ;
#4395=PLANE('',#4394) ;
#4419=PLANE('',#4418) ;
#4443=PLANE('',#4442) ;
#4460=PLANE('',#4459) ;
#4491=PLANE('',#4490) ;
#4515=PLANE('',#4514) ;
#4539=PLANE('',#4538) ;
#4563=PLANE('',#4562) ;
#4587=PLANE('',#4586) ;
#4611=PLANE('',#4610) ;
#4635=PLANE('',#4634) ;
#4659=PLANE('',#4658) ;
#4683=PLANE('',#4682) ;
#4707=PLANE('',#4706) ;
#4731=PLANE('',#4730) ;
#4755=PLANE('',#4754) ;
#4779=PLANE('',#4778) ;
#4803=PLANE('',#4802) ;
#4827=PLANE('',#4826) ;
#4851=PLANE('',#4850) ;
#4875=PLANE('',#4874) ;
#4899=PLANE('',#4898) ;
#4923=PLANE('',#4922) ;
#4940=PLANE('',#4939) ;
#4957=PLANE('',#4956) ;
#4981=PLANE('',#4980) ;
#5005=PLANE('',#5004) ;
#5027=PLANE('',#5026) ;
#5044=PLANE('',#5043) ;
#5068=PLANE('',#5067) ;
#5100=PLANE('',#5099) ;
#5117=PLANE('',#5116) ;
#5134=PLANE('',#5133) ;
#5146=PLANE('',#5145) ;
#5266=PLANE('',#5265) ;
#5297=PLANE('',#5296) ;
#5321=PLANE('',#5320) ;
#5345=PLANE('',#5344) ;
#5362=PLANE('',#5361) ;
#5393=PLANE('',#5392) ;
#5417=PLANE('',#5416) ;
#5441=PLANE('',#5440) ;
#5458=PLANE('',#5457) ;
#5470=PLANE('',#5469) ;
#5482=PLANE('',#5481) ;
#5510=PLANE('',#5509) ;
#5538=PLANE('',#5537) ;
#5548=PLANE('',#5547) ;
#5558=PLANE('',#5557) ;
#5570=PLANE('',#5569) ;
#9=PRODUCT_CATEGORY_RELATIONSHIP(' ',' ',#7,#8) ;
#6=PRODUCT_DEFINITION_FORMATION_WITH_SPECIFIED_SOURCE(' ',' ',#5,.NOT_KNOWN.) ;
#20=SHAPE_DEFINITION_REPRESENTATION(#11,#19) ;
#42=VERTEX_POINT('',#41) ;
#44=VERTEX_POINT('',#43) ;
#66=VERTEX_POINT('',#65) ;
#68=VERTEX_POINT('',#67) ;
#80=VERTEX_POINT('',#79) ;
#90=VERTEX_POINT('',#89) ;
#97=VERTEX_POINT('',#96) ;
#104=VERTEX_POINT('',#103) ;
#132=VERTEX_POINT('',#131) ;
#139=VERTEX_POINT('',#138) ;
#146=VERTEX_POINT('',#145) ;
#153=VERTEX_POINT('',#152) ;
#181=VERTEX_POINT('',#180) ;
#188=VERTEX_POINT('',#187) ;
#195=VERTEX_POINT('',#194) ;
#202=VERTEX_POINT('',#201) ;
#229=VERTEX_POINT('',#228) ;
#236=VERTEX_POINT('',#235) ;
#243=VERTEX_POINT('',#242) ;
#250=VERTEX_POINT('',#249) ;
#277=VERTEX_POINT('',#276) ;
#301=VERTEX_POINT('',#300) ;
#308=VERTEX_POINT('',#307) ;
#315=VERTEX_POINT('',#314) ;
#327=VERTEX_POINT('',#326) ;
#334=VERTEX_POINT('',#333) ;
#341=VERTEX_POINT('',#340) ;
#348=VERTEX_POINT('',#347) ;
#528=VERTEX_POINT('',#527) ;
#530=VERTEX_POINT('',#529) ;
#552=VERTEX_POINT('',#551) ;
#554=VERTEX_POINT('',#553) ;
#566=VERTEX_POINT('',#565) ;
#576=VERTEX_POINT('',#575) ;
#583=VERTEX_POINT('',#582) ;
#590=VERTEX_POINT('',#589) ;
#618=VERTEX_POINT('',#617) ;
#625=VERTEX_POINT('',#624) ;
#632=VERTEX_POINT('',#631) ;
#639=VERTEX_POINT('',#638) ;
#667=VERTEX_POINT('',#666) ;
#674=VERTEX_POINT('',#673) ;
#681=VERTEX_POINT('',#680) ;
#688=VERTEX_POINT('',#687) ;
#715=VERTEX_POINT('',#714) ;
#722=VERTEX_POINT('',#721) ;
#729=VERTEX_POINT('',#728) ;
#736=VERTEX_POINT('',#735) ;
#763=VERTEX_POINT('',#762) ;
#787=VERTEX_POINT('',#786) ;
#794=VERTEX_POINT('',#793) ;
#801=VERTEX_POINT('',#800) ;
#813=VERTEX_POINT('',#812) ;
#820=VERTEX_POINT('',#819) ;
#827=VERTEX_POINT('',#826) ;
#834=VERTEX_POINT('',#833) ;
#1012=VERTEX_POINT('',#1011) ;
#1014=VERTEX_POINT('',#1013) ;
#1021=VERTEX_POINT('',#1020) ;
#1028=VERTEX_POINT('',#1027) ;
#1052=VERTEX_POINT('',#1051) ;
#1059=VERTEX_POINT('',#1058) ;
#1066=VERTEX_POINT('',#1065) ;
#1073=VERTEX_POINT('',#1072) ;
#1083=VERTEX_POINT('',#1082) ;
#1090=VERTEX_POINT('',#1089) ;
#1097=VERTEX_POINT('',#1096) ;
#1104=VERTEX_POINT('',#1103) ;
#1111=VERTEX_POINT('',#1110) ;
#1142=VERTEX_POINT('',#1141) ;
#1166=VERTEX_POINT('',#1165) ;
#1173=VERTEX_POINT('',#1172) ;
#1180=VERTEX_POINT('',#1179) ;
#1187=VERTEX_POINT('',#1186) ;
#1197=VERTEX_POINT('',#1196) ;
#1204=VERTEX_POINT('',#1203) ;
#1211=VERTEX_POINT('',#1210) ;
#1218=VERTEX_POINT('',#1217) ;
#1303=VERTEX_POINT('',#1302) ;
#1305=VERTEX_POINT('',#1304) ;
#1323=VERTEX_POINT('',#1322) ;
#1331=VERTEX_POINT('',#1330) ;
#1339=VERTEX_POINT('',#1338) ;
#1346=VERTEX_POINT('',#1345) ;
#1377=VERTEX_POINT('',#1376) ;
#1403=VERTEX_POINT('',#1402) ;
#1405=VERTEX_POINT('',#1404) ;
#1412=VERTEX_POINT('',#1411) ;
#1420=VERTEX_POINT('',#1419) ;
#1428=VERTEX_POINT('',#1427) ;
#1550=VERTEX_POINT('',#1549) ;
#1552=VERTEX_POINT('',#1551) ;
#1589=VERTEX_POINT('',#1588) ;
#1596=VERTEX_POINT('',#1595) ;
#1603=VERTEX_POINT('',#1602) ;
#1629=VERTEX_POINT('',#1628) ;
#1656=VERTEX_POINT('',#1655) ;
#1663=VERTEX_POINT('',#1662) ;
#1706=VERTEX_POINT('',#1705) ;
#1713=VERTEX_POINT('',#1712) ;
#1754=VERTEX_POINT('',#1753) ;
#1761=VERTEX_POINT('',#1760) ;
#1834=VERTEX_POINT('',#1833) ;
#1836=VERTEX_POINT('',#1835) ;
#1843=VERTEX_POINT('',#1842) ;
#1850=VERTEX_POINT('',#1849) ;
#1874=VERTEX_POINT('',#1873) ;
#1881=VERTEX_POINT('',#1880) ;
#1888=VERTEX_POINT('',#1887) ;
#1895=VERTEX_POINT('',#1894) ;
#1905=VERTEX_POINT('',#1904) ;
#1912=VERTEX_POINT('',#1911) ;
#1919=VERTEX_POINT('',#1918) ;
#1926=VERTEX_POINT('',#1925) ;
#1933=VERTEX_POINT('',#1932) ;
#1964=VERTEX_POINT('',#1963) ;
#1988=VERTEX_POINT('',#1987) ;
#1995=VERTEX_POINT('',#1994) ;
#2002=VERTEX_POINT('',#2001) ;
#2009=VERTEX_POINT('',#2008) ;
#2019=VERTEX_POINT('',#2018) ;
#2026=VERTEX_POINT('',#2025) ;
#2033=VERTEX_POINT('',#2032) ;
#2040=VERTEX_POINT('',#2039) ;
#2125=VERTEX_POINT('',#2124) ;
#2127=VERTEX_POINT('',#2126) ;
#2145=VERTEX_POINT('',#2144) ;
#2153=VERTEX_POINT('',#2152) ;
#2161=VERTEX_POINT('',#2160) ;
#2168=VERTEX_POINT('',#2167) ;
#2199=VERTEX_POINT('',#2198) ;
#2225=VERTEX_POINT('',#2224) ;
#2227=VERTEX_POINT('',#2226) ;
#2234=VERTEX_POINT('',#2233) ;
#2242=VERTEX_POINT('',#2241) ;
#2250=VERTEX_POINT('',#2249) ;
#2372=VERTEX_POINT('',#2371) ;
#2374=VERTEX_POINT('',#2373) ;
#2411=VERTEX_POINT('',#2410) ;
#2418=VERTEX_POINT('',#2417) ;
#2425=VERTEX_POINT('',#2424) ;
#2451=VERTEX_POINT('',#2450) ;
#2478=VERTEX_POINT('',#2477) ;
#2485=VERTEX_POINT('',#2484) ;
#2528=VERTEX_POINT('',#2527) ;
#2535=VERTEX_POINT('',#2534) ;
#2576=VERTEX_POINT('',#2575) ;
#2583=VERTEX_POINT('',#2582) ;
#2663=VERTEX_POINT('',#2662) ;
#2665=VERTEX_POINT('',#2664) ;
#2672=VERTEX_POINT('',#2671) ;
#2679=VERTEX_POINT('',#2678) ;
#2686=VERTEX_POINT('',#2685) ;
#2693=VERTEX_POINT('',#2692) ;
#2700=VERTEX_POINT('',#2699) ;
#2707=VERTEX_POINT('',#2706) ;
#2714=VERTEX_POINT('',#2713) ;
#2721=VERTEX_POINT('',#2720) ;
#2728=VERTEX_POINT('',#2727) ;
#2735=VERTEX_POINT('',#2734) ;
#2742=VERTEX_POINT('',#2741) ;
#2749=VERTEX_POINT('',#2748) ;
#2756=VERTEX_POINT('',#2755) ;
#2763=VERTEX_POINT('',#2762) ;
#2799=VERTEX_POINT('',#2798) ;
#2806=VERTEX_POINT('',#2805) ;
#2818=VERTEX_POINT('',#2817) ;
#2825=VERTEX_POINT('',#2824) ;
#2832=VERTEX_POINT('',#2831) ;
#2839=VERTEX_POINT('',#2838) ;
#2846=VERTEX_POINT('',#2845) ;
#2853=VERTEX_POINT('',#2852) ;
#2860=VERTEX_POINT('',#2859) ;
#2867=VERTEX_POINT('',#2866) ;
#2874=VERTEX_POINT('',#2873) ;
#2881=VERTEX_POINT('',#2880) ;
#2893=VERTEX_POINT('',#2892) ;
#2900=VERTEX_POINT('',#2899) ;
#2934=VERTEX_POINT('',#2933) ;
#2936=VERTEX_POINT('',#2935) ;
#2943=VERTEX_POINT('',#2942) ;
#2950=VERTEX_POINT('',#2949) ;
#2957=VERTEX_POINT('',#2956) ;
#2964=VERTEX_POINT('',#2963) ;
#2971=VERTEX_POINT('',#2970) ;
#2978=VERTEX_POINT('',#2977) ;
#2985=VERTEX_POINT('',#2984) ;
#2992=VERTEX_POINT('',#2991) ;
#2999=VERTEX_POINT('',#2998) ;
#3006=VERTEX_POINT('',#3005) ;
#3013=VERTEX_POINT('',#3012) ;
#3020=VERTEX_POINT('',#3019) ;
#3027=VERTEX_POINT('',#3026) ;
#3034=VERTEX_POINT('',#3033) ;
#3041=VERTEX_POINT('',#3040) ;
#3048=VERTEX_POINT('',#3047) ;
#3055=VERTEX_POINT('',#3054) ;
#3062=VERTEX_POINT('',#3061) ;
#3096=VERTEX_POINT('',#3095) ;
#3098=VERTEX_POINT('',#3097) ;
#3105=VERTEX_POINT('',#3104) ;
#3112=VERTEX_POINT('',#3111) ;
#3119=VERTEX_POINT('',#3118) ;
#3126=VERTEX_POINT('',#3125) ;
#3133=VERTEX_POINT('',#3132) ;
#3140=VERTEX_POINT('',#3139) ;
#3147=VERTEX_POINT('',#3146) ;
#3154=VERTEX_POINT('',#3153) ;
#3161=VERTEX_POINT('',#3160) ;
#3168=VERTEX_POINT('',#3167) ;
#3175=VERTEX_POINT('',#3174) ;
#3182=VERTEX_POINT('',#3181) ;
#3189=VERTEX_POINT('',#3188) ;
#3196=VERTEX_POINT('',#3195) ;
#3203=VERTEX_POINT('',#3202) ;
#3210=VERTEX_POINT('',#3209) ;
#3217=VERTEX_POINT('',#3216) ;
#3224=VERTEX_POINT('',#3223) ;
#3264=VERTEX_POINT('',#3263) ;
#3288=VERTEX_POINT('',#3287) ;
#3329=VERTEX_POINT('',#3328) ;
#3336=VERTEX_POINT('',#3335) ;
#3343=VERTEX_POINT('',#3342) ;
#3350=VERTEX_POINT('',#3349) ;
#3357=VERTEX_POINT('',#3356) ;
#3364=VERTEX_POINT('',#3363) ;
#3371=VERTEX_POINT('',#3370) ;
#3378=VERTEX_POINT('',#3377) ;
#3385=VERTEX_POINT('',#3384) ;
#3417=VERTEX_POINT('',#3416) ;
#3424=VERTEX_POINT('',#3423) ;
#3449=VERTEX_POINT('',#3448) ;
#3456=VERTEX_POINT('',#3455) ;
#3463=VERTEX_POINT('',#3462) ;
#3470=VERTEX_POINT('',#3469) ;
#3477=VERTEX_POINT('',#3476) ;
#3505=VERTEX_POINT('',#3504) ;
#3523=VERTEX_POINT('',#3522) ;
#3525=VERTEX_POINT('',#3524) ;
#3541=VERTEX_POINT('',#3540) ;
#3543=VERTEX_POINT('',#3542) ;
#3565=VERTEX_POINT('',#3564) ;
#3591=VERTEX_POINT('',#3590) ;
#3626=VERTEX_POINT('',#3625) ;
#3628=VERTEX_POINT('',#3627) ;
#3635=VERTEX_POINT('',#3634) ;
#3642=VERTEX_POINT('',#3641) ;
#3660=VERTEX_POINT('',#3659) ;
#3662=VERTEX_POINT('',#3661) ;
#3669=VERTEX_POINT('',#3668) ;
#3676=VERTEX_POINT('',#3675) ;
#3700=VERTEX_POINT('',#3699) ;
#3724=VERTEX_POINT('',#3723) ;
#3777=VERTEX_POINT('',#3776) ;
#3784=VERTEX_POINT('',#3783) ;
#3801=VERTEX_POINT('',#3800) ;
#3808=VERTEX_POINT('',#3807) ;
#3844=VERTEX_POINT('',#3843) ;
#3868=VERTEX_POINT('',#3867) ;
#3909=VERTEX_POINT('',#3908) ;
#3933=VERTEX_POINT('',#3932) ;
#3986=VERTEX_POINT('',#3985) ;
#3988=VERTEX_POINT('',#3987) ;
#4017=VERTEX_POINT('',#4016) ;
#4041=VERTEX_POINT('',#4040) ;
#4065=VERTEX_POINT('',#4064) ;
#4089=VERTEX_POINT('',#4088) ;
#4113=VERTEX_POINT('',#4112) ;
#4137=VERTEX_POINT('',#4136) ;
#4161=VERTEX_POINT('',#4160) ;
#4185=VERTEX_POINT('',#4184) ;
#4209=VERTEX_POINT('',#4208) ;
#4233=VERTEX_POINT('',#4232) ;
#4257=VERTEX_POINT('',#4256) ;
#4281=VERTEX_POINT('',#4280) ;
#4305=VERTEX_POINT('',#4304) ;
#4329=VERTEX_POINT('',#4328) ;
#4353=VERTEX_POINT('',#4352) ;
#4377=VERTEX_POINT('',#4376) ;
#4401=VERTEX_POINT('',#4400) ;
#4425=VERTEX_POINT('',#4424) ;
#4466=VERTEX_POINT('',#4465) ;
#4468=VERTEX_POINT('',#4467) ;
#4497=VERTEX_POINT('',#4496) ;
#4521=VERTEX_POINT('',#4520) ;
#4545=VERTEX_POINT('',#4544) ;
#4569=VERTEX_POINT('',#4568) ;
#4593=VERTEX_POINT('',#4592) ;
#4617=VERTEX_POINT('',#4616) ;
#4641=VERTEX_POINT('',#4640) ;
#4665=VERTEX_POINT('',#4664) ;
#4689=VERTEX_POINT('',#4688) ;
#4713=VERTEX_POINT('',#4712) ;
#4737=VERTEX_POINT('',#4736) ;
#4761=VERTEX_POINT('',#4760) ;
#4785=VERTEX_POINT('',#4784) ;
#4809=VERTEX_POINT('',#4808) ;
#4833=VERTEX_POINT('',#4832) ;
#4857=VERTEX_POINT('',#4856) ;
#4881=VERTEX_POINT('',#4880) ;
#4905=VERTEX_POINT('',#4904) ;
#4963=VERTEX_POINT('',#4962) ;
#4987=VERTEX_POINT('',#4986) ;
#5050=VERTEX_POINT('',#5049) ;
#5074=VERTEX_POINT('',#5073) ;
#5081=VERTEX_POINT('',#5080) ;
#5164=VERTEX_POINT('',#5163) ;
#5166=VERTEX_POINT('',#5165) ;
#5218=VERTEX_POINT('',#5217) ;
#5220=VERTEX_POINT('',#5219) ;
#5272=VERTEX_POINT('',#5271) ;
#5279=VERTEX_POINT('',#5278) ;
#5303=VERTEX_POINT('',#5302) ;
#5327=VERTEX_POINT('',#5326) ;
#5368=VERTEX_POINT('',#5367) ;
#5375=VERTEX_POINT('',#5374) ;
#5399=VERTEX_POINT('',#5398) ;
#5423=VERTEX_POINT('',#5422) ;
#12=(LENGTH_UNIT()NAMED_UNIT(*)SI_UNIT(.MILLI.,.METRE.)) ;
#13=(NAMED_UNIT(*)PLANE_ANGLE_UNIT()SI_UNIT($,.RADIAN.)) ;
#14=(NAMED_UNIT(*)SI_UNIT($,.STERADIAN.)SOLID_ANGLE_UNIT()) ;
#16=(GEOMETRIC_REPRESENTATION_CONTEXT(3)GLOBAL_UNCERTAINTY_ASSIGNED_CONTEXT((#15))GLOBAL_UNIT_ASSIGNED_CONTEXT((#12,#13,#14))REPRESENTATION_CONTEXT(' ',' ')) ;
ENDSEC;
END-ISO-10303-21;
