2025-05-26 00:07:03,045 [INFO] Activator:176 - 


2025-05-26 00:07:03,051 [INFO] Activator:177 - !SESSION log4j initialized
2025-05-26 00:07:09,859 [INFO] LogOutputStream:77 - [STDOUT_REDIRECT] 
2025-05-26 00:07:15,999 [INFO] ApplicationProperties:184 - Using Application install path: C:\ST\STM32CubeIDE_1.15.0\STM32CubeIDE\plugins\com.st.stm32cube.common.mx_6.14.0.202502271554
2025-05-26 00:07:16,017 [INFO] DbMcusXml:78 - Set database path to: C:\ST\STM32CubeIDE_1.15.0\STM32CubeIDE\plugins\com.st.stm32cube.common.mx_6.14.0.202502271554\\db\/mcu/
2025-05-26 00:07:16,017 [INFO] ApiDb:274 - Set plugin database path to: C:\ST\STM32CubeIDE_1.15.0\STM32CubeIDE\plugins\com.st.stm32cube.common.mx_6.14.0.202502271554\\db\/plugins/boardmanager/
2025-05-26 00:07:16,018 [WARN] ApiDb:259 - Overriding images path with different value:  => C:\ST\STM32CubeIDE_1.15.0\STM32CubeIDE\plugins\com.st.stm32cube.common.mx_6.14.0.202502271554\\db\/plugins/mcufinder/images/
2025-05-26 00:07:16,023 [INFO] ApiDb:250 - Set database path to: C:\Users\gagno\.stmcufinder\plugins\mcufinder//mcu/
2025-05-26 00:07:16,024 [INFO] DbMcusAds:125 - Set database path to: C:\Users\gagno\.stmcufinder\plugins\mcufinder//mcu/
2025-05-26 00:07:16,027 [INFO] CrossReferenceDbSqlite:203 - Set database path to: C:\Users\gagno\.stmcufinder\plugins\mcufinder//mcu/cs/
2025-05-26 00:07:16,142 [INFO] RulesReader:64 - Compatibility file has been processed (301 Rules)
2025-05-26 00:07:16,226 [INFO] DbMcusXml:78 - Set database path to: C:\ST\STM32CubeIDE_1.15.0\STM32CubeIDE\plugins\com.st.stm32cube.common.mx_6.14.0.202502271554\\db\/mcu/
2025-05-26 00:07:16,226 [INFO] ApiDb:274 - Set plugin database path to: C:\ST\STM32CubeIDE_1.15.0\STM32CubeIDE\plugins\com.st.stm32cube.common.mx_6.14.0.202502271554\\db\/plugins/boardmanager/
2025-05-26 00:07:16,226 [INFO] ApiDb:261 - Set plugin images path to: C:\ST\STM32CubeIDE_1.15.0\STM32CubeIDE\plugins\com.st.stm32cube.common.mx_6.14.0.202502271554\\db\/plugins/mcufinder/images/
2025-05-26 00:07:16,226 [WARN] DbFile:41 - Overriding database path with different value: C:\Users\gagno\.stmcufinder\plugins\mcufinder/ => C:\Users\gagno\.stmcufinder\plugins\mcufinder
2025-05-26 00:07:16,226 [INFO] ApiDb:250 - Set database path to: C:\Users\gagno\.stmcufinder\plugins\mcufinder//mcu/
2025-05-26 00:07:16,226 [WARN] DbFile:41 - Overriding database path with different value: C:\Users\gagno\.stmcufinder\plugins\mcufinder/ => C:\Users\gagno\.stmcufinder\plugins\mcufinder
2025-05-26 00:07:16,226 [INFO] DbMcusAds:125 - Set database path to: C:\Users\gagno\.stmcufinder\plugins\mcufinder//mcu/
2025-05-26 00:07:16,227 [WARN] DbFile:41 - Overriding database path with different value: C:\Users\gagno\.stmcufinder\plugins\mcufinder/ => C:\Users\gagno\.stmcufinder\plugins\mcufinder
2025-05-26 00:07:16,227 [WARN] DbFile:41 - Overriding database path with different value: C:\Users\gagno\.stmcufinder\plugins\mcufinder/ => C:\Users\gagno\.stmcufinder\plugins\mcufinder
2025-05-26 00:07:16,227 [INFO] CrossReferenceDbSqlite:203 - Set database path to: C:\Users\gagno\.stmcufinder\plugins\mcufinder//mcu/cs/
2025-05-26 00:07:16,301 [INFO] MainPanel:272 - HeapMemory: 268435456
2025-05-26 00:07:16,411 [INFO] DbMcusXml:78 - Set database path to: C:\ST\STM32CubeIDE_1.15.0\STM32CubeIDE\plugins\com.st.stm32cube.common.mx_6.14.0.202502271554\\db\/mcu/
2025-05-26 00:07:16,411 [INFO] ApiDb:274 - Set plugin database path to: C:\ST\STM32CubeIDE_1.15.0\STM32CubeIDE\plugins\com.st.stm32cube.common.mx_6.14.0.202502271554\\db\/plugins/boardmanager/
2025-05-26 00:07:16,411 [INFO] ApiDb:261 - Set plugin images path to: C:\ST\STM32CubeIDE_1.15.0\STM32CubeIDE\plugins\com.st.stm32cube.common.mx_6.14.0.202502271554\\db\/plugins/mcufinder/images/
2025-05-26 00:07:16,411 [WARN] DbFile:41 - Overriding database path with different value: C:\Users\gagno\.stmcufinder\plugins\mcufinder/ => C:\Users\gagno\.stmcufinder\plugins\mcufinder
2025-05-26 00:07:16,412 [INFO] ApiDb:250 - Set database path to: C:\Users\gagno\.stmcufinder\plugins\mcufinder//mcu/
2025-05-26 00:07:16,412 [WARN] DbFile:41 - Overriding database path with different value: C:\Users\gagno\.stmcufinder\plugins\mcufinder/ => C:\Users\gagno\.stmcufinder\plugins\mcufinder
2025-05-26 00:07:16,412 [INFO] DbMcusAds:125 - Set database path to: C:\Users\gagno\.stmcufinder\plugins\mcufinder//mcu/
2025-05-26 00:07:16,412 [WARN] DbFile:41 - Overriding database path with different value: C:\Users\gagno\.stmcufinder\plugins\mcufinder/ => C:\Users\gagno\.stmcufinder\plugins\mcufinder
2025-05-26 00:07:16,412 [WARN] DbFile:41 - Overriding database path with different value: C:\Users\gagno\.stmcufinder\plugins\mcufinder/ => C:\Users\gagno\.stmcufinder\plugins\mcufinder
2025-05-26 00:07:16,412 [INFO] CrossReferenceDbSqlite:203 - Set database path to: C:\Users\gagno\.stmcufinder\plugins\mcufinder//mcu/cs/
2025-05-26 00:07:16,433 [INFO] ApplicationProperties:184 - Using Application install path: C:\ST\STM32CubeIDE_1.15.0\STM32CubeIDE\plugins\com.st.stm32cube.common.mx_6.14.0.202502271554
2025-05-26 00:07:16,434 [INFO] PluginManage:196 - Search for loadable plugins [exclusion list=, ]
2025-05-26 00:07:16,435 [INFO] PluginManage:310 - Check plugin analytics
2025-05-26 00:07:21,555 [INFO] AnalyticsPlugin:253 - Accepted Software Licenses: 
2025-05-26 00:07:21,556 [INFO] AnalyticsPlugin:255 - Accepted CMSIS Pack Licenses: 
2025-05-26 00:07:21,556 [INFO] AnalyticsPlugin:257 - Accepted Firmware Licenses: FW.F4.1.28.0
2025-05-26 00:07:21,559 [INFO] PluginManage:359 - Loaded plugin analytics (category:tool,tabindex:-1)
2025-05-26 00:07:21,559 [INFO] PluginManage:310 - Check plugin cadmodel
2025-05-26 00:07:21,567 [INFO] CADModel:105 - Init CAD model plugin
2025-05-26 00:07:21,568 [INFO] PluginManage:359 - Loaded plugin cadmodel (category:power,tabindex:5)
2025-05-26 00:07:21,568 [INFO] PluginManage:310 - Check plugin clock
2025-05-26 00:07:21,576 [INFO] PluginManage:359 - Loaded plugin clock (category:base,tabindex:2)
2025-05-26 00:07:21,576 [INFO] PluginManage:310 - Check plugin ddr
2025-05-26 00:07:21,578 [INFO] PluginManage:359 - Loaded plugin ddr (category:tool,tabindex:6)
2025-05-26 00:07:21,578 [INFO] PluginManage:310 - Check plugin filemanager
2025-05-26 00:07:21,695 [INFO] PluginManage:359 - Loaded plugin filemanager (category:base,tabindex:10)
2025-05-26 00:07:21,695 [INFO] PluginManage:310 - Check plugin ipmanager
2025-05-26 00:07:21,701 [INFO] PluginManage:359 - Loaded plugin ipmanager (category:base,tabindex:5)
2025-05-26 00:07:21,701 [INFO] PluginManage:310 - Check plugin lpbam
2025-05-26 00:07:21,707 [INFO] PluginManage:359 - Loaded plugin lpbam (category:base,tabindex:0)
2025-05-26 00:07:21,707 [INFO] PluginManage:310 - Check plugin memorymap
2025-05-26 00:07:21,720 [INFO] PluginManage:359 - Loaded plugin memorymap (category:base,tabindex:4)
2025-05-26 00:07:21,720 [INFO] PluginManage:310 - Check plugin pinoutandconfiguration
2025-05-26 00:07:21,727 [INFO] PluginManage:359 - Loaded plugin pinoutandconfiguration (category:base,tabindex:1)
2025-05-26 00:07:21,727 [INFO] PluginManage:310 - Check plugin pinoutconfig
2025-05-26 00:07:21,806 [WARN] SupportedApi:132 - Cannot load RTOS API schema: s4s-elt-must-match.1: The content of 'definitions' must match (annotation?, (simpleType | complexType)?, (unique | key | keyref)*)). A problem was found starting at: attribute.
2025-05-26 00:07:21,927 [INFO] PluginManage:359 - Loaded plugin pinoutconfig (category:base,tabindex:0)
2025-05-26 00:07:21,928 [INFO] PluginManage:310 - Check plugin power
2025-05-26 00:07:21,937 [INFO] PluginManage:359 - Loaded plugin power (category:power,tabindex:4)
2025-05-26 00:07:21,937 [INFO] PluginManage:310 - Check plugin projectmanager
2025-05-26 00:07:21,951 [INFO] PluginManage:359 - Loaded plugin projectmanager (category:projectmanager,tabindex:4)
2025-05-26 00:07:21,951 [INFO] PluginManage:310 - Check plugin rif
2025-05-26 00:07:21,959 [INFO] PluginManage:359 - Loaded plugin rif (category:base,tabindex:3)
2025-05-26 00:07:21,959 [INFO] PluginManage:310 - Check plugin thirdparty
2025-05-26 00:07:22,080 [WARN] IntegrityCheckThread:84 - waiting for thirdparty lock release [integrity check]
2025-05-26 00:07:22,081 [INFO] IntegrityCheckThread:86 - entering critical section [integrity check]
2025-05-26 00:07:22,081 [INFO] PluginManage:359 - Loaded plugin thirdparty (category:base,tabindex:-1)
2025-05-26 00:07:22,081 [INFO] PluginManage:310 - Check plugin tools
2025-05-26 00:07:22,081 [INFO] ThirdPartyUpdaterWithRetryManager:70 - Updater plugin not ready yet. [1/15]
2025-05-26 00:07:22,084 [INFO] PluginManage:359 - Loaded plugin tools (category:base,tabindex:7)
2025-05-26 00:07:22,084 [INFO] PluginManage:310 - Check plugin tutovideos
2025-05-26 00:07:22,241 [INFO] PluginManage:359 - Loaded plugin tutovideos (category:base,tabindex:-1)
2025-05-26 00:07:22,241 [INFO] PluginManage:310 - Check plugin updater
2025-05-26 00:07:22,260 [INFO] PluginManage:359 - Loaded plugin updater (category:base,tabindex:12)
2025-05-26 00:07:22,261 [INFO] PluginManage:310 - Check plugin userauth
2025-05-26 00:07:22,263 [INFO] UserAuth:118 - Init User Auth plugin
2025-05-26 00:07:22,264 [INFO] PluginManage:359 - Loaded plugin userauth (category:base,tabindex:14)
2025-05-26 00:07:22,265 [INFO] PluginManage:283 - PluginManage : Loaded plugins [18]
2025-05-26 00:07:22,450 [INFO] PinOutPanel:1589 - setPackage(No Configuration,No Configuration)
2025-05-26 00:07:22,529 [INFO] CADModel:165 - CPN selected for project level
2025-05-26 00:07:22,529 [INFO] CADModel:114 - Register for checkConnection events
2025-05-26 00:07:22,543 [INFO] IPUIPlugin:80 - create IPUIPlugin
2025-05-26 00:07:22,543 [INFO] PluginManager:220 - loadIPPluginJar : add adc
2025-05-26 00:07:22,547 [INFO] IPUIPlugin:80 - create IPUIPlugin
2025-05-26 00:07:22,547 [INFO] PluginManager:220 - loadIPPluginJar : add aes
2025-05-26 00:07:22,549 [INFO] IPUIPlugin:80 - create IPUIPlugin
2025-05-26 00:07:22,549 [INFO] PluginManager:220 - loadIPPluginJar : add can
2025-05-26 00:07:22,551 [INFO] IPUIPlugin:80 - create IPUIPlugin
2025-05-26 00:07:22,551 [INFO] PluginManager:220 - loadIPPluginJar : add comp
2025-05-26 00:07:22,553 [INFO] IPUIPlugin:80 - create IPUIPlugin
2025-05-26 00:07:22,553 [INFO] PluginManager:220 - loadIPPluginJar : add cryp
2025-05-26 00:07:22,555 [INFO] IPUIPlugin:80 - create IPUIPlugin
2025-05-26 00:07:22,556 [INFO] PluginManager:220 - loadIPPluginJar : add ddr_ctrl_phy
2025-05-26 00:07:22,558 [INFO] IPUIPlugin:80 - create IPUIPlugin
2025-05-26 00:07:22,558 [INFO] PluginManager:220 - loadIPPluginJar : add dfsdm
2025-05-26 00:07:22,563 [INFO] IPUIPlugin:80 - create IPUIPlugin
2025-05-26 00:07:22,563 [INFO] PluginManager:220 - loadIPPluginJar : add dma
2025-05-26 00:07:22,566 [INFO] IPUIPlugin:80 - create IPUIPlugin
2025-05-26 00:07:22,566 [INFO] PluginManager:220 - loadIPPluginJar : add dma3
2025-05-26 00:07:22,568 [INFO] IPUIPlugin:80 - create IPUIPlugin
2025-05-26 00:07:22,568 [INFO] PluginManager:220 - loadIPPluginJar : add extmemmanager
2025-05-26 00:07:22,569 [INFO] IPUIPlugin:80 - create IPUIPlugin
2025-05-26 00:07:22,569 [INFO] PluginManager:220 - loadIPPluginJar : add fatfs
2025-05-26 00:07:22,572 [INFO] IPUIPlugin:80 - create IPUIPlugin
2025-05-26 00:07:22,572 [INFO] PluginManager:220 - loadIPPluginJar : add fmc
2025-05-26 00:07:22,579 [INFO] IPUIPlugin:80 - create IPUIPlugin
2025-05-26 00:07:22,579 [INFO] PluginManager:220 - loadIPPluginJar : add freertos
2025-05-26 00:07:22,580 [INFO] IPUIPlugin:80 - create IPUIPlugin
2025-05-26 00:07:22,580 [INFO] PluginManager:220 - loadIPPluginJar : add genericplugin
2025-05-26 00:07:22,582 [INFO] IPUIPlugin:80 - create IPUIPlugin
2025-05-26 00:07:22,582 [INFO] PluginManager:220 - loadIPPluginJar : add gfxmmu
2025-05-26 00:07:22,598 [INFO] IPUIPlugin:80 - create IPUIPlugin
2025-05-26 00:07:22,598 [INFO] PluginManager:220 - loadIPPluginJar : add gic
2025-05-26 00:07:22,603 [INFO] IPUIPlugin:80 - create IPUIPlugin
2025-05-26 00:07:22,603 [INFO] PluginManager:220 - loadIPPluginJar : add gpio
2025-05-26 00:07:22,607 [INFO] IPUIPlugin:80 - create IPUIPlugin
2025-05-26 00:07:22,607 [INFO] PluginManager:220 - loadIPPluginJar : add gtzc
2025-05-26 00:07:22,609 [INFO] IPUIPlugin:80 - create IPUIPlugin
2025-05-26 00:07:22,609 [INFO] PluginManager:220 - loadIPPluginJar : add hash
2025-05-26 00:07:22,611 [INFO] IPUIPlugin:80 - create IPUIPlugin
2025-05-26 00:07:22,611 [INFO] PluginManager:220 - loadIPPluginJar : add i2c
2025-05-26 00:07:22,613 [INFO] IPUIPlugin:80 - create IPUIPlugin
2025-05-26 00:07:22,613 [INFO] PluginManager:220 - loadIPPluginJar : add i2s
2025-05-26 00:07:22,615 [INFO] IPUIPlugin:80 - create IPUIPlugin
2025-05-26 00:07:22,616 [INFO] PluginManager:220 - loadIPPluginJar : add i3c
2025-05-26 00:07:22,619 [INFO] IPUIPlugin:80 - create IPUIPlugin
2025-05-26 00:07:22,619 [INFO] PluginManager:220 - loadIPPluginJar : add ipddr
2025-05-26 00:07:22,625 [INFO] IPUIPlugin:80 - create IPUIPlugin
2025-05-26 00:07:22,625 [INFO] PluginManager:220 - loadIPPluginJar : add linkedlist
2025-05-26 00:07:22,629 [INFO] IPUIPlugin:80 - create IPUIPlugin
2025-05-26 00:07:22,629 [INFO] PluginManager:220 - loadIPPluginJar : add lorawan
2025-05-26 00:07:22,630 [INFO] IPUIPlugin:80 - create IPUIPlugin
2025-05-26 00:07:22,630 [INFO] PluginManager:220 - loadIPPluginJar : add ltdc
2025-05-26 00:07:22,634 [INFO] IPUIPlugin:80 - create IPUIPlugin
2025-05-26 00:07:22,634 [INFO] PluginManager:220 - loadIPPluginJar : add mdma
2025-05-26 00:07:22,637 [INFO] IPUIPlugin:80 - create IPUIPlugin
2025-05-26 00:07:22,637 [INFO] PluginManager:220 - loadIPPluginJar : add nvic
2025-05-26 00:07:22,639 [INFO] IPUIPlugin:80 - create IPUIPlugin
2025-05-26 00:07:22,640 [INFO] PluginManager:220 - loadIPPluginJar : add opamp
2025-05-26 00:07:22,643 [INFO] IPUIPlugin:80 - create IPUIPlugin
2025-05-26 00:07:22,643 [INFO] PluginManager:220 - loadIPPluginJar : add openamp
2025-05-26 00:07:22,646 [INFO] IPUIPlugin:80 - create IPUIPlugin
2025-05-26 00:07:22,646 [INFO] PluginManager:220 - loadIPPluginJar : add pdm2pcm
2025-05-26 00:07:22,651 [INFO] IPUIPlugin:80 - create IPUIPlugin
2025-05-26 00:07:22,654 [INFO] PluginManager:220 - loadIPPluginJar : add plateformsettings
2025-05-26 00:07:22,656 [INFO] IPUIPlugin:80 - create IPUIPlugin
2025-05-26 00:07:22,656 [INFO] PluginManager:220 - loadIPPluginJar : add quadspi
2025-05-26 00:07:22,658 [INFO] IPUIPlugin:80 - create IPUIPlugin
2025-05-26 00:07:22,658 [INFO] PluginManager:220 - loadIPPluginJar : add radio
2025-05-26 00:07:22,661 [INFO] IPUIPlugin:80 - create IPUIPlugin
2025-05-26 00:07:22,661 [INFO] PluginManager:220 - loadIPPluginJar : add resmgrutility
2025-05-26 00:07:22,663 [INFO] IPUIPlugin:80 - create IPUIPlugin
2025-05-26 00:07:22,664 [INFO] PluginManager:220 - loadIPPluginJar : add sai
2025-05-26 00:07:22,666 [INFO] IPUIPlugin:80 - create IPUIPlugin
2025-05-26 00:07:22,666 [INFO] PluginManager:220 - loadIPPluginJar : add spi
2025-05-26 00:07:22,673 [INFO] IPUIPlugin:80 - create IPUIPlugin
2025-05-26 00:07:22,673 [INFO] PluginManager:220 - loadIPPluginJar : add stm32_wpan
2025-05-26 00:07:22,675 [INFO] IPUIPlugin:80 - create IPUIPlugin
2025-05-26 00:07:22,675 [INFO] PluginManager:220 - loadIPPluginJar : add tim
2025-05-26 00:07:22,680 [INFO] IPUIPlugin:80 - create IPUIPlugin
2025-05-26 00:07:22,681 [INFO] PluginManager:220 - loadIPPluginJar : add touchsensing
2025-05-26 00:07:22,683 [INFO] IPUIPlugin:80 - create IPUIPlugin
2025-05-26 00:07:22,683 [INFO] PluginManager:220 - loadIPPluginJar : add tracer_emb
2025-05-26 00:07:22,686 [INFO] IPUIPlugin:80 - create IPUIPlugin
2025-05-26 00:07:22,686 [INFO] PluginManager:220 - loadIPPluginJar : add ts
2025-05-26 00:07:22,688 [INFO] IPUIPlugin:80 - create IPUIPlugin
2025-05-26 00:07:22,688 [INFO] PluginManager:220 - loadIPPluginJar : add tsc
2025-05-26 00:07:22,689 [INFO] IPUIPlugin:80 - create IPUIPlugin
2025-05-26 00:07:22,689 [INFO] PluginManager:220 - loadIPPluginJar : add ucpd
2025-05-26 00:07:22,694 [INFO] IPUIPlugin:80 - create IPUIPlugin
2025-05-26 00:07:22,694 [INFO] PluginManager:220 - loadIPPluginJar : add usart
2025-05-26 00:07:22,699 [INFO] IPUIPlugin:80 - create IPUIPlugin
2025-05-26 00:07:22,699 [INFO] PluginManager:220 - loadIPPluginJar : add usbx
2025-05-26 00:07:22,826 [FATAL] Updater:351 - Updater called before beeing initialized
2025-05-26 00:07:22,848 [INFO] RulesReader:64 - Compatibility file has been processed (301 Rules)
2025-05-26 00:07:22,858 [INFO] RulesReader:64 - Compatibility file has been processed (301 Rules)
2025-05-26 00:07:22,865 [INFO] CADModel:165 - CPN selected for project level
2025-05-26 00:07:22,865 [INFO] CADModel:114 - Register for checkConnection events
2025-05-26 00:07:22,865 [FATAL] Updater:351 - Updater called before beeing initialized
2025-05-26 00:07:22,865 [ERROR] CADModel:125 - Updater not yet initialized, retry later 
2025-05-26 00:07:22,997 [FATAL] Updater:351 - Updater called before beeing initialized
2025-05-26 00:07:22,999 [INFO] CADModel:165 - CPN selected for project level
2025-05-26 00:07:22,999 [INFO] CADModel:114 - Register for checkConnection events
2025-05-26 00:07:22,999 [FATAL] Updater:351 - Updater called before beeing initialized
2025-05-26 00:07:22,999 [ERROR] CADModel:125 - Updater not yet initialized, retry later 
2025-05-26 00:07:23,002 [FATAL] Updater:351 - Updater called before beeing initialized
2025-05-26 00:07:23,110 [FATAL] Updater:351 - Updater called before beeing initialized
2025-05-26 00:07:23,114 [INFO] DbMcusAds:53 - JSON generation date=Wed May 07 05:07:55 EDT 2025 (1746608875484)
2025-05-26 00:07:23,114 [FATAL] Updater:351 - Updater called before beeing initialized
2025-05-26 00:07:23,149 [WARN] DetailPanel:346 - Failed to get advertising image, set to default
2025-05-26 00:07:23,401 [FATAL] Updater:351 - Updater called before beeing initialized
2025-05-26 00:07:23,402 [FATAL] Updater:351 - Updater called before beeing initialized
2025-05-26 00:07:23,402 [FATAL] Updater:351 - Updater called before beeing initialized
2025-05-26 00:07:23,402 [WARN] DetailPanel:346 - Failed to get advertising image, set to default
2025-05-26 00:07:23,403 [FATAL] Updater:351 - Updater called before beeing initialized
2025-05-26 00:07:23,440 [ERROR] Updater:1198 - MainUpdater not yet initialized. External WinMGr cannot be set.
2025-05-26 00:07:23,442 [INFO] Updater:1134 - Updater Version found : 6.14.0
2025-05-26 00:07:23,456 [INFO] ApplicationProperties:184 - Using Application install path: C:\ST\STM32CubeIDE_1.15.0\STM32CubeIDE\plugins\com.st.stm32cube.common.mx_6.14.0.202502271554
2025-05-26 00:07:23,845 [INFO] MainUpdater:2872 - connection check result : 10
2025-05-26 00:07:23,845 [INFO] MainUpdater:289 - Updater Check For Update Now.
2025-05-26 00:07:23,845 [INFO] MicroXplorer:498 - Change Database Version : DB.6.0.140
2025-05-26 00:07:23,851 [INFO] McuFinderGlobals:63 - Set McuFinder mode to 2 (CubeIDE integrated)
2025-05-26 00:07:23,853 [INFO] UserAuth:486 - Internet connection configuration mode: 1
2025-05-26 00:07:23,879 [INFO] JxBrowserEngine:152 - Initiate JxBrowser Engine with user profile folder
2025-05-26 00:07:24,027 [INFO] CheckServerUpdateThread:120 - End of CheckServer Thread
2025-05-26 00:07:24,967 [INFO] WebApp:169 - Instantiating new browser for Auth
2025-05-26 00:07:25,354 [WARN] PackLoader:240 - Cannot read IP mode file for STMicroelectronics.FP-SNS-MOTENVWB1.1.4.0
2025-05-26 00:07:25,368 [WARN] PackLoader:240 - Cannot read IP mode file for STMicroelectronics.FP-ATR-ASTRA1.2.0.2
2025-05-26 00:07:25,372 [WARN] PackLoader:240 - Cannot read IP mode file for STMicroelectronics.FP-ATR-ASTRA1.2.0.1
2025-05-26 00:07:25,390 [WARN] PackLoader:240 - Cannot read IP mode file for STMicroelectronics.X-CUBE-SMBUS.2.1.0
2025-05-26 00:07:25,402 [WARN] PackLoader:240 - Cannot read IP mode file for STMicroelectronics.X-CUBE-WB05N.1.1.0
2025-05-26 00:07:25,409 [WARN] PackLoader:240 - Cannot read IP mode file for STMicroelectronics.X-CUBE-ST60.1.0.0
2025-05-26 00:07:25,417 [WARN] PackLoader:240 - Cannot read IP mode file for STMicroelectronics.X-CUBE-TOUCHGFX.4.23.2
2025-05-26 00:07:25,457 [WARN] PackLoader:240 - Cannot read IP mode file for STMicroelectronics.X-CUBE-AZRTOS-F7.1.1.0
2025-05-26 00:07:25,531 [WARN] PackLoader:240 - Cannot read IP mode file for STMicroelectronics.X-CUBE-MEMS1.11.0.0
2025-05-26 00:07:25,775 [WARN] PackLoader:240 - Cannot read IP mode file for STMicroelectronics.FP-SNS-FLIGHT1.5.0.2
2025-05-26 00:07:25,787 [WARN] PackLoader:240 - Cannot read IP mode file for STMicroelectronics.X-CUBE-DISPLAY.3.0.0
2025-05-26 00:07:25,802 [WARN] PackLoader:240 - Cannot read IP mode file for STMicroelectronics.X-CUBE-BLE1.7.0.0
2025-05-26 00:07:25,844 [WARN] PackLoader:240 - Cannot read IP mode file for STMicroelectronics.X-CUBE-NFC10.1.0.0
2025-05-26 00:07:25,862 [WARN] PackLoader:240 - Cannot read IP mode file for STMicroelectronics.X-CUBE-BLEMGR.4.0.0
2025-05-26 00:07:25,877 [WARN] PackLoader:240 - Cannot read IP mode file for emotas.I-CUBE-CANOPEN.1.3.0
2025-05-26 00:07:25,890 [WARN] PackLoader:240 - Cannot read IP mode file for STMicroelectronics.X-CUBE-BLEMGR.3.1.0
2025-05-26 00:07:25,900 [WARN] PackLoader:240 - Cannot read IP mode file for STMicroelectronics.X-CUBE-AI.10.0.0
2025-05-26 00:07:25,905 [WARN] PackLoader:240 - Cannot read IP mode file for STMicroelectronics.FP-SNS-SMARTAG2.1.2.0
2025-05-26 00:07:25,910 [WARN] PackLoader:240 - Cannot read IP mode file for STMicroelectronics.FP-SNS-FLIGHT1.5.1.0
2025-05-26 00:07:25,966 [WARN] PackLoader:240 - Cannot read IP mode file for STMicroelectronics.X-CUBE-MEMS1.11.1.0
2025-05-26 00:07:26,090 [INFO] LogOutputStream:77 - [STDOUT_REDIRECT] 1 : Invalid condition id : UX_CORESTACK_Condition cause : null
2025-05-26 00:07:26,091 [INFO] LogOutputStream:77 - [STDOUT_REDIRECT] 1 : Invalid condition id : UX_CORESTACK_Condition cause : null
2025-05-26 00:07:26,092 [INFO] LogOutputStream:77 - [STDOUT_REDIRECT] 1 : Invalid condition id : UX_CORESTACK_Condition cause : null
2025-05-26 00:07:26,094 [INFO] LogOutputStream:77 - [STDOUT_REDIRECT] 1 : Invalid condition id : UX_CORESTACK_Condition cause : null
2025-05-26 00:07:26,095 [INFO] LogOutputStream:77 - [STDOUT_REDIRECT] 1 : Invalid condition id : UX_CORESTACK_Condition cause : null
2025-05-26 00:07:26,097 [WARN] PackLoader:240 - Cannot read IP mode file for STMicroelectronics.X-CUBE-AZRTOS-WL.2.0.0
2025-05-26 00:07:26,104 [WARN] PackLoader:240 - Cannot read IP mode file for STMicroelectronics.FP-SNS-MOTENV1.5.0.0
2025-05-26 00:07:26,112 [WARN] PackLoader:240 - Cannot read IP mode file for wolfSSL.I-CUBE-wolfMQTT.1.19.0
2025-05-26 00:07:26,125 [WARN] PackLoader:240 - Cannot read IP mode file for WES.I-CUBE-Cesium.1.3.0
2025-05-26 00:07:26,134 [WARN] PackLoader:240 - Cannot read IP mode file for STMicroelectronics.X-CUBE-BLE2.3.3.0
2025-05-26 00:07:26,148 [WARN] PackLoader:240 - Cannot read IP mode file for STMicroelectronics.X-CUBE-NFC9.1.0.0
2025-05-26 00:07:26,158 [WARN] PackLoader:240 - Cannot read IP mode file for STMicroelectronics.X-CUBE-BLE1.7.1.0
2025-05-26 00:07:26,168 [WARN] PackLoader:240 - Cannot read IP mode file for STMicroelectronics.X-CUBE-TCPP.4.1.0
2025-05-26 00:07:26,179 [WARN] PackLoader:240 - Cannot read IP mode file for STMicroelectronics.X-CUBE-ALGOBUILD.1.3.0
2025-05-26 00:07:26,242 [WARN] PackLoader:240 - Cannot read IP mode file for STMicroelectronics.X-CUBE-MEMS1.11.2.0
2025-05-26 00:07:26,353 [INFO] WebApp:463 - Apply proxy settings
2025-05-26 00:07:26,353 [INFO] WebApp:548 - Chromium requires no authentication
2025-05-26 00:07:26,371 [INFO] WebApp:491 - Direct internet connection detected
2025-05-26 00:07:26,391 [WARN] PackLoader:240 - Cannot read IP mode file for STMicroelectronics.X-CUBE-AZRTOS-G0.1.1.0
2025-05-26 00:07:26,401 [WARN] PackLoader:240 - Cannot read IP mode file for STMicroelectronics.X-CUBE-SAFEA1.1.2.2
2025-05-26 00:07:26,409 [WARN] PackLoader:240 - Cannot read IP mode file for STMicroelectronics.X-CUBE-NFC4.3.0.0
2025-05-26 00:07:26,414 [WARN] PackLoader:240 - Cannot read IP mode file for wolfSSL.I-CUBE-wolfMQTT.1.18.0
2025-05-26 00:07:26,425 [WARN] PackLoader:240 - Cannot read IP mode file for EmbeddedOffice.I-CUBE-FS-RTOS.1.0.1
2025-05-26 00:07:26,431 [WARN] PackLoader:240 - Cannot read IP mode file for STMicroelectronics.X-CUBE-WB05N.2.0.0
2025-05-26 00:07:26,434 [INFO] WebApp:894 - Register for checkConnection events
2025-05-26 00:07:26,434 [INFO] WebApp:463 - Apply proxy settings
2025-05-26 00:07:26,435 [INFO] WebApp:548 - Chromium requires no authentication
2025-05-26 00:07:26,435 [INFO] WebApp:491 - Direct internet connection detected
2025-05-26 00:07:26,438 [WARN] PackLoader:240 - Cannot read IP mode file for STMicroelectronics.X-CUBE-TCPP.4.2.0
2025-05-26 00:07:26,446 [WARN] PackLoader:240 - Cannot read IP mode file for RealThread.X-CUBE-RT-Thread_Nano.4.1.1
2025-05-26 00:07:26,451 [WARN] PackLoader:240 - Cannot read IP mode file for wolfSSL.I-CUBE-wolfSSL.5.7.0
2025-05-26 00:07:26,456 [WARN] PackLoader:240 - Cannot read IP mode file for STMicroelectronics.FP-ATR-SIGFOX1.3.2.0
2025-05-26 00:07:26,462 [WARN] ConditionMgr:438 - getConditionDescription Invalid condition id : Cortex-A Device cause : null
2025-05-26 00:07:26,477 [WARN] ConditionMgr:1044 - genDependencies : Invalid condition id : Cortex-A Device cause : null
2025-05-26 00:07:26,477 [WARN] ConditionMgr:1044 - genDependencies : Invalid condition id : Cortex-A Device cause : null
2025-05-26 00:07:26,478 [WARN] ConditionMgr:1044 - genDependencies : Invalid condition id : Cortex-A Device cause : null
2025-05-26 00:07:26,483 [WARN] PackLoader:240 - Cannot read IP mode file for STMicroelectronics.X-CUBE-EEPRMA1.5.1.0
2025-05-26 00:07:26,492 [WARN] PackLoader:240 - Cannot read IP mode file for ITTIA_DB.I-CUBE-ITTIADB.8.9.0
2025-05-26 00:07:26,521 [WARN] PackLoader:240 - Cannot read IP mode file for SEGGER.I-CUBE-embOS.1.3.1
2025-05-26 00:07:26,569 [WARN] PackLoader:240 - Cannot read IP mode file for STMicroelectronics.X-CUBE-ALGOBUILD.1.4.0
2025-05-26 00:07:26,575 [WARN] PackLoader:240 - Cannot read IP mode file for STMicroelectronics.X-CUBE-AI.9.1.0
2025-05-26 00:07:26,584 [WARN] PackLoader:240 - Cannot read IP mode file for STMicroelectronics.X-CUBE-GNSS1.6.0.0
2025-05-26 00:07:26,609 [WARN] PackLoader:240 - Cannot read IP mode file for STMicroelectronics.X-CUBE-AZRTOS-F4.1.1.0
2025-05-26 00:07:26,619 [WARN] PackLoader:240 - Cannot read IP mode file for Avnet-IotConnect.X-CUBE-IoTC-DA16k-PMOD.1.0.0
2025-05-26 00:07:26,626 [WARN] PackLoader:240 - Cannot read IP mode file for STMicroelectronics.X-CUBE-ISPU.2.1.0
2025-05-26 00:07:26,636 [WARN] PackLoader:240 - Cannot read IP mode file for STMicroelectronics.X-CUBE-FREERTOS.1.2.0
2025-05-26 00:07:26,663 [WARN] PackLoader:240 - Cannot read IP mode file for STMicroelectronics.X-CUBE-AZRTOS-L5.2.0.0
2025-05-26 00:07:26,664 [INFO] WebApp:191 - Connection restablished
2025-05-26 00:07:26,716 [WARN] PackLoader:240 - Cannot read IP mode file for STMicroelectronics.X-CUBE-NFC6.3.1.0
2025-05-26 00:07:26,729 [WARN] PackLoader:240 - Cannot read IP mode file for STMicroelectronics.X-CUBE-DPower.1.2.0
2025-05-26 00:07:26,735 [WARN] PackLoader:240 - Cannot read IP mode file for STMicroelectronics.X-CUBE-AI.9.0.0
2025-05-26 00:07:26,742 [WARN] PackLoader:240 - Cannot read IP mode file for STMicroelectronics.X-CUBE-FREERTOS.1.3.1
2025-05-26 00:07:26,749 [WARN] PackLoader:240 - Cannot read IP mode file for STMicroelectronics.X-CUBE-FREERTOS.1.3.0
2025-05-26 00:07:26,757 [WARN] PackLoader:240 - Cannot read IP mode file for STMicroelectronics.X-CUBE-NFC7.1.0.1
2025-05-26 00:07:26,764 [WARN] PackLoader:240 - Cannot read IP mode file for wolfSSL.I-CUBE-wolfTPM.3.2.0
2025-05-26 00:07:26,771 [WARN] PackLoader:240 - Cannot read IP mode file for STMicroelectronics.X-CUBE-DPower.1.3.0
2025-05-26 00:07:26,776 [WARN] PackLoader:240 - Cannot read IP mode file for STMicroelectronics.X-CUBE-AI.8.1.0
2025-05-26 00:07:26,800 [WARN] ConditionMgr:438 - getConditionDescription Invalid condition id : LAN8742 Phy interface Condition cause : null
2025-05-26 00:07:26,801 [WARN] PackLoader:240 - Cannot read IP mode file for STMicroelectronics.X-CUBE-AZRTOS-L4.2.0.0
2025-05-26 00:07:26,803 [WARN] ConditionMgr:1044 - genDependencies : Invalid condition id : LAN8742 Phy interface Condition cause : null
2025-05-26 00:07:26,804 [WARN] ConditionMgr:1044 - genDependencies : Invalid condition id : LAN8742 Phy interface Condition cause : null
2025-05-26 00:07:26,805 [WARN] ConditionMgr:1044 - genDependencies : Invalid condition id : LAN8742 Phy interface Condition cause : null
2025-05-26 00:07:26,816 [WARN] PackLoader:240 - Cannot read IP mode file for STMicroelectronics.X-CUBE-SFXS2LP1.4.0.0
2025-05-26 00:07:26,847 [WARN] PackLoader:240 - Cannot read IP mode file for STMicroelectronics.X-CUBE-AZRTOS-H7.3.3.0
2025-05-26 00:07:26,867 [WARN] PackLoader:240 - Cannot read IP mode file for STMicroelectronics.X-CUBE-IPS.3.0.0
2025-05-26 00:07:26,890 [WARN] ConditionMgr:438 - getConditionDescription Invalid condition id : UX DEVICE CLASS RTOS Condition cause : null
2025-05-26 00:07:26,890 [WARN] ConditionMgr:438 - getConditionDescription Invalid condition id : UX DEVICE CLASS RTOS Condition cause : null
2025-05-26 00:07:26,893 [WARN] PackLoader:240 - Cannot read IP mode file for STMicroelectronics.X-CUBE-AZRTOS-WB.2.0.0
2025-05-26 00:07:26,894 [WARN] ConditionMgr:1044 - genDependencies : Invalid condition id : UX DEVICE CLASS RTOS Condition cause : null
2025-05-26 00:07:26,894 [WARN] ConditionMgr:1044 - genDependencies : Invalid condition id : UX DEVICE CLASS RTOS Condition cause : null
2025-05-26 00:07:26,895 [WARN] ConditionMgr:1044 - genDependencies : Invalid condition id : UX DEVICE CLASS RTOS Condition cause : null
2025-05-26 00:07:26,895 [WARN] ConditionMgr:1044 - genDependencies : Invalid condition id : UX DEVICE CLASS RTOS Condition cause : null
2025-05-26 00:07:26,896 [WARN] ConditionMgr:1044 - genDependencies : Invalid condition id : UX DEVICE CLASS RTOS Condition cause : null
2025-05-26 00:07:26,903 [WARN] PackLoader:240 - Cannot read IP mode file for STMicroelectronics.X-CUBE-GNSS1.7.0.0
2025-05-26 00:07:26,912 [WARN] PackLoader:240 - Cannot read IP mode file for STMicroelectronics.X-CUBE-GNSS1.7.0.1
2025-05-26 00:07:26,919 [WARN] PackLoader:240 - Cannot read IP mode file for STMicroelectronics.X-CUBE-TOUCHGFX.4.25.0
2025-05-26 00:07:26,929 [WARN] PackLoader:240 - Cannot read IP mode file for STMicroelectronics.FP-SNS-STBOX1.2.0.0
2025-05-26 00:07:26,946 [WARN] PackLoader:240 - Cannot read IP mode file for STMicroelectronics.X-CUBE-SUBG2.5.0.0
2025-05-26 00:07:26,971 [WARN] PackLoader:240 - Cannot read IP mode file for STMicroelectronics.X-CUBE-AZRTOS-H7RS.1.1.0
2025-05-26 00:07:26,989 [WARN] PackLoader:240 - Cannot read IP mode file for STMicroelectronics.X-CUBE-AZRTOS-G4.2.0.0
2025-05-26 00:07:26,997 [WARN] PackLoader:240 - Cannot read IP mode file for STMicroelectronics.X-CUBE-NFC7.2.0.0
2025-05-26 00:07:27,003 [WARN] PackLoader:240 - Cannot read IP mode file for STMicroelectronics.FP-SNS-MOTENVWB1.1.3.1
2025-05-26 00:07:27,007 [WARN] PackLoader:240 - Cannot read IP mode file for STMicroelectronics.X-CUBE-ISPU.2.0.0
2025-05-26 00:07:27,030 [WARN] PackLoader:240 - Cannot read IP mode file for STMicroelectronics.X-CUBE-IPS.3.1.0
2025-05-26 00:07:27,041 [WARN] PackLoader:240 - Cannot read IP mode file for STMicroelectronics.X-CUBE-ALS.1.0.2
2025-05-26 00:07:27,044 [INFO] WebApp:225 - Starting web application
2025-05-26 00:07:27,044 [INFO] WebApp:593 - Web application path used C:\ST\STM32CubeIDE_1.15.0\STM32CubeIDE\plugins\com.st.stm32cube.common.mx_6.14.0.202502271554\db\plugins\mcufinder\reactClient1\index.html
2025-05-26 00:07:27,084 [WARN] PackLoader:240 - Cannot read IP mode file for STMicroelectronics.X-CUBE-MEMS1.10.0.0
2025-05-26 00:07:27,202 [WARN] PackLoader:240 - Cannot read IP mode file for STMicroelectronics.X-CUBE-FREERTOS.1.1.0
2025-05-26 00:07:27,208 [WARN] PackLoader:240 - Cannot read IP mode file for STMicroelectronics.X-CUBE-TOUCHGFX.4.24.0
2025-05-26 00:07:27,212 [WARN] PackLoader:240 - Cannot read IP mode file for STMicroelectronics.X-CUBE-TOUCHGFX.4.24.2
2025-05-26 00:07:27,216 [WARN] PackLoader:240 - Cannot read IP mode file for STMicroelectronics.X-CUBE-TOUCHGFX.4.24.1
2025-05-26 00:07:27,223 [WARN] PackLoader:240 - Cannot read IP mode file for portGmbH.I-Cube-SoM-uGOAL.1.1.0
2025-05-26 00:07:27,227 [WARN] PackLoader:240 - Cannot read IP mode file for STMicroelectronics.X-CUBE-ALS.1.0.1
2025-05-26 00:07:27,247 [WARN] PackLoader:240 - Cannot read IP mode file for STMicroelectronics.X-CUBE-AZRTOS-H7RS.1.0.0
2025-05-26 00:07:27,256 [WARN] PackLoader:240 - Cannot read IP mode file for STMicroelectronics.FP-ATR-ASTRA1.2.0.0
2025-05-26 00:07:27,269 [WARN] PackLoader:240 - Cannot read IP mode file for STMicroelectronics.X-CUBE-TOF1.3.4.2
2025-05-26 00:07:27,286 [WARN] PackLoader:240 - Cannot read IP mode file for STMicroelectronics.X-CUBE-TOF1.3.4.3
2025-05-26 00:07:27,298 [INFO] UserAuth:486 - Internet connection configuration mode: 1
2025-05-26 00:07:27,310 [WARN] PackLoader:240 - Cannot read IP mode file for STMicroelectronics.X-CUBE-TOF1.3.4.1
2025-05-26 00:07:27,347 [WARN] PackLoader:240 - Cannot read IP mode file for STMicroelectronics.X-CUBE-AZRTOS-H7.3.2.0
2025-05-26 00:07:27,363 [WARN] PackLoader:240 - Cannot read IP mode file for Infineon.AIROC-Wi-Fi-Bluetooth-STM32.1.6.0
2025-05-26 00:07:27,371 [WARN] PackLoader:240 - Cannot read IP mode file for wolfSSL.I-CUBE-wolfSSH.1.4.17
2025-05-26 00:07:27,372 [INFO] ThirdParty:978 - Integrity check success = true
2025-05-26 00:07:27,372 [INFO] IntegrityCheckThread:100 - exiting critical section [integrity check]
2025-05-26 00:07:27,372 [INFO] IntegrityCheckThread:103 - End integrity checks thread
2025-05-26 00:10:08,595 [INFO] McuFinderGlobals:63 - Set McuFinder mode to 2 (CubeIDE integrated)
2025-05-26 00:10:08,601 [INFO] MainUpdater:2872 - connection check result : 10
2025-05-26 00:10:08,602 [INFO] MainUpdater:2872 - connection check result : 10
2025-05-26 00:10:08,644 [INFO] MicroXplorer:468 - Change Database Path : 
2025-05-26 00:10:08,645 [INFO] MicroXplorer:498 - Change Database Version : DB.6.0.140
2025-05-26 00:10:08,654 [WARN] ThirdParty:871 - waiting for thirdparty lock release [close project]
2025-05-26 00:10:08,654 [INFO] ThirdParty:873 - entering critical section [close project]
2025-05-26 00:10:08,656 [INFO] ThirdParty:883 - exiting critical section [close project]
2025-05-26 00:10:08,663 [INFO] PinOutPanel:1589 - setPackage(No Configuration,No Configuration)
2025-05-26 00:10:08,670 [INFO] UtilMem:75 - Begin LoadConfig() Used Memory: 607874568 Bytes (1073741824)
2025-05-26 00:10:08,672 [INFO] MicroXplorer:468 - Change Database Path : 
2025-05-26 00:10:08,672 [INFO] MicroXplorer:498 - Change Database Version : DB.6.0.140
2025-05-26 00:10:08,672 [INFO] OpenFileManager:354 - Change cursor
2025-05-26 00:10:08,752 [INFO] Mcu:2011 - Initializing MCU STM32F412Z(E-G)Tx STM32F412ZGTx STM32F412ZGT6
2025-05-26 00:10:11,337 [INFO] Context:756 - Trying to add GPIOservice into a context  which must be forbidden
2025-05-26 00:10:11,956 [INFO] ImportTextPane:218 - (OptionalMessage_ERROR) Pin45 (VP_RIF_VS_RIF1) cannot be retrieved for this MCU
2025-05-26 00:10:12,184 [INFO] RtosManager:558 - Registered RTOS mode: class=CMSIS, group=RTOS, mode=CMSIS_V1, owner=FREERTOS
2025-05-26 00:10:12,184 [INFO] RtosManager:558 - Registered RTOS mode: class=CMSIS, group=RTOS2, mode=CMSIS_V2, owner=FREERTOS
2025-05-26 00:10:12,184 [INFO] RtosManager:558 - Registered RTOS mode: class=RTOS, group=Core, mode=CMSIS_V1, owner=FREERTOS
2025-05-26 00:10:12,184 [INFO] RtosManager:558 - Registered RTOS mode: class=RTOS, group=Core, mode=CMSIS_V2, owner=FREERTOS
2025-05-26 00:10:12,184 [WARN] ModelIntegratedComponent:184 - Missing modes for component STMicroelectronics:FreeRTOS:0.0.1:STMicroelectronics:RTOS:FreeRTOS:Core:::10.2.0:
2025-05-26 00:10:12,191 [WARN] ModelIntegratedComponent:63 - No mode defined for component null
2025-05-26 00:10:12,191 [WARN] ModelIntegratedComponent:63 - No mode defined for component null
2025-05-26 00:10:12,191 [WARN] ModelIntegratedComponent:63 - No mode defined for component null
2025-05-26 00:10:12,191 [WARN] ModelIntegratedComponent:63 - No mode defined for component null
2025-05-26 00:10:12,191 [WARN] ModelIntegratedComponent:63 - No mode defined for component null
2025-05-26 00:10:12,191 [WARN] ModelIntegratedComponent:63 - No mode defined for component null
2025-05-26 00:10:12,191 [WARN] ModelIntegratedComponent:63 - No mode defined for component null
2025-05-26 00:10:12,191 [WARN] ModelIntegratedComponent:63 - No mode defined for component null
2025-05-26 00:10:12,192 [WARN] ModelIntegratedComponent:63 - No mode defined for component null
2025-05-26 00:10:12,192 [WARN] ModelIntegratedComponent:63 - No mode defined for component null
2025-05-26 00:10:12,192 [WARN] ModelIntegratedComponent:63 - No mode defined for component null
2025-05-26 00:10:12,192 [WARN] ModelIntegratedComponent:63 - No mode defined for component null
2025-05-26 00:10:12,192 [WARN] ModelIntegratedComponent:63 - No mode defined for component null
2025-05-26 00:10:12,192 [WARN] ModelIntegratedComponent:63 - No mode defined for component null
2025-05-26 00:10:12,192 [WARN] ModelIntegratedComponent:63 - No mode defined for component null
2025-05-26 00:10:12,192 [WARN] ModelIntegratedComponent:63 - No mode defined for component null
2025-05-26 00:10:12,192 [WARN] ModelIntegratedComponent:63 - No mode defined for component null
2025-05-26 00:10:12,192 [WARN] ModelIntegratedComponent:63 - No mode defined for component null
2025-05-26 00:10:12,192 [WARN] ModelIntegratedComponent:63 - No mode defined for component null
2025-05-26 00:10:12,192 [WARN] ModelIntegratedComponent:63 - No mode defined for component null
2025-05-26 00:10:12,192 [WARN] ModelIntegratedComponent:63 - No mode defined for component null
2025-05-26 00:10:12,192 [WARN] ModelIntegratedComponent:63 - No mode defined for component null
2025-05-26 00:10:12,193 [WARN] ModelIntegratedComponent:63 - No mode defined for component null
2025-05-26 00:10:12,193 [WARN] ModelIntegratedComponent:63 - No mode defined for component null
2025-05-26 00:10:12,193 [WARN] ModelIntegratedComponent:63 - No mode defined for component null
2025-05-26 00:10:12,193 [WARN] ModelIntegratedComponent:63 - No mode defined for component null
2025-05-26 00:10:12,193 [WARN] ModelIntegratedComponent:63 - No mode defined for component null
2025-05-26 00:10:12,193 [WARN] ModelIntegratedComponent:63 - No mode defined for component null
2025-05-26 00:10:12,193 [WARN] ModelIntegratedComponent:63 - No mode defined for component null
2025-05-26 00:10:12,193 [WARN] ModelIntegratedComponent:63 - No mode defined for component null
2025-05-26 00:10:12,193 [WARN] ModelIntegratedComponent:63 - No mode defined for component null
2025-05-26 00:10:12,193 [WARN] ModelIntegratedComponent:63 - No mode defined for component null
2025-05-26 00:10:12,193 [WARN] ModelIntegratedComponent:63 - No mode defined for component null
2025-05-26 00:10:12,193 [WARN] ModelIntegratedComponent:63 - No mode defined for component null
2025-05-26 00:10:12,193 [WARN] ModelIntegratedComponent:63 - No mode defined for component null
2025-05-26 00:10:12,193 [WARN] ModelPack:524 - Component already loaded: STMicroelectronics:HAL Drivers:0.0.0:STMicroelectronics:Device:STMicro_Driver:XSPI:HAL::0.0.1:HAL_XSPI
2025-05-26 00:10:12,259 [WARN] ModelIntegratedComponent:182 - Modes not found for component STMicroelectronics:USB_DEVICE:1.0.0:STMicroelectronics:USB::USB Device:Audio HS::1.0:USB_DEVICE_1_0_RESTRICTED_HS
2025-05-26 00:10:12,259 [WARN] ModelIntegratedComponent:188 - Modes not found for component STMicroelectronics:USB_DEVICE:1.0.0:STMicroelectronics:USB::USB Device:Audio HS::1.0:USB_DEVICE_1_0_RESTRICTED_HS
2025-05-26 00:10:12,259 [WARN] ModelIntegratedComponent:182 - Modes not found for component STMicroelectronics:USB_DEVICE:1.0.0:STMicroelectronics:USB::USB Device:CDC HS::1.0:USB_DEVICE_1_0_RESTRICTED_HS
2025-05-26 00:10:12,259 [WARN] ModelIntegratedComponent:188 - Modes not found for component STMicroelectronics:USB_DEVICE:1.0.0:STMicroelectronics:USB::USB Device:CDC HS::1.0:USB_DEVICE_1_0_RESTRICTED_HS
2025-05-26 00:10:12,259 [WARN] ModelIntegratedComponent:182 - Modes not found for component STMicroelectronics:USB_DEVICE:1.0.0:STMicroelectronics:USB::USB Device:DFU HS::1.0:USB_DEVICE_1_0_RESTRICTED_HS
2025-05-26 00:10:12,259 [WARN] ModelIntegratedComponent:188 - Modes not found for component STMicroelectronics:USB_DEVICE:1.0.0:STMicroelectronics:USB::USB Device:DFU HS::1.0:USB_DEVICE_1_0_RESTRICTED_HS
2025-05-26 00:10:12,259 [WARN] ModelIntegratedComponent:182 - Modes not found for component STMicroelectronics:USB_DEVICE:1.0.0:STMicroelectronics:USB::USB Device:HID HS::1.0:USB_DEVICE_1_0_RESTRICTED_HS
2025-05-26 00:10:12,259 [WARN] ModelIntegratedComponent:188 - Modes not found for component STMicroelectronics:USB_DEVICE:1.0.0:STMicroelectronics:USB::USB Device:HID HS::1.0:USB_DEVICE_1_0_RESTRICTED_HS
2025-05-26 00:10:12,259 [WARN] ModelIntegratedComponent:182 - Modes not found for component STMicroelectronics:USB_DEVICE:1.0.0:STMicroelectronics:USB::USB Device:Custom HID HS::1.0:USB_DEVICE_1_0_RESTRICTED_HS
2025-05-26 00:10:12,260 [WARN] ModelIntegratedComponent:188 - Modes not found for component STMicroelectronics:USB_DEVICE:1.0.0:STMicroelectronics:USB::USB Device:Custom HID HS::1.0:USB_DEVICE_1_0_RESTRICTED_HS
2025-05-26 00:10:12,260 [WARN] ModelIntegratedComponent:182 - Modes not found for component STMicroelectronics:USB_DEVICE:1.0.0:STMicroelectronics:USB::USB Device:MSC HS::1.0:USB_DEVICE_1_0_RESTRICTED_HS
2025-05-26 00:10:12,260 [WARN] ModelIntegratedComponent:188 - Modes not found for component STMicroelectronics:USB_DEVICE:1.0.0:STMicroelectronics:USB::USB Device:MSC HS::1.0:USB_DEVICE_1_0_RESTRICTED_HS
2025-05-26 00:10:12,339 [WARN] ModelIntegratedComponent:182 - Modes not found for component STMicroelectronics:USB_HOST:1.0.0:STMicroelectronics:USB::USB Host:Audio HS::1.0:USB_HOST_1_0_RESTRICTED_HS
2025-05-26 00:10:12,339 [WARN] ModelIntegratedComponent:188 - Modes not found for component STMicroelectronics:USB_HOST:1.0.0:STMicroelectronics:USB::USB Host:Audio HS::1.0:USB_HOST_1_0_RESTRICTED_HS
2025-05-26 00:10:12,339 [WARN] ModelIntegratedComponent:182 - Modes not found for component STMicroelectronics:USB_HOST:1.0.0:STMicroelectronics:USB::USB Host:CDC HS::1.0:USB_HOST_1_0_RESTRICTED_HS
2025-05-26 00:10:12,339 [WARN] ModelIntegratedComponent:188 - Modes not found for component STMicroelectronics:USB_HOST:1.0.0:STMicroelectronics:USB::USB Host:CDC HS::1.0:USB_HOST_1_0_RESTRICTED_HS
2025-05-26 00:10:12,339 [WARN] ModelIntegratedComponent:182 - Modes not found for component STMicroelectronics:USB_HOST:1.0.0:STMicroelectronics:USB::USB Host:MSC HS::1.0:USB_HOST_1_0_RESTRICTED_HS
2025-05-26 00:10:12,339 [WARN] ModelIntegratedComponent:188 - Modes not found for component STMicroelectronics:USB_HOST:1.0.0:STMicroelectronics:USB::USB Host:MSC HS::1.0:USB_HOST_1_0_RESTRICTED_HS
2025-05-26 00:10:12,340 [WARN] ModelIntegratedComponent:182 - Modes not found for component STMicroelectronics:USB_HOST:1.0.0:STMicroelectronics:USB::USB Host:HID HS::1.0:USB_HOST_1_0_RESTRICTED_HS
2025-05-26 00:10:12,340 [WARN] ModelIntegratedComponent:188 - Modes not found for component STMicroelectronics:USB_HOST:1.0.0:STMicroelectronics:USB::USB Host:HID HS::1.0:USB_HOST_1_0_RESTRICTED_HS
2025-05-26 00:10:12,340 [WARN] ModelIntegratedComponent:182 - Modes not found for component STMicroelectronics:USB_HOST:1.0.0:STMicroelectronics:USB::USB Host:MTP HS::1.0:USB_HOST_1_0_RESTRICTED_HS
2025-05-26 00:10:12,340 [WARN] ModelIntegratedComponent:188 - Modes not found for component STMicroelectronics:USB_HOST:1.0.0:STMicroelectronics:USB::USB Host:MTP HS::1.0:USB_HOST_1_0_RESTRICTED_HS
2025-05-26 00:10:12,456 [INFO] ThirdPartyModel:298 - Start build external matchings
2025-05-26 00:10:14,047 [INFO] ThirdPartyModel:316 - End build external matchings
2025-05-26 00:10:14,098 [INFO] ImportTextPane:218 - (OptionalMessage_ERROR) IP (RCC) : Invalid parameter (FamilyName)
2025-05-26 00:10:14,108 [WARN] IP:2250 - DEVICE_SERIAL0_CDC_FS not found: check if there is a RefParameter without a condition.
2025-05-26 00:10:14,109 [WARN] IP:2250 - DEVICE_SERIAL1_CDC_FS not found: check if there is a RefParameter without a condition.
2025-05-26 00:10:14,109 [WARN] IP:2250 - DEVICE_SERIAL2_CDC_FS not found: check if there is a RefParameter without a condition.
2025-05-26 00:10:14,575 [INFO] ApiDb:581 - Connected to CubeFinder SQLite database (C:\Users\gagno\.stmcufinder\plugins\mcufinder\mcu\cube-finder-db.db)
2025-05-26 00:10:14,677 [INFO] ApiDb:668 - CubeFinder database Data Model version=2.1
2025-05-26 00:10:14,678 [INFO] ApiDb:669 - CubeFinder database Configuration version=3.0.39
2025-05-26 00:10:14,678 [INFO] ApiDb:670 - CubeFinder database generation date=2025-04-23 (1745419778)
2025-05-26 00:10:14,678 [INFO] ApiDb:671 - CubeFinder database FW Pack versions=[FP-ATR-ASTRA1_V2.0.0, FP-SNS-FLIGHT1_V5.1.0, FP-SNS-MOTENV1_V5.0.0, FP-SNS-MOTENVWB1_V1.4.0, FP-SNS-SMARTAG2_V1.2.0, FP-SNS-STBOX1_V2.0.0, STM32Cube_FW_C0_V1.4.0, STM32Cube_FW_F4_V1.28.1, STM32Cube_FW_F7_V1.17.2, STM32Cube_FW_G0_V1.6.2, STM32Cube_FW_G4_V1.6.1, STM32Cube_FW_H5_V1.5.0, STM32Cube_FW_H7RS_V1.2.0, STM32Cube_FW_H7_V1.12.1, STM32Cube_FW_L0_V1.12.2, STM32Cube_FW_L4_V1.18.1, STM32Cube_FW_L5_V1.5.1, STM32Cube_FW_N6_V1.1.1, STM32Cube_FW_U0_V1.2.0, STM32Cube_FW_U3_V1.1.0, STM32Cube_FW_U5_V1.7.0, STM32Cube_FW_WB0_V1.2.0, STM32Cube_FW_WBA_V1.6.0, STM32Cube_FW_WB_V1.22.0, STM32Cube_FW_WL3_V1.1.0, STM32Cube_FW_WL_V1.3.1, X-CUBE-ALGOBUILD_V1.4.0, X-CUBE-ALS_V1.0.2, X-CUBE-AZRTOS-F4_V1.1.0, X-CUBE-AZRTOS-F7_V1.1.0, X-CUBE-AZRTOS-G0_V1.1.0, X-CUBE-AZRTOS-G4_V2.0.0, X-CUBE-AZRTOS-H7RS_V1.1.0, X-CUBE-AZRTOS-H7_V3.3.0, X-CUBE-AZRTOS-L4_V2.0.0, X-CUBE-AZRTOS-L5_V2.0.0, X-CUBE-AZRTOS-WB_V2.0.0, X-CUBE-AZRTOS-WL_V2.0.0, X-CUBE-BLE1_V7.1.0, X-CUBE-BLE2_V3.3.0, X-CUBE-BLEMGR_V4.0.0, X-CUBE-EEPRMA1_V5.1.0, X-CUBE-FREERTOS_V1.3.0, X-CUBE-GNSS1_V6.0.0, X-CUBE-MEMS1_V11.2.0, X-CUBE-NFC4_V3.0.0, X-CUBE-NFC7_V1.0.1, X-CUBE-SFXS2LP1_V4.0.0, X-CUBE-SUBG2_V5.0.0, X-CUBE-TOF1_V3.4.3]
2025-05-26 00:10:14,844 [INFO] DbBoardsSqlite:226 - include board P-NUCLEO-WB55-NUCLEO as a kit item of type 'Nucleo-64'
2025-05-26 00:10:14,844 [INFO] DbBoardsSqlite:226 - include board P-NUCLEO-WB55-USBDONGLE as a kit item of type 'Nucleo USB Dongle'
2025-05-26 00:10:14,846 [INFO] DbBoardsSqlite:226 - include board STEVAL-IDP005V1 as a kit item of type 'Evaluation Board'
2025-05-26 00:10:14,846 [INFO] DbBoardsSqlite:226 - include board STEVAL-IDP005V2 as a kit item of type 'Evaluation Board'
2025-05-26 00:10:15,373 [INFO] ApiDb:240 - Found 895 in-development CPN: [B-G473E-ZEST1S, B-WB1M-WPAN1, B-WBA5M-WPAN, B-WL5M-SUBG1, NUCLEO-C031C6, NUCLEO-C051C8, NUCLEO-C071RB, NUCLEO-C092RC, NUCLEO-H503RB, NUCLEO-H533RE, NUCLEO-H563ZI, NUCLEO-H7S3L8, NUCLEO-N657X0-Q, NUCLEO-U031R8, NUCLEO-U083RC, NUCLEO-U385RG-Q, NUCLEO-U545RE-Q, NUCLEO-U5A5ZJ-Q, NUCLEO-WB05KZ, NUCLEO-WB07CC, NUCLEO-WB09KE, NUCLEO-WBA52CG, NUCLEO-WBA55CG, NUCLEO-WBA65RI, NUCLEO-WL33CC1, NUCLEO-WL33CC2, STEVAL-PROTEUS1, STEVAL-SMARTAG2, STEVAL-STWINBX1, STM320518-EVAL, STM32C0116-DK, STM32C011D6Y3TR, STM32C011D6Y6TR, STM32C011F4P3, STM32C011F4P6, STM32C011F4U3, STM32C011F4U6TR, STM32C011F6P3, STM32C011F6P6, STM32C011F6U3, STM32C011F6U6TR, STM32C011J4M3, STM32C011J4M6, STM32C011J6M3, STM32C011J6M6, STM32C0316-DK, STM32C031C4T3, STM32C031C4T6, STM32C031C4U3, STM32C031C4U6, STM32C031C6T3, STM32C031C6T6, STM32C031C6U3, STM32C031C6U6, STM32C031F4P3, STM32C031F4P6, STM32C031F6P3, STM32C031F6P6, STM32C031G4U3, STM32C031G4U6, STM32C031G6U3, STM32C031G6U6, STM32C031K4T3, STM32C031K4T6, STM32C031K4U3, STM32C031K4U6, STM32C031K6T3, STM32C031K6T6, STM32C031K6U3, STM32C031K6U6, STM32C051C6T6, STM32C051C6U6, STM32C051C8T6, STM32C051C8U6, STM32C051D8Y6TR, STM32C051F6P6, STM32C051F8P6, STM32C051G6U6, STM32C051G8U6, STM32C051K6T6, STM32C051K6U6, STM32C051K8T6, STM32C071C8T6, STM32C071C8T6N, STM32C071C8U6, STM32C071C8U6N, STM32C071CBT6, STM32C071CBT6N, STM32C071CBU6, STM32C071CBU6N, STM32C071F8P6, STM32C071F8P6N, STM32C071FBP6, STM32C071FBP6N, STM32C071FBY6TR, STM32C071G8U6, STM32C071G8U6N, STM32C071GBU6, STM32C071GBU6N, STM32C071K8T6, STM32C071K8T6N, STM32C071K8U6, STM32C071K8U6N, STM32C071KBT6, STM32C071KBT6N, STM32C071KBU6, STM32C071KBU6N, STM32C071R8T6, STM32C071R8T6N, STM32C071RBI6N, STM32C071RBT6, STM32C071RBT6N, STM32C091CBT6, STM32C091CBU6, STM32C091CCT6, STM32C091CCU6, STM32C091ECY6TR, STM32C091FBP6, STM32C091FCP6, STM32C091GBU6, STM32C091GCU6, STM32C091KBT6, STM32C091KBU6, STM32C091KCT6, STM32C091KCU6, STM32C091RBT6, STM32C091RCI6, STM32C091RCT6, STM32C092CBT6, STM32C092CBU6, STM32C092CCT6, STM32C092CCU6, STM32C092ECY6TR, STM32C092FBP6, STM32C092FCP6, STM32C092GBU6, STM32C092GCU6, STM32C092KBT6, STM32C092KBU6, STM32C092KCT6, STM32C092KCU6, STM32C092RBT6, STM32C092RCI6, STM32C092RCT6, STM32G071K8TXN, STM32G071K8UXN, STM32G081GBU6N, STM32G081KBT6N, STM32G081KBUXN, STM32G0B1CCT6N, STM32G0B1KCT6, STM32G0B1NEY6TR, STM32G0B1RCT6N, STM32G0C1CCT6, STM32G0C1CCT6N, STM32G0C1CCU6N, STM32G0C1CET6N, STM32G0C1CEU6N, STM32G0C1KCT6, STM32G0C1NEY6TR, STM32G0C1RCI6N, STM32G0C1RCT6N, STM32G0C1REI6N, STM32G0C1RET6N, STM32G0C1VCI6, STM32G0C1VEI6, STM32G411C6T3, STM32G411C6T6, STM32G411C6U3, STM32G411C6U6, STM32G411C8T3, STM32G411C8T6, STM32G411C8U3, STM32G411C8U6, STM32G411CBT3, STM32G411CBT6, STM32G411CBU3, STM32G411CBU6, STM32G411CCT3, STM32G411CCT6, STM32G411CCU3, STM32G411CCU6, STM32G411K6T3, STM32G411K6T6, STM32G411K6U3, STM32G411K6U6, STM32G411K8T3, STM32G411K8T6, STM32G411K8U3, STM32G411K8U6, STM32G411KBT3, STM32G411KBT6, STM32G411KBU3, STM32G411KBU6, STM32G411M6T3, STM32G411M6T6, STM32G411M8T3, STM32G411M8T6, STM32G411MBT3, STM32G411MBT6, STM32G411MCT3, STM32G411MCT6, STM32G411R6T3, STM32G411R6T6, STM32G411R8T3, STM32G411R8T6, STM32G411RBT3, STM32G411RBT6, STM32G411RCT3, STM32G411RCT6, STM32G414CBT3, STM32G414CBT6, STM32G414CBU3, STM32G414CBU6, STM32G414CCT3, STM32G414CCT6, STM32G414CCU3, STM32G414CCU6, STM32G414MBT3, STM32G414MBT6, STM32G414MCT3, STM32G414MCT6, STM32G414RBT3, STM32G414RBT6, STM32G414RCT3, STM32G414RCT6, STM32G414VBT3, STM32G414VBT6, STM32G414VCT3, STM32G414VCT6, STM32G431CBT3Z, STM32G431RBT3Z, STM32G471CCT6, STM32G471CCU6, STM32G471CET3, STM32G471CET6, STM32G471CEU3, STM32G471CEU6, STM32G471MCT6, STM32G471MET3, STM32G471MET6, STM32G471MEY6TR, STM32G471QCT6, STM32G471QET3, STM32G471RCT6, STM32G471RET3, STM32G471RET6, STM32G471VCH6, STM32G471VCI6, STM32G471VCT6, STM32G471VEH3, STM32G471VEH6, STM32G471VEI3, STM32G471VEI6, STM32G471VET3, STM32G471VET6, STM32G473QET3Z, STM32G473RET3Z, STM32G474CCT6, STM32G491RET3Z, STM32H503CBT6, STM32H503CBU6, STM32H503EBY6TR, STM32H503KBU6, STM32H503RBT6, STM32H523CCT6, STM32H523CCU6, STM32H523CET6, STM32H523CEU6, STM32H523HEY6TR, STM32H523RCT6, STM32H523RET6, STM32H523VCI6, STM32H523VCT6, STM32H523VEI6, STM32H523VET6, STM32H523ZCJ6, STM32H523ZCT6, STM32H523ZEJ6, STM32H523ZET6, STM32H533CET6, STM32H533CEU6, STM32H533HEY6TR, STM32H533RET6, STM32H533VEI6, STM32H533VET6, STM32H533ZEJ6, STM32H533ZET6, STM32H562AGI6, STM32H562AII6, STM32H562IGK6, STM32H562IGT6, STM32H562IIK6, STM32H562IIT6, STM32H562RGT6, STM32H562RGV6, STM32H562RIT6, STM32H562RIV6, STM32H562VGT6, STM32H562VIT6, STM32H562ZGT6, STM32H562ZIT6, STM32H563AGI6, STM32H563AII3Q, STM32H563AII6, STM32H563IGK6, STM32H563IGT6, STM32H563IIK3Q, STM32H563IIK6, STM32H563IIT3Q, STM32H563IIT6, STM32H563MIY3QTR, STM32H563RGT6, STM32H563RGV6, STM32H563RIT6, STM32H563RIV6, STM32H563VGT6, STM32H563VIT3Q, STM32H563VIT6, STM32H563ZGT6, STM32H563ZIT3Q, STM32H563ZIT6, STM32H573AII3Q, STM32H573AII6, STM32H573I-DK, STM32H573IIK3Q, STM32H573IIK6, STM32H573IIT3Q, STM32H573IIT6, STM32H573MIY3QTR, STM32H573RIT6, STM32H573RIV6, STM32H573VIT3Q, STM32H573VIT6, STM32H573ZIT3Q, STM32H573ZIT6, STM32H7R3A8I6, STM32H7R3I8K6, STM32H7R3I8T6, STM32H7R3L8H6, STM32H7R3L8H6H, STM32H7R3R8V6, STM32H7R3V8H6, STM32H7R3V8T6, STM32H7R3V8Y6TR, STM32H7R3Z8J6, STM32H7R3Z8T6, STM32H7R7A8I6, STM32H7R7I8K6, STM32H7R7I8T6, STM32H7R7L8H6, STM32H7R7L8H6H, STM32H7R7Z8J6, STM32H7S3A8I6, STM32H7S3I8K6, STM32H7S3I8T6, STM32H7S3L8H6, STM32H7S3L8H6H, STM32H7S3R8V6, STM32H7S3V8H6, STM32H7S3V8T6, STM32H7S3V8Y6TR, STM32H7S3Z8J6, STM32H7S3Z8T6, STM32H7S78-DK, STM32H7S7A8I6, STM32H7S7I8K6, STM32H7S7I8T6, STM32H7S7L8H6, STM32H7S7L8H6H, STM32H7S7Z8J6, STM32L4R5QGI6STR, STM32MP131AAE3, STM32MP131AAF3, STM32MP131AAG3, STM32MP131CAE3, STM32MP131CAF3, STM32MP131CAG3, STM32MP131DAE7, STM32MP131DAF7, STM32MP131DAG7, STM32MP131FAE7, STM32MP131FAF7, STM32MP131FAG7, STM32MP133AAE3, STM32MP133AAF3, STM32MP133AAG3, STM32MP133CAE3, STM32MP133CAF3, STM32MP133CAG3, STM32MP133DAE7, STM32MP133DAF7, STM32MP133DAG7, STM32MP133FAE7, STM32MP133FAF7, STM32MP133FAG7, STM32MP135AAE3, STM32MP135AAF3, STM32MP135AAG3, STM32MP135CAE3, STM32MP135CAF3, STM32MP135CAG3, STM32MP135DAE7, STM32MP135DAF7, STM32MP135DAG7, STM32MP135F-DK, STM32MP135FAE7, STM32MP135FAF7, STM32MP135FAF7T, STM32MP135FAF7U, STM32MP135FAG7, STM32MP231AAJ3, STM32MP231AAK3, STM32MP231AAL3, STM32MP231CAJ3, STM32MP231CAK3, STM32MP231CAL3, STM32MP231DAJ3, STM32MP231DAK3, STM32MP231DAL3, STM32MP231FAJ3, STM32MP231FAK3, STM32MP231FAL3, STM32MP233AAJ3, STM32MP233AAK3, STM32MP233AAL3, STM32MP233CAJ3, STM32MP233CAK3, STM32MP233CAL3, STM32MP233DAJ3, STM32MP233DAK3, STM32MP233DAL3, STM32MP233FAJ3, STM32MP233FAK3, STM32MP233FAL3, STM32MP235AAJ3, STM32MP235AAK3, STM32MP235AAL3, STM32MP235CAJ3, STM32MP235CAK3, STM32MP235CAL3, STM32MP235DAJ3, STM32MP235DAK3, STM32MP235DAL3, STM32MP235FAJ3, STM32MP235FAK3, STM32MP235FAL3, STM32MP251AAI3, STM32MP251AAJ3, STM32MP251AAK3, STM32MP251AAL3, STM32MP251CAI3, STM32MP251CAJ3, STM32MP251CAK3, STM32MP251CAL3, STM32MP251DAI3, STM32MP251DAJ3, STM32MP251DAK3, STM32MP251DAL3, STM32MP251FAI3, STM32MP251FAJ3, STM32MP251FAK3, STM32MP251FAL3, STM32MP253AAI3, STM32MP253AAJ3, STM32MP253AAK3, STM32MP253AAL3, STM32MP253CAI3, STM32MP253CAJ3, STM32MP253CAK3, STM32MP253CAL3, STM32MP253DAI3, STM32MP253DAJ3, STM32MP253DAK3, STM32MP253DAL3, STM32MP253FAI3, STM32MP253FAJ3, STM32MP253FAK3, STM32MP253FAL3, STM32MP255AAI3, STM32MP255AAJ3, STM32MP255AAK3, STM32MP255AAL3, STM32MP255CAI3, STM32MP255CAJ3, STM32MP255CAK3, STM32MP255CAL3, STM32MP255DAI3, STM32MP255DAJ3, STM32MP255DAK3, STM32MP255DAL3, STM32MP255FAI3, STM32MP255FAJ3, STM32MP255FAK3, STM32MP255FAL3, STM32MP257AAI3, STM32MP257AAJ3, STM32MP257AAK3, STM32MP257AAL3, STM32MP257CAI3, STM32MP257CAJ3, STM32MP257CAK3, STM32MP257CAL3, STM32MP257DAI3, STM32MP257DAJ3, STM32MP257DAK3, STM32MP257DAL3, STM32MP257F-DK, STM32MP257F-EV1, STM32MP257FAI3, STM32MP257FAJ3, STM32MP257FAK3, STM32MP257FAL3, STM32N645A0H3Q, STM32N645B0H3Q, STM32N645I0H3Q, STM32N645L0H3Q, STM32N645X0H3Q, STM32N645Z0H3Q, STM32N647A0H3Q, STM32N647B0H3Q, STM32N647I0H3Q, STM32N647L0H3Q, STM32N647X0H3Q, STM32N647Z0H3Q, STM32N655A0H3Q, STM32N655B0H3Q, STM32N655I0H3Q, STM32N655L0H3Q, STM32N655X0H3Q, STM32N655Z0H3Q, STM32N6570-DK, STM32N657A0H3Q, STM32N657B0H3Q, STM32N657I0H3Q, STM32N657L0H3Q, STM32N657X0H3Q, STM32N657Z0H3Q, STM32U031C6T6, STM32U031C6U6, STM32U031C8T6, STM32U031C8U6, STM32U031F4P6, STM32U031F6P6, STM32U031F8P6, STM32U031G6Y6TR, STM32U031G8Y6TR, STM32U031K4U6, STM32U031K6U6, STM32U031K8U6, STM32U031R6I6, STM32U031R6T6, STM32U031R8I6, STM32U031R8T6, STM32U073C8T6, STM32U073C8U6, STM32U073CBT6, STM32U073CBU6, STM32U073CCT6, STM32U073CCU6, STM32U073H8Y6TR, STM32U073HBY6TR, STM32U073HCY6TR, STM32U073K8U6, STM32U073KBU6, STM32U073KCU6, STM32U073M8I6, STM32U073M8T6, STM32U073MBI6, STM32U073MBT6, STM32U073MCI6, STM32U073MCT6, STM32U073R8I6, STM32U073R8T6, STM32U073RBI6, STM32U073RBT6, STM32U073RCI6, STM32U073RCT6, STM32U083C-DK, STM32U083CCT6, STM32U083CCU6, STM32U083HCY6TR, STM32U083KCU6, STM32U083MCI6, STM32U083MCT6, STM32U083RCI6, STM32U083RCT6, STM32U375CET6, STM32U375CET6Q, STM32U375CEU6, STM32U375CEU6Q, STM32U375CEY6QTR, STM32U375CGT6, STM32U375CGT6Q, STM32U375CGU6, STM32U375CGU6Q, STM32U375CGY6QTR, STM32U375KEU6, STM32U375KGU6, STM32U375REI6, STM32U375REI6Q, STM32U375RET6, STM32U375RET6Q, STM32U375REY6GTR, STM32U375REY6QTR, STM32U375RGI6, STM32U375RGI6Q, STM32U375RGT6, STM32U375RGT6Q, STM32U375RGY6GTR, STM32U375RGY6QTR, STM32U375VEI6, STM32U375VEI6Q, STM32U375VET6, STM32U375VET6Q, STM32U375VGI6, STM32U375VGI6Q, STM32U375VGT6, STM32U375VGT6Q, STM32U385CGT6, STM32U385CGT6Q, STM32U385CGU6, STM32U385CGU6Q, STM32U385CGY6QTR, STM32U385KGU6, STM32U385RGI6, STM32U385RGI6Q, STM32U385RGT6, STM32U385RGT6Q, STM32U385RGY6GTR, STM32U385RGY6QTR, STM32U385VGI6, STM32U385VGI6Q, STM32U385VGT6, STM32U385VGT6Q, STM32U535CBT6, STM32U535CBT6Q, STM32U535CBU6, STM32U535CBU6Q, STM32U535CCT6, STM32U535CCT6Q, STM32U535CCU6, STM32U535CCU6Q, STM32U535CET6, STM32U535CET6Q, STM32U535CEU6, STM32U535CEU6Q, STM32U535JEY6QTR, STM32U535NCY6QTR, STM32U535NEY6QTR, STM32U535RBI6, STM32U535RBI6Q, STM32U535RBT6, STM32U535RBT6Q, STM32U535RCI6, STM32U535RCI6Q, STM32U535RCT6, STM32U535RCT6Q, STM32U535REI6, STM32U535REI6Q, STM32U535RET6, STM32U535RET6Q, STM32U535VCI6, STM32U535VCI6Q, STM32U535VCT6, STM32U535VCT6Q, STM32U535VEI6, STM32U535VEI6Q, STM32U535VET6, STM32U535VET6Q, STM32U545CET6, STM32U545CET6Q, STM32U545CEU6, STM32U545CEU6Q, STM32U545JEY6QTR, STM32U545NEY6QTR, STM32U545REI6, STM32U545REI6Q, STM32U545RET6, STM32U545RET6Q, STM32U545VEI6, STM32U545VEI6Q, STM32U545VET6, STM32U545VET6Q, STM32U595AIH6, STM32U595AIH6Q, STM32U595AJH6, STM32U595AJH6Q, STM32U595QII6, STM32U595QII6Q, STM32U595QJI6, STM32U595QJI6Q, STM32U595RIT6, STM32U595RIT6Q, STM32U595RJT6, STM32U595RJT6Q, STM32U595VIT6, STM32U595VIT6Q, STM32U595VJT6, STM32U595VJT6Q, STM32U595ZIT6, STM32U595ZIT6Q, STM32U595ZIY6QTR, STM32U595ZJT6, STM32U595ZJT6Q, STM32U595ZJY6QTR, STM32U599BJY6QTR, STM32U599NIH6Q, STM32U599NJH6Q, STM32U599VIT6Q, STM32U599VJT6, STM32U599VJT6Q, STM32U599ZIT6Q, STM32U599ZIY6QTR, STM32U599ZJT6Q, STM32U599ZJY6QTR, STM32U5A5AJH6, STM32U5A5AJH6Q, STM32U5A5QII3Q , STM32U5A5QJI6, STM32U5A5QJI6Q, STM32U5A5RJT6, STM32U5A5RJT6Q, STM32U5A5VJT6, STM32U5A5VJT6Q, STM32U5A5ZJT6, STM32U5A5ZJT6Q, STM32U5A5ZJY6QTR, STM32U5A9BJY6QTR, STM32U5A9J-DK, STM32U5A9NJH6Q, STM32U5A9VJT6Q, STM32U5A9ZJT6Q, STM32U5A9ZJY6QTR, STM32U5F7VIT6, STM32U5F7VIT6Q, STM32U5F7VJT6, STM32U5F7VJT6Q, STM32U5F9BJY6QTR, STM32U5F9NJH6Q, STM32U5F9VIT6Q, STM32U5F9VJT6Q, STM32U5F9ZIJ6QTR, STM32U5F9ZIT6Q, STM32U5F9ZJJ6QTR, STM32U5F9ZJT6Q, STM32U5G7VJT6, STM32U5G7VJT6Q, STM32U5G9BJY6QTR, STM32U5G9J-DK1, STM32U5G9J-DK2, STM32U5G9NJH6Q, STM32U5G9VJT6Q, STM32U5G9ZJJ6QTR, STM32U5G9ZJT6Q, STM32WB05KZV6TR, STM32WB05KZV7TR, STM32WB05TZF6TR, STM32WB05TZF7TR, STM32WB06CCF6TR, STM32WB06CCF7TR, STM32WB06CCV6TR, STM32WB06CCV7TR, STM32WB06KCV6TR, STM32WB06KCV7TR, STM32WB07CCF6TR, STM32WB07CCF7TR, STM32WB07CCV6TR, STM32WB07CCV7TR, STM32WB07KCV6TR, STM32WB07KCV7TR, STM32WB09KEV6TR, STM32WB09KEV7TR, STM32WB09TEF6TR, STM32WB09TEF7TR, STM32WB1MMCH6, STM32WBA50KGU6, STM32WBA50KGU6TR, STM32WBA52CEU6, STM32WBA52CEU6TR, STM32WBA52CEU7, STM32WBA52CEU7TR, STM32WBA52CGU6, STM32WBA52CGU6TR, STM32WBA52CGU6U, STM32WBA52CGU7, STM32WBA52CGU7TR, STM32WBA52KEU6, STM32WBA52KEU6TR, STM32WBA52KGU6, STM32WBA52KGU6TR, STM32WBA54CEU6, STM32WBA54CEU6TR, STM32WBA54CEU7, STM32WBA54CEU7TR, STM32WBA54CGU6, STM32WBA54CGU6TR, STM32WBA54CGU7, STM32WBA54CGU7TR, STM32WBA54KEU6, STM32WBA54KEU6TR, STM32WBA54KEU7, STM32WBA54KEU7TR, STM32WBA54KGU6, STM32WBA54KGU6TR, STM32WBA54KGU7, STM32WBA54KGU7TR, STM32WBA55CEU6, STM32WBA55CEU6TR, STM32WBA55CEU7, STM32WBA55CEU7TR, STM32WBA55CGU6, STM32WBA55CGU6TR, STM32WBA55CGU6U, STM32WBA55CGU7, STM32WBA55CGU7TR, STM32WBA55G-DK1, STM32WBA55HEF6, STM32WBA55HEF7, STM32WBA55HGF6, STM32WBA55HGF7, STM32WBA55UEI6, STM32WBA55UEI6TR, STM32WBA55UEI7, STM32WBA55UEI7TR, STM32WBA55UGI6, STM32WBA55UGI6TR, STM32WBA55UGI7, STM32WBA55UGI7TR, STM32WBA5MJGH6TR, STM32WBA62CGU6, STM32WBA62CIU6, STM32WBA62MGF6, STM32WBA62MIF6, STM32WBA62PGI6, STM32WBA62PII6, STM32WBA63CGU6, STM32WBA63CGU7, STM32WBA63CIU6, STM32WBA63CIU7, STM32WBA64CGU6, STM32WBA64CGU7, STM32WBA64CIU6, STM32WBA64CIU7, STM32WBA65CGU6, STM32WBA65CGU7, STM32WBA65CIU6, STM32WBA65CIU7, STM32WBA65I-DK1, STM32WBA65MGF6, STM32WBA65MGF7, STM32WBA65MIF6, STM32WBA65MIF7, STM32WBA65PGI6, STM32WBA65PGI7, STM32WBA65PII6, STM32WBA65PII7, STM32WBA65RGV6, STM32WBA65RGV7, STM32WBA65RIV6, STM32WBA65RIV7, STM32WL30K8V6, STM32WL30KBV6, STM32WL31C8V6, STM32WL31CBV6, STM32WL31K8V6, STM32WL31KBV6, STM32WL33C8V6, STM32WL33C8V6TR, STM32WL33C8V7, STM32WL33C8V7TR, STM32WL33CBV6, STM32WL33CBV6TR, STM32WL33CBV7, STM32WL33CBV7TR, STM32WL33CCV6, STM32WL33CCV6TR, STM32WL33CCV7, STM32WL33CCV7A, STM32WL33CCV7ATR, STM32WL33CCV7TR, STM32WL33K8V6, STM32WL33K8V6TR, STM32WL33K8V7, STM32WL33K8V7TR, STM32WL33KBV6, STM32WL33KBV6TR, STM32WL33KBV7, STM32WL33KBV7TR, STM32WL33KCV6, STM32WL33KCV6TR, STM32WL33KCV7, STM32WL33KCV7TR, STM32WL5MOCH6, STM32WL5MOCH6TR]
2025-05-26 00:10:15,622 [INFO] BoardInfo:889 - No configuration file found for board P-NUCLEO-WB55
2025-05-26 00:10:15,623 [INFO] DbBoards:161 - Kit is not supported: P-NUCLEO-WB55
2025-05-26 00:10:15,631 [INFO] BoardInfo:889 - No configuration file found for board STEVAL-BFA001V1B
2025-05-26 00:10:15,633 [INFO] DbBoards:161 - Kit is not supported: STEVAL-BFA001V1B
2025-05-26 00:10:15,634 [INFO] BoardInfo:889 - No configuration file found for board STEVAL-BFA001V2B
2025-05-26 00:10:15,636 [INFO] DbBoards:161 - Kit is not supported: STEVAL-BFA001V2B
2025-05-26 00:10:15,878 [INFO] DbBoards:168 - Found 211 boards, 208 are supported
2025-05-26 00:10:15,878 [INFO] DbBoards:169 - Found 211 boards, 43 of them is supported for  Bsp
2025-05-26 00:10:15,882 [INFO] ApiDb:668 - CubeFinder database Data Model version=2.1
2025-05-26 00:10:15,882 [INFO] ApiDb:669 - CubeFinder database Configuration version=3.0.39
2025-05-26 00:10:15,883 [INFO] ApiDb:670 - CubeFinder database generation date=2025-04-23 (1745419778)
2025-05-26 00:10:15,883 [INFO] ApiDb:671 - CubeFinder database FW Pack versions=[FP-ATR-ASTRA1_V2.0.0, FP-SNS-FLIGHT1_V5.1.0, FP-SNS-MOTENV1_V5.0.0, FP-SNS-MOTENVWB1_V1.4.0, FP-SNS-SMARTAG2_V1.2.0, FP-SNS-STBOX1_V2.0.0, STM32Cube_FW_C0_V1.4.0, STM32Cube_FW_F4_V1.28.1, STM32Cube_FW_F7_V1.17.2, STM32Cube_FW_G0_V1.6.2, STM32Cube_FW_G4_V1.6.1, STM32Cube_FW_H5_V1.5.0, STM32Cube_FW_H7RS_V1.2.0, STM32Cube_FW_H7_V1.12.1, STM32Cube_FW_L0_V1.12.2, STM32Cube_FW_L4_V1.18.1, STM32Cube_FW_L5_V1.5.1, STM32Cube_FW_N6_V1.1.1, STM32Cube_FW_U0_V1.2.0, STM32Cube_FW_U3_V1.1.0, STM32Cube_FW_U5_V1.7.0, STM32Cube_FW_WB0_V1.2.0, STM32Cube_FW_WBA_V1.6.0, STM32Cube_FW_WB_V1.22.0, STM32Cube_FW_WL3_V1.1.0, STM32Cube_FW_WL_V1.3.1, X-CUBE-ALGOBUILD_V1.4.0, X-CUBE-ALS_V1.0.2, X-CUBE-AZRTOS-F4_V1.1.0, X-CUBE-AZRTOS-F7_V1.1.0, X-CUBE-AZRTOS-G0_V1.1.0, X-CUBE-AZRTOS-G4_V2.0.0, X-CUBE-AZRTOS-H7RS_V1.1.0, X-CUBE-AZRTOS-H7_V3.3.0, X-CUBE-AZRTOS-L4_V2.0.0, X-CUBE-AZRTOS-L5_V2.0.0, X-CUBE-AZRTOS-WB_V2.0.0, X-CUBE-AZRTOS-WL_V2.0.0, X-CUBE-BLE1_V7.1.0, X-CUBE-BLE2_V3.3.0, X-CUBE-BLEMGR_V4.0.0, X-CUBE-EEPRMA1_V5.1.0, X-CUBE-FREERTOS_V1.3.0, X-CUBE-GNSS1_V6.0.0, X-CUBE-MEMS1_V11.2.0, X-CUBE-NFC4_V3.0.0, X-CUBE-NFC7_V1.0.1, X-CUBE-SFXS2LP1_V4.0.0, X-CUBE-SUBG2_V5.0.0, X-CUBE-TOF1_V3.4.3]
2025-05-26 00:10:17,787 [INFO] ApiDb:240 - Found 895 in-development CPN: [B-G473E-ZEST1S, B-WB1M-WPAN1, B-WBA5M-WPAN, B-WL5M-SUBG1, NUCLEO-C031C6, NUCLEO-C051C8, NUCLEO-C071RB, NUCLEO-C092RC, NUCLEO-H503RB, NUCLEO-H533RE, NUCLEO-H563ZI, NUCLEO-H7S3L8, NUCLEO-N657X0-Q, NUCLEO-U031R8, NUCLEO-U083RC, NUCLEO-U385RG-Q, NUCLEO-U545RE-Q, NUCLEO-U5A5ZJ-Q, NUCLEO-WB05KZ, NUCLEO-WB07CC, NUCLEO-WB09KE, NUCLEO-WBA52CG, NUCLEO-WBA55CG, NUCLEO-WBA65RI, NUCLEO-WL33CC1, NUCLEO-WL33CC2, STEVAL-PROTEUS1, STEVAL-SMARTAG2, STEVAL-STWINBX1, STM320518-EVAL, STM32C0116-DK, STM32C011D6Y3TR, STM32C011D6Y6TR, STM32C011F4P3, STM32C011F4P6, STM32C011F4U3, STM32C011F4U6TR, STM32C011F6P3, STM32C011F6P6, STM32C011F6U3, STM32C011F6U6TR, STM32C011J4M3, STM32C011J4M6, STM32C011J6M3, STM32C011J6M6, STM32C0316-DK, STM32C031C4T3, STM32C031C4T6, STM32C031C4U3, STM32C031C4U6, STM32C031C6T3, STM32C031C6T6, STM32C031C6U3, STM32C031C6U6, STM32C031F4P3, STM32C031F4P6, STM32C031F6P3, STM32C031F6P6, STM32C031G4U3, STM32C031G4U6, STM32C031G6U3, STM32C031G6U6, STM32C031K4T3, STM32C031K4T6, STM32C031K4U3, STM32C031K4U6, STM32C031K6T3, STM32C031K6T6, STM32C031K6U3, STM32C031K6U6, STM32C051C6T6, STM32C051C6U6, STM32C051C8T6, STM32C051C8U6, STM32C051D8Y6TR, STM32C051F6P6, STM32C051F8P6, STM32C051G6U6, STM32C051G8U6, STM32C051K6T6, STM32C051K6U6, STM32C051K8T6, STM32C071C8T6, STM32C071C8T6N, STM32C071C8U6, STM32C071C8U6N, STM32C071CBT6, STM32C071CBT6N, STM32C071CBU6, STM32C071CBU6N, STM32C071F8P6, STM32C071F8P6N, STM32C071FBP6, STM32C071FBP6N, STM32C071FBY6TR, STM32C071G8U6, STM32C071G8U6N, STM32C071GBU6, STM32C071GBU6N, STM32C071K8T6, STM32C071K8T6N, STM32C071K8U6, STM32C071K8U6N, STM32C071KBT6, STM32C071KBT6N, STM32C071KBU6, STM32C071KBU6N, STM32C071R8T6, STM32C071R8T6N, STM32C071RBI6N, STM32C071RBT6, STM32C071RBT6N, STM32C091CBT6, STM32C091CBU6, STM32C091CCT6, STM32C091CCU6, STM32C091ECY6TR, STM32C091FBP6, STM32C091FCP6, STM32C091GBU6, STM32C091GCU6, STM32C091KBT6, STM32C091KBU6, STM32C091KCT6, STM32C091KCU6, STM32C091RBT6, STM32C091RCI6, STM32C091RCT6, STM32C092CBT6, STM32C092CBU6, STM32C092CCT6, STM32C092CCU6, STM32C092ECY6TR, STM32C092FBP6, STM32C092FCP6, STM32C092GBU6, STM32C092GCU6, STM32C092KBT6, STM32C092KBU6, STM32C092KCT6, STM32C092KCU6, STM32C092RBT6, STM32C092RCI6, STM32C092RCT6, STM32G071K8TXN, STM32G071K8UXN, STM32G081GBU6N, STM32G081KBT6N, STM32G081KBUXN, STM32G0B1CCT6N, STM32G0B1KCT6, STM32G0B1NEY6TR, STM32G0B1RCT6N, STM32G0C1CCT6, STM32G0C1CCT6N, STM32G0C1CCU6N, STM32G0C1CET6N, STM32G0C1CEU6N, STM32G0C1KCT6, STM32G0C1NEY6TR, STM32G0C1RCI6N, STM32G0C1RCT6N, STM32G0C1REI6N, STM32G0C1RET6N, STM32G0C1VCI6, STM32G0C1VEI6, STM32G411C6T3, STM32G411C6T6, STM32G411C6U3, STM32G411C6U6, STM32G411C8T3, STM32G411C8T6, STM32G411C8U3, STM32G411C8U6, STM32G411CBT3, STM32G411CBT6, STM32G411CBU3, STM32G411CBU6, STM32G411CCT3, STM32G411CCT6, STM32G411CCU3, STM32G411CCU6, STM32G411K6T3, STM32G411K6T6, STM32G411K6U3, STM32G411K6U6, STM32G411K8T3, STM32G411K8T6, STM32G411K8U3, STM32G411K8U6, STM32G411KBT3, STM32G411KBT6, STM32G411KBU3, STM32G411KBU6, STM32G411M6T3, STM32G411M6T6, STM32G411M8T3, STM32G411M8T6, STM32G411MBT3, STM32G411MBT6, STM32G411MCT3, STM32G411MCT6, STM32G411R6T3, STM32G411R6T6, STM32G411R8T3, STM32G411R8T6, STM32G411RBT3, STM32G411RBT6, STM32G411RCT3, STM32G411RCT6, STM32G414CBT3, STM32G414CBT6, STM32G414CBU3, STM32G414CBU6, STM32G414CCT3, STM32G414CCT6, STM32G414CCU3, STM32G414CCU6, STM32G414MBT3, STM32G414MBT6, STM32G414MCT3, STM32G414MCT6, STM32G414RBT3, STM32G414RBT6, STM32G414RCT3, STM32G414RCT6, STM32G414VBT3, STM32G414VBT6, STM32G414VCT3, STM32G414VCT6, STM32G431CBT3Z, STM32G431RBT3Z, STM32G471CCT6, STM32G471CCU6, STM32G471CET3, STM32G471CET6, STM32G471CEU3, STM32G471CEU6, STM32G471MCT6, STM32G471MET3, STM32G471MET6, STM32G471MEY6TR, STM32G471QCT6, STM32G471QET3, STM32G471RCT6, STM32G471RET3, STM32G471RET6, STM32G471VCH6, STM32G471VCI6, STM32G471VCT6, STM32G471VEH3, STM32G471VEH6, STM32G471VEI3, STM32G471VEI6, STM32G471VET3, STM32G471VET6, STM32G473QET3Z, STM32G473RET3Z, STM32G474CCT6, STM32G491RET3Z, STM32H503CBT6, STM32H503CBU6, STM32H503EBY6TR, STM32H503KBU6, STM32H503RBT6, STM32H523CCT6, STM32H523CCU6, STM32H523CET6, STM32H523CEU6, STM32H523HEY6TR, STM32H523RCT6, STM32H523RET6, STM32H523VCI6, STM32H523VCT6, STM32H523VEI6, STM32H523VET6, STM32H523ZCJ6, STM32H523ZCT6, STM32H523ZEJ6, STM32H523ZET6, STM32H533CET6, STM32H533CEU6, STM32H533HEY6TR, STM32H533RET6, STM32H533VEI6, STM32H533VET6, STM32H533ZEJ6, STM32H533ZET6, STM32H562AGI6, STM32H562AII6, STM32H562IGK6, STM32H562IGT6, STM32H562IIK6, STM32H562IIT6, STM32H562RGT6, STM32H562RGV6, STM32H562RIT6, STM32H562RIV6, STM32H562VGT6, STM32H562VIT6, STM32H562ZGT6, STM32H562ZIT6, STM32H563AGI6, STM32H563AII3Q, STM32H563AII6, STM32H563IGK6, STM32H563IGT6, STM32H563IIK3Q, STM32H563IIK6, STM32H563IIT3Q, STM32H563IIT6, STM32H563MIY3QTR, STM32H563RGT6, STM32H563RGV6, STM32H563RIT6, STM32H563RIV6, STM32H563VGT6, STM32H563VIT3Q, STM32H563VIT6, STM32H563ZGT6, STM32H563ZIT3Q, STM32H563ZIT6, STM32H573AII3Q, STM32H573AII6, STM32H573I-DK, STM32H573IIK3Q, STM32H573IIK6, STM32H573IIT3Q, STM32H573IIT6, STM32H573MIY3QTR, STM32H573RIT6, STM32H573RIV6, STM32H573VIT3Q, STM32H573VIT6, STM32H573ZIT3Q, STM32H573ZIT6, STM32H7R3A8I6, STM32H7R3I8K6, STM32H7R3I8T6, STM32H7R3L8H6, STM32H7R3L8H6H, STM32H7R3R8V6, STM32H7R3V8H6, STM32H7R3V8T6, STM32H7R3V8Y6TR, STM32H7R3Z8J6, STM32H7R3Z8T6, STM32H7R7A8I6, STM32H7R7I8K6, STM32H7R7I8T6, STM32H7R7L8H6, STM32H7R7L8H6H, STM32H7R7Z8J6, STM32H7S3A8I6, STM32H7S3I8K6, STM32H7S3I8T6, STM32H7S3L8H6, STM32H7S3L8H6H, STM32H7S3R8V6, STM32H7S3V8H6, STM32H7S3V8T6, STM32H7S3V8Y6TR, STM32H7S3Z8J6, STM32H7S3Z8T6, STM32H7S78-DK, STM32H7S7A8I6, STM32H7S7I8K6, STM32H7S7I8T6, STM32H7S7L8H6, STM32H7S7L8H6H, STM32H7S7Z8J6, STM32L4R5QGI6STR, STM32MP131AAE3, STM32MP131AAF3, STM32MP131AAG3, STM32MP131CAE3, STM32MP131CAF3, STM32MP131CAG3, STM32MP131DAE7, STM32MP131DAF7, STM32MP131DAG7, STM32MP131FAE7, STM32MP131FAF7, STM32MP131FAG7, STM32MP133AAE3, STM32MP133AAF3, STM32MP133AAG3, STM32MP133CAE3, STM32MP133CAF3, STM32MP133CAG3, STM32MP133DAE7, STM32MP133DAF7, STM32MP133DAG7, STM32MP133FAE7, STM32MP133FAF7, STM32MP133FAG7, STM32MP135AAE3, STM32MP135AAF3, STM32MP135AAG3, STM32MP135CAE3, STM32MP135CAF3, STM32MP135CAG3, STM32MP135DAE7, STM32MP135DAF7, STM32MP135DAG7, STM32MP135F-DK, STM32MP135FAE7, STM32MP135FAF7, STM32MP135FAF7T, STM32MP135FAF7U, STM32MP135FAG7, STM32MP231AAJ3, STM32MP231AAK3, STM32MP231AAL3, STM32MP231CAJ3, STM32MP231CAK3, STM32MP231CAL3, STM32MP231DAJ3, STM32MP231DAK3, STM32MP231DAL3, STM32MP231FAJ3, STM32MP231FAK3, STM32MP231FAL3, STM32MP233AAJ3, STM32MP233AAK3, STM32MP233AAL3, STM32MP233CAJ3, STM32MP233CAK3, STM32MP233CAL3, STM32MP233DAJ3, STM32MP233DAK3, STM32MP233DAL3, STM32MP233FAJ3, STM32MP233FAK3, STM32MP233FAL3, STM32MP235AAJ3, STM32MP235AAK3, STM32MP235AAL3, STM32MP235CAJ3, STM32MP235CAK3, STM32MP235CAL3, STM32MP235DAJ3, STM32MP235DAK3, STM32MP235DAL3, STM32MP235FAJ3, STM32MP235FAK3, STM32MP235FAL3, STM32MP251AAI3, STM32MP251AAJ3, STM32MP251AAK3, STM32MP251AAL3, STM32MP251CAI3, STM32MP251CAJ3, STM32MP251CAK3, STM32MP251CAL3, STM32MP251DAI3, STM32MP251DAJ3, STM32MP251DAK3, STM32MP251DAL3, STM32MP251FAI3, STM32MP251FAJ3, STM32MP251FAK3, STM32MP251FAL3, STM32MP253AAI3, STM32MP253AAJ3, STM32MP253AAK3, STM32MP253AAL3, STM32MP253CAI3, STM32MP253CAJ3, STM32MP253CAK3, STM32MP253CAL3, STM32MP253DAI3, STM32MP253DAJ3, STM32MP253DAK3, STM32MP253DAL3, STM32MP253FAI3, STM32MP253FAJ3, STM32MP253FAK3, STM32MP253FAL3, STM32MP255AAI3, STM32MP255AAJ3, STM32MP255AAK3, STM32MP255AAL3, STM32MP255CAI3, STM32MP255CAJ3, STM32MP255CAK3, STM32MP255CAL3, STM32MP255DAI3, STM32MP255DAJ3, STM32MP255DAK3, STM32MP255DAL3, STM32MP255FAI3, STM32MP255FAJ3, STM32MP255FAK3, STM32MP255FAL3, STM32MP257AAI3, STM32MP257AAJ3, STM32MP257AAK3, STM32MP257AAL3, STM32MP257CAI3, STM32MP257CAJ3, STM32MP257CAK3, STM32MP257CAL3, STM32MP257DAI3, STM32MP257DAJ3, STM32MP257DAK3, STM32MP257DAL3, STM32MP257F-DK, STM32MP257F-EV1, STM32MP257FAI3, STM32MP257FAJ3, STM32MP257FAK3, STM32MP257FAL3, STM32N645A0H3Q, STM32N645B0H3Q, STM32N645I0H3Q, STM32N645L0H3Q, STM32N645X0H3Q, STM32N645Z0H3Q, STM32N647A0H3Q, STM32N647B0H3Q, STM32N647I0H3Q, STM32N647L0H3Q, STM32N647X0H3Q, STM32N647Z0H3Q, STM32N655A0H3Q, STM32N655B0H3Q, STM32N655I0H3Q, STM32N655L0H3Q, STM32N655X0H3Q, STM32N655Z0H3Q, STM32N6570-DK, STM32N657A0H3Q, STM32N657B0H3Q, STM32N657I0H3Q, STM32N657L0H3Q, STM32N657X0H3Q, STM32N657Z0H3Q, STM32U031C6T6, STM32U031C6U6, STM32U031C8T6, STM32U031C8U6, STM32U031F4P6, STM32U031F6P6, STM32U031F8P6, STM32U031G6Y6TR, STM32U031G8Y6TR, STM32U031K4U6, STM32U031K6U6, STM32U031K8U6, STM32U031R6I6, STM32U031R6T6, STM32U031R8I6, STM32U031R8T6, STM32U073C8T6, STM32U073C8U6, STM32U073CBT6, STM32U073CBU6, STM32U073CCT6, STM32U073CCU6, STM32U073H8Y6TR, STM32U073HBY6TR, STM32U073HCY6TR, STM32U073K8U6, STM32U073KBU6, STM32U073KCU6, STM32U073M8I6, STM32U073M8T6, STM32U073MBI6, STM32U073MBT6, STM32U073MCI6, STM32U073MCT6, STM32U073R8I6, STM32U073R8T6, STM32U073RBI6, STM32U073RBT6, STM32U073RCI6, STM32U073RCT6, STM32U083C-DK, STM32U083CCT6, STM32U083CCU6, STM32U083HCY6TR, STM32U083KCU6, STM32U083MCI6, STM32U083MCT6, STM32U083RCI6, STM32U083RCT6, STM32U375CET6, STM32U375CET6Q, STM32U375CEU6, STM32U375CEU6Q, STM32U375CEY6QTR, STM32U375CGT6, STM32U375CGT6Q, STM32U375CGU6, STM32U375CGU6Q, STM32U375CGY6QTR, STM32U375KEU6, STM32U375KGU6, STM32U375REI6, STM32U375REI6Q, STM32U375RET6, STM32U375RET6Q, STM32U375REY6GTR, STM32U375REY6QTR, STM32U375RGI6, STM32U375RGI6Q, STM32U375RGT6, STM32U375RGT6Q, STM32U375RGY6GTR, STM32U375RGY6QTR, STM32U375VEI6, STM32U375VEI6Q, STM32U375VET6, STM32U375VET6Q, STM32U375VGI6, STM32U375VGI6Q, STM32U375VGT6, STM32U375VGT6Q, STM32U385CGT6, STM32U385CGT6Q, STM32U385CGU6, STM32U385CGU6Q, STM32U385CGY6QTR, STM32U385KGU6, STM32U385RGI6, STM32U385RGI6Q, STM32U385RGT6, STM32U385RGT6Q, STM32U385RGY6GTR, STM32U385RGY6QTR, STM32U385VGI6, STM32U385VGI6Q, STM32U385VGT6, STM32U385VGT6Q, STM32U535CBT6, STM32U535CBT6Q, STM32U535CBU6, STM32U535CBU6Q, STM32U535CCT6, STM32U535CCT6Q, STM32U535CCU6, STM32U535CCU6Q, STM32U535CET6, STM32U535CET6Q, STM32U535CEU6, STM32U535CEU6Q, STM32U535JEY6QTR, STM32U535NCY6QTR, STM32U535NEY6QTR, STM32U535RBI6, STM32U535RBI6Q, STM32U535RBT6, STM32U535RBT6Q, STM32U535RCI6, STM32U535RCI6Q, STM32U535RCT6, STM32U535RCT6Q, STM32U535REI6, STM32U535REI6Q, STM32U535RET6, STM32U535RET6Q, STM32U535VCI6, STM32U535VCI6Q, STM32U535VCT6, STM32U535VCT6Q, STM32U535VEI6, STM32U535VEI6Q, STM32U535VET6, STM32U535VET6Q, STM32U545CET6, STM32U545CET6Q, STM32U545CEU6, STM32U545CEU6Q, STM32U545JEY6QTR, STM32U545NEY6QTR, STM32U545REI6, STM32U545REI6Q, STM32U545RET6, STM32U545RET6Q, STM32U545VEI6, STM32U545VEI6Q, STM32U545VET6, STM32U545VET6Q, STM32U595AIH6, STM32U595AIH6Q, STM32U595AJH6, STM32U595AJH6Q, STM32U595QII6, STM32U595QII6Q, STM32U595QJI6, STM32U595QJI6Q, STM32U595RIT6, STM32U595RIT6Q, STM32U595RJT6, STM32U595RJT6Q, STM32U595VIT6, STM32U595VIT6Q, STM32U595VJT6, STM32U595VJT6Q, STM32U595ZIT6, STM32U595ZIT6Q, STM32U595ZIY6QTR, STM32U595ZJT6, STM32U595ZJT6Q, STM32U595ZJY6QTR, STM32U599BJY6QTR, STM32U599NIH6Q, STM32U599NJH6Q, STM32U599VIT6Q, STM32U599VJT6, STM32U599VJT6Q, STM32U599ZIT6Q, STM32U599ZIY6QTR, STM32U599ZJT6Q, STM32U599ZJY6QTR, STM32U5A5AJH6, STM32U5A5AJH6Q, STM32U5A5QII3Q , STM32U5A5QJI6, STM32U5A5QJI6Q, STM32U5A5RJT6, STM32U5A5RJT6Q, STM32U5A5VJT6, STM32U5A5VJT6Q, STM32U5A5ZJT6, STM32U5A5ZJT6Q, STM32U5A5ZJY6QTR, STM32U5A9BJY6QTR, STM32U5A9J-DK, STM32U5A9NJH6Q, STM32U5A9VJT6Q, STM32U5A9ZJT6Q, STM32U5A9ZJY6QTR, STM32U5F7VIT6, STM32U5F7VIT6Q, STM32U5F7VJT6, STM32U5F7VJT6Q, STM32U5F9BJY6QTR, STM32U5F9NJH6Q, STM32U5F9VIT6Q, STM32U5F9VJT6Q, STM32U5F9ZIJ6QTR, STM32U5F9ZIT6Q, STM32U5F9ZJJ6QTR, STM32U5F9ZJT6Q, STM32U5G7VJT6, STM32U5G7VJT6Q, STM32U5G9BJY6QTR, STM32U5G9J-DK1, STM32U5G9J-DK2, STM32U5G9NJH6Q, STM32U5G9VJT6Q, STM32U5G9ZJJ6QTR, STM32U5G9ZJT6Q, STM32WB05KZV6TR, STM32WB05KZV7TR, STM32WB05TZF6TR, STM32WB05TZF7TR, STM32WB06CCF6TR, STM32WB06CCF7TR, STM32WB06CCV6TR, STM32WB06CCV7TR, STM32WB06KCV6TR, STM32WB06KCV7TR, STM32WB07CCF6TR, STM32WB07CCF7TR, STM32WB07CCV6TR, STM32WB07CCV7TR, STM32WB07KCV6TR, STM32WB07KCV7TR, STM32WB09KEV6TR, STM32WB09KEV7TR, STM32WB09TEF6TR, STM32WB09TEF7TR, STM32WB1MMCH6, STM32WBA50KGU6, STM32WBA50KGU6TR, STM32WBA52CEU6, STM32WBA52CEU6TR, STM32WBA52CEU7, STM32WBA52CEU7TR, STM32WBA52CGU6, STM32WBA52CGU6TR, STM32WBA52CGU6U, STM32WBA52CGU7, STM32WBA52CGU7TR, STM32WBA52KEU6, STM32WBA52KEU6TR, STM32WBA52KGU6, STM32WBA52KGU6TR, STM32WBA54CEU6, STM32WBA54CEU6TR, STM32WBA54CEU7, STM32WBA54CEU7TR, STM32WBA54CGU6, STM32WBA54CGU6TR, STM32WBA54CGU7, STM32WBA54CGU7TR, STM32WBA54KEU6, STM32WBA54KEU6TR, STM32WBA54KEU7, STM32WBA54KEU7TR, STM32WBA54KGU6, STM32WBA54KGU6TR, STM32WBA54KGU7, STM32WBA54KGU7TR, STM32WBA55CEU6, STM32WBA55CEU6TR, STM32WBA55CEU7, STM32WBA55CEU7TR, STM32WBA55CGU6, STM32WBA55CGU6TR, STM32WBA55CGU6U, STM32WBA55CGU7, STM32WBA55CGU7TR, STM32WBA55G-DK1, STM32WBA55HEF6, STM32WBA55HEF7, STM32WBA55HGF6, STM32WBA55HGF7, STM32WBA55UEI6, STM32WBA55UEI6TR, STM32WBA55UEI7, STM32WBA55UEI7TR, STM32WBA55UGI6, STM32WBA55UGI6TR, STM32WBA55UGI7, STM32WBA55UGI7TR, STM32WBA5MJGH6TR, STM32WBA62CGU6, STM32WBA62CIU6, STM32WBA62MGF6, STM32WBA62MIF6, STM32WBA62PGI6, STM32WBA62PII6, STM32WBA63CGU6, STM32WBA63CGU7, STM32WBA63CIU6, STM32WBA63CIU7, STM32WBA64CGU6, STM32WBA64CGU7, STM32WBA64CIU6, STM32WBA64CIU7, STM32WBA65CGU6, STM32WBA65CGU7, STM32WBA65CIU6, STM32WBA65CIU7, STM32WBA65I-DK1, STM32WBA65MGF6, STM32WBA65MGF7, STM32WBA65MIF6, STM32WBA65MIF7, STM32WBA65PGI6, STM32WBA65PGI7, STM32WBA65PII6, STM32WBA65PII7, STM32WBA65RGV6, STM32WBA65RGV7, STM32WBA65RIV6, STM32WBA65RIV7, STM32WL30K8V6, STM32WL30KBV6, STM32WL31C8V6, STM32WL31CBV6, STM32WL31K8V6, STM32WL31KBV6, STM32WL33C8V6, STM32WL33C8V6TR, STM32WL33C8V7, STM32WL33C8V7TR, STM32WL33CBV6, STM32WL33CBV6TR, STM32WL33CBV7, STM32WL33CBV7TR, STM32WL33CCV6, STM32WL33CCV6TR, STM32WL33CCV7, STM32WL33CCV7A, STM32WL33CCV7ATR, STM32WL33CCV7TR, STM32WL33K8V6, STM32WL33K8V6TR, STM32WL33K8V7, STM32WL33K8V7TR, STM32WL33KBV6, STM32WL33KBV6TR, STM32WL33KBV7, STM32WL33KBV7TR, STM32WL33KCV6, STM32WL33KCV6TR, STM32WL33KCV7, STM32WL33KCV7TR, STM32WL5MOCH6, STM32WL5MOCH6TR]
2025-05-26 00:10:17,790 [INFO] DbMcus:218 - Found 4686 MCUs, 4686 are supported
2025-05-26 00:10:17,791 [INFO] ApiDb:423 - Load user favorites file C:\Users\gagno/.stm32cubeide/favorites.mcus.txt: 0 item(s)
2025-05-26 00:10:17,791 [INFO] ApiDb:427 - User favorites MCUs=[]
2025-05-26 00:10:17,791 [INFO] DbMcus:224 - Set 0 / 0 favorites MCUs
2025-05-26 00:10:18,255 [INFO] ApiDb:423 - Load user favorites file C:\Users\gagno/.stm32cubeide/favorites.boards.txt: 0 item(s)
2025-05-26 00:10:18,255 [INFO] ApiDb:427 - User favorites Boards=[]
2025-05-26 00:10:18,256 [INFO] DbBoards:198 - Set 0 / 0 favorites Boards
2025-05-26 00:10:18,335 [INFO] UtilMem:75 - End LoadConfig() Used Memory: 933082560 Bytes (1073741824)
2025-05-26 00:10:18,527 [WARN] ThirdParty:833 - waiting for thirdparty lock release [change project]
2025-05-26 00:10:18,527 [INFO] ThirdParty:835 - entering critical section [change project]
2025-05-26 00:10:18,527 [INFO] ThirdParty:1030 - CMSIS Pack Vendor :STMicroelectronics USBPD 4.1
2025-05-26 00:10:18,527 [INFO] ThirdParty:1030 - CMSIS Pack Vendor :STMicroelectronics X-CUBE-GNSS1 6.0.0
2025-05-26 00:10:18,528 [INFO] ThirdParty:1030 - CMSIS Pack Vendor :STMicroelectronics USB_HOST 2.0.0
2025-05-26 00:10:18,528 [INFO] ThirdParty:1030 - CMSIS Pack Vendor :STMicroelectronics FP-SNS-MOTENVWB1 1.4.0
2025-05-26 00:10:18,528 [INFO] ThirdParty:1030 - CMSIS Pack Vendor :STMicroelectronics X-CUBE-AZRTOS-F4 1.1.0
2025-05-26 00:10:18,528 [INFO] ThirdParty:1030 - CMSIS Pack Vendor :STMicroelectronics LIBJPEG 8.0.0
2025-05-26 00:10:18,528 [INFO] ThirdParty:1030 - CMSIS Pack Vendor :STMicroelectronics FP-ATR-ASTRA1 2.0.2
2025-05-26 00:10:18,528 [INFO] ThirdParty:1030 - CMSIS Pack Vendor :STMicroelectronics FP-ATR-ASTRA1 2.0.1
2025-05-26 00:10:18,528 [INFO] ThirdParty:1030 - CMSIS Pack Vendor :Avnet-IotConnect X-CUBE-IoTC-DA16k-PMOD 1.0.0
2025-05-26 00:10:18,528 [INFO] ThirdParty:1030 - CMSIS Pack Vendor :STMicroelectronics X-CUBE-SMBUS 2.1.0
2025-05-26 00:10:18,528 [INFO] ThirdParty:1030 - CMSIS Pack Vendor :STMicroelectronics X-CUBE-WB05N 1.1.0
2025-05-26 00:10:18,528 [INFO] ThirdParty:1030 - CMSIS Pack Vendor :STMicroelectronics X-CUBE-ISPU 2.1.0
2025-05-26 00:10:18,528 [INFO] ThirdParty:1030 - CMSIS Pack Vendor :STMicroelectronics X-CUBE-FREERTOS 1.2.0
2025-05-26 00:10:18,529 [INFO] ThirdParty:1030 - CMSIS Pack Vendor :STMicroelectronics X-CUBE-ST60 1.0.0
2025-05-26 00:10:18,529 [INFO] ThirdParty:1030 - CMSIS Pack Vendor :STMicroelectronics X-CUBE-TOUCHGFX 4.23.2
2025-05-26 00:10:18,529 [INFO] ThirdParty:1030 - CMSIS Pack Vendor :STMicroelectronics X-CUBE-AZRTOS-F7 1.1.0
2025-05-26 00:10:18,529 [INFO] ThirdParty:1030 - CMSIS Pack Vendor :STMicroelectronics X-CUBE-AZRTOS-L5 2.0.0
2025-05-26 00:10:18,529 [INFO] ThirdParty:1030 - CMSIS Pack Vendor :STMicroelectronics USB_DEVICE 2.0.0
2025-05-26 00:10:18,529 [INFO] ThirdParty:1030 - CMSIS Pack Vendor :STMicroelectronics X-CUBE-NFC6 3.1.0
2025-05-26 00:10:18,529 [INFO] ThirdParty:1030 - CMSIS Pack Vendor :STMicroelectronics X-CUBE-MEMS1 11.0.0
2025-05-26 00:10:18,529 [INFO] ThirdParty:1030 - CMSIS Pack Vendor :STMicroelectronics FreeRTOS 0.0.1
2025-05-26 00:10:18,529 [INFO] ThirdParty:1030 - CMSIS Pack Vendor :STMicroelectronics X-CUBE-DPower 1.2.0
2025-05-26 00:10:18,529 [INFO] ThirdParty:1030 - CMSIS Pack Vendor :STMicroelectronics FP-SNS-FLIGHT1 5.0.2
2025-05-26 00:10:18,529 [INFO] ThirdParty:1030 - CMSIS Pack Vendor :STMicroelectronics X-CUBE-AI 9.0.0
2025-05-26 00:10:18,529 [INFO] ThirdParty:1030 - CMSIS Pack Vendor :STMicroelectronics PDM2PCM 3.3.0
2025-05-26 00:10:18,529 [INFO] ThirdParty:1030 - CMSIS Pack Vendor :STMicroelectronics X-CUBE-DISPLAY 3.0.0
2025-05-26 00:10:18,529 [INFO] ThirdParty:1030 - CMSIS Pack Vendor :STMicroelectronics X-CUBE-BLE1 7.0.0
2025-05-26 00:10:18,529 [INFO] ThirdParty:1030 - CMSIS Pack Vendor :STMicroelectronics X-CUBE-NFC10 1.0.0
2025-05-26 00:10:18,529 [INFO] ThirdParty:1030 - CMSIS Pack Vendor :STMicroelectronics X-CUBE-BLEMGR 4.0.0
2025-05-26 00:10:18,529 [INFO] ThirdParty:1030 - CMSIS Pack Vendor :STMicroelectronics X-CUBE-FREERTOS 1.3.1
2025-05-26 00:10:18,529 [INFO] ThirdParty:1030 - CMSIS Pack Vendor :STMicroelectronics HAL Drivers 0.0.0
2025-05-26 00:10:18,529 [INFO] ThirdParty:1030 - CMSIS Pack Vendor :emotas I-CUBE-CANOPEN 1.3.0
2025-05-26 00:10:18,529 [INFO] ThirdParty:1030 - CMSIS Pack Vendor :STMicroelectronics X-CUBE-FREERTOS 1.3.0
2025-05-26 00:10:18,529 [INFO] ThirdParty:1030 - CMSIS Pack Vendor :STMicroelectronics X-CUBE-NFC7 1.0.1
2025-05-26 00:10:18,529 [INFO] ThirdParty:1030 - CMSIS Pack Vendor :STMicroelectronics MBEDTLS 2.14.1
2025-05-26 00:10:18,529 [INFO] ThirdParty:1030 - CMSIS Pack Vendor :wolfSSL I-CUBE-wolfTPM 3.2.0
2025-05-26 00:10:18,529 [INFO] ThirdParty:1030 - CMSIS Pack Vendor :STMicroelectronics X-CUBE-BLEMGR 3.1.0
2025-05-26 00:10:18,529 [INFO] ThirdParty:1030 - CMSIS Pack Vendor :STMicroelectronics X-CUBE-AI 10.0.0
2025-05-26 00:10:18,529 [INFO] ThirdParty:1030 - CMSIS Pack Vendor :STMicroelectronics FP-SNS-SMARTAG2 1.2.0
2025-05-26 00:10:18,529 [INFO] ThirdParty:1030 - CMSIS Pack Vendor :STMicroelectronics FP-SNS-FLIGHT1 5.1.0
2025-05-26 00:10:18,529 [INFO] ThirdParty:1030 - CMSIS Pack Vendor :STMicroelectronics X-CUBE-MEMS1 11.1.0
2025-05-26 00:10:18,529 [INFO] ThirdParty:1030 - CMSIS Pack Vendor :STMicroelectronics X-CUBE-AZRTOS-WL 2.0.0
2025-05-26 00:10:18,530 [INFO] ThirdParty:1030 - CMSIS Pack Vendor :STMicroelectronics X-CUBE-DPower 1.3.0
2025-05-26 00:10:18,530 [INFO] ThirdParty:1030 - CMSIS Pack Vendor :STMicroelectronics FP-SNS-MOTENV1 5.0.0
2025-05-26 00:10:18,530 [INFO] ThirdParty:1030 - CMSIS Pack Vendor :STMicroelectronics USB_DEVICE 1.0.0
2025-05-26 00:10:18,530 [INFO] ThirdParty:1030 - CMSIS Pack Vendor :STMicroelectronics X-CUBE-AI 8.1.0
2025-05-26 00:10:18,530 [INFO] ThirdParty:1030 - CMSIS Pack Vendor :wolfSSL I-CUBE-wolfMQTT 1.19.0
2025-05-26 00:10:18,530 [INFO] ThirdParty:1030 - CMSIS Pack Vendor :STMicroelectronics X-CUBE-AZRTOS-L4 2.0.0
2025-05-26 00:10:18,530 [INFO] ThirdParty:1030 - CMSIS Pack Vendor :STMicroelectronics ThreadX 0.0.2
2025-05-26 00:10:18,530 [INFO] ThirdParty:1030 - CMSIS Pack Vendor :WES I-CUBE-Cesium 1.3.0
2025-05-26 00:10:18,530 [INFO] ThirdParty:1030 - CMSIS Pack Vendor :STMicroelectronics lwIP 2.1.2
2025-05-26 00:10:18,530 [INFO] ThirdParty:1030 - CMSIS Pack Vendor :STMicroelectronics X-CUBE-SFXS2LP1 4.0.0
2025-05-26 00:10:18,530 [INFO] ThirdParty:1030 - CMSIS Pack Vendor :STMicroelectronics X-CUBE-BLE2 3.3.0
2025-05-26 00:10:18,530 [INFO] ThirdParty:1030 - CMSIS Pack Vendor :STMicroelectronics PDM2PCM 3.2.0
2025-05-26 00:10:18,530 [INFO] ThirdParty:1030 - CMSIS Pack Vendor :STMicroelectronics X-CUBE-AZRTOS-H7 3.3.0
2025-05-26 00:10:18,530 [INFO] ThirdParty:1030 - CMSIS Pack Vendor :STMicroelectronics X-CUBE-NFC9 1.0.0
2025-05-26 00:10:18,530 [INFO] ThirdParty:1030 - CMSIS Pack Vendor :STMicroelectronics X-CUBE-BLE1 7.1.0
2025-05-26 00:10:18,530 [INFO] ThirdParty:1030 - CMSIS Pack Vendor :STMicroelectronics USB_DEVICE 3.0.0
2025-05-26 00:10:18,530 [INFO] ThirdParty:1030 - CMSIS Pack Vendor :STMicroelectronics X-CUBE-TCPP 4.1.0
2025-05-26 00:10:18,530 [INFO] ThirdParty:1030 - CMSIS Pack Vendor :STMicroelectronics X-CUBE-IPS 3.0.0
2025-05-26 00:10:18,531 [INFO] ThirdParty:1030 - CMSIS Pack Vendor :STMicroelectronics X-CUBE-AZRTOS-WB 2.0.0
2025-05-26 00:10:18,531 [INFO] ThirdParty:1030 - CMSIS Pack Vendor :STMicroelectronics X-CUBE-GNSS1 7.0.0
2025-05-26 00:10:18,531 [INFO] ThirdParty:1030 - CMSIS Pack Vendor :STMicroelectronics X-CUBE-GNSS1 7.0.1
2025-05-26 00:10:18,531 [INFO] ThirdParty:1030 - CMSIS Pack Vendor :STMicroelectronics X-CUBE-TOUCHGFX 4.25.0
2025-05-26 00:10:18,531 [INFO] ThirdParty:1030 - CMSIS Pack Vendor :STMicroelectronics FP-SNS-STBOX1 2.0.0
2025-05-26 00:10:18,531 [INFO] ThirdParty:1030 - CMSIS Pack Vendor :STMicroelectronics X-CUBE-ALGOBUILD 1.3.0
2025-05-26 00:10:18,531 [INFO] ThirdParty:1030 - CMSIS Pack Vendor :STMicroelectronics X-CUBE-MEMS1 11.2.0
2025-05-26 00:10:18,531 [INFO] ThirdParty:1030 - CMSIS Pack Vendor :STMicroelectronics X-CUBE-AZRTOS-G0 1.1.0
2025-05-26 00:10:18,531 [INFO] ThirdParty:1030 - CMSIS Pack Vendor :STMicroelectronics X-CUBE-SAFEA1 1.2.2
2025-05-26 00:10:18,531 [INFO] ThirdParty:1030 - CMSIS Pack Vendor :STMicroelectronics X-CUBE-NFC4 3.0.0
2025-05-26 00:10:18,531 [INFO] ThirdParty:1030 - CMSIS Pack Vendor :STMicroelectronics X-CUBE-SUBG2 5.0.0
2025-05-26 00:10:18,531 [INFO] ThirdParty:1030 - CMSIS Pack Vendor :STMicroelectronics X-CUBE-AZRTOS-H7RS 1.1.0
2025-05-26 00:10:18,531 [INFO] ThirdParty:1030 - CMSIS Pack Vendor :STMicroelectronics STM32_WPAN 1.0.0
2025-05-26 00:10:18,532 [INFO] ThirdParty:1030 - CMSIS Pack Vendor :wolfSSL I-CUBE-wolfMQTT 1.18.0
2025-05-26 00:10:18,532 [INFO] ThirdParty:1030 - CMSIS Pack Vendor :EmbeddedOffice I-CUBE-FS-RTOS 1.0.1
2025-05-26 00:10:18,532 [INFO] ThirdParty:1030 - CMSIS Pack Vendor :STMicroelectronics lwIP 2.0.3
2025-05-26 00:10:18,532 [INFO] ThirdParty:1030 - CMSIS Pack Vendor :STMicroelectronics USB_HOST 1.0.0
2025-05-26 00:10:18,532 [INFO] ThirdParty:1030 - CMSIS Pack Vendor :STMicroelectronics X-CUBE-AZRTOS-G4 2.0.0
2025-05-26 00:10:18,532 [INFO] ThirdParty:1030 - CMSIS Pack Vendor :STMicroelectronics X-CUBE-WB05N 2.0.0
2025-05-26 00:10:18,532 [INFO] ThirdParty:1030 - CMSIS Pack Vendor :STMicroelectronics PDM2PCM 3.1.0
2025-05-26 00:10:18,532 [INFO] ThirdParty:1030 - CMSIS Pack Vendor :STMicroelectronics X-CUBE-NFC7 2.0.0
2025-05-26 00:10:18,532 [INFO] ThirdParty:1030 - CMSIS Pack Vendor :STMicroelectronics X-CUBE-TCPP 4.2.0
2025-05-26 00:10:18,532 [INFO] ThirdParty:1030 - CMSIS Pack Vendor :RealThread X-CUBE-RT-Thread_Nano 4.1.1
2025-05-26 00:10:18,532 [INFO] ThirdParty:1030 - CMSIS Pack Vendor :wolfSSL I-CUBE-wolfSSL 5.7.0
2025-05-26 00:10:18,532 [INFO] ThirdParty:1030 - CMSIS Pack Vendor :STMicroelectronics FP-SNS-MOTENVWB1 1.3.1
2025-05-26 00:10:18,532 [INFO] ThirdParty:1030 - CMSIS Pack Vendor :STMicroelectronics FP-ATR-SIGFOX1 3.2.0
2025-05-26 00:10:18,532 [INFO] ThirdParty:1030 - CMSIS Pack Vendor :quantropi X-CUBE-qispace-sdk-base 1.9.3
2025-05-26 00:10:18,532 [INFO] ThirdParty:1030 - CMSIS Pack Vendor :STMicroelectronics X-CUBE-ISPU 2.0.0
2025-05-26 00:10:18,532 [INFO] ThirdParty:1030 - CMSIS Pack Vendor :STMicroelectronics X-CUBE-EEPRMA1 5.1.0
2025-05-26 00:10:18,532 [INFO] ThirdParty:1030 - CMSIS Pack Vendor :STMicroelectronics MBEDTLS 2.16.2
2025-05-26 00:10:18,532 [INFO] ThirdParty:1030 - CMSIS Pack Vendor :STMicroelectronics X-CUBE-IPS 3.1.0
2025-05-26 00:10:18,533 [INFO] ThirdParty:1030 - CMSIS Pack Vendor :STMicroelectronics X-CUBE-ALS 1.0.2
2025-05-26 00:10:18,533 [INFO] ThirdParty:1030 - CMSIS Pack Vendor :STMicroelectronics X-CUBE-MEMS1 10.0.0
2025-05-26 00:10:18,533 [INFO] ThirdParty:1030 - CMSIS Pack Vendor :STMicroelectronics X-CUBE-FREERTOS 1.1.0
2025-05-26 00:10:18,533 [INFO] ThirdParty:1030 - CMSIS Pack Vendor :STMicroelectronics X-CUBE-TOUCHGFX 4.24.0
2025-05-26 00:10:18,533 [INFO] ThirdParty:1030 - CMSIS Pack Vendor :ITTIA_DB I-CUBE-ITTIADB 8.9.0
2025-05-26 00:10:18,533 [INFO] ThirdParty:1030 - CMSIS Pack Vendor :STMicroelectronics X-CUBE-TOUCHGFX 4.24.2
2025-05-26 00:10:18,533 [INFO] ThirdParty:1030 - CMSIS Pack Vendor :STMicroelectronics X-CUBE-TOUCHGFX 4.24.1
2025-05-26 00:10:18,533 [INFO] ThirdParty:1030 - CMSIS Pack Vendor :portGmbH I-Cube-SoM-uGOAL 1.1.0
2025-05-26 00:10:18,533 [INFO] ThirdParty:1030 - CMSIS Pack Vendor :STMicroelectronics X-CUBE-ALS 1.0.1
2025-05-26 00:10:18,533 [INFO] ThirdParty:1030 - CMSIS Pack Vendor :STMicroelectronics ThreadX 1.0.0
2025-05-26 00:10:18,533 [INFO] ThirdParty:1030 - CMSIS Pack Vendor :SEGGER I-CUBE-embOS 1.3.1
2025-05-26 00:10:18,533 [INFO] ThirdParty:1030 - CMSIS Pack Vendor :STMicroelectronics X-CUBE-ALGOBUILD 1.4.0
2025-05-26 00:10:18,533 [INFO] ThirdParty:1030 - CMSIS Pack Vendor :STMicroelectronics X-CUBE-AZRTOS-H7RS 1.0.0
2025-05-26 00:10:18,533 [INFO] ThirdParty:1030 - CMSIS Pack Vendor :STMicroelectronics FP-ATR-ASTRA1 2.0.0
2025-05-26 00:10:18,533 [INFO] ThirdParty:1030 - CMSIS Pack Vendor :STMicroelectronics X-CUBE-TOF1 3.4.2
2025-05-26 00:10:18,533 [INFO] ThirdParty:1030 - CMSIS Pack Vendor :STMicroelectronics X-CUBE-TOF1 3.4.3
2025-05-26 00:10:18,533 [INFO] ThirdParty:1030 - CMSIS Pack Vendor :STMicroelectronics X-CUBE-AI 9.1.0
2025-05-26 00:10:18,533 [INFO] ThirdParty:1030 - CMSIS Pack Vendor :STMicroelectronics X-CUBE-TOF1 3.4.1
2025-05-26 00:10:18,533 [INFO] ThirdParty:1030 - CMSIS Pack Vendor :STMicroelectronics X-CUBE-AZRTOS-H7 3.2.0
2025-05-26 00:10:18,533 [INFO] ThirdParty:1030 - CMSIS Pack Vendor :Infineon AIROC-Wi-Fi-Bluetooth-STM32 1.6.0
2025-05-26 00:10:18,533 [INFO] ThirdParty:1030 - CMSIS Pack Vendor :wolfSSL I-CUBE-wolfSSH 1.4.17
2025-05-26 00:10:18,534 [INFO] ThirdParty:841 - exiting critical section [change project]
2025-05-26 00:10:19,242 [INFO] PinOutPanel:1589 - setPackage(No Configuration,No Configuration)
2025-05-26 00:10:19,245 [INFO] PinOutPanel:1589 - setPackage(STM32F412ZGTx,LQFP144)
2025-05-26 00:10:19,980 [INFO] UtilMem:75 - Before build in PCC Used Memory: 795895096 Bytes (1073741824)
2025-05-26 00:10:20,897 [INFO] UtilMem:75 - After build in PCC Used Memory: 863528256 Bytes (1073741824)
2025-05-26 00:10:21,051 [INFO] ApiDbMcu:508 - Load IP Config File for USB_DEVICE
2025-05-26 00:10:21,092 [INFO] IPUIPlugin:80 - create IPUIPlugin
2025-05-26 00:10:21,092 [INFO] IPUIPlugin:80 - create IPUIPlugin
2025-05-26 00:10:21,092 [INFO] IPUIPlugin:80 - create IPUIPlugin
2025-05-26 00:10:21,092 [INFO] IPUIPlugin:80 - create IPUIPlugin
2025-05-26 00:10:21,092 [INFO] IPUIPlugin:80 - create IPUIPlugin
2025-05-26 00:10:21,092 [INFO] IPUIPlugin:80 - create IPUIPlugin
2025-05-26 00:10:21,093 [INFO] IPUIPlugin:80 - create IPUIPlugin
2025-05-26 00:10:21,093 [INFO] IPUIPlugin:80 - create IPUIPlugin
2025-05-26 00:10:21,093 [INFO] IPUIPlugin:80 - create IPUIPlugin
2025-05-26 00:10:21,093 [INFO] IPUIPlugin:80 - create IPUIPlugin
2025-05-26 00:10:21,093 [INFO] IPUIPlugin:80 - create IPUIPlugin
2025-05-26 00:10:21,093 [INFO] IPUIPlugin:80 - create IPUIPlugin
2025-05-26 00:10:21,093 [INFO] IPUIPlugin:80 - create IPUIPlugin
2025-05-26 00:10:21,093 [INFO] IPUIPlugin:80 - create IPUIPlugin
2025-05-26 00:10:21,093 [INFO] IPUIPlugin:80 - create IPUIPlugin
2025-05-26 00:10:21,093 [INFO] IPUIPlugin:80 - create IPUIPlugin
2025-05-26 00:10:21,094 [INFO] IPUIPlugin:80 - create IPUIPlugin
2025-05-26 00:10:21,094 [INFO] IPUIPlugin:80 - create IPUIPlugin
2025-05-26 00:10:21,094 [INFO] IPUIPlugin:80 - create IPUIPlugin
2025-05-26 00:10:21,094 [INFO] IPUIPlugin:80 - create IPUIPlugin
2025-05-26 00:10:21,094 [INFO] IPUIPlugin:80 - create IPUIPlugin
2025-05-26 00:10:21,094 [INFO] IPUIPlugin:80 - create IPUIPlugin
2025-05-26 00:10:21,095 [INFO] IPUIPlugin:80 - create IPUIPlugin
2025-05-26 00:10:21,095 [INFO] IPUIPlugin:80 - create IPUIPlugin
2025-05-26 00:10:21,095 [INFO] IPUIPlugin:80 - create IPUIPlugin
2025-05-26 00:10:21,095 [INFO] IPUIPlugin:80 - create IPUIPlugin
2025-05-26 00:10:21,095 [INFO] IPUIPlugin:80 - create IPUIPlugin
2025-05-26 00:10:21,096 [INFO] IPUIPlugin:80 - create IPUIPlugin
2025-05-26 00:10:21,096 [INFO] IPUIPlugin:80 - create IPUIPlugin
2025-05-26 00:10:21,096 [INFO] IPUIPlugin:80 - create IPUIPlugin
2025-05-26 00:10:21,096 [INFO] IPUIPlugin:80 - create IPUIPlugin
2025-05-26 00:10:21,097 [INFO] IPUIPlugin:80 - create IPUIPlugin
2025-05-26 00:10:21,097 [INFO] IPUIPlugin:80 - create IPUIPlugin
2025-05-26 00:10:21,097 [INFO] IPUIPlugin:80 - create IPUIPlugin
2025-05-26 00:10:21,098 [INFO] IPUIPlugin:80 - create IPUIPlugin
2025-05-26 00:10:21,098 [INFO] IPUIPlugin:80 - create IPUIPlugin
2025-05-26 00:10:21,098 [INFO] IPUIPlugin:80 - create IPUIPlugin
2025-05-26 00:10:21,098 [INFO] IPUIPlugin:80 - create IPUIPlugin
2025-05-26 00:10:21,099 [INFO] IPUIPlugin:80 - create IPUIPlugin
2025-05-26 00:10:21,099 [INFO] IPUIPlugin:80 - create IPUIPlugin
2025-05-26 00:10:21,099 [INFO] IPUIPlugin:80 - create IPUIPlugin
2025-05-26 00:10:21,099 [INFO] IPUIPlugin:80 - create IPUIPlugin
2025-05-26 00:10:21,099 [INFO] IPUIPlugin:80 - create IPUIPlugin
2025-05-26 00:10:21,100 [INFO] IPUIPlugin:80 - create IPUIPlugin
2025-05-26 00:10:21,100 [INFO] IPUIPlugin:80 - create IPUIPlugin
2025-05-26 00:10:21,100 [INFO] IPUIPlugin:80 - create IPUIPlugin
2025-05-26 00:10:21,100 [INFO] IPUIPlugin:80 - create IPUIPlugin
2025-05-26 00:10:21,101 [INFO] IPUIPlugin:80 - create IPUIPlugin
2025-05-26 00:10:21,101 [INFO] IPUIPlugin:80 - create IPUIPlugin
2025-05-26 00:10:21,101 [INFO] IPUIPlugin:80 - create IPUIPlugin
2025-05-26 00:10:21,102 [INFO] IPUIPlugin:80 - create IPUIPlugin
2025-05-26 00:10:21,102 [INFO] IPUIPlugin:80 - create IPUIPlugin
2025-05-26 00:10:21,102 [INFO] IPUIPlugin:80 - create IPUIPlugin
2025-05-26 00:10:21,103 [INFO] IPUIPlugin:80 - create IPUIPlugin
2025-05-26 00:10:21,103 [INFO] IPUIPlugin:80 - create IPUIPlugin
2025-05-26 00:10:21,103 [INFO] IPUIPlugin:80 - create IPUIPlugin
2025-05-26 00:10:21,104 [INFO] IPUIPlugin:80 - create IPUIPlugin
2025-05-26 00:10:21,126 [INFO] ApiDbMcu:508 - Load IP Config File for PDM2PCM
2025-05-26 00:10:21,463 [INFO] CADModel:165 - CPN selected for project levelSTM32F412ZGT6
2025-05-26 00:10:21,463 [INFO] CADModel:114 - Register for checkConnection events
2025-05-26 00:10:21,539 [INFO] OpenFileManager:385 - Restore cursor
2025-05-26 00:10:21,880 [WARN] IP:2250 - DEVICE_SERIAL0_CDC_FS not found: check if there is a RefParameter without a condition.
2025-05-26 00:10:21,880 [WARN] IP:2250 - DEVICE_SERIAL1_CDC_FS not found: check if there is a RefParameter without a condition.
2025-05-26 00:10:21,880 [WARN] IP:2250 - DEVICE_SERIAL2_CDC_FS not found: check if there is a RefParameter without a condition.
2025-05-26 00:10:21,881 [WARN] IP:2250 - DEVICE_SERIAL0_CDC_FS not found: check if there is a RefParameter without a condition.
2025-05-26 00:10:21,881 [WARN] IP:2250 - DEVICE_SERIAL1_CDC_FS not found: check if there is a RefParameter without a condition.
2025-05-26 00:10:21,881 [WARN] IP:2250 - DEVICE_SERIAL2_CDC_FS not found: check if there is a RefParameter without a condition.
2025-05-26 00:14:10,805 [WARN] IP:2250 - DEVICE_SERIAL0_CDC_FS not found: check if there is a RefParameter without a condition.
2025-05-26 00:14:10,805 [WARN] IP:2250 - DEVICE_SERIAL1_CDC_FS not found: check if there is a RefParameter without a condition.
2025-05-26 00:14:10,805 [WARN] IP:2250 - DEVICE_SERIAL2_CDC_FS not found: check if there is a RefParameter without a condition.
2025-05-26 00:14:10,806 [WARN] IP:2250 - DEVICE_SERIAL0_CDC_FS not found: check if there is a RefParameter without a condition.
2025-05-26 00:14:10,806 [WARN] IP:2250 - DEVICE_SERIAL1_CDC_FS not found: check if there is a RefParameter without a condition.
2025-05-26 00:14:10,806 [WARN] IP:2250 - DEVICE_SERIAL2_CDC_FS not found: check if there is a RefParameter without a condition.
2025-05-26 00:14:10,962 [WARN] IP:2250 - DEVICE_SERIAL0_CDC_FS not found: check if there is a RefParameter without a condition.
2025-05-26 00:14:10,962 [WARN] IP:2250 - DEVICE_SERIAL1_CDC_FS not found: check if there is a RefParameter without a condition.
2025-05-26 00:14:10,962 [WARN] IP:2250 - DEVICE_SERIAL2_CDC_FS not found: check if there is a RefParameter without a condition.
2025-05-26 00:14:10,963 [WARN] IP:2250 - DEVICE_SERIAL0_CDC_FS not found: check if there is a RefParameter without a condition.
2025-05-26 00:14:10,963 [WARN] IP:2250 - DEVICE_SERIAL1_CDC_FS not found: check if there is a RefParameter without a condition.
2025-05-26 00:14:10,963 [WARN] IP:2250 - DEVICE_SERIAL2_CDC_FS not found: check if there is a RefParameter without a condition.
2025-05-26 00:14:11,116 [WARN] IP:2250 - DEVICE_SERIAL0_CDC_FS not found: check if there is a RefParameter without a condition.
2025-05-26 00:14:11,116 [WARN] IP:2250 - DEVICE_SERIAL1_CDC_FS not found: check if there is a RefParameter without a condition.
2025-05-26 00:14:11,117 [WARN] IP:2250 - DEVICE_SERIAL2_CDC_FS not found: check if there is a RefParameter without a condition.
2025-05-26 00:14:11,118 [WARN] IP:2250 - DEVICE_SERIAL0_CDC_FS not found: check if there is a RefParameter without a condition.
2025-05-26 00:14:11,118 [WARN] IP:2250 - DEVICE_SERIAL1_CDC_FS not found: check if there is a RefParameter without a condition.
2025-05-26 00:14:11,118 [WARN] IP:2250 - DEVICE_SERIAL2_CDC_FS not found: check if there is a RefParameter without a condition.
2025-05-26 00:14:11,322 [WARN] IP:2250 - DEVICE_SERIAL0_CDC_FS not found: check if there is a RefParameter without a condition.
2025-05-26 00:14:11,322 [WARN] IP:2250 - DEVICE_SERIAL1_CDC_FS not found: check if there is a RefParameter without a condition.
2025-05-26 00:14:11,322 [WARN] IP:2250 - DEVICE_SERIAL2_CDC_FS not found: check if there is a RefParameter without a condition.
2025-05-26 00:14:11,323 [WARN] IP:2250 - DEVICE_SERIAL0_CDC_FS not found: check if there is a RefParameter without a condition.
2025-05-26 00:14:11,323 [WARN] IP:2250 - DEVICE_SERIAL1_CDC_FS not found: check if there is a RefParameter without a condition.
2025-05-26 00:14:11,323 [WARN] IP:2250 - DEVICE_SERIAL2_CDC_FS not found: check if there is a RefParameter without a condition.
2025-05-26 00:14:13,059 [INFO] UtilMem:75 - End SaveConfig() Used Memory: 775190288 Bytes (1073741824)
2025-05-26 00:14:15,037 [INFO] UtilMem:75 - End SaveConfig() Used Memory: 800882448 Bytes (1073741824)
2025-05-26 00:14:15,409 [INFO] UtilMem:75 - End SaveConfig() Used Memory: 874805008 Bytes (1073741824)
2025-05-26 00:14:16,171 [INFO] BlockDiagram:2775 - set Specific Code input for plugin: SPI
2025-05-26 00:14:16,172 [INFO] BlockDiagram:2775 - set Specific Code input for plugin: SPI
2025-05-26 00:14:16,172 [INFO] BlockDiagram:2775 - set Specific Code input for plugin: SPI
2025-05-26 00:14:16,172 [INFO] BlockDiagram:2775 - set Specific Code input for plugin: TIM1_8
2025-05-26 00:14:16,172 [INFO] BlockDiagram:2775 - set Specific Code input for plugin: USB_DEVICE
2025-05-26 00:14:16,172 [INFO] BlockDiagram:2775 - set Specific Code input for plugin: SYS
2025-05-26 00:14:16,172 [INFO] BlockDiagram:2775 - set Specific Code input for plugin: ADC
2025-05-26 00:14:16,172 [INFO] BlockDiagram:2775 - set Specific Code input for plugin: RCC
2025-05-26 00:14:16,172 [INFO] BlockDiagram:2775 - set Specific Code input for plugin: USB_OTG_FS
2025-05-26 00:14:16,173 [INFO] BlockDiagram:2775 - set Specific Code input for plugin: NVIC
2025-05-26 00:14:16,173 [INFO] BlockDiagram:2775 - set Specific Code input for plugin: USART
2025-05-26 00:14:16,173 [INFO] BlockDiagram:2775 - set Specific Code input for plugin: USART
2025-05-26 00:14:16,173 [INFO] BlockDiagram:2775 - set Specific Code input for plugin: USART
2025-05-26 00:14:16,174 [INFO] BlockDiagram:2775 - set Specific Code input for plugin: GPIO
2025-05-26 00:14:16,177 [INFO] CodeGenerator:882 - code generatio: config db path: C:\ST\STM32CubeIDE_1.15.0\STM32CubeIDE\plugins\com.st.stm32cube.common.mx_6.14.0.202502271554\\db\
2025-05-26 00:14:16,239 [WARN] IP:2250 - DEVICE_SERIAL0_CDC_FS not found: check if there is a RefParameter without a condition.
2025-05-26 00:14:16,239 [WARN] IP:2250 - DEVICE_SERIAL1_CDC_FS not found: check if there is a RefParameter without a condition.
2025-05-26 00:14:16,240 [WARN] IP:2250 - DEVICE_SERIAL2_CDC_FS not found: check if there is a RefParameter without a condition.
2025-05-26 00:14:16,612 [INFO] CodeEngine:263 - oldGeneratedFile, C:\Users\gagno\OneDrive\Documents\GitHub\Ordinateur-de-bord\STM32CubeIDE\ODB2\MXTmpFiles\license.tmp_save
2025-05-26 00:14:17,122 [INFO] CodeEngine:287 - Generated code: C:\Users\gagno\OneDrive\Documents\GitHub\Ordinateur-de-bord\STM32CubeIDE\ODB2\MXTmpFiles\license.tmp
2025-05-26 00:14:17,369 [INFO] CodeEngine:263 - oldGeneratedFile, C:\Users\gagno\OneDrive\Documents\GitHub\Ordinateur-de-bord\STM32CubeIDE\ODB2\MXTmpFiles\gpio.tmp_save
2025-05-26 00:14:17,529 [INFO] CodeEngine:287 - Generated code: C:\Users\gagno\OneDrive\Documents\GitHub\Ordinateur-de-bord\STM32CubeIDE\ODB2\MXTmpFiles\gpio.tmp
2025-05-26 00:14:17,798 [WARN] IPConfigManager:3174 - Warning: the RefConfig PWREx_EnableUSBVoltageDetector is not available in your config.xml file
2025-05-26 00:14:17,819 [INFO] CodeEngine:263 - oldGeneratedFile, C:\Users\gagno\OneDrive\Documents\GitHub\Ordinateur-de-bord\STM32CubeIDE\ODB2\MXTmpFiles\usb_otg_fs_vars.tmp_save
2025-05-26 00:14:17,949 [INFO] CodeEngine:287 - Generated code: C:\Users\gagno\OneDrive\Documents\GitHub\Ordinateur-de-bord\STM32CubeIDE\ODB2\MXTmpFiles\usb_otg_fs_vars.tmp
2025-05-26 00:14:17,957 [INFO] CodeEngine:263 - oldGeneratedFile, C:\Users\gagno\OneDrive\Documents\GitHub\Ordinateur-de-bord\STM32CubeIDE\ODB2\MXTmpFiles\usb_otg_fs_inc.tmp_save
2025-05-26 00:14:18,057 [INFO] CodeEngine:287 - Generated code: C:\Users\gagno\OneDrive\Documents\GitHub\Ordinateur-de-bord\STM32CubeIDE\ODB2\MXTmpFiles\usb_otg_fs_inc.tmp
2025-05-26 00:14:18,064 [INFO] CodeEngine:263 - oldGeneratedFile, C:\Users\gagno\OneDrive\Documents\GitHub\Ordinateur-de-bord\STM32CubeIDE\ODB2\MXTmpFiles\usb_otg_fs_HalInit.tmp_save
2025-05-26 00:14:18,170 [INFO] CodeEngine:287 - Generated code: C:\Users\gagno\OneDrive\Documents\GitHub\Ordinateur-de-bord\STM32CubeIDE\ODB2\MXTmpFiles\usb_otg_fs_HalInit.tmp
2025-05-26 00:14:18,177 [INFO] CodeEngine:263 - oldGeneratedFile, C:\Users\gagno\OneDrive\Documents\GitHub\Ordinateur-de-bord\STM32CubeIDE\ODB2\MXTmpFiles\usb_otg_fs_Msp.tmp_save
2025-05-26 00:14:18,285 [INFO] CodeEngine:287 - Generated code: C:\Users\gagno\OneDrive\Documents\GitHub\Ordinateur-de-bord\STM32CubeIDE\ODB2\MXTmpFiles\usb_otg_fs_Msp.tmp
2025-05-26 00:14:19,790 [INFO] Middleware:1452 - No code input for Bsp Dependency
2025-05-26 00:14:19,839 [INFO] Middleware:1452 - No code input for Bsp Dependency
2025-05-26 00:14:19,856 [INFO] CodeEngine:263 - oldGeneratedFile, C:\Users\gagno\OneDrive\Documents\GitHub\Ordinateur-de-bord\STM32CubeIDE\ODB2\USB_DEVICE\App\usb_device.c_save
2025-05-26 00:14:19,963 [INFO] CodeEngine:287 - Generated code: C:\Users\gagno\OneDrive\Documents\GitHub\Ordinateur-de-bord\STM32CubeIDE\ODB2\USB_DEVICE\App\usb_device.c
2025-05-26 00:14:19,972 [INFO] CodeEngine:263 - oldGeneratedFile, C:\Users\gagno\OneDrive\Documents\GitHub\Ordinateur-de-bord\STM32CubeIDE\ODB2\USB_DEVICE\App\usb_device.h_save
2025-05-26 00:14:20,054 [INFO] CodeEngine:287 - Generated code: C:\Users\gagno\OneDrive\Documents\GitHub\Ordinateur-de-bord\STM32CubeIDE\ODB2\USB_DEVICE\App\usb_device.h
2025-05-26 00:14:20,062 [INFO] CodeEngine:263 - oldGeneratedFile, C:\Users\gagno\OneDrive\Documents\GitHub\Ordinateur-de-bord\STM32CubeIDE\ODB2\USB_DEVICE\Target\usbd_conf.h_save
2025-05-26 00:14:20,138 [INFO] CodeEngine:287 - Generated code: C:\Users\gagno\OneDrive\Documents\GitHub\Ordinateur-de-bord\STM32CubeIDE\ODB2\USB_DEVICE\Target\usbd_conf.h
2025-05-26 00:14:20,146 [INFO] CodeEngine:263 - oldGeneratedFile, C:\Users\gagno\OneDrive\Documents\GitHub\Ordinateur-de-bord\STM32CubeIDE\ODB2\USB_DEVICE\Target\usbd_conf.c_save
2025-05-26 00:14:20,244 [INFO] CodeEngine:287 - Generated code: C:\Users\gagno\OneDrive\Documents\GitHub\Ordinateur-de-bord\STM32CubeIDE\ODB2\USB_DEVICE\Target\usbd_conf.c
2025-05-26 00:14:20,251 [INFO] CodeEngine:263 - oldGeneratedFile, C:\Users\gagno\OneDrive\Documents\GitHub\Ordinateur-de-bord\STM32CubeIDE\ODB2\USB_DEVICE\App\usbd_desc.h_save
2025-05-26 00:14:20,315 [INFO] CodeEngine:287 - Generated code: C:\Users\gagno\OneDrive\Documents\GitHub\Ordinateur-de-bord\STM32CubeIDE\ODB2\USB_DEVICE\App\usbd_desc.h
2025-05-26 00:14:20,323 [INFO] CodeEngine:263 - oldGeneratedFile, C:\Users\gagno\OneDrive\Documents\GitHub\Ordinateur-de-bord\STM32CubeIDE\ODB2\USB_DEVICE\App\usbd_desc.c_save
2025-05-26 00:14:20,401 [INFO] CodeEngine:287 - Generated code: C:\Users\gagno\OneDrive\Documents\GitHub\Ordinateur-de-bord\STM32CubeIDE\ODB2\USB_DEVICE\App\usbd_desc.c
2025-05-26 00:14:20,409 [INFO] CodeEngine:263 - oldGeneratedFile, C:\Users\gagno\OneDrive\Documents\GitHub\Ordinateur-de-bord\STM32CubeIDE\ODB2\USB_DEVICE\App\usbd_cdc_if.h_save
2025-05-26 00:14:20,473 [INFO] CodeEngine:287 - Generated code: C:\Users\gagno\OneDrive\Documents\GitHub\Ordinateur-de-bord\STM32CubeIDE\ODB2\USB_DEVICE\App\usbd_cdc_if.h
2025-05-26 00:14:20,481 [INFO] CodeEngine:263 - oldGeneratedFile, C:\Users\gagno\OneDrive\Documents\GitHub\Ordinateur-de-bord\STM32CubeIDE\ODB2\USB_DEVICE\App\usbd_cdc_if.c_save
2025-05-26 00:14:20,544 [INFO] CodeEngine:287 - Generated code: C:\Users\gagno\OneDrive\Documents\GitHub\Ordinateur-de-bord\STM32CubeIDE\ODB2\USB_DEVICE\App\usbd_cdc_if.c
2025-05-26 00:14:20,563 [INFO] CodeEngine:263 - oldGeneratedFile, C:\Users\gagno\OneDrive\Documents\GitHub\Ordinateur-de-bord\STM32CubeIDE\ODB2\Core\Src\stm32f4xx_it.c_save
2025-05-26 00:14:20,655 [INFO] CodeEngine:287 - Generated code: C:\Users\gagno\OneDrive\Documents\GitHub\Ordinateur-de-bord\STM32CubeIDE\ODB2\Core\Src\stm32f4xx_it.c
2025-05-26 00:14:20,663 [INFO] CodeEngine:263 - oldGeneratedFile, C:\Users\gagno\OneDrive\Documents\GitHub\Ordinateur-de-bord\STM32CubeIDE\ODB2\Core\Inc\stm32f4xx_it.h_save
2025-05-26 00:14:20,726 [INFO] CodeEngine:287 - Generated code: C:\Users\gagno\OneDrive\Documents\GitHub\Ordinateur-de-bord\STM32CubeIDE\ODB2\Core\Inc\stm32f4xx_it.h
2025-05-26 00:14:20,747 [INFO] CodeEngine:263 - oldGeneratedFile, C:\Users\gagno\OneDrive\Documents\GitHub\Ordinateur-de-bord\STM32CubeIDE\ODB2\Core\Src\stm32f4xx_hal_msp.c_save
2025-05-26 00:14:20,860 [INFO] CodeEngine:287 - Generated code: C:\Users\gagno\OneDrive\Documents\GitHub\Ordinateur-de-bord\STM32CubeIDE\ODB2\Core\Src\stm32f4xx_hal_msp.c
2025-05-26 00:14:20,867 [INFO] CodeEngine:263 - oldGeneratedFile, C:\Users\gagno\OneDrive\Documents\GitHub\Ordinateur-de-bord\STM32CubeIDE\ODB2\MXTmpFiles\system.tmp_save
2025-05-26 00:14:20,922 [INFO] CodeEngine:287 - Generated code: C:\Users\gagno\OneDrive\Documents\GitHub\Ordinateur-de-bord\STM32CubeIDE\ODB2\MXTmpFiles\system.tmp
2025-05-26 00:14:20,929 [INFO] CodeEngine:263 - oldGeneratedFile, C:\Users\gagno\OneDrive\Documents\GitHub\Ordinateur-de-bord\STM32CubeIDE\ODB2\Core\Inc\stm32_assert.h_save
2025-05-26 00:14:20,984 [INFO] CodeEngine:287 - Generated code: C:\Users\gagno\OneDrive\Documents\GitHub\Ordinateur-de-bord\STM32CubeIDE\ODB2\Core\Inc\stm32_assert.h
2025-05-26 00:14:20,998 [INFO] CodeEngine:319 - oldGeneratedFile, C:\Users\gagno\OneDrive\Documents\GitHub\Ordinateur-de-bord\STM32CubeIDE\ODB2\Core\Inc\stm32f4xx_hal_conf.h_save
2025-05-26 00:14:21,060 [INFO] CodeEngine:343 - Generated code: C:\Users\gagno\OneDrive\Documents\GitHub\Ordinateur-de-bord\STM32CubeIDE\ODB2\Core\Inc\stm32f4xx_hal_conf.h
2025-05-26 00:14:21,101 [INFO] ApiDbMcu:508 - Load IP Config File for ADC1
2025-05-26 00:14:21,109 [INFO] ApiDbMcu:508 - Load IP Config File for SPI1
2025-05-26 00:14:21,113 [INFO] ApiDbMcu:508 - Load IP Config File for SPI4
2025-05-26 00:14:21,115 [INFO] ApiDbMcu:508 - Load IP Config File for SPI5
2025-05-26 00:14:21,125 [INFO] ApiDbMcu:508 - Load IP Config File for TIM1
2025-05-26 00:14:21,128 [INFO] ApiDbMcu:508 - Load IP Config File for USART1
2025-05-26 00:14:21,131 [INFO] ApiDbMcu:508 - Load IP Config File for USART2
2025-05-26 00:14:21,134 [INFO] ApiDbMcu:508 - Load IP Config File for USART6
2025-05-26 00:14:21,136 [INFO] ApiDbMcu:508 - Load IP Config File for RCC
2025-05-26 00:14:21,140 [WARN] IPConfigManager:3747 - IP not found : TIM
2025-05-26 00:14:21,141 [WARN] CodeGenerator:4198 - IP not found : null
2025-05-26 00:14:21,151 [INFO] CodeEngine:263 - oldGeneratedFile, C:\Users\gagno\OneDrive\Documents\GitHub\Ordinateur-de-bord\STM32CubeIDE\ODB2\Core\Inc\main.h_save
2025-05-26 00:14:21,232 [INFO] CodeEngine:287 - Generated code: C:\Users\gagno\OneDrive\Documents\GitHub\Ordinateur-de-bord\STM32CubeIDE\ODB2\Core\Inc\main.h
2025-05-26 00:14:21,239 [INFO] CodeEngine:263 - oldGeneratedFile, C:\Users\gagno\OneDrive\Documents\GitHub\Ordinateur-de-bord\STM32CubeIDE\ODB2\Core\Src\main.c_save
2025-05-26 00:14:21,409 [INFO] CodeEngine:287 - Generated code: C:\Users\gagno\OneDrive\Documents\GitHub\Ordinateur-de-bord\STM32CubeIDE\ODB2\Core\Src\main.c
2025-05-26 00:14:21,871 [INFO] ProjectBuilder:3324 - Time for Copy HAL[1] : 247mS.
2025-05-26 00:14:21,884 [INFO] ProjectBuilder:4912 - Project Generator version: 4.6.0-B36
2025-05-26 00:14:21,971 [INFO] ConfigFileManager:1590 - The Die is : DIE441
2025-05-26 00:14:21,983 [INFO] ApiDbMcu:508 - Load IP Config File for FATFS
2025-05-26 00:14:21,990 [INFO] ApiDbMcu:508 - Load IP Config File for FREERTOS
2025-05-26 00:14:21,992 [INFO] ApiDbMcu:508 - Load IP Config File for LIBJPEG
2025-05-26 00:14:21,998 [INFO] ApiDbMcu:508 - Load IP Config File for MBEDTLS
2025-05-26 00:14:22,002 [INFO] ApiDbMcu:508 - Load IP Config File for USB_HOST
2025-05-26 00:14:22,402 [INFO] LogOutputStream:77 - [STDOUT_REDIRECT] 
2025-05-26 00:14:23,967 [INFO] ProjectBuilder:5191 - Time for Generating toolchain IDE Files: 2083mS.
2025-05-26 00:14:23,969 [INFO] ProjectBuilder:3181 - Time for Copy CMSIS : 1mS.
2025-05-26 00:14:23,985 [INFO] ProjectBuilder:3181 - Time for Copy CMSIS : 1mS.
2025-05-26 00:44:57,630 [WARN] IP:2250 - DEVICE_SERIAL0_CDC_FS not found: check if there is a RefParameter without a condition.
2025-05-26 00:44:57,631 [WARN] IP:2250 - DEVICE_SERIAL1_CDC_FS not found: check if there is a RefParameter without a condition.
2025-05-26 00:44:57,631 [WARN] IP:2250 - DEVICE_SERIAL2_CDC_FS not found: check if there is a RefParameter without a condition.
2025-05-26 00:44:57,633 [WARN] IP:2250 - DEVICE_SERIAL0_CDC_FS not found: check if there is a RefParameter without a condition.
2025-05-26 00:44:57,634 [WARN] IP:2250 - DEVICE_SERIAL1_CDC_FS not found: check if there is a RefParameter without a condition.
2025-05-26 00:44:57,634 [WARN] IP:2250 - DEVICE_SERIAL2_CDC_FS not found: check if there is a RefParameter without a condition.
2025-05-26 00:44:58,008 [WARN] IP:2250 - DEVICE_SERIAL0_CDC_FS not found: check if there is a RefParameter without a condition.
2025-05-26 00:44:58,008 [WARN] IP:2250 - DEVICE_SERIAL1_CDC_FS not found: check if there is a RefParameter without a condition.
2025-05-26 00:44:58,008 [WARN] IP:2250 - DEVICE_SERIAL2_CDC_FS not found: check if there is a RefParameter without a condition.
2025-05-26 00:44:58,011 [WARN] IP:2250 - DEVICE_SERIAL0_CDC_FS not found: check if there is a RefParameter without a condition.
2025-05-26 00:44:58,011 [WARN] IP:2250 - DEVICE_SERIAL1_CDC_FS not found: check if there is a RefParameter without a condition.
2025-05-26 00:44:58,012 [WARN] IP:2250 - DEVICE_SERIAL2_CDC_FS not found: check if there is a RefParameter without a condition.
2025-05-26 00:44:58,296 [WARN] IP:2250 - DEVICE_SERIAL0_CDC_FS not found: check if there is a RefParameter without a condition.
2025-05-26 00:44:58,296 [WARN] IP:2250 - DEVICE_SERIAL1_CDC_FS not found: check if there is a RefParameter without a condition.
2025-05-26 00:44:58,296 [WARN] IP:2250 - DEVICE_SERIAL2_CDC_FS not found: check if there is a RefParameter without a condition.
2025-05-26 00:44:58,298 [WARN] IP:2250 - DEVICE_SERIAL0_CDC_FS not found: check if there is a RefParameter without a condition.
2025-05-26 00:44:58,298 [WARN] IP:2250 - DEVICE_SERIAL1_CDC_FS not found: check if there is a RefParameter without a condition.
2025-05-26 00:44:58,298 [WARN] IP:2250 - DEVICE_SERIAL2_CDC_FS not found: check if there is a RefParameter without a condition.
2025-05-26 00:45:11,560 [INFO] UtilMem:75 - End SaveConfig() Used Memory: 848193272 Bytes (1073741824)
2025-05-26 00:45:13,038 [INFO] UtilMem:75 - End SaveConfig() Used Memory: 874929912 Bytes (1073741824)
2025-05-26 00:45:13,352 [INFO] UtilMem:75 - End SaveConfig() Used Memory: 904816376 Bytes (1073741824)
2025-05-26 00:45:13,890 [INFO] BlockDiagram:2775 - set Specific Code input for plugin: SPI
2025-05-26 00:45:13,891 [INFO] BlockDiagram:2775 - set Specific Code input for plugin: SPI
2025-05-26 00:45:13,891 [INFO] BlockDiagram:2775 - set Specific Code input for plugin: SPI
2025-05-26 00:45:13,891 [INFO] BlockDiagram:2775 - set Specific Code input for plugin: TIM1_8
2025-05-26 00:45:13,891 [INFO] BlockDiagram:2775 - set Specific Code input for plugin: USB_DEVICE
2025-05-26 00:45:13,891 [INFO] BlockDiagram:2775 - set Specific Code input for plugin: SYS
2025-05-26 00:45:13,891 [INFO] BlockDiagram:2775 - set Specific Code input for plugin: ADC
2025-05-26 00:45:13,891 [INFO] BlockDiagram:2775 - set Specific Code input for plugin: RCC
2025-05-26 00:45:13,891 [INFO] BlockDiagram:2775 - set Specific Code input for plugin: USB_OTG_FS
2025-05-26 00:45:13,891 [INFO] BlockDiagram:2775 - set Specific Code input for plugin: NVIC
2025-05-26 00:45:13,891 [INFO] BlockDiagram:2775 - set Specific Code input for plugin: USART
2025-05-26 00:45:13,891 [INFO] BlockDiagram:2775 - set Specific Code input for plugin: USART
2025-05-26 00:45:13,891 [INFO] BlockDiagram:2775 - set Specific Code input for plugin: USART
2025-05-26 00:45:13,892 [INFO] BlockDiagram:2775 - set Specific Code input for plugin: GPIO
2025-05-26 00:45:13,896 [INFO] CodeGenerator:882 - code generatio: config db path: C:\ST\STM32CubeIDE_1.15.0\STM32CubeIDE\plugins\com.st.stm32cube.common.mx_6.14.0.202502271554\\db\
2025-05-26 00:45:13,957 [WARN] IP:2250 - DEVICE_SERIAL0_CDC_FS not found: check if there is a RefParameter without a condition.
2025-05-26 00:45:13,957 [WARN] IP:2250 - DEVICE_SERIAL1_CDC_FS not found: check if there is a RefParameter without a condition.
2025-05-26 00:45:13,958 [WARN] IP:2250 - DEVICE_SERIAL2_CDC_FS not found: check if there is a RefParameter without a condition.
2025-05-26 00:45:14,148 [INFO] CodeEngine:263 - oldGeneratedFile, C:\Users\gagno\OneDrive\Documents\GitHub\Ordinateur-de-bord\STM32CubeIDE\ODB2\MXTmpFiles\license.tmp_save
2025-05-26 00:45:14,511 [INFO] CodeEngine:287 - Generated code: C:\Users\gagno\OneDrive\Documents\GitHub\Ordinateur-de-bord\STM32CubeIDE\ODB2\MXTmpFiles\license.tmp
2025-05-26 00:45:14,768 [INFO] CodeEngine:263 - oldGeneratedFile, C:\Users\gagno\OneDrive\Documents\GitHub\Ordinateur-de-bord\STM32CubeIDE\ODB2\MXTmpFiles\gpio.tmp_save
2025-05-26 00:45:14,900 [INFO] CodeEngine:287 - Generated code: C:\Users\gagno\OneDrive\Documents\GitHub\Ordinateur-de-bord\STM32CubeIDE\ODB2\MXTmpFiles\gpio.tmp
2025-05-26 00:45:15,154 [WARN] IPConfigManager:3174 - Warning: the RefConfig PWREx_EnableUSBVoltageDetector is not available in your config.xml file
2025-05-26 00:45:15,167 [INFO] CodeEngine:263 - oldGeneratedFile, C:\Users\gagno\OneDrive\Documents\GitHub\Ordinateur-de-bord\STM32CubeIDE\ODB2\MXTmpFiles\usb_otg_fs_vars.tmp_save
2025-05-26 00:45:15,277 [INFO] CodeEngine:287 - Generated code: C:\Users\gagno\OneDrive\Documents\GitHub\Ordinateur-de-bord\STM32CubeIDE\ODB2\MXTmpFiles\usb_otg_fs_vars.tmp
2025-05-26 00:45:15,283 [INFO] CodeEngine:263 - oldGeneratedFile, C:\Users\gagno\OneDrive\Documents\GitHub\Ordinateur-de-bord\STM32CubeIDE\ODB2\MXTmpFiles\usb_otg_fs_inc.tmp_save
2025-05-26 00:45:15,361 [INFO] CodeEngine:287 - Generated code: C:\Users\gagno\OneDrive\Documents\GitHub\Ordinateur-de-bord\STM32CubeIDE\ODB2\MXTmpFiles\usb_otg_fs_inc.tmp
2025-05-26 00:45:15,366 [INFO] CodeEngine:263 - oldGeneratedFile, C:\Users\gagno\OneDrive\Documents\GitHub\Ordinateur-de-bord\STM32CubeIDE\ODB2\MXTmpFiles\usb_otg_fs_HalInit.tmp_save
2025-05-26 00:45:15,473 [INFO] CodeEngine:287 - Generated code: C:\Users\gagno\OneDrive\Documents\GitHub\Ordinateur-de-bord\STM32CubeIDE\ODB2\MXTmpFiles\usb_otg_fs_HalInit.tmp
2025-05-26 00:45:15,479 [INFO] CodeEngine:263 - oldGeneratedFile, C:\Users\gagno\OneDrive\Documents\GitHub\Ordinateur-de-bord\STM32CubeIDE\ODB2\MXTmpFiles\usb_otg_fs_Msp.tmp_save
2025-05-26 00:45:15,583 [INFO] CodeEngine:287 - Generated code: C:\Users\gagno\OneDrive\Documents\GitHub\Ordinateur-de-bord\STM32CubeIDE\ODB2\MXTmpFiles\usb_otg_fs_Msp.tmp
2025-05-26 00:45:16,348 [INFO] Middleware:1452 - No code input for Bsp Dependency
2025-05-26 00:45:16,406 [INFO] Middleware:1452 - No code input for Bsp Dependency
2025-05-26 00:45:16,424 [INFO] CodeEngine:263 - oldGeneratedFile, C:\Users\gagno\OneDrive\Documents\GitHub\Ordinateur-de-bord\STM32CubeIDE\ODB2\USB_DEVICE\App\usb_device.c_save
2025-05-26 00:45:16,553 [INFO] CodeEngine:287 - Generated code: C:\Users\gagno\OneDrive\Documents\GitHub\Ordinateur-de-bord\STM32CubeIDE\ODB2\USB_DEVICE\App\usb_device.c
2025-05-26 00:45:16,564 [INFO] CodeEngine:263 - oldGeneratedFile, C:\Users\gagno\OneDrive\Documents\GitHub\Ordinateur-de-bord\STM32CubeIDE\ODB2\USB_DEVICE\App\usb_device.h_save
2025-05-26 00:45:16,678 [INFO] CodeEngine:287 - Generated code: C:\Users\gagno\OneDrive\Documents\GitHub\Ordinateur-de-bord\STM32CubeIDE\ODB2\USB_DEVICE\App\usb_device.h
2025-05-26 00:45:16,690 [INFO] CodeEngine:263 - oldGeneratedFile, C:\Users\gagno\OneDrive\Documents\GitHub\Ordinateur-de-bord\STM32CubeIDE\ODB2\USB_DEVICE\Target\usbd_conf.h_save
2025-05-26 00:45:16,808 [INFO] CodeEngine:287 - Generated code: C:\Users\gagno\OneDrive\Documents\GitHub\Ordinateur-de-bord\STM32CubeIDE\ODB2\USB_DEVICE\Target\usbd_conf.h
2025-05-26 00:45:16,820 [INFO] CodeEngine:263 - oldGeneratedFile, C:\Users\gagno\OneDrive\Documents\GitHub\Ordinateur-de-bord\STM32CubeIDE\ODB2\USB_DEVICE\Target\usbd_conf.c_save
2025-05-26 00:45:16,993 [INFO] CodeEngine:287 - Generated code: C:\Users\gagno\OneDrive\Documents\GitHub\Ordinateur-de-bord\STM32CubeIDE\ODB2\USB_DEVICE\Target\usbd_conf.c
2025-05-26 00:45:17,005 [INFO] CodeEngine:263 - oldGeneratedFile, C:\Users\gagno\OneDrive\Documents\GitHub\Ordinateur-de-bord\STM32CubeIDE\ODB2\USB_DEVICE\App\usbd_desc.h_save
2025-05-26 00:45:17,096 [INFO] CodeEngine:287 - Generated code: C:\Users\gagno\OneDrive\Documents\GitHub\Ordinateur-de-bord\STM32CubeIDE\ODB2\USB_DEVICE\App\usbd_desc.h
2025-05-26 00:45:17,109 [INFO] CodeEngine:263 - oldGeneratedFile, C:\Users\gagno\OneDrive\Documents\GitHub\Ordinateur-de-bord\STM32CubeIDE\ODB2\USB_DEVICE\App\usbd_desc.c_save
2025-05-26 00:45:17,206 [INFO] CodeEngine:287 - Generated code: C:\Users\gagno\OneDrive\Documents\GitHub\Ordinateur-de-bord\STM32CubeIDE\ODB2\USB_DEVICE\App\usbd_desc.c
2025-05-26 00:45:17,218 [INFO] CodeEngine:263 - oldGeneratedFile, C:\Users\gagno\OneDrive\Documents\GitHub\Ordinateur-de-bord\STM32CubeIDE\ODB2\USB_DEVICE\App\usbd_cdc_if.h_save
2025-05-26 00:45:17,317 [INFO] CodeEngine:287 - Generated code: C:\Users\gagno\OneDrive\Documents\GitHub\Ordinateur-de-bord\STM32CubeIDE\ODB2\USB_DEVICE\App\usbd_cdc_if.h
2025-05-26 00:45:17,328 [INFO] CodeEngine:263 - oldGeneratedFile, C:\Users\gagno\OneDrive\Documents\GitHub\Ordinateur-de-bord\STM32CubeIDE\ODB2\USB_DEVICE\App\usbd_cdc_if.c_save
2025-05-26 00:45:17,416 [INFO] CodeEngine:287 - Generated code: C:\Users\gagno\OneDrive\Documents\GitHub\Ordinateur-de-bord\STM32CubeIDE\ODB2\USB_DEVICE\App\usbd_cdc_if.c
2025-05-26 00:45:17,437 [INFO] CodeEngine:263 - oldGeneratedFile, C:\Users\gagno\OneDrive\Documents\GitHub\Ordinateur-de-bord\STM32CubeIDE\ODB2\Core\Src\stm32f4xx_it.c_save
2025-05-26 00:45:17,646 [INFO] CodeEngine:287 - Generated code: C:\Users\gagno\OneDrive\Documents\GitHub\Ordinateur-de-bord\STM32CubeIDE\ODB2\Core\Src\stm32f4xx_it.c
2025-05-26 00:45:17,655 [INFO] CodeEngine:263 - oldGeneratedFile, C:\Users\gagno\OneDrive\Documents\GitHub\Ordinateur-de-bord\STM32CubeIDE\ODB2\Core\Inc\stm32f4xx_it.h_save
2025-05-26 00:45:17,721 [INFO] CodeEngine:287 - Generated code: C:\Users\gagno\OneDrive\Documents\GitHub\Ordinateur-de-bord\STM32CubeIDE\ODB2\Core\Inc\stm32f4xx_it.h
2025-05-26 00:45:17,744 [INFO] CodeEngine:263 - oldGeneratedFile, C:\Users\gagno\OneDrive\Documents\GitHub\Ordinateur-de-bord\STM32CubeIDE\ODB2\Core\Src\stm32f4xx_hal_msp.c_save
2025-05-26 00:45:17,904 [INFO] CodeEngine:287 - Generated code: C:\Users\gagno\OneDrive\Documents\GitHub\Ordinateur-de-bord\STM32CubeIDE\ODB2\Core\Src\stm32f4xx_hal_msp.c
2025-05-26 00:45:17,913 [INFO] CodeEngine:263 - oldGeneratedFile, C:\Users\gagno\OneDrive\Documents\GitHub\Ordinateur-de-bord\STM32CubeIDE\ODB2\MXTmpFiles\system.tmp_save
2025-05-26 00:45:17,977 [INFO] CodeEngine:287 - Generated code: C:\Users\gagno\OneDrive\Documents\GitHub\Ordinateur-de-bord\STM32CubeIDE\ODB2\MXTmpFiles\system.tmp
2025-05-26 00:45:17,985 [INFO] CodeEngine:263 - oldGeneratedFile, C:\Users\gagno\OneDrive\Documents\GitHub\Ordinateur-de-bord\STM32CubeIDE\ODB2\Core\Inc\stm32_assert.h_save
2025-05-26 00:45:18,051 [INFO] CodeEngine:287 - Generated code: C:\Users\gagno\OneDrive\Documents\GitHub\Ordinateur-de-bord\STM32CubeIDE\ODB2\Core\Inc\stm32_assert.h
2025-05-26 00:45:18,067 [INFO] CodeEngine:319 - oldGeneratedFile, C:\Users\gagno\OneDrive\Documents\GitHub\Ordinateur-de-bord\STM32CubeIDE\ODB2\Core\Inc\stm32f4xx_hal_conf.h_save
2025-05-26 00:45:18,142 [INFO] CodeEngine:343 - Generated code: C:\Users\gagno\OneDrive\Documents\GitHub\Ordinateur-de-bord\STM32CubeIDE\ODB2\Core\Inc\stm32f4xx_hal_conf.h
2025-05-26 00:45:18,184 [WARN] IPConfigManager:3747 - IP not found : TIM
2025-05-26 00:45:18,185 [WARN] CodeGenerator:4198 - IP not found : null
2025-05-26 00:45:18,196 [INFO] CodeEngine:263 - oldGeneratedFile, C:\Users\gagno\OneDrive\Documents\GitHub\Ordinateur-de-bord\STM32CubeIDE\ODB2\Core\Inc\main.h_save
2025-05-26 00:45:18,271 [INFO] CodeEngine:287 - Generated code: C:\Users\gagno\OneDrive\Documents\GitHub\Ordinateur-de-bord\STM32CubeIDE\ODB2\Core\Inc\main.h
2025-05-26 00:45:18,280 [INFO] CodeEngine:263 - oldGeneratedFile, C:\Users\gagno\OneDrive\Documents\GitHub\Ordinateur-de-bord\STM32CubeIDE\ODB2\Core\Src\main.c_save
2025-05-26 00:45:18,421 [INFO] CodeEngine:287 - Generated code: C:\Users\gagno\OneDrive\Documents\GitHub\Ordinateur-de-bord\STM32CubeIDE\ODB2\Core\Src\main.c
2025-05-26 00:45:18,889 [INFO] ProjectBuilder:3324 - Time for Copy HAL[1] : 268mS.
2025-05-26 00:45:18,898 [INFO] ProjectBuilder:4912 - Project Generator version: 4.6.0-B36
2025-05-26 00:45:18,975 [INFO] ConfigFileManager:1590 - The Die is : DIE441
2025-05-26 00:45:20,752 [INFO] ProjectBuilder:5191 - Time for Generating toolchain IDE Files: 1854mS.
2025-05-26 00:45:20,753 [INFO] ProjectBuilder:3181 - Time for Copy CMSIS : 1mS.
2025-05-26 00:45:20,778 [INFO] ProjectBuilder:3181 - Time for Copy CMSIS : 0mS.
2025-05-26 00:46:47,937 [INFO] Gpio:277 - dependency for GPIO [ADC1, RCC, SPI1, SPI4, SPI5, SYS, TIM1, USART1, USART2, USART6, USB_OTG_FS]
2025-05-26 00:47:03,165 [INFO] NvicIntPanel:101 - NVIC parent = com.st.microxplorer.plugins.ip.nvic.MultiNvicIntPanel[,0,0,0x0,invalid,layout=javax.swing.BoxLayout,alignmentX=0.0,alignmentY=0.0,border=,flags=9,maximumSize=,minimumSize=,preferredSize=]
2025-05-26 00:47:03,363 [INFO] NvicIntPanel:101 - NVIC parent = com.st.microxplorer.plugins.ip.nvic.MultiNvicIntPanel[,0,0,0x0,invalid,layout=javax.swing.BoxLayout,alignmentX=0.0,alignmentY=0.0,border=,flags=9,maximumSize=,minimumSize=,preferredSize=]
2025-05-26 00:47:17,827 [INFO] UtilMem:75 - End SaveConfig() Used Memory: 774910080 Bytes (1073741824)
2025-05-26 00:47:26,891 [INFO] UtilMem:75 - End SaveConfig() Used Memory: 807527776 Bytes (1073741824)
2025-05-26 00:47:27,141 [INFO] BlockDiagram:2775 - set Specific Code input for plugin: SPI
2025-05-26 00:47:27,141 [INFO] BlockDiagram:2775 - set Specific Code input for plugin: SPI
2025-05-26 00:47:27,141 [INFO] BlockDiagram:2775 - set Specific Code input for plugin: SPI
2025-05-26 00:47:27,141 [INFO] BlockDiagram:2775 - set Specific Code input for plugin: TIM1_8
2025-05-26 00:47:27,141 [INFO] BlockDiagram:2775 - set Specific Code input for plugin: USB_DEVICE
2025-05-26 00:47:27,141 [INFO] BlockDiagram:2775 - set Specific Code input for plugin: SYS
2025-05-26 00:47:27,141 [INFO] BlockDiagram:2775 - set Specific Code input for plugin: ADC
2025-05-26 00:47:27,141 [INFO] BlockDiagram:2775 - set Specific Code input for plugin: RCC
2025-05-26 00:47:27,141 [INFO] BlockDiagram:2775 - set Specific Code input for plugin: USB_OTG_FS
2025-05-26 00:47:27,142 [INFO] BlockDiagram:2775 - set Specific Code input for plugin: NVIC
2025-05-26 00:47:27,142 [INFO] BlockDiagram:2775 - set Specific Code input for plugin: USART
2025-05-26 00:47:27,142 [INFO] BlockDiagram:2775 - set Specific Code input for plugin: USART
2025-05-26 00:47:27,142 [INFO] BlockDiagram:2775 - set Specific Code input for plugin: USART
2025-05-26 00:47:27,143 [INFO] BlockDiagram:2775 - set Specific Code input for plugin: GPIO
2025-05-26 00:47:27,145 [INFO] CodeGenerator:882 - code generatio: config db path: C:\ST\STM32CubeIDE_1.15.0\STM32CubeIDE\plugins\com.st.stm32cube.common.mx_6.14.0.202502271554\\db\
2025-05-26 00:47:27,183 [WARN] IP:2250 - DEVICE_SERIAL0_CDC_FS not found: check if there is a RefParameter without a condition.
2025-05-26 00:47:27,184 [WARN] IP:2250 - DEVICE_SERIAL1_CDC_FS not found: check if there is a RefParameter without a condition.
2025-05-26 00:47:27,184 [WARN] IP:2250 - DEVICE_SERIAL2_CDC_FS not found: check if there is a RefParameter without a condition.
2025-05-26 00:47:27,290 [INFO] CodeEngine:263 - oldGeneratedFile, C:\Users\gagno\OneDrive\Documents\GitHub\Ordinateur-de-bord\STM32CubeIDE\ODB2\MXTmpFiles\license.tmp_save
2025-05-26 00:47:27,486 [INFO] CodeEngine:287 - Generated code: C:\Users\gagno\OneDrive\Documents\GitHub\Ordinateur-de-bord\STM32CubeIDE\ODB2\MXTmpFiles\license.tmp
2025-05-26 00:47:27,674 [INFO] CodeEngine:263 - oldGeneratedFile, C:\Users\gagno\OneDrive\Documents\GitHub\Ordinateur-de-bord\STM32CubeIDE\ODB2\MXTmpFiles\gpio.tmp_save
2025-05-26 00:47:27,800 [INFO] CodeEngine:287 - Generated code: C:\Users\gagno\OneDrive\Documents\GitHub\Ordinateur-de-bord\STM32CubeIDE\ODB2\MXTmpFiles\gpio.tmp
2025-05-26 00:47:27,990 [WARN] IPConfigManager:3174 - Warning: the RefConfig PWREx_EnableUSBVoltageDetector is not available in your config.xml file
2025-05-26 00:47:28,002 [INFO] CodeEngine:263 - oldGeneratedFile, C:\Users\gagno\OneDrive\Documents\GitHub\Ordinateur-de-bord\STM32CubeIDE\ODB2\MXTmpFiles\usb_otg_fs_vars.tmp_save
2025-05-26 00:47:28,115 [INFO] CodeEngine:287 - Generated code: C:\Users\gagno\OneDrive\Documents\GitHub\Ordinateur-de-bord\STM32CubeIDE\ODB2\MXTmpFiles\usb_otg_fs_vars.tmp
2025-05-26 00:47:28,120 [INFO] CodeEngine:263 - oldGeneratedFile, C:\Users\gagno\OneDrive\Documents\GitHub\Ordinateur-de-bord\STM32CubeIDE\ODB2\MXTmpFiles\usb_otg_fs_inc.tmp_save
2025-05-26 00:47:28,228 [INFO] CodeEngine:287 - Generated code: C:\Users\gagno\OneDrive\Documents\GitHub\Ordinateur-de-bord\STM32CubeIDE\ODB2\MXTmpFiles\usb_otg_fs_inc.tmp
2025-05-26 00:47:28,235 [INFO] CodeEngine:263 - oldGeneratedFile, C:\Users\gagno\OneDrive\Documents\GitHub\Ordinateur-de-bord\STM32CubeIDE\ODB2\MXTmpFiles\usb_otg_fs_HalInit.tmp_save
2025-05-26 00:47:28,398 [INFO] CodeEngine:287 - Generated code: C:\Users\gagno\OneDrive\Documents\GitHub\Ordinateur-de-bord\STM32CubeIDE\ODB2\MXTmpFiles\usb_otg_fs_HalInit.tmp
2025-05-26 00:47:28,405 [INFO] CodeEngine:263 - oldGeneratedFile, C:\Users\gagno\OneDrive\Documents\GitHub\Ordinateur-de-bord\STM32CubeIDE\ODB2\MXTmpFiles\usb_otg_fs_Msp.tmp_save
2025-05-26 00:47:28,571 [INFO] CodeEngine:287 - Generated code: C:\Users\gagno\OneDrive\Documents\GitHub\Ordinateur-de-bord\STM32CubeIDE\ODB2\MXTmpFiles\usb_otg_fs_Msp.tmp
2025-05-26 00:47:29,309 [INFO] Middleware:1452 - No code input for Bsp Dependency
2025-05-26 00:47:29,339 [INFO] Middleware:1452 - No code input for Bsp Dependency
2025-05-26 00:47:29,352 [INFO] CodeEngine:263 - oldGeneratedFile, C:\Users\gagno\OneDrive\Documents\GitHub\Ordinateur-de-bord\STM32CubeIDE\ODB2\USB_DEVICE\App\usb_device.c_save
2025-05-26 00:47:29,437 [INFO] CodeEngine:287 - Generated code: C:\Users\gagno\OneDrive\Documents\GitHub\Ordinateur-de-bord\STM32CubeIDE\ODB2\USB_DEVICE\App\usb_device.c
2025-05-26 00:47:29,445 [INFO] CodeEngine:263 - oldGeneratedFile, C:\Users\gagno\OneDrive\Documents\GitHub\Ordinateur-de-bord\STM32CubeIDE\ODB2\USB_DEVICE\App\usb_device.h_save
2025-05-26 00:47:29,515 [INFO] CodeEngine:287 - Generated code: C:\Users\gagno\OneDrive\Documents\GitHub\Ordinateur-de-bord\STM32CubeIDE\ODB2\USB_DEVICE\App\usb_device.h
2025-05-26 00:47:29,522 [INFO] CodeEngine:263 - oldGeneratedFile, C:\Users\gagno\OneDrive\Documents\GitHub\Ordinateur-de-bord\STM32CubeIDE\ODB2\USB_DEVICE\Target\usbd_conf.h_save
2025-05-26 00:47:29,589 [INFO] CodeEngine:287 - Generated code: C:\Users\gagno\OneDrive\Documents\GitHub\Ordinateur-de-bord\STM32CubeIDE\ODB2\USB_DEVICE\Target\usbd_conf.h
2025-05-26 00:47:29,597 [INFO] CodeEngine:263 - oldGeneratedFile, C:\Users\gagno\OneDrive\Documents\GitHub\Ordinateur-de-bord\STM32CubeIDE\ODB2\USB_DEVICE\Target\usbd_conf.c_save
2025-05-26 00:47:29,673 [INFO] CodeEngine:287 - Generated code: C:\Users\gagno\OneDrive\Documents\GitHub\Ordinateur-de-bord\STM32CubeIDE\ODB2\USB_DEVICE\Target\usbd_conf.c
2025-05-26 00:47:29,681 [INFO] CodeEngine:263 - oldGeneratedFile, C:\Users\gagno\OneDrive\Documents\GitHub\Ordinateur-de-bord\STM32CubeIDE\ODB2\USB_DEVICE\App\usbd_desc.h_save
2025-05-26 00:47:29,743 [INFO] CodeEngine:287 - Generated code: C:\Users\gagno\OneDrive\Documents\GitHub\Ordinateur-de-bord\STM32CubeIDE\ODB2\USB_DEVICE\App\usbd_desc.h
2025-05-26 00:47:29,751 [INFO] CodeEngine:263 - oldGeneratedFile, C:\Users\gagno\OneDrive\Documents\GitHub\Ordinateur-de-bord\STM32CubeIDE\ODB2\USB_DEVICE\App\usbd_desc.c_save
2025-05-26 00:47:29,819 [INFO] CodeEngine:287 - Generated code: C:\Users\gagno\OneDrive\Documents\GitHub\Ordinateur-de-bord\STM32CubeIDE\ODB2\USB_DEVICE\App\usbd_desc.c
2025-05-26 00:47:29,826 [INFO] CodeEngine:263 - oldGeneratedFile, C:\Users\gagno\OneDrive\Documents\GitHub\Ordinateur-de-bord\STM32CubeIDE\ODB2\USB_DEVICE\App\usbd_cdc_if.h_save
2025-05-26 00:47:29,888 [INFO] CodeEngine:287 - Generated code: C:\Users\gagno\OneDrive\Documents\GitHub\Ordinateur-de-bord\STM32CubeIDE\ODB2\USB_DEVICE\App\usbd_cdc_if.h
2025-05-26 00:47:29,896 [INFO] CodeEngine:263 - oldGeneratedFile, C:\Users\gagno\OneDrive\Documents\GitHub\Ordinateur-de-bord\STM32CubeIDE\ODB2\USB_DEVICE\App\usbd_cdc_if.c_save
2025-05-26 00:47:29,962 [INFO] CodeEngine:287 - Generated code: C:\Users\gagno\OneDrive\Documents\GitHub\Ordinateur-de-bord\STM32CubeIDE\ODB2\USB_DEVICE\App\usbd_cdc_if.c
2025-05-26 00:47:29,980 [INFO] CodeEngine:263 - oldGeneratedFile, C:\Users\gagno\OneDrive\Documents\GitHub\Ordinateur-de-bord\STM32CubeIDE\ODB2\Core\Src\stm32f4xx_it.c_save
2025-05-26 00:47:30,051 [INFO] CodeEngine:287 - Generated code: C:\Users\gagno\OneDrive\Documents\GitHub\Ordinateur-de-bord\STM32CubeIDE\ODB2\Core\Src\stm32f4xx_it.c
2025-05-26 00:47:30,059 [INFO] CodeEngine:263 - oldGeneratedFile, C:\Users\gagno\OneDrive\Documents\GitHub\Ordinateur-de-bord\STM32CubeIDE\ODB2\Core\Inc\stm32f4xx_it.h_save
2025-05-26 00:47:30,119 [INFO] CodeEngine:287 - Generated code: C:\Users\gagno\OneDrive\Documents\GitHub\Ordinateur-de-bord\STM32CubeIDE\ODB2\Core\Inc\stm32f4xx_it.h
2025-05-26 00:47:30,142 [INFO] CodeEngine:263 - oldGeneratedFile, C:\Users\gagno\OneDrive\Documents\GitHub\Ordinateur-de-bord\STM32CubeIDE\ODB2\Core\Src\stm32f4xx_hal_msp.c_save
2025-05-26 00:47:30,238 [INFO] CodeEngine:287 - Generated code: C:\Users\gagno\OneDrive\Documents\GitHub\Ordinateur-de-bord\STM32CubeIDE\ODB2\Core\Src\stm32f4xx_hal_msp.c
2025-05-26 00:47:30,244 [INFO] CodeEngine:263 - oldGeneratedFile, C:\Users\gagno\OneDrive\Documents\GitHub\Ordinateur-de-bord\STM32CubeIDE\ODB2\MXTmpFiles\system.tmp_save
2025-05-26 00:47:30,304 [INFO] CodeEngine:287 - Generated code: C:\Users\gagno\OneDrive\Documents\GitHub\Ordinateur-de-bord\STM32CubeIDE\ODB2\MXTmpFiles\system.tmp
2025-05-26 00:47:30,313 [INFO] CodeEngine:263 - oldGeneratedFile, C:\Users\gagno\OneDrive\Documents\GitHub\Ordinateur-de-bord\STM32CubeIDE\ODB2\Core\Inc\stm32_assert.h_save
2025-05-26 00:47:30,377 [INFO] CodeEngine:287 - Generated code: C:\Users\gagno\OneDrive\Documents\GitHub\Ordinateur-de-bord\STM32CubeIDE\ODB2\Core\Inc\stm32_assert.h
2025-05-26 00:47:30,392 [INFO] CodeEngine:319 - oldGeneratedFile, C:\Users\gagno\OneDrive\Documents\GitHub\Ordinateur-de-bord\STM32CubeIDE\ODB2\Core\Inc\stm32f4xx_hal_conf.h_save
2025-05-26 00:47:30,459 [INFO] CodeEngine:343 - Generated code: C:\Users\gagno\OneDrive\Documents\GitHub\Ordinateur-de-bord\STM32CubeIDE\ODB2\Core\Inc\stm32f4xx_hal_conf.h
2025-05-26 00:47:30,528 [WARN] IPConfigManager:3747 - IP not found : TIM
2025-05-26 00:47:30,531 [WARN] CodeGenerator:4198 - IP not found : null
2025-05-26 00:47:30,549 [INFO] CodeEngine:263 - oldGeneratedFile, C:\Users\gagno\OneDrive\Documents\GitHub\Ordinateur-de-bord\STM32CubeIDE\ODB2\Core\Inc\main.h_save
2025-05-26 00:47:30,635 [INFO] CodeEngine:287 - Generated code: C:\Users\gagno\OneDrive\Documents\GitHub\Ordinateur-de-bord\STM32CubeIDE\ODB2\Core\Inc\main.h
2025-05-26 00:47:30,644 [INFO] CodeEngine:263 - oldGeneratedFile, C:\Users\gagno\OneDrive\Documents\GitHub\Ordinateur-de-bord\STM32CubeIDE\ODB2\Core\Src\main.c_save
2025-05-26 00:47:30,767 [INFO] CodeEngine:287 - Generated code: C:\Users\gagno\OneDrive\Documents\GitHub\Ordinateur-de-bord\STM32CubeIDE\ODB2\Core\Src\main.c
2025-05-26 00:47:31,333 [INFO] ProjectBuilder:3324 - Time for Copy HAL[1] : 299mS.
2025-05-26 00:47:31,343 [INFO] ProjectBuilder:4912 - Project Generator version: 4.6.0-B36
2025-05-26 00:47:31,444 [INFO] ConfigFileManager:1590 - The Die is : DIE441
2025-05-26 00:47:32,570 [INFO] ProjectBuilder:5191 - Time for Generating toolchain IDE Files: 1227mS.
2025-05-26 00:47:32,571 [INFO] ProjectBuilder:3181 - Time for Copy CMSIS : 1mS.
2025-05-26 00:47:32,587 [INFO] ProjectBuilder:3181 - Time for Copy CMSIS : 1mS.
2025-05-26 00:49:35,840 [INFO] NvicIntPanel:101 - NVIC parent = com.st.microxplorer.plugins.ip.nvic.MultiNvicIntPanel[,0,0,0x0,invalid,layout=javax.swing.BoxLayout,alignmentX=0.0,alignmentY=0.0,border=,flags=9,maximumSize=,minimumSize=,preferredSize=]
2025-05-26 00:49:35,973 [INFO] NvicIntPanel:101 - NVIC parent = com.st.microxplorer.plugins.ip.nvic.MultiNvicIntPanel[,0,0,0x0,invalid,layout=javax.swing.BoxLayout,alignmentX=0.0,alignmentY=0.0,border=,flags=9,maximumSize=,minimumSize=,preferredSize=]
2025-05-26 00:49:38,134 [INFO] NvicIntPanel:101 - NVIC parent = com.st.microxplorer.plugins.ip.nvic.MultiNvicIntPanel[,0,0,0x0,invalid,layout=javax.swing.BoxLayout,alignmentX=0.0,alignmentY=0.0,border=,flags=9,maximumSize=,minimumSize=,preferredSize=]
2025-05-26 00:49:38,249 [INFO] NvicIntPanel:101 - NVIC parent = com.st.microxplorer.plugins.ip.nvic.MultiNvicIntPanel[,0,0,0x0,invalid,layout=javax.swing.BoxLayout,alignmentX=0.0,alignmentY=0.0,border=,flags=9,maximumSize=,minimumSize=,preferredSize=]
2025-05-26 00:50:35,338 [INFO] UtilMem:75 - End SaveConfig() Used Memory: 996016200 Bytes (1073741824)
2025-05-26 00:50:38,097 [INFO] UtilMem:75 - End SaveConfig() Used Memory: 730059296 Bytes (1073741824)
2025-05-26 00:50:38,406 [INFO] UtilMem:75 - End SaveConfig() Used Memory: 759945760 Bytes (1073741824)
2025-05-26 00:50:38,731 [INFO] BlockDiagram:2775 - set Specific Code input for plugin: SPI
2025-05-26 00:50:38,732 [INFO] BlockDiagram:2775 - set Specific Code input for plugin: SPI
2025-05-26 00:50:38,732 [INFO] BlockDiagram:2775 - set Specific Code input for plugin: SPI
2025-05-26 00:50:38,732 [INFO] BlockDiagram:2775 - set Specific Code input for plugin: TIM1_8
2025-05-26 00:50:38,732 [INFO] BlockDiagram:2775 - set Specific Code input for plugin: USB_DEVICE
2025-05-26 00:50:38,732 [INFO] BlockDiagram:2775 - set Specific Code input for plugin: SYS
2025-05-26 00:50:38,732 [INFO] BlockDiagram:2775 - set Specific Code input for plugin: ADC
2025-05-26 00:50:38,732 [INFO] BlockDiagram:2775 - set Specific Code input for plugin: RCC
2025-05-26 00:50:38,732 [INFO] BlockDiagram:2775 - set Specific Code input for plugin: USB_OTG_FS
2025-05-26 00:50:38,732 [INFO] BlockDiagram:2775 - set Specific Code input for plugin: NVIC
2025-05-26 00:50:38,732 [INFO] BlockDiagram:2775 - set Specific Code input for plugin: USART
2025-05-26 00:50:38,732 [INFO] BlockDiagram:2775 - set Specific Code input for plugin: USART
2025-05-26 00:50:38,732 [INFO] BlockDiagram:2775 - set Specific Code input for plugin: USART
2025-05-26 00:50:38,733 [INFO] BlockDiagram:2775 - set Specific Code input for plugin: GPIO
2025-05-26 00:50:38,734 [INFO] CodeGenerator:882 - code generatio: config db path: C:\ST\STM32CubeIDE_1.15.0\STM32CubeIDE\plugins\com.st.stm32cube.common.mx_6.14.0.202502271554\\db\
2025-05-26 00:50:38,777 [WARN] IP:2250 - DEVICE_SERIAL0_CDC_FS not found: check if there is a RefParameter without a condition.
2025-05-26 00:50:38,777 [WARN] IP:2250 - DEVICE_SERIAL1_CDC_FS not found: check if there is a RefParameter without a condition.
2025-05-26 00:50:38,777 [WARN] IP:2250 - DEVICE_SERIAL2_CDC_FS not found: check if there is a RefParameter without a condition.
2025-05-26 00:50:38,891 [INFO] CodeEngine:263 - oldGeneratedFile, C:\Users\gagno\OneDrive\Documents\GitHub\Ordinateur-de-bord\STM32CubeIDE\ODB2\MXTmpFiles\license.tmp_save
2025-05-26 00:50:38,977 [INFO] CodeEngine:287 - Generated code: C:\Users\gagno\OneDrive\Documents\GitHub\Ordinateur-de-bord\STM32CubeIDE\ODB2\MXTmpFiles\license.tmp
2025-05-26 00:50:39,178 [INFO] CodeEngine:263 - oldGeneratedFile, C:\Users\gagno\OneDrive\Documents\GitHub\Ordinateur-de-bord\STM32CubeIDE\ODB2\MXTmpFiles\gpio.tmp_save
2025-05-26 00:50:39,262 [INFO] CodeEngine:287 - Generated code: C:\Users\gagno\OneDrive\Documents\GitHub\Ordinateur-de-bord\STM32CubeIDE\ODB2\MXTmpFiles\gpio.tmp
2025-05-26 00:50:39,475 [WARN] IPConfigManager:3174 - Warning: the RefConfig PWREx_EnableUSBVoltageDetector is not available in your config.xml file
2025-05-26 00:50:39,488 [INFO] CodeEngine:263 - oldGeneratedFile, C:\Users\gagno\OneDrive\Documents\GitHub\Ordinateur-de-bord\STM32CubeIDE\ODB2\MXTmpFiles\usb_otg_fs_vars.tmp_save
2025-05-26 00:50:39,546 [INFO] CodeEngine:287 - Generated code: C:\Users\gagno\OneDrive\Documents\GitHub\Ordinateur-de-bord\STM32CubeIDE\ODB2\MXTmpFiles\usb_otg_fs_vars.tmp
2025-05-26 00:50:39,552 [INFO] CodeEngine:263 - oldGeneratedFile, C:\Users\gagno\OneDrive\Documents\GitHub\Ordinateur-de-bord\STM32CubeIDE\ODB2\MXTmpFiles\usb_otg_fs_inc.tmp_save
2025-05-26 00:50:39,604 [INFO] CodeEngine:287 - Generated code: C:\Users\gagno\OneDrive\Documents\GitHub\Ordinateur-de-bord\STM32CubeIDE\ODB2\MXTmpFiles\usb_otg_fs_inc.tmp
2025-05-26 00:50:39,609 [INFO] CodeEngine:263 - oldGeneratedFile, C:\Users\gagno\OneDrive\Documents\GitHub\Ordinateur-de-bord\STM32CubeIDE\ODB2\MXTmpFiles\usb_otg_fs_HalInit.tmp_save
2025-05-26 00:50:39,671 [INFO] CodeEngine:287 - Generated code: C:\Users\gagno\OneDrive\Documents\GitHub\Ordinateur-de-bord\STM32CubeIDE\ODB2\MXTmpFiles\usb_otg_fs_HalInit.tmp
2025-05-26 00:50:39,676 [INFO] CodeEngine:263 - oldGeneratedFile, C:\Users\gagno\OneDrive\Documents\GitHub\Ordinateur-de-bord\STM32CubeIDE\ODB2\MXTmpFiles\usb_otg_fs_Msp.tmp_save
2025-05-26 00:50:39,745 [INFO] CodeEngine:287 - Generated code: C:\Users\gagno\OneDrive\Documents\GitHub\Ordinateur-de-bord\STM32CubeIDE\ODB2\MXTmpFiles\usb_otg_fs_Msp.tmp
2025-05-26 00:50:40,171 [INFO] Middleware:1452 - No code input for Bsp Dependency
2025-05-26 00:50:40,203 [INFO] Middleware:1452 - No code input for Bsp Dependency
2025-05-26 00:50:40,216 [INFO] CodeEngine:263 - oldGeneratedFile, C:\Users\gagno\OneDrive\Documents\GitHub\Ordinateur-de-bord\STM32CubeIDE\ODB2\USB_DEVICE\App\usb_device.c_save
2025-05-26 00:50:40,301 [INFO] CodeEngine:287 - Generated code: C:\Users\gagno\OneDrive\Documents\GitHub\Ordinateur-de-bord\STM32CubeIDE\ODB2\USB_DEVICE\App\usb_device.c
2025-05-26 00:50:40,308 [INFO] CodeEngine:263 - oldGeneratedFile, C:\Users\gagno\OneDrive\Documents\GitHub\Ordinateur-de-bord\STM32CubeIDE\ODB2\USB_DEVICE\App\usb_device.h_save
2025-05-26 00:50:40,367 [INFO] CodeEngine:287 - Generated code: C:\Users\gagno\OneDrive\Documents\GitHub\Ordinateur-de-bord\STM32CubeIDE\ODB2\USB_DEVICE\App\usb_device.h
2025-05-26 00:50:40,376 [INFO] CodeEngine:263 - oldGeneratedFile, C:\Users\gagno\OneDrive\Documents\GitHub\Ordinateur-de-bord\STM32CubeIDE\ODB2\USB_DEVICE\Target\usbd_conf.h_save
2025-05-26 00:50:40,435 [INFO] CodeEngine:287 - Generated code: C:\Users\gagno\OneDrive\Documents\GitHub\Ordinateur-de-bord\STM32CubeIDE\ODB2\USB_DEVICE\Target\usbd_conf.h
2025-05-26 00:50:40,441 [INFO] CodeEngine:263 - oldGeneratedFile, C:\Users\gagno\OneDrive\Documents\GitHub\Ordinateur-de-bord\STM32CubeIDE\ODB2\USB_DEVICE\Target\usbd_conf.c_save
2025-05-26 00:50:40,505 [INFO] CodeEngine:287 - Generated code: C:\Users\gagno\OneDrive\Documents\GitHub\Ordinateur-de-bord\STM32CubeIDE\ODB2\USB_DEVICE\Target\usbd_conf.c
2025-05-26 00:50:40,513 [INFO] CodeEngine:263 - oldGeneratedFile, C:\Users\gagno\OneDrive\Documents\GitHub\Ordinateur-de-bord\STM32CubeIDE\ODB2\USB_DEVICE\App\usbd_desc.h_save
2025-05-26 00:50:40,566 [INFO] CodeEngine:287 - Generated code: C:\Users\gagno\OneDrive\Documents\GitHub\Ordinateur-de-bord\STM32CubeIDE\ODB2\USB_DEVICE\App\usbd_desc.h
2025-05-26 00:50:40,573 [INFO] CodeEngine:263 - oldGeneratedFile, C:\Users\gagno\OneDrive\Documents\GitHub\Ordinateur-de-bord\STM32CubeIDE\ODB2\USB_DEVICE\App\usbd_desc.c_save
2025-05-26 00:50:40,632 [INFO] CodeEngine:287 - Generated code: C:\Users\gagno\OneDrive\Documents\GitHub\Ordinateur-de-bord\STM32CubeIDE\ODB2\USB_DEVICE\App\usbd_desc.c
2025-05-26 00:50:40,640 [INFO] CodeEngine:263 - oldGeneratedFile, C:\Users\gagno\OneDrive\Documents\GitHub\Ordinateur-de-bord\STM32CubeIDE\ODB2\USB_DEVICE\App\usbd_cdc_if.h_save
2025-05-26 00:50:40,696 [INFO] CodeEngine:287 - Generated code: C:\Users\gagno\OneDrive\Documents\GitHub\Ordinateur-de-bord\STM32CubeIDE\ODB2\USB_DEVICE\App\usbd_cdc_if.h
2025-05-26 00:50:40,702 [INFO] CodeEngine:263 - oldGeneratedFile, C:\Users\gagno\OneDrive\Documents\GitHub\Ordinateur-de-bord\STM32CubeIDE\ODB2\USB_DEVICE\App\usbd_cdc_if.c_save
2025-05-26 00:50:40,763 [INFO] CodeEngine:287 - Generated code: C:\Users\gagno\OneDrive\Documents\GitHub\Ordinateur-de-bord\STM32CubeIDE\ODB2\USB_DEVICE\App\usbd_cdc_if.c
2025-05-26 00:50:40,778 [INFO] CodeEngine:263 - oldGeneratedFile, C:\Users\gagno\OneDrive\Documents\GitHub\Ordinateur-de-bord\STM32CubeIDE\ODB2\Core\Src\stm32f4xx_it.c_save
2025-05-26 00:50:40,848 [INFO] CodeEngine:287 - Generated code: C:\Users\gagno\OneDrive\Documents\GitHub\Ordinateur-de-bord\STM32CubeIDE\ODB2\Core\Src\stm32f4xx_it.c
2025-05-26 00:50:40,855 [INFO] CodeEngine:263 - oldGeneratedFile, C:\Users\gagno\OneDrive\Documents\GitHub\Ordinateur-de-bord\STM32CubeIDE\ODB2\Core\Inc\stm32f4xx_it.h_save
2025-05-26 00:50:40,914 [INFO] CodeEngine:287 - Generated code: C:\Users\gagno\OneDrive\Documents\GitHub\Ordinateur-de-bord\STM32CubeIDE\ODB2\Core\Inc\stm32f4xx_it.h
2025-05-26 00:50:40,933 [INFO] CodeEngine:263 - oldGeneratedFile, C:\Users\gagno\OneDrive\Documents\GitHub\Ordinateur-de-bord\STM32CubeIDE\ODB2\Core\Src\stm32f4xx_hal_msp.c_save
2025-05-26 00:50:41,020 [INFO] CodeEngine:287 - Generated code: C:\Users\gagno\OneDrive\Documents\GitHub\Ordinateur-de-bord\STM32CubeIDE\ODB2\Core\Src\stm32f4xx_hal_msp.c
2025-05-26 00:50:41,026 [INFO] CodeEngine:263 - oldGeneratedFile, C:\Users\gagno\OneDrive\Documents\GitHub\Ordinateur-de-bord\STM32CubeIDE\ODB2\MXTmpFiles\system.tmp_save
2025-05-26 00:50:41,076 [INFO] CodeEngine:287 - Generated code: C:\Users\gagno\OneDrive\Documents\GitHub\Ordinateur-de-bord\STM32CubeIDE\ODB2\MXTmpFiles\system.tmp
2025-05-26 00:50:41,082 [INFO] CodeEngine:263 - oldGeneratedFile, C:\Users\gagno\OneDrive\Documents\GitHub\Ordinateur-de-bord\STM32CubeIDE\ODB2\Core\Inc\stm32_assert.h_save
2025-05-26 00:50:41,139 [INFO] CodeEngine:287 - Generated code: C:\Users\gagno\OneDrive\Documents\GitHub\Ordinateur-de-bord\STM32CubeIDE\ODB2\Core\Inc\stm32_assert.h
2025-05-26 00:50:41,152 [INFO] CodeEngine:319 - oldGeneratedFile, C:\Users\gagno\OneDrive\Documents\GitHub\Ordinateur-de-bord\STM32CubeIDE\ODB2\Core\Inc\stm32f4xx_hal_conf.h_save
2025-05-26 00:50:41,214 [INFO] CodeEngine:343 - Generated code: C:\Users\gagno\OneDrive\Documents\GitHub\Ordinateur-de-bord\STM32CubeIDE\ODB2\Core\Inc\stm32f4xx_hal_conf.h
2025-05-26 00:50:41,248 [WARN] IPConfigManager:3747 - IP not found : TIM
2025-05-26 00:50:41,249 [WARN] CodeGenerator:4198 - IP not found : null
2025-05-26 00:50:41,258 [INFO] CodeEngine:263 - oldGeneratedFile, C:\Users\gagno\OneDrive\Documents\GitHub\Ordinateur-de-bord\STM32CubeIDE\ODB2\Core\Inc\main.h_save
2025-05-26 00:50:41,318 [INFO] CodeEngine:287 - Generated code: C:\Users\gagno\OneDrive\Documents\GitHub\Ordinateur-de-bord\STM32CubeIDE\ODB2\Core\Inc\main.h
2025-05-26 00:50:41,327 [INFO] CodeEngine:263 - oldGeneratedFile, C:\Users\gagno\OneDrive\Documents\GitHub\Ordinateur-de-bord\STM32CubeIDE\ODB2\Core\Src\main.c_save
2025-05-26 00:50:41,444 [INFO] CodeEngine:287 - Generated code: C:\Users\gagno\OneDrive\Documents\GitHub\Ordinateur-de-bord\STM32CubeIDE\ODB2\Core\Src\main.c
2025-05-26 00:50:41,997 [INFO] ProjectBuilder:3324 - Time for Copy HAL[1] : 293mS.
2025-05-26 00:50:42,008 [INFO] ProjectBuilder:4912 - Project Generator version: 4.6.0-B36
2025-05-26 00:50:42,106 [INFO] ConfigFileManager:1590 - The Die is : DIE441
2025-05-26 00:50:42,999 [INFO] ProjectBuilder:5191 - Time for Generating toolchain IDE Files: 991mS.
2025-05-26 00:50:43,000 [INFO] ProjectBuilder:3181 - Time for Copy CMSIS : 0mS.
2025-05-26 00:50:43,011 [INFO] ProjectBuilder:3181 - Time for Copy CMSIS : 0mS.
2025-05-26 00:52:19,017 [INFO] UtilMem:75 - End SaveConfig() Used Memory: 955563184 Bytes (1073741824)
2025-05-26 00:52:20,153 [INFO] UtilMem:75 - End SaveConfig() Used Memory: 981251248 Bytes (1073741824)
2025-05-26 00:52:20,426 [INFO] UtilMem:75 - End SaveConfig() Used Memory: 703884368 Bytes (1073741824)
2025-05-26 00:52:20,732 [INFO] BlockDiagram:2775 - set Specific Code input for plugin: SPI
2025-05-26 00:52:20,732 [INFO] BlockDiagram:2775 - set Specific Code input for plugin: SPI
2025-05-26 00:52:20,732 [INFO] BlockDiagram:2775 - set Specific Code input for plugin: SPI
2025-05-26 00:52:20,732 [INFO] BlockDiagram:2775 - set Specific Code input for plugin: TIM1_8
2025-05-26 00:52:20,733 [INFO] BlockDiagram:2775 - set Specific Code input for plugin: USB_DEVICE
2025-05-26 00:52:20,733 [INFO] BlockDiagram:2775 - set Specific Code input for plugin: SYS
2025-05-26 00:52:20,733 [INFO] BlockDiagram:2775 - set Specific Code input for plugin: ADC
2025-05-26 00:52:20,733 [INFO] BlockDiagram:2775 - set Specific Code input for plugin: RCC
2025-05-26 00:52:20,733 [INFO] BlockDiagram:2775 - set Specific Code input for plugin: USB_OTG_FS
2025-05-26 00:52:20,733 [INFO] BlockDiagram:2775 - set Specific Code input for plugin: NVIC
2025-05-26 00:52:20,733 [INFO] BlockDiagram:2775 - set Specific Code input for plugin: USART
2025-05-26 00:52:20,733 [INFO] BlockDiagram:2775 - set Specific Code input for plugin: USART
2025-05-26 00:52:20,733 [INFO] BlockDiagram:2775 - set Specific Code input for plugin: USART
2025-05-26 00:52:20,735 [INFO] BlockDiagram:2775 - set Specific Code input for plugin: GPIO
2025-05-26 00:52:20,737 [INFO] CodeGenerator:882 - code generatio: config db path: C:\ST\STM32CubeIDE_1.15.0\STM32CubeIDE\plugins\com.st.stm32cube.common.mx_6.14.0.202502271554\\db\
2025-05-26 00:52:20,784 [WARN] IP:2250 - DEVICE_SERIAL0_CDC_FS not found: check if there is a RefParameter without a condition.
2025-05-26 00:52:20,784 [WARN] IP:2250 - DEVICE_SERIAL1_CDC_FS not found: check if there is a RefParameter without a condition.
2025-05-26 00:52:20,784 [WARN] IP:2250 - DEVICE_SERIAL2_CDC_FS not found: check if there is a RefParameter without a condition.
2025-05-26 00:52:20,906 [INFO] CodeEngine:263 - oldGeneratedFile, C:\Users\gagno\OneDrive\Documents\GitHub\Ordinateur-de-bord\STM32CubeIDE\ODB2\MXTmpFiles\license.tmp_save
2025-05-26 00:52:20,992 [INFO] CodeEngine:287 - Generated code: C:\Users\gagno\OneDrive\Documents\GitHub\Ordinateur-de-bord\STM32CubeIDE\ODB2\MXTmpFiles\license.tmp
2025-05-26 00:52:21,157 [INFO] CodeEngine:263 - oldGeneratedFile, C:\Users\gagno\OneDrive\Documents\GitHub\Ordinateur-de-bord\STM32CubeIDE\ODB2\MXTmpFiles\gpio.tmp_save
2025-05-26 00:52:21,248 [INFO] CodeEngine:287 - Generated code: C:\Users\gagno\OneDrive\Documents\GitHub\Ordinateur-de-bord\STM32CubeIDE\ODB2\MXTmpFiles\gpio.tmp
2025-05-26 00:52:21,437 [WARN] IPConfigManager:3174 - Warning: the RefConfig PWREx_EnableUSBVoltageDetector is not available in your config.xml file
2025-05-26 00:52:21,450 [INFO] CodeEngine:263 - oldGeneratedFile, C:\Users\gagno\OneDrive\Documents\GitHub\Ordinateur-de-bord\STM32CubeIDE\ODB2\MXTmpFiles\usb_otg_fs_vars.tmp_save
2025-05-26 00:52:21,516 [INFO] CodeEngine:287 - Generated code: C:\Users\gagno\OneDrive\Documents\GitHub\Ordinateur-de-bord\STM32CubeIDE\ODB2\MXTmpFiles\usb_otg_fs_vars.tmp
2025-05-26 00:52:21,519 [INFO] CodeEngine:263 - oldGeneratedFile, C:\Users\gagno\OneDrive\Documents\GitHub\Ordinateur-de-bord\STM32CubeIDE\ODB2\MXTmpFiles\usb_otg_fs_inc.tmp_save
2025-05-26 00:52:21,569 [INFO] CodeEngine:287 - Generated code: C:\Users\gagno\OneDrive\Documents\GitHub\Ordinateur-de-bord\STM32CubeIDE\ODB2\MXTmpFiles\usb_otg_fs_inc.tmp
2025-05-26 00:52:21,574 [INFO] CodeEngine:263 - oldGeneratedFile, C:\Users\gagno\OneDrive\Documents\GitHub\Ordinateur-de-bord\STM32CubeIDE\ODB2\MXTmpFiles\usb_otg_fs_HalInit.tmp_save
2025-05-26 00:52:21,637 [INFO] CodeEngine:287 - Generated code: C:\Users\gagno\OneDrive\Documents\GitHub\Ordinateur-de-bord\STM32CubeIDE\ODB2\MXTmpFiles\usb_otg_fs_HalInit.tmp
2025-05-26 00:52:21,642 [INFO] CodeEngine:263 - oldGeneratedFile, C:\Users\gagno\OneDrive\Documents\GitHub\Ordinateur-de-bord\STM32CubeIDE\ODB2\MXTmpFiles\usb_otg_fs_Msp.tmp_save
2025-05-26 00:52:21,706 [INFO] CodeEngine:287 - Generated code: C:\Users\gagno\OneDrive\Documents\GitHub\Ordinateur-de-bord\STM32CubeIDE\ODB2\MXTmpFiles\usb_otg_fs_Msp.tmp
2025-05-26 00:52:22,438 [INFO] Middleware:1452 - No code input for Bsp Dependency
2025-05-26 00:52:22,485 [INFO] Middleware:1452 - No code input for Bsp Dependency
2025-05-26 00:52:22,499 [INFO] CodeEngine:263 - oldGeneratedFile, C:\Users\gagno\OneDrive\Documents\GitHub\Ordinateur-de-bord\STM32CubeIDE\ODB2\USB_DEVICE\App\usb_device.c_save
2025-05-26 00:52:22,585 [INFO] CodeEngine:287 - Generated code: C:\Users\gagno\OneDrive\Documents\GitHub\Ordinateur-de-bord\STM32CubeIDE\ODB2\USB_DEVICE\App\usb_device.c
2025-05-26 00:52:22,594 [INFO] CodeEngine:263 - oldGeneratedFile, C:\Users\gagno\OneDrive\Documents\GitHub\Ordinateur-de-bord\STM32CubeIDE\ODB2\USB_DEVICE\App\usb_device.h_save
2025-05-26 00:52:22,666 [INFO] CodeEngine:287 - Generated code: C:\Users\gagno\OneDrive\Documents\GitHub\Ordinateur-de-bord\STM32CubeIDE\ODB2\USB_DEVICE\App\usb_device.h
2025-05-26 00:52:22,676 [INFO] CodeEngine:263 - oldGeneratedFile, C:\Users\gagno\OneDrive\Documents\GitHub\Ordinateur-de-bord\STM32CubeIDE\ODB2\USB_DEVICE\Target\usbd_conf.h_save
2025-05-26 00:52:22,766 [INFO] CodeEngine:287 - Generated code: C:\Users\gagno\OneDrive\Documents\GitHub\Ordinateur-de-bord\STM32CubeIDE\ODB2\USB_DEVICE\Target\usbd_conf.h
2025-05-26 00:52:22,773 [INFO] CodeEngine:263 - oldGeneratedFile, C:\Users\gagno\OneDrive\Documents\GitHub\Ordinateur-de-bord\STM32CubeIDE\ODB2\USB_DEVICE\Target\usbd_conf.c_save
2025-05-26 00:52:22,880 [INFO] CodeEngine:287 - Generated code: C:\Users\gagno\OneDrive\Documents\GitHub\Ordinateur-de-bord\STM32CubeIDE\ODB2\USB_DEVICE\Target\usbd_conf.c
2025-05-26 00:52:22,888 [INFO] CodeEngine:263 - oldGeneratedFile, C:\Users\gagno\OneDrive\Documents\GitHub\Ordinateur-de-bord\STM32CubeIDE\ODB2\USB_DEVICE\App\usbd_desc.h_save
2025-05-26 00:52:22,952 [INFO] CodeEngine:287 - Generated code: C:\Users\gagno\OneDrive\Documents\GitHub\Ordinateur-de-bord\STM32CubeIDE\ODB2\USB_DEVICE\App\usbd_desc.h
2025-05-26 00:52:22,962 [INFO] CodeEngine:263 - oldGeneratedFile, C:\Users\gagno\OneDrive\Documents\GitHub\Ordinateur-de-bord\STM32CubeIDE\ODB2\USB_DEVICE\App\usbd_desc.c_save
2025-05-26 00:52:23,030 [INFO] CodeEngine:287 - Generated code: C:\Users\gagno\OneDrive\Documents\GitHub\Ordinateur-de-bord\STM32CubeIDE\ODB2\USB_DEVICE\App\usbd_desc.c
2025-05-26 00:52:23,039 [INFO] CodeEngine:263 - oldGeneratedFile, C:\Users\gagno\OneDrive\Documents\GitHub\Ordinateur-de-bord\STM32CubeIDE\ODB2\USB_DEVICE\App\usbd_cdc_if.h_save
2025-05-26 00:52:23,104 [INFO] CodeEngine:287 - Generated code: C:\Users\gagno\OneDrive\Documents\GitHub\Ordinateur-de-bord\STM32CubeIDE\ODB2\USB_DEVICE\App\usbd_cdc_if.h
2025-05-26 00:52:23,113 [INFO] CodeEngine:263 - oldGeneratedFile, C:\Users\gagno\OneDrive\Documents\GitHub\Ordinateur-de-bord\STM32CubeIDE\ODB2\USB_DEVICE\App\usbd_cdc_if.c_save
2025-05-26 00:52:23,173 [INFO] CodeEngine:287 - Generated code: C:\Users\gagno\OneDrive\Documents\GitHub\Ordinateur-de-bord\STM32CubeIDE\ODB2\USB_DEVICE\App\usbd_cdc_if.c
2025-05-26 00:52:23,190 [INFO] CodeEngine:263 - oldGeneratedFile, C:\Users\gagno\OneDrive\Documents\GitHub\Ordinateur-de-bord\STM32CubeIDE\ODB2\Core\Src\stm32f4xx_it.c_save
2025-05-26 00:52:23,258 [INFO] CodeEngine:287 - Generated code: C:\Users\gagno\OneDrive\Documents\GitHub\Ordinateur-de-bord\STM32CubeIDE\ODB2\Core\Src\stm32f4xx_it.c
2025-05-26 00:52:23,265 [INFO] CodeEngine:263 - oldGeneratedFile, C:\Users\gagno\OneDrive\Documents\GitHub\Ordinateur-de-bord\STM32CubeIDE\ODB2\Core\Inc\stm32f4xx_it.h_save
2025-05-26 00:52:23,319 [INFO] CodeEngine:287 - Generated code: C:\Users\gagno\OneDrive\Documents\GitHub\Ordinateur-de-bord\STM32CubeIDE\ODB2\Core\Inc\stm32f4xx_it.h
2025-05-26 00:52:23,339 [INFO] CodeEngine:263 - oldGeneratedFile, C:\Users\gagno\OneDrive\Documents\GitHub\Ordinateur-de-bord\STM32CubeIDE\ODB2\Core\Src\stm32f4xx_hal_msp.c_save
2025-05-26 00:52:23,442 [INFO] CodeEngine:287 - Generated code: C:\Users\gagno\OneDrive\Documents\GitHub\Ordinateur-de-bord\STM32CubeIDE\ODB2\Core\Src\stm32f4xx_hal_msp.c
2025-05-26 00:52:23,449 [INFO] CodeEngine:263 - oldGeneratedFile, C:\Users\gagno\OneDrive\Documents\GitHub\Ordinateur-de-bord\STM32CubeIDE\ODB2\MXTmpFiles\system.tmp_save
2025-05-26 00:52:23,500 [INFO] CodeEngine:287 - Generated code: C:\Users\gagno\OneDrive\Documents\GitHub\Ordinateur-de-bord\STM32CubeIDE\ODB2\MXTmpFiles\system.tmp
2025-05-26 00:52:23,507 [INFO] CodeEngine:263 - oldGeneratedFile, C:\Users\gagno\OneDrive\Documents\GitHub\Ordinateur-de-bord\STM32CubeIDE\ODB2\Core\Inc\stm32_assert.h_save
2025-05-26 00:52:23,576 [INFO] CodeEngine:287 - Generated code: C:\Users\gagno\OneDrive\Documents\GitHub\Ordinateur-de-bord\STM32CubeIDE\ODB2\Core\Inc\stm32_assert.h
2025-05-26 00:52:23,587 [INFO] CodeEngine:319 - oldGeneratedFile, C:\Users\gagno\OneDrive\Documents\GitHub\Ordinateur-de-bord\STM32CubeIDE\ODB2\Core\Inc\stm32f4xx_hal_conf.h_save
2025-05-26 00:52:23,651 [INFO] CodeEngine:343 - Generated code: C:\Users\gagno\OneDrive\Documents\GitHub\Ordinateur-de-bord\STM32CubeIDE\ODB2\Core\Inc\stm32f4xx_hal_conf.h
2025-05-26 00:52:23,684 [WARN] IPConfigManager:3747 - IP not found : TIM
2025-05-26 00:52:23,684 [WARN] CodeGenerator:4198 - IP not found : null
2025-05-26 00:52:23,693 [INFO] CodeEngine:263 - oldGeneratedFile, C:\Users\gagno\OneDrive\Documents\GitHub\Ordinateur-de-bord\STM32CubeIDE\ODB2\Core\Inc\main.h_save
2025-05-26 00:52:23,756 [INFO] CodeEngine:287 - Generated code: C:\Users\gagno\OneDrive\Documents\GitHub\Ordinateur-de-bord\STM32CubeIDE\ODB2\Core\Inc\main.h
2025-05-26 00:52:23,764 [INFO] CodeEngine:263 - oldGeneratedFile, C:\Users\gagno\OneDrive\Documents\GitHub\Ordinateur-de-bord\STM32CubeIDE\ODB2\Core\Src\main.c_save
2025-05-26 00:52:23,872 [INFO] CodeEngine:287 - Generated code: C:\Users\gagno\OneDrive\Documents\GitHub\Ordinateur-de-bord\STM32CubeIDE\ODB2\Core\Src\main.c
2025-05-26 00:52:24,269 [INFO] ProjectBuilder:3324 - Time for Copy HAL[1] : 224mS.
2025-05-26 00:52:24,279 [INFO] ProjectBuilder:4912 - Project Generator version: 4.6.0-B36
2025-05-26 00:52:24,353 [INFO] ConfigFileManager:1590 - The Die is : DIE441
2025-05-26 00:52:25,511 [INFO] ProjectBuilder:5191 - Time for Generating toolchain IDE Files: 1233mS.
2025-05-26 00:52:25,513 [INFO] ProjectBuilder:3181 - Time for Copy CMSIS : 2mS.
2025-05-26 00:52:25,528 [INFO] ProjectBuilder:3181 - Time for Copy CMSIS : 0mS.
2025-05-26 01:11:06,765 [WARN] IP:2250 - DEVICE_SERIAL0_CDC_FS not found: check if there is a RefParameter without a condition.
2025-05-26 01:11:06,765 [WARN] IP:2250 - DEVICE_SERIAL1_CDC_FS not found: check if there is a RefParameter without a condition.
2025-05-26 01:11:06,765 [WARN] IP:2250 - DEVICE_SERIAL2_CDC_FS not found: check if there is a RefParameter without a condition.
2025-05-26 01:11:06,767 [WARN] IP:2250 - DEVICE_SERIAL0_CDC_FS not found: check if there is a RefParameter without a condition.
2025-05-26 01:11:06,768 [WARN] IP:2250 - DEVICE_SERIAL1_CDC_FS not found: check if there is a RefParameter without a condition.
2025-05-26 01:11:06,768 [WARN] IP:2250 - DEVICE_SERIAL2_CDC_FS not found: check if there is a RefParameter without a condition.
2025-05-26 01:11:07,037 [WARN] IP:2250 - DEVICE_SERIAL0_CDC_FS not found: check if there is a RefParameter without a condition.
2025-05-26 01:11:07,037 [WARN] IP:2250 - DEVICE_SERIAL1_CDC_FS not found: check if there is a RefParameter without a condition.
2025-05-26 01:11:07,037 [WARN] IP:2250 - DEVICE_SERIAL2_CDC_FS not found: check if there is a RefParameter without a condition.
2025-05-26 01:11:07,039 [WARN] IP:2250 - DEVICE_SERIAL0_CDC_FS not found: check if there is a RefParameter without a condition.
2025-05-26 01:11:07,039 [WARN] IP:2250 - DEVICE_SERIAL1_CDC_FS not found: check if there is a RefParameter without a condition.
2025-05-26 01:11:07,039 [WARN] IP:2250 - DEVICE_SERIAL2_CDC_FS not found: check if there is a RefParameter without a condition.
2025-05-26 01:11:07,365 [WARN] IP:2250 - DEVICE_SERIAL0_CDC_FS not found: check if there is a RefParameter without a condition.
2025-05-26 01:11:07,365 [WARN] IP:2250 - DEVICE_SERIAL1_CDC_FS not found: check if there is a RefParameter without a condition.
2025-05-26 01:11:07,366 [WARN] IP:2250 - DEVICE_SERIAL2_CDC_FS not found: check if there is a RefParameter without a condition.
2025-05-26 01:11:07,367 [WARN] IP:2250 - DEVICE_SERIAL0_CDC_FS not found: check if there is a RefParameter without a condition.
2025-05-26 01:11:07,368 [WARN] IP:2250 - DEVICE_SERIAL1_CDC_FS not found: check if there is a RefParameter without a condition.
2025-05-26 01:11:07,368 [WARN] IP:2250 - DEVICE_SERIAL2_CDC_FS not found: check if there is a RefParameter without a condition.
2025-05-26 01:13:33,141 [WARN] IP:2250 - DEVICE_SERIAL0_CDC_FS not found: check if there is a RefParameter without a condition.
2025-05-26 01:13:33,141 [WARN] IP:2250 - DEVICE_SERIAL1_CDC_FS not found: check if there is a RefParameter without a condition.
2025-05-26 01:13:33,142 [WARN] IP:2250 - DEVICE_SERIAL2_CDC_FS not found: check if there is a RefParameter without a condition.
2025-05-26 01:13:33,143 [WARN] IP:2250 - DEVICE_SERIAL0_CDC_FS not found: check if there is a RefParameter without a condition.
2025-05-26 01:13:33,143 [WARN] IP:2250 - DEVICE_SERIAL1_CDC_FS not found: check if there is a RefParameter without a condition.
2025-05-26 01:13:33,144 [WARN] IP:2250 - DEVICE_SERIAL2_CDC_FS not found: check if there is a RefParameter without a condition.
2025-05-26 01:13:33,371 [WARN] IP:2250 - DEVICE_SERIAL0_CDC_FS not found: check if there is a RefParameter without a condition.
2025-05-26 01:13:33,372 [WARN] IP:2250 - DEVICE_SERIAL1_CDC_FS not found: check if there is a RefParameter without a condition.
2025-05-26 01:13:33,372 [WARN] IP:2250 - DEVICE_SERIAL2_CDC_FS not found: check if there is a RefParameter without a condition.
2025-05-26 01:13:33,372 [WARN] IP:2250 - DEVICE_SERIAL0_CDC_FS not found: check if there is a RefParameter without a condition.
2025-05-26 01:13:33,374 [WARN] IP:2250 - DEVICE_SERIAL1_CDC_FS not found: check if there is a RefParameter without a condition.
2025-05-26 01:13:33,374 [WARN] IP:2250 - DEVICE_SERIAL2_CDC_FS not found: check if there is a RefParameter without a condition.
2025-05-26 01:13:33,557 [WARN] IP:2250 - DEVICE_SERIAL0_CDC_FS not found: check if there is a RefParameter without a condition.
2025-05-26 01:13:33,557 [WARN] IP:2250 - DEVICE_SERIAL1_CDC_FS not found: check if there is a RefParameter without a condition.
2025-05-26 01:13:33,557 [WARN] IP:2250 - DEVICE_SERIAL2_CDC_FS not found: check if there is a RefParameter without a condition.
2025-05-26 01:13:33,558 [WARN] IP:2250 - DEVICE_SERIAL0_CDC_FS not found: check if there is a RefParameter without a condition.
2025-05-26 01:13:33,558 [WARN] IP:2250 - DEVICE_SERIAL1_CDC_FS not found: check if there is a RefParameter without a condition.
2025-05-26 01:13:33,558 [WARN] IP:2250 - DEVICE_SERIAL2_CDC_FS not found: check if there is a RefParameter without a condition.
2025-05-26 01:13:33,782 [WARN] IP:2250 - DEVICE_SERIAL0_CDC_FS not found: check if there is a RefParameter without a condition.
2025-05-26 01:13:33,787 [WARN] IP:2250 - DEVICE_SERIAL1_CDC_FS not found: check if there is a RefParameter without a condition.
2025-05-26 01:13:33,787 [WARN] IP:2250 - DEVICE_SERIAL2_CDC_FS not found: check if there is a RefParameter without a condition.
2025-05-26 01:13:33,787 [WARN] IP:2250 - DEVICE_SERIAL0_CDC_FS not found: check if there is a RefParameter without a condition.
2025-05-26 01:13:33,787 [WARN] IP:2250 - DEVICE_SERIAL1_CDC_FS not found: check if there is a RefParameter without a condition.
2025-05-26 01:13:33,787 [WARN] IP:2250 - DEVICE_SERIAL2_CDC_FS not found: check if there is a RefParameter without a condition.
2025-05-26 01:13:34,098 [WARN] IP:2250 - DEVICE_SERIAL0_CDC_FS not found: check if there is a RefParameter without a condition.
2025-05-26 01:13:34,099 [WARN] IP:2250 - DEVICE_SERIAL1_CDC_FS not found: check if there is a RefParameter without a condition.
2025-05-26 01:13:34,099 [WARN] IP:2250 - DEVICE_SERIAL2_CDC_FS not found: check if there is a RefParameter without a condition.
2025-05-26 01:13:34,100 [WARN] IP:2250 - DEVICE_SERIAL0_CDC_FS not found: check if there is a RefParameter without a condition.
2025-05-26 01:13:34,100 [WARN] IP:2250 - DEVICE_SERIAL1_CDC_FS not found: check if there is a RefParameter without a condition.
2025-05-26 01:13:34,100 [WARN] IP:2250 - DEVICE_SERIAL2_CDC_FS not found: check if there is a RefParameter without a condition.
2025-05-26 01:13:34,294 [WARN] IP:2250 - DEVICE_SERIAL0_CDC_FS not found: check if there is a RefParameter without a condition.
2025-05-26 01:13:34,294 [WARN] IP:2250 - DEVICE_SERIAL1_CDC_FS not found: check if there is a RefParameter without a condition.
2025-05-26 01:13:34,295 [WARN] IP:2250 - DEVICE_SERIAL2_CDC_FS not found: check if there is a RefParameter without a condition.
2025-05-26 01:13:34,295 [WARN] IP:2250 - DEVICE_SERIAL0_CDC_FS not found: check if there is a RefParameter without a condition.
2025-05-26 01:13:34,295 [WARN] IP:2250 - DEVICE_SERIAL1_CDC_FS not found: check if there is a RefParameter without a condition.
2025-05-26 01:13:34,296 [WARN] IP:2250 - DEVICE_SERIAL2_CDC_FS not found: check if there is a RefParameter without a condition.
2025-05-26 01:13:34,460 [WARN] IP:2250 - DEVICE_SERIAL0_CDC_FS not found: check if there is a RefParameter without a condition.
2025-05-26 01:13:34,461 [WARN] IP:2250 - DEVICE_SERIAL1_CDC_FS not found: check if there is a RefParameter without a condition.
2025-05-26 01:13:34,461 [WARN] IP:2250 - DEVICE_SERIAL2_CDC_FS not found: check if there is a RefParameter without a condition.
2025-05-26 01:13:34,461 [WARN] IP:2250 - DEVICE_SERIAL0_CDC_FS not found: check if there is a RefParameter without a condition.
2025-05-26 01:13:34,461 [WARN] IP:2250 - DEVICE_SERIAL1_CDC_FS not found: check if there is a RefParameter without a condition.
2025-05-26 01:13:34,461 [WARN] IP:2250 - DEVICE_SERIAL2_CDC_FS not found: check if there is a RefParameter without a condition.
2025-05-26 01:13:34,750 [WARN] IP:2250 - DEVICE_SERIAL0_CDC_FS not found: check if there is a RefParameter without a condition.
2025-05-26 01:13:34,750 [WARN] IP:2250 - DEVICE_SERIAL1_CDC_FS not found: check if there is a RefParameter without a condition.
2025-05-26 01:13:34,750 [WARN] IP:2250 - DEVICE_SERIAL2_CDC_FS not found: check if there is a RefParameter without a condition.
2025-05-26 01:13:34,752 [WARN] IP:2250 - DEVICE_SERIAL0_CDC_FS not found: check if there is a RefParameter without a condition.
2025-05-26 01:13:34,752 [WARN] IP:2250 - DEVICE_SERIAL1_CDC_FS not found: check if there is a RefParameter without a condition.
2025-05-26 01:13:34,752 [WARN] IP:2250 - DEVICE_SERIAL2_CDC_FS not found: check if there is a RefParameter without a condition.
2025-05-26 01:13:40,643 [INFO] UtilMem:75 - End SaveConfig() Used Memory: 863535528 Bytes (1073741824)
2025-05-26 01:13:41,591 [INFO] UtilMem:75 - End SaveConfig() Used Memory: 888701352 Bytes (1073741824)
2025-05-26 01:13:41,901 [INFO] UtilMem:75 - End SaveConfig() Used Memory: 918587816 Bytes (1073741824)
2025-05-26 01:13:42,191 [INFO] BlockDiagram:2775 - set Specific Code input for plugin: SPI
2025-05-26 01:13:42,191 [INFO] BlockDiagram:2775 - set Specific Code input for plugin: SPI
2025-05-26 01:13:42,191 [INFO] BlockDiagram:2775 - set Specific Code input for plugin: SPI
2025-05-26 01:13:42,191 [INFO] BlockDiagram:2775 - set Specific Code input for plugin: TIM1_8
2025-05-26 01:13:42,191 [INFO] BlockDiagram:2775 - set Specific Code input for plugin: USB_DEVICE
2025-05-26 01:13:42,191 [INFO] BlockDiagram:2775 - set Specific Code input for plugin: SYS
2025-05-26 01:13:42,191 [INFO] BlockDiagram:2775 - set Specific Code input for plugin: ADC
2025-05-26 01:13:42,191 [INFO] BlockDiagram:2775 - set Specific Code input for plugin: RCC
2025-05-26 01:13:42,191 [INFO] BlockDiagram:2775 - set Specific Code input for plugin: USB_OTG_FS
2025-05-26 01:13:42,191 [INFO] BlockDiagram:2775 - set Specific Code input for plugin: NVIC
2025-05-26 01:13:42,191 [INFO] BlockDiagram:2775 - set Specific Code input for plugin: USART
2025-05-26 01:13:42,191 [INFO] BlockDiagram:2775 - set Specific Code input for plugin: USART
2025-05-26 01:13:42,191 [INFO] BlockDiagram:2775 - set Specific Code input for plugin: USART
2025-05-26 01:13:42,192 [INFO] BlockDiagram:2775 - set Specific Code input for plugin: GPIO
2025-05-26 01:13:42,193 [INFO] CodeGenerator:882 - code generatio: config db path: C:\ST\STM32CubeIDE_1.15.0\STM32CubeIDE\plugins\com.st.stm32cube.common.mx_6.14.0.202502271554\\db\
2025-05-26 01:13:42,233 [WARN] IP:2250 - DEVICE_SERIAL0_CDC_FS not found: check if there is a RefParameter without a condition.
2025-05-26 01:13:42,233 [WARN] IP:2250 - DEVICE_SERIAL1_CDC_FS not found: check if there is a RefParameter without a condition.
2025-05-26 01:13:42,233 [WARN] IP:2250 - DEVICE_SERIAL2_CDC_FS not found: check if there is a RefParameter without a condition.
2025-05-26 01:13:42,359 [INFO] CodeEngine:263 - oldGeneratedFile, C:\Users\gagno\OneDrive\Documents\GitHub\Ordinateur-de-bord\STM32CubeIDE\ODB2\MXTmpFiles\license.tmp_save
2025-05-26 01:13:42,591 [INFO] CodeEngine:287 - Generated code: C:\Users\gagno\OneDrive\Documents\GitHub\Ordinateur-de-bord\STM32CubeIDE\ODB2\MXTmpFiles\license.tmp
2025-05-26 01:13:42,774 [INFO] CodeEngine:263 - oldGeneratedFile, C:\Users\gagno\OneDrive\Documents\GitHub\Ordinateur-de-bord\STM32CubeIDE\ODB2\MXTmpFiles\gpio.tmp_save
2025-05-26 01:13:42,910 [INFO] CodeEngine:287 - Generated code: C:\Users\gagno\OneDrive\Documents\GitHub\Ordinateur-de-bord\STM32CubeIDE\ODB2\MXTmpFiles\gpio.tmp
2025-05-26 01:13:43,139 [WARN] IPConfigManager:3174 - Warning: the RefConfig PWREx_EnableUSBVoltageDetector is not available in your config.xml file
2025-05-26 01:13:43,149 [INFO] CodeEngine:263 - oldGeneratedFile, C:\Users\gagno\OneDrive\Documents\GitHub\Ordinateur-de-bord\STM32CubeIDE\ODB2\MXTmpFiles\usb_otg_fs_vars.tmp_save
2025-05-26 01:13:43,267 [INFO] CodeEngine:287 - Generated code: C:\Users\gagno\OneDrive\Documents\GitHub\Ordinateur-de-bord\STM32CubeIDE\ODB2\MXTmpFiles\usb_otg_fs_vars.tmp
2025-05-26 01:13:43,273 [INFO] CodeEngine:263 - oldGeneratedFile, C:\Users\gagno\OneDrive\Documents\GitHub\Ordinateur-de-bord\STM32CubeIDE\ODB2\MXTmpFiles\usb_otg_fs_inc.tmp_save
2025-05-26 01:13:43,362 [INFO] CodeEngine:287 - Generated code: C:\Users\gagno\OneDrive\Documents\GitHub\Ordinateur-de-bord\STM32CubeIDE\ODB2\MXTmpFiles\usb_otg_fs_inc.tmp
2025-05-26 01:13:43,368 [INFO] CodeEngine:263 - oldGeneratedFile, C:\Users\gagno\OneDrive\Documents\GitHub\Ordinateur-de-bord\STM32CubeIDE\ODB2\MXTmpFiles\usb_otg_fs_HalInit.tmp_save
2025-05-26 01:13:43,482 [INFO] CodeEngine:287 - Generated code: C:\Users\gagno\OneDrive\Documents\GitHub\Ordinateur-de-bord\STM32CubeIDE\ODB2\MXTmpFiles\usb_otg_fs_HalInit.tmp
2025-05-26 01:13:43,487 [INFO] CodeEngine:263 - oldGeneratedFile, C:\Users\gagno\OneDrive\Documents\GitHub\Ordinateur-de-bord\STM32CubeIDE\ODB2\MXTmpFiles\usb_otg_fs_Msp.tmp_save
2025-05-26 01:13:43,605 [INFO] CodeEngine:287 - Generated code: C:\Users\gagno\OneDrive\Documents\GitHub\Ordinateur-de-bord\STM32CubeIDE\ODB2\MXTmpFiles\usb_otg_fs_Msp.tmp
2025-05-26 01:13:44,775 [INFO] Middleware:1452 - No code input for Bsp Dependency
2025-05-26 01:13:44,804 [INFO] Middleware:1452 - No code input for Bsp Dependency
2025-05-26 01:13:44,817 [INFO] CodeEngine:263 - oldGeneratedFile, C:\Users\gagno\OneDrive\Documents\GitHub\Ordinateur-de-bord\STM32CubeIDE\ODB2\USB_DEVICE\App\usb_device.c_save
2025-05-26 01:13:44,923 [INFO] CodeEngine:287 - Generated code: C:\Users\gagno\OneDrive\Documents\GitHub\Ordinateur-de-bord\STM32CubeIDE\ODB2\USB_DEVICE\App\usb_device.c
2025-05-26 01:13:44,930 [INFO] CodeEngine:263 - oldGeneratedFile, C:\Users\gagno\OneDrive\Documents\GitHub\Ordinateur-de-bord\STM32CubeIDE\ODB2\USB_DEVICE\App\usb_device.h_save
2025-05-26 01:13:45,023 [INFO] CodeEngine:287 - Generated code: C:\Users\gagno\OneDrive\Documents\GitHub\Ordinateur-de-bord\STM32CubeIDE\ODB2\USB_DEVICE\App\usb_device.h
2025-05-26 01:13:45,031 [INFO] CodeEngine:263 - oldGeneratedFile, C:\Users\gagno\OneDrive\Documents\GitHub\Ordinateur-de-bord\STM32CubeIDE\ODB2\USB_DEVICE\Target\usbd_conf.h_save
2025-05-26 01:13:45,122 [INFO] CodeEngine:287 - Generated code: C:\Users\gagno\OneDrive\Documents\GitHub\Ordinateur-de-bord\STM32CubeIDE\ODB2\USB_DEVICE\Target\usbd_conf.h
2025-05-26 01:13:45,130 [INFO] CodeEngine:263 - oldGeneratedFile, C:\Users\gagno\OneDrive\Documents\GitHub\Ordinateur-de-bord\STM32CubeIDE\ODB2\USB_DEVICE\Target\usbd_conf.c_save
2025-05-26 01:13:45,243 [INFO] CodeEngine:287 - Generated code: C:\Users\gagno\OneDrive\Documents\GitHub\Ordinateur-de-bord\STM32CubeIDE\ODB2\USB_DEVICE\Target\usbd_conf.c
2025-05-26 01:13:45,253 [INFO] CodeEngine:263 - oldGeneratedFile, C:\Users\gagno\OneDrive\Documents\GitHub\Ordinateur-de-bord\STM32CubeIDE\ODB2\USB_DEVICE\App\usbd_desc.h_save
2025-05-26 01:13:45,336 [INFO] CodeEngine:287 - Generated code: C:\Users\gagno\OneDrive\Documents\GitHub\Ordinateur-de-bord\STM32CubeIDE\ODB2\USB_DEVICE\App\usbd_desc.h
2025-05-26 01:13:45,344 [INFO] CodeEngine:263 - oldGeneratedFile, C:\Users\gagno\OneDrive\Documents\GitHub\Ordinateur-de-bord\STM32CubeIDE\ODB2\USB_DEVICE\App\usbd_desc.c_save
2025-05-26 01:13:45,419 [INFO] CodeEngine:287 - Generated code: C:\Users\gagno\OneDrive\Documents\GitHub\Ordinateur-de-bord\STM32CubeIDE\ODB2\USB_DEVICE\App\usbd_desc.c
2025-05-26 01:13:45,427 [INFO] CodeEngine:263 - oldGeneratedFile, C:\Users\gagno\OneDrive\Documents\GitHub\Ordinateur-de-bord\STM32CubeIDE\ODB2\USB_DEVICE\App\usbd_cdc_if.h_save
2025-05-26 01:13:45,494 [INFO] CodeEngine:287 - Generated code: C:\Users\gagno\OneDrive\Documents\GitHub\Ordinateur-de-bord\STM32CubeIDE\ODB2\USB_DEVICE\App\usbd_cdc_if.h
2025-05-26 01:13:45,502 [INFO] CodeEngine:263 - oldGeneratedFile, C:\Users\gagno\OneDrive\Documents\GitHub\Ordinateur-de-bord\STM32CubeIDE\ODB2\USB_DEVICE\App\usbd_cdc_if.c_save
2025-05-26 01:13:45,573 [INFO] CodeEngine:287 - Generated code: C:\Users\gagno\OneDrive\Documents\GitHub\Ordinateur-de-bord\STM32CubeIDE\ODB2\USB_DEVICE\App\usbd_cdc_if.c
2025-05-26 01:13:45,594 [INFO] CodeEngine:263 - oldGeneratedFile, C:\Users\gagno\OneDrive\Documents\GitHub\Ordinateur-de-bord\STM32CubeIDE\ODB2\Core\Src\stm32f4xx_it.c_save
2025-05-26 01:13:45,786 [INFO] CodeEngine:287 - Generated code: C:\Users\gagno\OneDrive\Documents\GitHub\Ordinateur-de-bord\STM32CubeIDE\ODB2\Core\Src\stm32f4xx_it.c
2025-05-26 01:13:45,794 [INFO] CodeEngine:263 - oldGeneratedFile, C:\Users\gagno\OneDrive\Documents\GitHub\Ordinateur-de-bord\STM32CubeIDE\ODB2\Core\Inc\stm32f4xx_it.h_save
2025-05-26 01:13:45,856 [INFO] CodeEngine:287 - Generated code: C:\Users\gagno\OneDrive\Documents\GitHub\Ordinateur-de-bord\STM32CubeIDE\ODB2\Core\Inc\stm32f4xx_it.h
2025-05-26 01:13:45,879 [INFO] CodeEngine:263 - oldGeneratedFile, C:\Users\gagno\OneDrive\Documents\GitHub\Ordinateur-de-bord\STM32CubeIDE\ODB2\Core\Src\stm32f4xx_hal_msp.c_save
2025-05-26 01:13:45,972 [INFO] CodeEngine:287 - Generated code: C:\Users\gagno\OneDrive\Documents\GitHub\Ordinateur-de-bord\STM32CubeIDE\ODB2\Core\Src\stm32f4xx_hal_msp.c
2025-05-26 01:13:45,979 [INFO] CodeEngine:263 - oldGeneratedFile, C:\Users\gagno\OneDrive\Documents\GitHub\Ordinateur-de-bord\STM32CubeIDE\ODB2\MXTmpFiles\system.tmp_save
2025-05-26 01:13:46,034 [INFO] CodeEngine:287 - Generated code: C:\Users\gagno\OneDrive\Documents\GitHub\Ordinateur-de-bord\STM32CubeIDE\ODB2\MXTmpFiles\system.tmp
2025-05-26 01:13:46,041 [INFO] CodeEngine:263 - oldGeneratedFile, C:\Users\gagno\OneDrive\Documents\GitHub\Ordinateur-de-bord\STM32CubeIDE\ODB2\Core\Inc\stm32_assert.h_save
2025-05-26 01:13:46,102 [INFO] CodeEngine:287 - Generated code: C:\Users\gagno\OneDrive\Documents\GitHub\Ordinateur-de-bord\STM32CubeIDE\ODB2\Core\Inc\stm32_assert.h
2025-05-26 01:13:46,121 [INFO] CodeEngine:319 - oldGeneratedFile, C:\Users\gagno\OneDrive\Documents\GitHub\Ordinateur-de-bord\STM32CubeIDE\ODB2\Core\Inc\stm32f4xx_hal_conf.h_save
2025-05-26 01:13:46,190 [INFO] CodeEngine:343 - Generated code: C:\Users\gagno\OneDrive\Documents\GitHub\Ordinateur-de-bord\STM32CubeIDE\ODB2\Core\Inc\stm32f4xx_hal_conf.h
2025-05-26 01:13:46,230 [WARN] IPConfigManager:3747 - IP not found : TIM
2025-05-26 01:13:46,231 [WARN] CodeGenerator:4198 - IP not found : null
2025-05-26 01:13:46,243 [INFO] CodeEngine:263 - oldGeneratedFile, C:\Users\gagno\OneDrive\Documents\GitHub\Ordinateur-de-bord\STM32CubeIDE\ODB2\Core\Inc\main.h_save
2025-05-26 01:13:46,312 [INFO] CodeEngine:287 - Generated code: C:\Users\gagno\OneDrive\Documents\GitHub\Ordinateur-de-bord\STM32CubeIDE\ODB2\Core\Inc\main.h
2025-05-26 01:13:46,321 [INFO] CodeEngine:263 - oldGeneratedFile, C:\Users\gagno\OneDrive\Documents\GitHub\Ordinateur-de-bord\STM32CubeIDE\ODB2\Core\Src\main.c_save
2025-05-26 01:13:46,468 [INFO] CodeEngine:287 - Generated code: C:\Users\gagno\OneDrive\Documents\GitHub\Ordinateur-de-bord\STM32CubeIDE\ODB2\Core\Src\main.c
2025-05-26 01:13:46,905 [INFO] ProjectBuilder:3324 - Time for Copy HAL[1] : 252mS.
2025-05-26 01:13:46,914 [INFO] ProjectBuilder:4912 - Project Generator version: 4.6.0-B36
2025-05-26 01:13:46,992 [INFO] ConfigFileManager:1590 - The Die is : DIE441
2025-05-26 01:13:48,296 [INFO] ProjectBuilder:5191 - Time for Generating toolchain IDE Files: 1382mS.
2025-05-26 01:13:48,297 [INFO] ProjectBuilder:3181 - Time for Copy CMSIS : 1mS.
2025-05-26 01:13:48,312 [INFO] ProjectBuilder:3181 - Time for Copy CMSIS : 0mS.
2025-05-26 02:02:39,355 [WARN] IP:2250 - DEVICE_SERIAL0_CDC_FS not found: check if there is a RefParameter without a condition.
2025-05-26 02:02:39,355 [WARN] IP:2250 - DEVICE_SERIAL1_CDC_FS not found: check if there is a RefParameter without a condition.
2025-05-26 02:02:39,356 [WARN] IP:2250 - DEVICE_SERIAL2_CDC_FS not found: check if there is a RefParameter without a condition.
2025-05-26 02:02:39,359 [WARN] IP:2250 - DEVICE_SERIAL0_CDC_FS not found: check if there is a RefParameter without a condition.
2025-05-26 02:02:39,359 [WARN] IP:2250 - DEVICE_SERIAL1_CDC_FS not found: check if there is a RefParameter without a condition.
2025-05-26 02:02:39,359 [WARN] IP:2250 - DEVICE_SERIAL2_CDC_FS not found: check if there is a RefParameter without a condition.
2025-05-26 02:02:40,363 [WARN] IP:2250 - DEVICE_SERIAL0_CDC_FS not found: check if there is a RefParameter without a condition.
2025-05-26 02:02:40,363 [WARN] IP:2250 - DEVICE_SERIAL1_CDC_FS not found: check if there is a RefParameter without a condition.
2025-05-26 02:02:40,364 [WARN] IP:2250 - DEVICE_SERIAL2_CDC_FS not found: check if there is a RefParameter without a condition.
2025-05-26 02:02:40,365 [WARN] IP:2250 - DEVICE_SERIAL0_CDC_FS not found: check if there is a RefParameter without a condition.
2025-05-26 02:02:40,365 [WARN] IP:2250 - DEVICE_SERIAL1_CDC_FS not found: check if there is a RefParameter without a condition.
2025-05-26 02:02:40,366 [WARN] IP:2250 - DEVICE_SERIAL2_CDC_FS not found: check if there is a RefParameter without a condition.
2025-05-26 02:02:40,961 [WARN] IP:2250 - DEVICE_SERIAL0_CDC_FS not found: check if there is a RefParameter without a condition.
2025-05-26 02:02:40,961 [WARN] IP:2250 - DEVICE_SERIAL1_CDC_FS not found: check if there is a RefParameter without a condition.
2025-05-26 02:02:40,961 [WARN] IP:2250 - DEVICE_SERIAL2_CDC_FS not found: check if there is a RefParameter without a condition.
2025-05-26 02:02:40,962 [WARN] IP:2250 - DEVICE_SERIAL0_CDC_FS not found: check if there is a RefParameter without a condition.
2025-05-26 02:02:40,963 [WARN] IP:2250 - DEVICE_SERIAL1_CDC_FS not found: check if there is a RefParameter without a condition.
2025-05-26 02:02:40,963 [WARN] IP:2250 - DEVICE_SERIAL2_CDC_FS not found: check if there is a RefParameter without a condition.
2025-05-26 02:03:07,919 [INFO] Gpio:277 - dependency for GPIO [ADC1, RCC, SPI1, SPI4, SPI5, SYS, TIM1, USART1, USART2, USART6, USB_OTG_FS]
