2025-05-27 15:47:35,052 [INFO] Activator:176 - 


2025-05-27 15:47:35,060 [INFO] Activator:177 - !SESSION log4j initialized
2025-05-27 15:47:44,426 [INFO] LogOutputStream:77 - [STDOUT_REDIRECT] 
2025-05-27 15:47:50,836 [INFO] ApplicationProperties:184 - Using Application install path: C:\ST\STM32CubeIDE_1.15.0\STM32CubeIDE\plugins\com.st.stm32cube.common.mx_6.14.0.202502271554
2025-05-27 15:47:50,859 [INFO] DbMcusXml:78 - Set database path to: C:\ST\STM32CubeIDE_1.15.0\STM32CubeIDE\plugins\com.st.stm32cube.common.mx_6.14.0.202502271554\\db\/mcu/
2025-05-27 15:47:50,860 [INFO] ApiDb:274 - Set plugin database path to: C:\ST\STM32CubeIDE_1.15.0\STM32CubeIDE\plugins\com.st.stm32cube.common.mx_6.14.0.202502271554\\db\/plugins/boardmanager/
2025-05-27 15:47:50,860 [WARN] ApiDb:259 - Overriding images path with different value:  => C:\ST\STM32CubeIDE_1.15.0\STM32CubeIDE\plugins\com.st.stm32cube.common.mx_6.14.0.202502271554\\db\/plugins/mcufinder/images/
2025-05-27 15:47:50,869 [INFO] ApiDb:250 - Set database path to: C:\Users\gagno\.stmcufinder\plugins\mcufinder//mcu/
2025-05-27 15:47:50,871 [INFO] DbMcusAds:125 - Set database path to: C:\Users\gagno\.stmcufinder\plugins\mcufinder//mcu/
2025-05-27 15:47:50,874 [INFO] CrossReferenceDbSqlite:203 - Set database path to: C:\Users\gagno\.stmcufinder\plugins\mcufinder//mcu/cs/
2025-05-27 15:47:51,036 [INFO] RulesReader:64 - Compatibility file has been processed (301 Rules)
2025-05-27 15:47:51,140 [INFO] DbMcusXml:78 - Set database path to: C:\ST\STM32CubeIDE_1.15.0\STM32CubeIDE\plugins\com.st.stm32cube.common.mx_6.14.0.202502271554\\db\/mcu/
2025-05-27 15:47:51,141 [INFO] ApiDb:274 - Set plugin database path to: C:\ST\STM32CubeIDE_1.15.0\STM32CubeIDE\plugins\com.st.stm32cube.common.mx_6.14.0.202502271554\\db\/plugins/boardmanager/
2025-05-27 15:47:51,141 [INFO] ApiDb:261 - Set plugin images path to: C:\ST\STM32CubeIDE_1.15.0\STM32CubeIDE\plugins\com.st.stm32cube.common.mx_6.14.0.202502271554\\db\/plugins/mcufinder/images/
2025-05-27 15:47:51,141 [WARN] DbFile:41 - Overriding database path with different value: C:\Users\gagno\.stmcufinder\plugins\mcufinder/ => C:\Users\gagno\.stmcufinder\plugins\mcufinder
2025-05-27 15:47:51,141 [INFO] ApiDb:250 - Set database path to: C:\Users\gagno\.stmcufinder\plugins\mcufinder//mcu/
2025-05-27 15:47:51,141 [WARN] DbFile:41 - Overriding database path with different value: C:\Users\gagno\.stmcufinder\plugins\mcufinder/ => C:\Users\gagno\.stmcufinder\plugins\mcufinder
2025-05-27 15:47:51,141 [INFO] DbMcusAds:125 - Set database path to: C:\Users\gagno\.stmcufinder\plugins\mcufinder//mcu/
2025-05-27 15:47:51,141 [WARN] DbFile:41 - Overriding database path with different value: C:\Users\gagno\.stmcufinder\plugins\mcufinder/ => C:\Users\gagno\.stmcufinder\plugins\mcufinder
2025-05-27 15:47:51,141 [WARN] DbFile:41 - Overriding database path with different value: C:\Users\gagno\.stmcufinder\plugins\mcufinder/ => C:\Users\gagno\.stmcufinder\plugins\mcufinder
2025-05-27 15:47:51,141 [INFO] CrossReferenceDbSqlite:203 - Set database path to: C:\Users\gagno\.stmcufinder\plugins\mcufinder//mcu/cs/
2025-05-27 15:47:51,239 [INFO] MainPanel:272 - HeapMemory: 268435456
2025-05-27 15:47:51,381 [INFO] DbMcusXml:78 - Set database path to: C:\ST\STM32CubeIDE_1.15.0\STM32CubeIDE\plugins\com.st.stm32cube.common.mx_6.14.0.202502271554\\db\/mcu/
2025-05-27 15:47:51,381 [INFO] ApiDb:274 - Set plugin database path to: C:\ST\STM32CubeIDE_1.15.0\STM32CubeIDE\plugins\com.st.stm32cube.common.mx_6.14.0.202502271554\\db\/plugins/boardmanager/
2025-05-27 15:47:51,381 [INFO] ApiDb:261 - Set plugin images path to: C:\ST\STM32CubeIDE_1.15.0\STM32CubeIDE\plugins\com.st.stm32cube.common.mx_6.14.0.202502271554\\db\/plugins/mcufinder/images/
2025-05-27 15:47:51,382 [WARN] DbFile:41 - Overriding database path with different value: C:\Users\gagno\.stmcufinder\plugins\mcufinder/ => C:\Users\gagno\.stmcufinder\plugins\mcufinder
2025-05-27 15:47:51,382 [INFO] ApiDb:250 - Set database path to: C:\Users\gagno\.stmcufinder\plugins\mcufinder//mcu/
2025-05-27 15:47:51,382 [WARN] DbFile:41 - Overriding database path with different value: C:\Users\gagno\.stmcufinder\plugins\mcufinder/ => C:\Users\gagno\.stmcufinder\plugins\mcufinder
2025-05-27 15:47:51,382 [INFO] DbMcusAds:125 - Set database path to: C:\Users\gagno\.stmcufinder\plugins\mcufinder//mcu/
2025-05-27 15:47:51,382 [WARN] DbFile:41 - Overriding database path with different value: C:\Users\gagno\.stmcufinder\plugins\mcufinder/ => C:\Users\gagno\.stmcufinder\plugins\mcufinder
2025-05-27 15:47:51,383 [WARN] DbFile:41 - Overriding database path with different value: C:\Users\gagno\.stmcufinder\plugins\mcufinder/ => C:\Users\gagno\.stmcufinder\plugins\mcufinder
2025-05-27 15:47:51,383 [INFO] CrossReferenceDbSqlite:203 - Set database path to: C:\Users\gagno\.stmcufinder\plugins\mcufinder//mcu/cs/
2025-05-27 15:47:51,409 [INFO] ApplicationProperties:184 - Using Application install path: C:\ST\STM32CubeIDE_1.15.0\STM32CubeIDE\plugins\com.st.stm32cube.common.mx_6.14.0.202502271554
2025-05-27 15:47:51,410 [INFO] PluginManage:196 - Search for loadable plugins [exclusion list=, ]
2025-05-27 15:47:51,412 [INFO] PluginManage:310 - Check plugin analytics
2025-05-27 15:47:56,663 [INFO] AnalyticsPlugin:253 - Accepted Software Licenses: 
2025-05-27 15:47:56,664 [INFO] AnalyticsPlugin:255 - Accepted CMSIS Pack Licenses: 
2025-05-27 15:47:56,664 [INFO] AnalyticsPlugin:257 - Accepted Firmware Licenses: FW.F4.1.28.0
2025-05-27 15:47:56,667 [INFO] PluginManage:359 - Loaded plugin analytics (category:tool,tabindex:-1)
2025-05-27 15:47:56,667 [INFO] PluginManage:310 - Check plugin cadmodel
2025-05-27 15:47:56,675 [INFO] CADModel:105 - Init CAD model plugin
2025-05-27 15:47:56,675 [INFO] PluginManage:359 - Loaded plugin cadmodel (category:power,tabindex:5)
2025-05-27 15:47:56,675 [INFO] PluginManage:310 - Check plugin clock
2025-05-27 15:47:56,686 [INFO] PluginManage:359 - Loaded plugin clock (category:base,tabindex:2)
2025-05-27 15:47:56,686 [INFO] PluginManage:310 - Check plugin ddr
2025-05-27 15:47:56,689 [INFO] PluginManage:359 - Loaded plugin ddr (category:tool,tabindex:6)
2025-05-27 15:47:56,689 [INFO] PluginManage:310 - Check plugin filemanager
2025-05-27 15:47:56,867 [INFO] PluginManage:359 - Loaded plugin filemanager (category:base,tabindex:10)
2025-05-27 15:47:56,867 [INFO] PluginManage:310 - Check plugin ipmanager
2025-05-27 15:47:56,875 [INFO] PluginManage:359 - Loaded plugin ipmanager (category:base,tabindex:5)
2025-05-27 15:47:56,876 [INFO] PluginManage:310 - Check plugin lpbam
2025-05-27 15:47:56,889 [INFO] PluginManage:359 - Loaded plugin lpbam (category:base,tabindex:0)
2025-05-27 15:47:56,889 [INFO] PluginManage:310 - Check plugin memorymap
2025-05-27 15:47:56,907 [INFO] PluginManage:359 - Loaded plugin memorymap (category:base,tabindex:4)
2025-05-27 15:47:56,907 [INFO] PluginManage:310 - Check plugin pinoutandconfiguration
2025-05-27 15:47:56,917 [INFO] PluginManage:359 - Loaded plugin pinoutandconfiguration (category:base,tabindex:1)
2025-05-27 15:47:56,917 [INFO] PluginManage:310 - Check plugin pinoutconfig
2025-05-27 15:47:57,030 [WARN] SupportedApi:132 - Cannot load RTOS API schema: s4s-elt-must-match.1: The content of 'definitions' must match (annotation?, (simpleType | complexType)?, (unique | key | keyref)*)). A problem was found starting at: attribute.
2025-05-27 15:47:57,235 [INFO] PluginManage:359 - Loaded plugin pinoutconfig (category:base,tabindex:0)
2025-05-27 15:47:57,235 [INFO] PluginManage:310 - Check plugin power
2025-05-27 15:47:57,248 [INFO] PluginManage:359 - Loaded plugin power (category:power,tabindex:4)
2025-05-27 15:47:57,249 [INFO] PluginManage:310 - Check plugin projectmanager
2025-05-27 15:47:57,267 [INFO] PluginManage:359 - Loaded plugin projectmanager (category:projectmanager,tabindex:4)
2025-05-27 15:47:57,267 [INFO] PluginManage:310 - Check plugin rif
2025-05-27 15:47:57,279 [INFO] PluginManage:359 - Loaded plugin rif (category:base,tabindex:3)
2025-05-27 15:47:57,279 [INFO] PluginManage:310 - Check plugin thirdparty
2025-05-27 15:47:57,478 [WARN] IntegrityCheckThread:84 - waiting for thirdparty lock release [integrity check]
2025-05-27 15:47:57,478 [INFO] PluginManage:359 - Loaded plugin thirdparty (category:base,tabindex:-1)
2025-05-27 15:47:57,478 [INFO] IntegrityCheckThread:86 - entering critical section [integrity check]
2025-05-27 15:47:57,478 [INFO] PluginManage:310 - Check plugin tools
2025-05-27 15:47:57,479 [INFO] ThirdPartyUpdaterWithRetryManager:70 - Updater plugin not ready yet. [1/15]
2025-05-27 15:47:57,485 [INFO] PluginManage:359 - Loaded plugin tools (category:base,tabindex:7)
2025-05-27 15:47:57,485 [INFO] PluginManage:310 - Check plugin tutovideos
2025-05-27 15:47:57,752 [INFO] PluginManage:359 - Loaded plugin tutovideos (category:base,tabindex:-1)
2025-05-27 15:47:57,752 [INFO] PluginManage:310 - Check plugin updater
2025-05-27 15:47:57,782 [INFO] PluginManage:359 - Loaded plugin updater (category:base,tabindex:12)
2025-05-27 15:47:57,782 [INFO] PluginManage:310 - Check plugin userauth
2025-05-27 15:47:57,789 [INFO] UserAuth:118 - Init User Auth plugin
2025-05-27 15:47:57,792 [INFO] PluginManage:359 - Loaded plugin userauth (category:base,tabindex:14)
2025-05-27 15:47:57,794 [INFO] PluginManage:283 - PluginManage : Loaded plugins [18]
2025-05-27 15:47:58,051 [INFO] PinOutPanel:1589 - setPackage(No Configuration,No Configuration)
2025-05-27 15:47:58,170 [INFO] CADModel:165 - CPN selected for project level
2025-05-27 15:47:58,171 [INFO] CADModel:114 - Register for checkConnection events
2025-05-27 15:47:58,200 [INFO] IPUIPlugin:80 - create IPUIPlugin
2025-05-27 15:47:58,200 [INFO] PluginManager:220 - loadIPPluginJar : add adc
2025-05-27 15:47:58,206 [INFO] IPUIPlugin:80 - create IPUIPlugin
2025-05-27 15:47:58,206 [INFO] PluginManager:220 - loadIPPluginJar : add aes
2025-05-27 15:47:58,210 [INFO] IPUIPlugin:80 - create IPUIPlugin
2025-05-27 15:47:58,211 [INFO] PluginManager:220 - loadIPPluginJar : add can
2025-05-27 15:47:58,214 [INFO] IPUIPlugin:80 - create IPUIPlugin
2025-05-27 15:47:58,214 [INFO] PluginManager:220 - loadIPPluginJar : add comp
2025-05-27 15:47:58,219 [INFO] IPUIPlugin:80 - create IPUIPlugin
2025-05-27 15:47:58,219 [INFO] PluginManager:220 - loadIPPluginJar : add cryp
2025-05-27 15:47:58,225 [INFO] IPUIPlugin:80 - create IPUIPlugin
2025-05-27 15:47:58,225 [INFO] PluginManager:220 - loadIPPluginJar : add ddr_ctrl_phy
2025-05-27 15:47:58,229 [INFO] IPUIPlugin:80 - create IPUIPlugin
2025-05-27 15:47:58,229 [INFO] PluginManager:220 - loadIPPluginJar : add dfsdm
2025-05-27 15:47:58,238 [INFO] IPUIPlugin:80 - create IPUIPlugin
2025-05-27 15:47:58,238 [INFO] PluginManager:220 - loadIPPluginJar : add dma
2025-05-27 15:47:58,242 [INFO] IPUIPlugin:80 - create IPUIPlugin
2025-05-27 15:47:58,242 [INFO] PluginManager:220 - loadIPPluginJar : add dma3
2025-05-27 15:47:58,246 [INFO] IPUIPlugin:80 - create IPUIPlugin
2025-05-27 15:47:58,246 [INFO] PluginManager:220 - loadIPPluginJar : add extmemmanager
2025-05-27 15:47:58,249 [INFO] IPUIPlugin:80 - create IPUIPlugin
2025-05-27 15:47:58,249 [INFO] PluginManager:220 - loadIPPluginJar : add fatfs
2025-05-27 15:47:58,257 [INFO] IPUIPlugin:80 - create IPUIPlugin
2025-05-27 15:47:58,257 [INFO] PluginManager:220 - loadIPPluginJar : add fmc
2025-05-27 15:47:58,266 [INFO] IPUIPlugin:80 - create IPUIPlugin
2025-05-27 15:47:58,267 [INFO] PluginManager:220 - loadIPPluginJar : add freertos
2025-05-27 15:47:58,269 [INFO] IPUIPlugin:80 - create IPUIPlugin
2025-05-27 15:47:58,269 [INFO] PluginManager:220 - loadIPPluginJar : add genericplugin
2025-05-27 15:47:58,274 [INFO] IPUIPlugin:80 - create IPUIPlugin
2025-05-27 15:47:58,274 [INFO] PluginManager:220 - loadIPPluginJar : add gfxmmu
2025-05-27 15:47:58,282 [INFO] IPUIPlugin:80 - create IPUIPlugin
2025-05-27 15:47:58,282 [INFO] PluginManager:220 - loadIPPluginJar : add gic
2025-05-27 15:47:58,289 [INFO] IPUIPlugin:80 - create IPUIPlugin
2025-05-27 15:47:58,290 [INFO] PluginManager:220 - loadIPPluginJar : add gpio
2025-05-27 15:47:58,295 [INFO] IPUIPlugin:80 - create IPUIPlugin
2025-05-27 15:47:58,295 [INFO] PluginManager:220 - loadIPPluginJar : add gtzc
2025-05-27 15:47:58,299 [INFO] IPUIPlugin:80 - create IPUIPlugin
2025-05-27 15:47:58,299 [INFO] PluginManager:220 - loadIPPluginJar : add hash
2025-05-27 15:47:58,305 [INFO] IPUIPlugin:80 - create IPUIPlugin
2025-05-27 15:47:58,305 [INFO] PluginManager:220 - loadIPPluginJar : add i2c
2025-05-27 15:47:58,311 [INFO] IPUIPlugin:80 - create IPUIPlugin
2025-05-27 15:47:58,311 [INFO] PluginManager:220 - loadIPPluginJar : add i2s
2025-05-27 15:47:58,317 [INFO] IPUIPlugin:80 - create IPUIPlugin
2025-05-27 15:47:58,317 [INFO] PluginManager:220 - loadIPPluginJar : add i3c
2025-05-27 15:47:58,322 [INFO] IPUIPlugin:80 - create IPUIPlugin
2025-05-27 15:47:58,322 [INFO] PluginManager:220 - loadIPPluginJar : add ipddr
2025-05-27 15:47:58,332 [INFO] IPUIPlugin:80 - create IPUIPlugin
2025-05-27 15:47:58,333 [INFO] PluginManager:220 - loadIPPluginJar : add linkedlist
2025-05-27 15:47:58,338 [INFO] IPUIPlugin:80 - create IPUIPlugin
2025-05-27 15:47:58,339 [INFO] PluginManager:220 - loadIPPluginJar : add lorawan
2025-05-27 15:47:58,343 [INFO] IPUIPlugin:80 - create IPUIPlugin
2025-05-27 15:47:58,343 [INFO] PluginManager:220 - loadIPPluginJar : add ltdc
2025-05-27 15:47:58,350 [INFO] IPUIPlugin:80 - create IPUIPlugin
2025-05-27 15:47:58,351 [INFO] PluginManager:220 - loadIPPluginJar : add mdma
2025-05-27 15:47:58,356 [INFO] IPUIPlugin:80 - create IPUIPlugin
2025-05-27 15:47:58,356 [INFO] PluginManager:220 - loadIPPluginJar : add nvic
2025-05-27 15:47:58,361 [INFO] IPUIPlugin:80 - create IPUIPlugin
2025-05-27 15:47:58,362 [INFO] PluginManager:220 - loadIPPluginJar : add opamp
2025-05-27 15:47:58,367 [INFO] IPUIPlugin:80 - create IPUIPlugin
2025-05-27 15:47:58,367 [INFO] PluginManager:220 - loadIPPluginJar : add openamp
2025-05-27 15:47:58,372 [INFO] IPUIPlugin:80 - create IPUIPlugin
2025-05-27 15:47:58,373 [INFO] PluginManager:220 - loadIPPluginJar : add pdm2pcm
2025-05-27 15:47:58,384 [INFO] IPUIPlugin:80 - create IPUIPlugin
2025-05-27 15:47:58,389 [INFO] PluginManager:220 - loadIPPluginJar : add plateformsettings
2025-05-27 15:47:58,392 [INFO] IPUIPlugin:80 - create IPUIPlugin
2025-05-27 15:47:58,392 [INFO] PluginManager:220 - loadIPPluginJar : add quadspi
2025-05-27 15:47:58,399 [INFO] IPUIPlugin:80 - create IPUIPlugin
2025-05-27 15:47:58,401 [INFO] PluginManager:220 - loadIPPluginJar : add radio
2025-05-27 15:47:58,410 [INFO] IPUIPlugin:80 - create IPUIPlugin
2025-05-27 15:47:58,410 [INFO] PluginManager:220 - loadIPPluginJar : add resmgrutility
2025-05-27 15:47:58,416 [INFO] IPUIPlugin:80 - create IPUIPlugin
2025-05-27 15:47:58,416 [INFO] PluginManager:220 - loadIPPluginJar : add sai
2025-05-27 15:47:58,421 [INFO] IPUIPlugin:80 - create IPUIPlugin
2025-05-27 15:47:58,421 [INFO] PluginManager:220 - loadIPPluginJar : add spi
2025-05-27 15:47:58,432 [INFO] IPUIPlugin:80 - create IPUIPlugin
2025-05-27 15:47:58,433 [INFO] PluginManager:220 - loadIPPluginJar : add stm32_wpan
2025-05-27 15:47:58,438 [INFO] IPUIPlugin:80 - create IPUIPlugin
2025-05-27 15:47:58,438 [INFO] PluginManager:220 - loadIPPluginJar : add tim
2025-05-27 15:47:58,444 [INFO] IPUIPlugin:80 - create IPUIPlugin
2025-05-27 15:47:58,445 [INFO] PluginManager:220 - loadIPPluginJar : add touchsensing
2025-05-27 15:47:58,448 [INFO] IPUIPlugin:80 - create IPUIPlugin
2025-05-27 15:47:58,448 [INFO] PluginManager:220 - loadIPPluginJar : add tracer_emb
2025-05-27 15:47:58,453 [INFO] IPUIPlugin:80 - create IPUIPlugin
2025-05-27 15:47:58,453 [INFO] PluginManager:220 - loadIPPluginJar : add ts
2025-05-27 15:47:58,457 [INFO] IPUIPlugin:80 - create IPUIPlugin
2025-05-27 15:47:58,457 [INFO] PluginManager:220 - loadIPPluginJar : add tsc
2025-05-27 15:47:58,460 [INFO] IPUIPlugin:80 - create IPUIPlugin
2025-05-27 15:47:58,460 [INFO] PluginManager:220 - loadIPPluginJar : add ucpd
2025-05-27 15:47:58,465 [INFO] IPUIPlugin:80 - create IPUIPlugin
2025-05-27 15:47:58,465 [INFO] PluginManager:220 - loadIPPluginJar : add usart
2025-05-27 15:47:58,470 [INFO] IPUIPlugin:80 - create IPUIPlugin
2025-05-27 15:47:58,470 [INFO] PluginManager:220 - loadIPPluginJar : add usbx
2025-05-27 15:47:58,634 [FATAL] Updater:351 - Updater called before beeing initialized
2025-05-27 15:47:58,669 [INFO] RulesReader:64 - Compatibility file has been processed (301 Rules)
2025-05-27 15:47:58,681 [INFO] RulesReader:64 - Compatibility file has been processed (301 Rules)
2025-05-27 15:47:58,691 [INFO] CADModel:165 - CPN selected for project level
2025-05-27 15:47:58,691 [INFO] CADModel:114 - Register for checkConnection events
2025-05-27 15:47:58,691 [FATAL] Updater:351 - Updater called before beeing initialized
2025-05-27 15:47:58,691 [ERROR] CADModel:125 - Updater not yet initialized, retry later 
2025-05-27 15:47:58,880 [FATAL] Updater:351 - Updater called before beeing initialized
2025-05-27 15:47:58,883 [INFO] CADModel:165 - CPN selected for project level
2025-05-27 15:47:58,883 [INFO] CADModel:114 - Register for checkConnection events
2025-05-27 15:47:58,883 [FATAL] Updater:351 - Updater called before beeing initialized
2025-05-27 15:47:58,883 [ERROR] CADModel:125 - Updater not yet initialized, retry later 
2025-05-27 15:47:58,888 [FATAL] Updater:351 - Updater called before beeing initialized
2025-05-27 15:47:59,037 [FATAL] Updater:351 - Updater called before beeing initialized
2025-05-27 15:47:59,044 [INFO] DbMcusAds:53 - JSON generation date=Wed May 07 05:07:55 EDT 2025 (1746608875484)
2025-05-27 15:47:59,044 [FATAL] Updater:351 - Updater called before beeing initialized
2025-05-27 15:47:59,088 [WARN] DetailPanel:346 - Failed to get advertising image, set to default
2025-05-27 15:47:59,440 [FATAL] Updater:351 - Updater called before beeing initialized
2025-05-27 15:47:59,443 [FATAL] Updater:351 - Updater called before beeing initialized
2025-05-27 15:47:59,443 [FATAL] Updater:351 - Updater called before beeing initialized
2025-05-27 15:47:59,443 [WARN] DetailPanel:346 - Failed to get advertising image, set to default
2025-05-27 15:47:59,444 [FATAL] Updater:351 - Updater called before beeing initialized
2025-05-27 15:47:59,524 [ERROR] Updater:1198 - MainUpdater not yet initialized. External WinMGr cannot be set.
2025-05-27 15:47:59,527 [INFO] Updater:1134 - Updater Version found : 6.14.0
2025-05-27 15:47:59,549 [INFO] ApplicationProperties:184 - Using Application install path: C:\ST\STM32CubeIDE_1.15.0\STM32CubeIDE\plugins\com.st.stm32cube.common.mx_6.14.0.202502271554
2025-05-27 15:48:00,080 [INFO] MainUpdater:2872 - connection check result : 10
2025-05-27 15:48:00,080 [INFO] MainUpdater:289 - Updater Check For Update Now.
2025-05-27 15:48:00,080 [INFO] MicroXplorer:498 - Change Database Version : DB.6.0.140
2025-05-27 15:48:00,090 [INFO] McuFinderGlobals:63 - Set McuFinder mode to 2 (CubeIDE integrated)
2025-05-27 15:48:00,091 [INFO] UserAuth:486 - Internet connection configuration mode: 1
2025-05-27 15:48:00,125 [INFO] JxBrowserEngine:152 - Initiate JxBrowser Engine with user profile folder
2025-05-27 15:48:00,305 [INFO] CheckServerUpdateThread:120 - End of CheckServer Thread
2025-05-27 15:48:00,886 [WARN] PackLoader:240 - Cannot read IP mode file for STMicroelectronics.FP-SNS-MOTENVWB1.1.4.0
2025-05-27 15:48:00,903 [WARN] PackLoader:240 - Cannot read IP mode file for STMicroelectronics.FP-ATR-ASTRA1.2.0.2
2025-05-27 15:48:00,910 [WARN] PackLoader:240 - Cannot read IP mode file for STMicroelectronics.FP-ATR-ASTRA1.2.0.1
2025-05-27 15:48:00,925 [WARN] PackLoader:240 - Cannot read IP mode file for STMicroelectronics.X-CUBE-SMBUS.2.1.0
2025-05-27 15:48:00,937 [WARN] PackLoader:240 - Cannot read IP mode file for STMicroelectronics.X-CUBE-WB05N.1.1.0
2025-05-27 15:48:00,947 [WARN] PackLoader:240 - Cannot read IP mode file for STMicroelectronics.X-CUBE-ST60.1.0.0
2025-05-27 15:48:00,957 [WARN] PackLoader:240 - Cannot read IP mode file for STMicroelectronics.X-CUBE-TOUCHGFX.4.23.2
2025-05-27 15:48:01,015 [WARN] PackLoader:240 - Cannot read IP mode file for STMicroelectronics.X-CUBE-AZRTOS-F7.1.1.0
2025-05-27 15:48:01,375 [WARN] PackLoader:240 - Cannot read IP mode file for STMicroelectronics.X-CUBE-MEMS1.11.0.0
2025-05-27 15:48:01,701 [WARN] PackLoader:240 - Cannot read IP mode file for STMicroelectronics.FP-SNS-FLIGHT1.5.0.2
2025-05-27 15:48:01,722 [WARN] PackLoader:240 - Cannot read IP mode file for STMicroelectronics.X-CUBE-DISPLAY.3.0.0
2025-05-27 15:48:01,760 [WARN] PackLoader:240 - Cannot read IP mode file for STMicroelectronics.X-CUBE-BLE1.7.0.0
2025-05-27 15:48:01,778 [WARN] PackLoader:240 - Cannot read IP mode file for STMicroelectronics.X-CUBE-NFC10.1.0.0
2025-05-27 15:48:01,801 [WARN] PackLoader:240 - Cannot read IP mode file for STMicroelectronics.X-CUBE-BLEMGR.4.0.0
2025-05-27 15:48:01,818 [WARN] PackLoader:240 - Cannot read IP mode file for emotas.I-CUBE-CANOPEN.1.3.0
2025-05-27 15:48:01,833 [WARN] PackLoader:240 - Cannot read IP mode file for STMicroelectronics.X-CUBE-BLEMGR.3.1.0
2025-05-27 15:48:01,845 [WARN] PackLoader:240 - Cannot read IP mode file for STMicroelectronics.X-CUBE-AI.10.0.0
2025-05-27 15:48:01,856 [WARN] PackLoader:240 - Cannot read IP mode file for STMicroelectronics.FP-SNS-SMARTAG2.1.2.0
2025-05-27 15:48:01,864 [WARN] PackLoader:240 - Cannot read IP mode file for STMicroelectronics.FP-SNS-FLIGHT1.5.1.0
2025-05-27 15:48:01,955 [WARN] PackLoader:240 - Cannot read IP mode file for STMicroelectronics.X-CUBE-MEMS1.11.1.0
2025-05-27 15:48:02,178 [INFO] LogOutputStream:77 - [STDOUT_REDIRECT] 1 : Invalid condition id : UX_CORESTACK_Condition cause : null
2025-05-27 15:48:02,182 [INFO] LogOutputStream:77 - [STDOUT_REDIRECT] 1 : Invalid condition id : UX_CORESTACK_Condition cause : null
2025-05-27 15:48:02,186 [INFO] LogOutputStream:77 - [STDOUT_REDIRECT] 1 : Invalid condition id : UX_CORESTACK_Condition cause : null
2025-05-27 15:48:02,189 [INFO] LogOutputStream:77 - [STDOUT_REDIRECT] 1 : Invalid condition id : UX_CORESTACK_Condition cause : null
2025-05-27 15:48:02,192 [INFO] LogOutputStream:77 - [STDOUT_REDIRECT] 1 : Invalid condition id : UX_CORESTACK_Condition cause : null
2025-05-27 15:48:02,197 [WARN] PackLoader:240 - Cannot read IP mode file for STMicroelectronics.X-CUBE-AZRTOS-WL.2.0.0
2025-05-27 15:48:02,208 [WARN] PackLoader:240 - Cannot read IP mode file for STMicroelectronics.FP-SNS-MOTENV1.5.0.0
2025-05-27 15:48:02,254 [WARN] PackLoader:240 - Cannot read IP mode file for wolfSSL.I-CUBE-wolfMQTT.1.19.0
2025-05-27 15:48:02,268 [WARN] PackLoader:240 - Cannot read IP mode file for WES.I-CUBE-Cesium.1.3.0
2025-05-27 15:48:02,286 [WARN] PackLoader:240 - Cannot read IP mode file for STMicroelectronics.X-CUBE-BLE2.3.3.0
2025-05-27 15:48:02,291 [INFO] WebApp:169 - Instantiating new browser for Auth
2025-05-27 15:48:02,298 [WARN] PackLoader:240 - Cannot read IP mode file for STMicroelectronics.X-CUBE-NFC9.1.0.0
2025-05-27 15:48:02,306 [WARN] PackLoader:240 - Cannot read IP mode file for STMicroelectronics.X-CUBE-BLE1.7.1.0
2025-05-27 15:48:02,324 [WARN] PackLoader:240 - Cannot read IP mode file for STMicroelectronics.X-CUBE-TCPP.4.1.0
2025-05-27 15:48:02,348 [WARN] PackLoader:240 - Cannot read IP mode file for STMicroelectronics.X-CUBE-ALGOBUILD.1.3.0
2025-05-27 15:48:02,427 [WARN] PackLoader:240 - Cannot read IP mode file for STMicroelectronics.X-CUBE-MEMS1.11.2.0
2025-05-27 15:48:02,617 [WARN] PackLoader:240 - Cannot read IP mode file for STMicroelectronics.X-CUBE-AZRTOS-G0.1.1.0
2025-05-27 15:48:02,630 [WARN] PackLoader:240 - Cannot read IP mode file for STMicroelectronics.X-CUBE-SAFEA1.1.2.2
2025-05-27 15:48:02,639 [WARN] PackLoader:240 - Cannot read IP mode file for STMicroelectronics.X-CUBE-NFC4.3.0.0
2025-05-27 15:48:02,646 [WARN] PackLoader:240 - Cannot read IP mode file for wolfSSL.I-CUBE-wolfMQTT.1.18.0
2025-05-27 15:48:02,660 [WARN] PackLoader:240 - Cannot read IP mode file for EmbeddedOffice.I-CUBE-FS-RTOS.1.0.1
2025-05-27 15:48:02,670 [WARN] PackLoader:240 - Cannot read IP mode file for STMicroelectronics.X-CUBE-WB05N.2.0.0
2025-05-27 15:48:02,679 [WARN] PackLoader:240 - Cannot read IP mode file for STMicroelectronics.X-CUBE-TCPP.4.2.0
2025-05-27 15:48:02,690 [WARN] PackLoader:240 - Cannot read IP mode file for RealThread.X-CUBE-RT-Thread_Nano.4.1.1
2025-05-27 15:48:02,697 [WARN] PackLoader:240 - Cannot read IP mode file for wolfSSL.I-CUBE-wolfSSL.5.7.0
2025-05-27 15:48:02,704 [WARN] PackLoader:240 - Cannot read IP mode file for STMicroelectronics.FP-ATR-SIGFOX1.3.2.0
2025-05-27 15:48:02,714 [WARN] ConditionMgr:438 - getConditionDescription Invalid condition id : Cortex-A Device cause : null
2025-05-27 15:48:02,736 [WARN] ConditionMgr:1044 - genDependencies : Invalid condition id : Cortex-A Device cause : null
2025-05-27 15:48:02,737 [WARN] ConditionMgr:1044 - genDependencies : Invalid condition id : Cortex-A Device cause : null
2025-05-27 15:48:02,737 [WARN] ConditionMgr:1044 - genDependencies : Invalid condition id : Cortex-A Device cause : null
2025-05-27 15:48:02,746 [WARN] PackLoader:240 - Cannot read IP mode file for STMicroelectronics.X-CUBE-EEPRMA1.5.1.0
2025-05-27 15:48:02,757 [WARN] PackLoader:240 - Cannot read IP mode file for ITTIA_DB.I-CUBE-ITTIADB.8.9.0
2025-05-27 15:48:02,818 [WARN] PackLoader:240 - Cannot read IP mode file for SEGGER.I-CUBE-embOS.1.3.1
2025-05-27 15:48:02,877 [WARN] PackLoader:240 - Cannot read IP mode file for STMicroelectronics.X-CUBE-ALGOBUILD.1.4.0
2025-05-27 15:48:02,887 [WARN] PackLoader:240 - Cannot read IP mode file for STMicroelectronics.X-CUBE-AI.9.1.0
2025-05-27 15:48:02,897 [WARN] PackLoader:240 - Cannot read IP mode file for STMicroelectronics.X-CUBE-GNSS1.6.0.0
2025-05-27 15:48:02,923 [WARN] PackLoader:240 - Cannot read IP mode file for STMicroelectronics.X-CUBE-AZRTOS-F4.1.1.0
2025-05-27 15:48:02,933 [WARN] PackLoader:240 - Cannot read IP mode file for Avnet-IotConnect.X-CUBE-IoTC-DA16k-PMOD.1.0.0
2025-05-27 15:48:02,941 [WARN] PackLoader:240 - Cannot read IP mode file for STMicroelectronics.X-CUBE-ISPU.2.1.0
2025-05-27 15:48:02,952 [WARN] PackLoader:240 - Cannot read IP mode file for STMicroelectronics.X-CUBE-FREERTOS.1.2.0
2025-05-27 15:48:02,975 [WARN] PackLoader:240 - Cannot read IP mode file for STMicroelectronics.X-CUBE-AZRTOS-L5.2.0.0
2025-05-27 15:48:02,988 [WARN] PackLoader:240 - Cannot read IP mode file for STMicroelectronics.X-CUBE-NFC6.3.1.0
2025-05-27 15:48:02,997 [WARN] PackLoader:240 - Cannot read IP mode file for STMicroelectronics.X-CUBE-DPower.1.2.0
2025-05-27 15:48:03,005 [WARN] PackLoader:240 - Cannot read IP mode file for STMicroelectronics.X-CUBE-AI.9.0.0
2025-05-27 15:48:03,011 [WARN] PackLoader:240 - Cannot read IP mode file for STMicroelectronics.X-CUBE-FREERTOS.1.3.1
2025-05-27 15:48:03,018 [WARN] PackLoader:240 - Cannot read IP mode file for STMicroelectronics.X-CUBE-FREERTOS.1.3.0
2025-05-27 15:48:03,026 [WARN] PackLoader:240 - Cannot read IP mode file for STMicroelectronics.X-CUBE-NFC7.1.0.1
2025-05-27 15:48:03,031 [WARN] PackLoader:240 - Cannot read IP mode file for wolfSSL.I-CUBE-wolfTPM.3.2.0
2025-05-27 15:48:03,036 [WARN] PackLoader:240 - Cannot read IP mode file for STMicroelectronics.X-CUBE-DPower.1.3.0
2025-05-27 15:48:03,040 [WARN] PackLoader:240 - Cannot read IP mode file for STMicroelectronics.X-CUBE-AI.8.1.0
2025-05-27 15:48:03,059 [WARN] ConditionMgr:438 - getConditionDescription Invalid condition id : LAN8742 Phy interface Condition cause : null
2025-05-27 15:48:03,060 [WARN] PackLoader:240 - Cannot read IP mode file for STMicroelectronics.X-CUBE-AZRTOS-L4.2.0.0
2025-05-27 15:48:03,061 [WARN] ConditionMgr:1044 - genDependencies : Invalid condition id : LAN8742 Phy interface Condition cause : null
2025-05-27 15:48:03,062 [WARN] ConditionMgr:1044 - genDependencies : Invalid condition id : LAN8742 Phy interface Condition cause : null
2025-05-27 15:48:03,062 [WARN] ConditionMgr:1044 - genDependencies : Invalid condition id : LAN8742 Phy interface Condition cause : null
2025-05-27 15:48:03,073 [WARN] PackLoader:240 - Cannot read IP mode file for STMicroelectronics.X-CUBE-SFXS2LP1.4.0.0
2025-05-27 15:48:03,106 [WARN] PackLoader:240 - Cannot read IP mode file for STMicroelectronics.X-CUBE-AZRTOS-H7.3.3.0
2025-05-27 15:48:03,126 [WARN] PackLoader:240 - Cannot read IP mode file for STMicroelectronics.X-CUBE-IPS.3.0.0
2025-05-27 15:48:03,147 [WARN] ConditionMgr:438 - getConditionDescription Invalid condition id : UX DEVICE CLASS RTOS Condition cause : null
2025-05-27 15:48:03,147 [WARN] ConditionMgr:438 - getConditionDescription Invalid condition id : UX DEVICE CLASS RTOS Condition cause : null
2025-05-27 15:48:03,151 [WARN] PackLoader:240 - Cannot read IP mode file for STMicroelectronics.X-CUBE-AZRTOS-WB.2.0.0
2025-05-27 15:48:03,152 [WARN] ConditionMgr:1044 - genDependencies : Invalid condition id : UX DEVICE CLASS RTOS Condition cause : null
2025-05-27 15:48:03,152 [WARN] ConditionMgr:1044 - genDependencies : Invalid condition id : UX DEVICE CLASS RTOS Condition cause : null
2025-05-27 15:48:03,153 [WARN] ConditionMgr:1044 - genDependencies : Invalid condition id : UX DEVICE CLASS RTOS Condition cause : null
2025-05-27 15:48:03,153 [WARN] ConditionMgr:1044 - genDependencies : Invalid condition id : UX DEVICE CLASS RTOS Condition cause : null
2025-05-27 15:48:03,153 [WARN] ConditionMgr:1044 - genDependencies : Invalid condition id : UX DEVICE CLASS RTOS Condition cause : null
2025-05-27 15:48:03,161 [WARN] PackLoader:240 - Cannot read IP mode file for STMicroelectronics.X-CUBE-GNSS1.7.0.0
2025-05-27 15:48:03,182 [WARN] PackLoader:240 - Cannot read IP mode file for STMicroelectronics.X-CUBE-GNSS1.7.0.1
2025-05-27 15:48:03,190 [WARN] PackLoader:240 - Cannot read IP mode file for STMicroelectronics.X-CUBE-TOUCHGFX.4.25.0
2025-05-27 15:48:03,208 [WARN] PackLoader:240 - Cannot read IP mode file for STMicroelectronics.FP-SNS-STBOX1.2.0.0
2025-05-27 15:48:03,242 [WARN] PackLoader:240 - Cannot read IP mode file for STMicroelectronics.X-CUBE-SUBG2.5.0.0
2025-05-27 15:48:03,269 [WARN] PackLoader:240 - Cannot read IP mode file for STMicroelectronics.X-CUBE-AZRTOS-H7RS.1.1.0
2025-05-27 15:48:03,293 [WARN] PackLoader:240 - Cannot read IP mode file for STMicroelectronics.X-CUBE-AZRTOS-G4.2.0.0
2025-05-27 15:48:03,303 [WARN] PackLoader:240 - Cannot read IP mode file for STMicroelectronics.X-CUBE-NFC7.2.0.0
2025-05-27 15:48:03,311 [WARN] PackLoader:240 - Cannot read IP mode file for STMicroelectronics.FP-SNS-MOTENVWB1.1.3.1
2025-05-27 15:48:03,317 [WARN] PackLoader:240 - Cannot read IP mode file for STMicroelectronics.X-CUBE-ISPU.2.0.0
2025-05-27 15:48:03,331 [WARN] PackLoader:240 - Cannot read IP mode file for STMicroelectronics.X-CUBE-IPS.3.1.0
2025-05-27 15:48:03,347 [WARN] PackLoader:240 - Cannot read IP mode file for STMicroelectronics.X-CUBE-ALS.1.0.2
2025-05-27 15:48:03,390 [WARN] PackLoader:240 - Cannot read IP mode file for STMicroelectronics.X-CUBE-MEMS1.10.0.0
2025-05-27 15:48:03,532 [WARN] PackLoader:240 - Cannot read IP mode file for STMicroelectronics.X-CUBE-FREERTOS.1.1.0
2025-05-27 15:48:03,537 [WARN] PackLoader:240 - Cannot read IP mode file for STMicroelectronics.X-CUBE-TOUCHGFX.4.24.0
2025-05-27 15:48:03,541 [WARN] PackLoader:240 - Cannot read IP mode file for STMicroelectronics.X-CUBE-TOUCHGFX.4.24.2
2025-05-27 15:48:03,545 [WARN] PackLoader:240 - Cannot read IP mode file for STMicroelectronics.X-CUBE-TOUCHGFX.4.24.1
2025-05-27 15:48:03,551 [WARN] PackLoader:240 - Cannot read IP mode file for portGmbH.I-Cube-SoM-uGOAL.1.1.0
2025-05-27 15:48:03,556 [WARN] PackLoader:240 - Cannot read IP mode file for STMicroelectronics.X-CUBE-ALS.1.0.1
2025-05-27 15:48:03,576 [WARN] PackLoader:240 - Cannot read IP mode file for STMicroelectronics.X-CUBE-AZRTOS-H7RS.1.0.0
2025-05-27 15:48:03,582 [WARN] PackLoader:240 - Cannot read IP mode file for STMicroelectronics.FP-ATR-ASTRA1.2.0.0
2025-05-27 15:48:03,594 [WARN] PackLoader:240 - Cannot read IP mode file for STMicroelectronics.X-CUBE-TOF1.3.4.2
2025-05-27 15:48:03,613 [WARN] PackLoader:240 - Cannot read IP mode file for STMicroelectronics.X-CUBE-TOF1.3.4.3
2025-05-27 15:48:03,637 [WARN] PackLoader:240 - Cannot read IP mode file for STMicroelectronics.X-CUBE-TOF1.3.4.1
2025-05-27 15:48:03,710 [WARN] PackLoader:240 - Cannot read IP mode file for STMicroelectronics.X-CUBE-AZRTOS-H7.3.2.0
2025-05-27 15:48:03,746 [WARN] PackLoader:240 - Cannot read IP mode file for Infineon.AIROC-Wi-Fi-Bluetooth-STM32.1.6.0
2025-05-27 15:48:03,762 [WARN] PackLoader:240 - Cannot read IP mode file for wolfSSL.I-CUBE-wolfSSH.1.4.17
2025-05-27 15:48:03,766 [INFO] ThirdParty:978 - Integrity check success = true
2025-05-27 15:48:03,767 [INFO] IntegrityCheckThread:100 - exiting critical section [integrity check]
2025-05-27 15:48:03,767 [INFO] IntegrityCheckThread:103 - End integrity checks thread
2025-05-27 15:48:03,885 [INFO] WebApp:463 - Apply proxy settings
2025-05-27 15:48:03,885 [INFO] WebApp:548 - Chromium requires no authentication
2025-05-27 15:48:03,899 [INFO] WebApp:491 - Direct internet connection detected
2025-05-27 15:48:03,946 [INFO] WebApp:894 - Register for checkConnection events
2025-05-27 15:48:03,946 [INFO] WebApp:463 - Apply proxy settings
2025-05-27 15:48:03,946 [INFO] WebApp:548 - Chromium requires no authentication
2025-05-27 15:48:03,947 [INFO] WebApp:491 - Direct internet connection detected
2025-05-27 15:48:04,204 [INFO] WebApp:225 - Starting web application
2025-05-27 15:48:04,204 [INFO] WebApp:593 - Web application path used C:\ST\STM32CubeIDE_1.15.0\STM32CubeIDE\plugins\com.st.stm32cube.common.mx_6.14.0.202502271554\db\plugins\mcufinder\reactClient1\index.html
2025-05-27 15:48:04,403 [INFO] UserAuth:486 - Internet connection configuration mode: 1
2025-05-27 15:48:04,460 [INFO] WebApp:191 - Connection restablished
2025-05-27 17:23:23,072 [INFO] McuFinderGlobals:63 - Set McuFinder mode to 2 (CubeIDE integrated)
2025-05-27 17:23:23,082 [INFO] MainUpdater:2872 - connection check result : 10
2025-05-27 17:23:23,084 [INFO] MainUpdater:2872 - connection check result : 10
2025-05-27 17:23:23,150 [INFO] MicroXplorer:468 - Change Database Path : 
2025-05-27 17:23:23,151 [INFO] MicroXplorer:498 - Change Database Version : DB.6.0.140
2025-05-27 17:23:23,160 [WARN] ThirdParty:871 - waiting for thirdparty lock release [close project]
2025-05-27 17:23:23,160 [INFO] ThirdParty:873 - entering critical section [close project]
2025-05-27 17:23:23,162 [INFO] ThirdParty:883 - exiting critical section [close project]
2025-05-27 17:23:23,172 [INFO] PinOutPanel:1589 - setPackage(No Configuration,No Configuration)
2025-05-27 17:23:23,186 [INFO] UtilMem:75 - Begin LoadConfig() Used Memory: 610475864 Bytes (1073741824)
2025-05-27 17:23:23,188 [INFO] MicroXplorer:468 - Change Database Path : 
2025-05-27 17:23:23,188 [INFO] MicroXplorer:498 - Change Database Version : DB.6.0.140
2025-05-27 17:23:23,188 [INFO] OpenFileManager:354 - Change cursor
2025-05-27 17:23:23,308 [INFO] Mcu:2011 - Initializing MCU STM32F412Z(E-G)Tx STM32F412ZGTx STM32F412ZGT6
2025-05-27 17:23:25,590 [INFO] Context:756 - Trying to add GPIOservice into a context  which must be forbidden
2025-05-27 17:23:26,177 [INFO] ImportTextPane:218 - (OptionalMessage_ERROR) Pin45 (VP_RIF_VS_RIF1) cannot be retrieved for this MCU
2025-05-27 17:23:26,375 [INFO] RtosManager:558 - Registered RTOS mode: class=CMSIS, group=RTOS, mode=CMSIS_V1, owner=FREERTOS
2025-05-27 17:23:26,375 [INFO] RtosManager:558 - Registered RTOS mode: class=CMSIS, group=RTOS2, mode=CMSIS_V2, owner=FREERTOS
2025-05-27 17:23:26,375 [INFO] RtosManager:558 - Registered RTOS mode: class=RTOS, group=Core, mode=CMSIS_V1, owner=FREERTOS
2025-05-27 17:23:26,375 [INFO] RtosManager:558 - Registered RTOS mode: class=RTOS, group=Core, mode=CMSIS_V2, owner=FREERTOS
2025-05-27 17:23:26,375 [WARN] ModelIntegratedComponent:184 - Missing modes for component STMicroelectronics:FreeRTOS:0.0.1:STMicroelectronics:RTOS:FreeRTOS:Core:::10.2.0:
2025-05-27 17:23:26,384 [WARN] ModelIntegratedComponent:63 - No mode defined for component null
2025-05-27 17:23:26,384 [WARN] ModelIntegratedComponent:63 - No mode defined for component null
2025-05-27 17:23:26,384 [WARN] ModelIntegratedComponent:63 - No mode defined for component null
2025-05-27 17:23:26,385 [WARN] ModelIntegratedComponent:63 - No mode defined for component null
2025-05-27 17:23:26,385 [WARN] ModelIntegratedComponent:63 - No mode defined for component null
2025-05-27 17:23:26,385 [WARN] ModelIntegratedComponent:63 - No mode defined for component null
2025-05-27 17:23:26,385 [WARN] ModelIntegratedComponent:63 - No mode defined for component null
2025-05-27 17:23:26,385 [WARN] ModelIntegratedComponent:63 - No mode defined for component null
2025-05-27 17:23:26,385 [WARN] ModelIntegratedComponent:63 - No mode defined for component null
2025-05-27 17:23:26,385 [WARN] ModelIntegratedComponent:63 - No mode defined for component null
2025-05-27 17:23:26,385 [WARN] ModelIntegratedComponent:63 - No mode defined for component null
2025-05-27 17:23:26,385 [WARN] ModelIntegratedComponent:63 - No mode defined for component null
2025-05-27 17:23:26,385 [WARN] ModelIntegratedComponent:63 - No mode defined for component null
2025-05-27 17:23:26,385 [WARN] ModelIntegratedComponent:63 - No mode defined for component null
2025-05-27 17:23:26,385 [WARN] ModelIntegratedComponent:63 - No mode defined for component null
2025-05-27 17:23:26,386 [WARN] ModelIntegratedComponent:63 - No mode defined for component null
2025-05-27 17:23:26,386 [WARN] ModelIntegratedComponent:63 - No mode defined for component null
2025-05-27 17:23:26,386 [WARN] ModelIntegratedComponent:63 - No mode defined for component null
2025-05-27 17:23:26,386 [WARN] ModelIntegratedComponent:63 - No mode defined for component null
2025-05-27 17:23:26,386 [WARN] ModelIntegratedComponent:63 - No mode defined for component null
2025-05-27 17:23:26,386 [WARN] ModelIntegratedComponent:63 - No mode defined for component null
2025-05-27 17:23:26,386 [WARN] ModelIntegratedComponent:63 - No mode defined for component null
2025-05-27 17:23:26,386 [WARN] ModelIntegratedComponent:63 - No mode defined for component null
2025-05-27 17:23:26,386 [WARN] ModelIntegratedComponent:63 - No mode defined for component null
2025-05-27 17:23:26,386 [WARN] ModelIntegratedComponent:63 - No mode defined for component null
2025-05-27 17:23:26,386 [WARN] ModelIntegratedComponent:63 - No mode defined for component null
2025-05-27 17:23:26,386 [WARN] ModelIntegratedComponent:63 - No mode defined for component null
2025-05-27 17:23:26,386 [WARN] ModelIntegratedComponent:63 - No mode defined for component null
2025-05-27 17:23:26,386 [WARN] ModelIntegratedComponent:63 - No mode defined for component null
2025-05-27 17:23:26,386 [WARN] ModelIntegratedComponent:63 - No mode defined for component null
2025-05-27 17:23:26,387 [WARN] ModelIntegratedComponent:63 - No mode defined for component null
2025-05-27 17:23:26,387 [WARN] ModelIntegratedComponent:63 - No mode defined for component null
2025-05-27 17:23:26,387 [WARN] ModelIntegratedComponent:63 - No mode defined for component null
2025-05-27 17:23:26,387 [WARN] ModelIntegratedComponent:63 - No mode defined for component null
2025-05-27 17:23:26,387 [WARN] ModelIntegratedComponent:63 - No mode defined for component null
2025-05-27 17:23:26,387 [WARN] ModelPack:524 - Component already loaded: STMicroelectronics:HAL Drivers:0.0.0:STMicroelectronics:Device:STMicro_Driver:XSPI:HAL::0.0.1:HAL_XSPI
2025-05-27 17:23:26,447 [WARN] ModelIntegratedComponent:182 - Modes not found for component STMicroelectronics:USB_DEVICE:1.0.0:STMicroelectronics:USB::USB Device:Audio HS::1.0:USB_DEVICE_1_0_RESTRICTED_HS
2025-05-27 17:23:26,448 [WARN] ModelIntegratedComponent:188 - Modes not found for component STMicroelectronics:USB_DEVICE:1.0.0:STMicroelectronics:USB::USB Device:Audio HS::1.0:USB_DEVICE_1_0_RESTRICTED_HS
2025-05-27 17:23:26,448 [WARN] ModelIntegratedComponent:182 - Modes not found for component STMicroelectronics:USB_DEVICE:1.0.0:STMicroelectronics:USB::USB Device:CDC HS::1.0:USB_DEVICE_1_0_RESTRICTED_HS
2025-05-27 17:23:26,448 [WARN] ModelIntegratedComponent:188 - Modes not found for component STMicroelectronics:USB_DEVICE:1.0.0:STMicroelectronics:USB::USB Device:CDC HS::1.0:USB_DEVICE_1_0_RESTRICTED_HS
2025-05-27 17:23:26,448 [WARN] ModelIntegratedComponent:182 - Modes not found for component STMicroelectronics:USB_DEVICE:1.0.0:STMicroelectronics:USB::USB Device:DFU HS::1.0:USB_DEVICE_1_0_RESTRICTED_HS
2025-05-27 17:23:26,448 [WARN] ModelIntegratedComponent:188 - Modes not found for component STMicroelectronics:USB_DEVICE:1.0.0:STMicroelectronics:USB::USB Device:DFU HS::1.0:USB_DEVICE_1_0_RESTRICTED_HS
2025-05-27 17:23:26,448 [WARN] ModelIntegratedComponent:182 - Modes not found for component STMicroelectronics:USB_DEVICE:1.0.0:STMicroelectronics:USB::USB Device:HID HS::1.0:USB_DEVICE_1_0_RESTRICTED_HS
2025-05-27 17:23:26,448 [WARN] ModelIntegratedComponent:188 - Modes not found for component STMicroelectronics:USB_DEVICE:1.0.0:STMicroelectronics:USB::USB Device:HID HS::1.0:USB_DEVICE_1_0_RESTRICTED_HS
2025-05-27 17:23:26,448 [WARN] ModelIntegratedComponent:182 - Modes not found for component STMicroelectronics:USB_DEVICE:1.0.0:STMicroelectronics:USB::USB Device:Custom HID HS::1.0:USB_DEVICE_1_0_RESTRICTED_HS
2025-05-27 17:23:26,448 [WARN] ModelIntegratedComponent:188 - Modes not found for component STMicroelectronics:USB_DEVICE:1.0.0:STMicroelectronics:USB::USB Device:Custom HID HS::1.0:USB_DEVICE_1_0_RESTRICTED_HS
2025-05-27 17:23:26,448 [WARN] ModelIntegratedComponent:182 - Modes not found for component STMicroelectronics:USB_DEVICE:1.0.0:STMicroelectronics:USB::USB Device:MSC HS::1.0:USB_DEVICE_1_0_RESTRICTED_HS
2025-05-27 17:23:26,448 [WARN] ModelIntegratedComponent:188 - Modes not found for component STMicroelectronics:USB_DEVICE:1.0.0:STMicroelectronics:USB::USB Device:MSC HS::1.0:USB_DEVICE_1_0_RESTRICTED_HS
2025-05-27 17:23:26,524 [WARN] ModelIntegratedComponent:182 - Modes not found for component STMicroelectronics:USB_HOST:1.0.0:STMicroelectronics:USB::USB Host:Audio HS::1.0:USB_HOST_1_0_RESTRICTED_HS
2025-05-27 17:23:26,524 [WARN] ModelIntegratedComponent:188 - Modes not found for component STMicroelectronics:USB_HOST:1.0.0:STMicroelectronics:USB::USB Host:Audio HS::1.0:USB_HOST_1_0_RESTRICTED_HS
2025-05-27 17:23:26,524 [WARN] ModelIntegratedComponent:182 - Modes not found for component STMicroelectronics:USB_HOST:1.0.0:STMicroelectronics:USB::USB Host:CDC HS::1.0:USB_HOST_1_0_RESTRICTED_HS
2025-05-27 17:23:26,524 [WARN] ModelIntegratedComponent:188 - Modes not found for component STMicroelectronics:USB_HOST:1.0.0:STMicroelectronics:USB::USB Host:CDC HS::1.0:USB_HOST_1_0_RESTRICTED_HS
2025-05-27 17:23:26,524 [WARN] ModelIntegratedComponent:182 - Modes not found for component STMicroelectronics:USB_HOST:1.0.0:STMicroelectronics:USB::USB Host:MSC HS::1.0:USB_HOST_1_0_RESTRICTED_HS
2025-05-27 17:23:26,524 [WARN] ModelIntegratedComponent:188 - Modes not found for component STMicroelectronics:USB_HOST:1.0.0:STMicroelectronics:USB::USB Host:MSC HS::1.0:USB_HOST_1_0_RESTRICTED_HS
2025-05-27 17:23:26,524 [WARN] ModelIntegratedComponent:182 - Modes not found for component STMicroelectronics:USB_HOST:1.0.0:STMicroelectronics:USB::USB Host:HID HS::1.0:USB_HOST_1_0_RESTRICTED_HS
2025-05-27 17:23:26,524 [WARN] ModelIntegratedComponent:188 - Modes not found for component STMicroelectronics:USB_HOST:1.0.0:STMicroelectronics:USB::USB Host:HID HS::1.0:USB_HOST_1_0_RESTRICTED_HS
2025-05-27 17:23:26,524 [WARN] ModelIntegratedComponent:182 - Modes not found for component STMicroelectronics:USB_HOST:1.0.0:STMicroelectronics:USB::USB Host:MTP HS::1.0:USB_HOST_1_0_RESTRICTED_HS
2025-05-27 17:23:26,525 [WARN] ModelIntegratedComponent:188 - Modes not found for component STMicroelectronics:USB_HOST:1.0.0:STMicroelectronics:USB::USB Host:MTP HS::1.0:USB_HOST_1_0_RESTRICTED_HS
2025-05-27 17:23:26,631 [INFO] ThirdPartyModel:298 - Start build external matchings
2025-05-27 17:23:28,190 [INFO] ThirdPartyModel:316 - End build external matchings
2025-05-27 17:23:28,231 [INFO] ImportTextPane:218 - (OptionalMessage_ERROR) IP (RCC) : Invalid parameter (FamilyName)
2025-05-27 17:23:28,241 [WARN] IP:2250 - DEVICE_SERIAL0_CDC_FS not found: check if there is a RefParameter without a condition.
2025-05-27 17:23:28,241 [WARN] IP:2250 - DEVICE_SERIAL1_CDC_FS not found: check if there is a RefParameter without a condition.
2025-05-27 17:23:28,241 [WARN] IP:2250 - DEVICE_SERIAL2_CDC_FS not found: check if there is a RefParameter without a condition.
2025-05-27 17:23:28,801 [INFO] ApiDb:581 - Connected to CubeFinder SQLite database (C:\Users\gagno\.stmcufinder\plugins\mcufinder\mcu\cube-finder-db.db)
2025-05-27 17:23:28,931 [INFO] ApiDb:668 - CubeFinder database Data Model version=2.1
2025-05-27 17:23:28,932 [INFO] ApiDb:669 - CubeFinder database Configuration version=3.0.39
2025-05-27 17:23:28,934 [INFO] ApiDb:670 - CubeFinder database generation date=2025-04-23 (1745419778)
2025-05-27 17:23:28,935 [INFO] ApiDb:671 - CubeFinder database FW Pack versions=[FP-ATR-ASTRA1_V2.0.0, FP-SNS-FLIGHT1_V5.1.0, FP-SNS-MOTENV1_V5.0.0, FP-SNS-MOTENVWB1_V1.4.0, FP-SNS-SMARTAG2_V1.2.0, FP-SNS-STBOX1_V2.0.0, STM32Cube_FW_C0_V1.4.0, STM32Cube_FW_F4_V1.28.1, STM32Cube_FW_F7_V1.17.2, STM32Cube_FW_G0_V1.6.2, STM32Cube_FW_G4_V1.6.1, STM32Cube_FW_H5_V1.5.0, STM32Cube_FW_H7RS_V1.2.0, STM32Cube_FW_H7_V1.12.1, STM32Cube_FW_L0_V1.12.2, STM32Cube_FW_L4_V1.18.1, STM32Cube_FW_L5_V1.5.1, STM32Cube_FW_N6_V1.1.1, STM32Cube_FW_U0_V1.2.0, STM32Cube_FW_U3_V1.1.0, STM32Cube_FW_U5_V1.7.0, STM32Cube_FW_WB0_V1.2.0, STM32Cube_FW_WBA_V1.6.0, STM32Cube_FW_WB_V1.22.0, STM32Cube_FW_WL3_V1.1.0, STM32Cube_FW_WL_V1.3.1, X-CUBE-ALGOBUILD_V1.4.0, X-CUBE-ALS_V1.0.2, X-CUBE-AZRTOS-F4_V1.1.0, X-CUBE-AZRTOS-F7_V1.1.0, X-CUBE-AZRTOS-G0_V1.1.0, X-CUBE-AZRTOS-G4_V2.0.0, X-CUBE-AZRTOS-H7RS_V1.1.0, X-CUBE-AZRTOS-H7_V3.3.0, X-CUBE-AZRTOS-L4_V2.0.0, X-CUBE-AZRTOS-L5_V2.0.0, X-CUBE-AZRTOS-WB_V2.0.0, X-CUBE-AZRTOS-WL_V2.0.0, X-CUBE-BLE1_V7.1.0, X-CUBE-BLE2_V3.3.0, X-CUBE-BLEMGR_V4.0.0, X-CUBE-EEPRMA1_V5.1.0, X-CUBE-FREERTOS_V1.3.0, X-CUBE-GNSS1_V6.0.0, X-CUBE-MEMS1_V11.2.0, X-CUBE-NFC4_V3.0.0, X-CUBE-NFC7_V1.0.1, X-CUBE-SFXS2LP1_V4.0.0, X-CUBE-SUBG2_V5.0.0, X-CUBE-TOF1_V3.4.3]
2025-05-27 17:23:29,125 [INFO] DbBoardsSqlite:226 - include board P-NUCLEO-WB55-NUCLEO as a kit item of type 'Nucleo-64'
2025-05-27 17:23:29,126 [INFO] DbBoardsSqlite:226 - include board P-NUCLEO-WB55-USBDONGLE as a kit item of type 'Nucleo USB Dongle'
2025-05-27 17:23:29,127 [INFO] DbBoardsSqlite:226 - include board STEVAL-IDP005V1 as a kit item of type 'Evaluation Board'
2025-05-27 17:23:29,128 [INFO] DbBoardsSqlite:226 - include board STEVAL-IDP005V2 as a kit item of type 'Evaluation Board'
2025-05-27 17:23:29,654 [INFO] ApiDb:240 - Found 895 in-development CPN: [B-G473E-ZEST1S, B-WB1M-WPAN1, B-WBA5M-WPAN, B-WL5M-SUBG1, NUCLEO-C031C6, NUCLEO-C051C8, NUCLEO-C071RB, NUCLEO-C092RC, NUCLEO-H503RB, NUCLEO-H533RE, NUCLEO-H563ZI, NUCLEO-H7S3L8, NUCLEO-N657X0-Q, NUCLEO-U031R8, NUCLEO-U083RC, NUCLEO-U385RG-Q, NUCLEO-U545RE-Q, NUCLEO-U5A5ZJ-Q, NUCLEO-WB05KZ, NUCLEO-WB07CC, NUCLEO-WB09KE, NUCLEO-WBA52CG, NUCLEO-WBA55CG, NUCLEO-WBA65RI, NUCLEO-WL33CC1, NUCLEO-WL33CC2, STEVAL-PROTEUS1, STEVAL-SMARTAG2, STEVAL-STWINBX1, STM320518-EVAL, STM32C0116-DK, STM32C011D6Y3TR, STM32C011D6Y6TR, STM32C011F4P3, STM32C011F4P6, STM32C011F4U3, STM32C011F4U6TR, STM32C011F6P3, STM32C011F6P6, STM32C011F6U3, STM32C011F6U6TR, STM32C011J4M3, STM32C011J4M6, STM32C011J6M3, STM32C011J6M6, STM32C0316-DK, STM32C031C4T3, STM32C031C4T6, STM32C031C4U3, STM32C031C4U6, STM32C031C6T3, STM32C031C6T6, STM32C031C6U3, STM32C031C6U6, STM32C031F4P3, STM32C031F4P6, STM32C031F6P3, STM32C031F6P6, STM32C031G4U3, STM32C031G4U6, STM32C031G6U3, STM32C031G6U6, STM32C031K4T3, STM32C031K4T6, STM32C031K4U3, STM32C031K4U6, STM32C031K6T3, STM32C031K6T6, STM32C031K6U3, STM32C031K6U6, STM32C051C6T6, STM32C051C6U6, STM32C051C8T6, STM32C051C8U6, STM32C051D8Y6TR, STM32C051F6P6, STM32C051F8P6, STM32C051G6U6, STM32C051G8U6, STM32C051K6T6, STM32C051K6U6, STM32C051K8T6, STM32C071C8T6, STM32C071C8T6N, STM32C071C8U6, STM32C071C8U6N, STM32C071CBT6, STM32C071CBT6N, STM32C071CBU6, STM32C071CBU6N, STM32C071F8P6, STM32C071F8P6N, STM32C071FBP6, STM32C071FBP6N, STM32C071FBY6TR, STM32C071G8U6, STM32C071G8U6N, STM32C071GBU6, STM32C071GBU6N, STM32C071K8T6, STM32C071K8T6N, STM32C071K8U6, STM32C071K8U6N, STM32C071KBT6, STM32C071KBT6N, STM32C071KBU6, STM32C071KBU6N, STM32C071R8T6, STM32C071R8T6N, STM32C071RBI6N, STM32C071RBT6, STM32C071RBT6N, STM32C091CBT6, STM32C091CBU6, STM32C091CCT6, STM32C091CCU6, STM32C091ECY6TR, STM32C091FBP6, STM32C091FCP6, STM32C091GBU6, STM32C091GCU6, STM32C091KBT6, STM32C091KBU6, STM32C091KCT6, STM32C091KCU6, STM32C091RBT6, STM32C091RCI6, STM32C091RCT6, STM32C092CBT6, STM32C092CBU6, STM32C092CCT6, STM32C092CCU6, STM32C092ECY6TR, STM32C092FBP6, STM32C092FCP6, STM32C092GBU6, STM32C092GCU6, STM32C092KBT6, STM32C092KBU6, STM32C092KCT6, STM32C092KCU6, STM32C092RBT6, STM32C092RCI6, STM32C092RCT6, STM32G071K8TXN, STM32G071K8UXN, STM32G081GBU6N, STM32G081KBT6N, STM32G081KBUXN, STM32G0B1CCT6N, STM32G0B1KCT6, STM32G0B1NEY6TR, STM32G0B1RCT6N, STM32G0C1CCT6, STM32G0C1CCT6N, STM32G0C1CCU6N, STM32G0C1CET6N, STM32G0C1CEU6N, STM32G0C1KCT6, STM32G0C1NEY6TR, STM32G0C1RCI6N, STM32G0C1RCT6N, STM32G0C1REI6N, STM32G0C1RET6N, STM32G0C1VCI6, STM32G0C1VEI6, STM32G411C6T3, STM32G411C6T6, STM32G411C6U3, STM32G411C6U6, STM32G411C8T3, STM32G411C8T6, STM32G411C8U3, STM32G411C8U6, STM32G411CBT3, STM32G411CBT6, STM32G411CBU3, STM32G411CBU6, STM32G411CCT3, STM32G411CCT6, STM32G411CCU3, STM32G411CCU6, STM32G411K6T3, STM32G411K6T6, STM32G411K6U3, STM32G411K6U6, STM32G411K8T3, STM32G411K8T6, STM32G411K8U3, STM32G411K8U6, STM32G411KBT3, STM32G411KBT6, STM32G411KBU3, STM32G411KBU6, STM32G411M6T3, STM32G411M6T6, STM32G411M8T3, STM32G411M8T6, STM32G411MBT3, STM32G411MBT6, STM32G411MCT3, STM32G411MCT6, STM32G411R6T3, STM32G411R6T6, STM32G411R8T3, STM32G411R8T6, STM32G411RBT3, STM32G411RBT6, STM32G411RCT3, STM32G411RCT6, STM32G414CBT3, STM32G414CBT6, STM32G414CBU3, STM32G414CBU6, STM32G414CCT3, STM32G414CCT6, STM32G414CCU3, STM32G414CCU6, STM32G414MBT3, STM32G414MBT6, STM32G414MCT3, STM32G414MCT6, STM32G414RBT3, STM32G414RBT6, STM32G414RCT3, STM32G414RCT6, STM32G414VBT3, STM32G414VBT6, STM32G414VCT3, STM32G414VCT6, STM32G431CBT3Z, STM32G431RBT3Z, STM32G471CCT6, STM32G471CCU6, STM32G471CET3, STM32G471CET6, STM32G471CEU3, STM32G471CEU6, STM32G471MCT6, STM32G471MET3, STM32G471MET6, STM32G471MEY6TR, STM32G471QCT6, STM32G471QET3, STM32G471RCT6, STM32G471RET3, STM32G471RET6, STM32G471VCH6, STM32G471VCI6, STM32G471VCT6, STM32G471VEH3, STM32G471VEH6, STM32G471VEI3, STM32G471VEI6, STM32G471VET3, STM32G471VET6, STM32G473QET3Z, STM32G473RET3Z, STM32G474CCT6, STM32G491RET3Z, STM32H503CBT6, STM32H503CBU6, STM32H503EBY6TR, STM32H503KBU6, STM32H503RBT6, STM32H523CCT6, STM32H523CCU6, STM32H523CET6, STM32H523CEU6, STM32H523HEY6TR, STM32H523RCT6, STM32H523RET6, STM32H523VCI6, STM32H523VCT6, STM32H523VEI6, STM32H523VET6, STM32H523ZCJ6, STM32H523ZCT6, STM32H523ZEJ6, STM32H523ZET6, STM32H533CET6, STM32H533CEU6, STM32H533HEY6TR, STM32H533RET6, STM32H533VEI6, STM32H533VET6, STM32H533ZEJ6, STM32H533ZET6, STM32H562AGI6, STM32H562AII6, STM32H562IGK6, STM32H562IGT6, STM32H562IIK6, STM32H562IIT6, STM32H562RGT6, STM32H562RGV6, STM32H562RIT6, STM32H562RIV6, STM32H562VGT6, STM32H562VIT6, STM32H562ZGT6, STM32H562ZIT6, STM32H563AGI6, STM32H563AII3Q, STM32H563AII6, STM32H563IGK6, STM32H563IGT6, STM32H563IIK3Q, STM32H563IIK6, STM32H563IIT3Q, STM32H563IIT6, STM32H563MIY3QTR, STM32H563RGT6, STM32H563RGV6, STM32H563RIT6, STM32H563RIV6, STM32H563VGT6, STM32H563VIT3Q, STM32H563VIT6, STM32H563ZGT6, STM32H563ZIT3Q, STM32H563ZIT6, STM32H573AII3Q, STM32H573AII6, STM32H573I-DK, STM32H573IIK3Q, STM32H573IIK6, STM32H573IIT3Q, STM32H573IIT6, STM32H573MIY3QTR, STM32H573RIT6, STM32H573RIV6, STM32H573VIT3Q, STM32H573VIT6, STM32H573ZIT3Q, STM32H573ZIT6, STM32H7R3A8I6, STM32H7R3I8K6, STM32H7R3I8T6, STM32H7R3L8H6, STM32H7R3L8H6H, STM32H7R3R8V6, STM32H7R3V8H6, STM32H7R3V8T6, STM32H7R3V8Y6TR, STM32H7R3Z8J6, STM32H7R3Z8T6, STM32H7R7A8I6, STM32H7R7I8K6, STM32H7R7I8T6, STM32H7R7L8H6, STM32H7R7L8H6H, STM32H7R7Z8J6, STM32H7S3A8I6, STM32H7S3I8K6, STM32H7S3I8T6, STM32H7S3L8H6, STM32H7S3L8H6H, STM32H7S3R8V6, STM32H7S3V8H6, STM32H7S3V8T6, STM32H7S3V8Y6TR, STM32H7S3Z8J6, STM32H7S3Z8T6, STM32H7S78-DK, STM32H7S7A8I6, STM32H7S7I8K6, STM32H7S7I8T6, STM32H7S7L8H6, STM32H7S7L8H6H, STM32H7S7Z8J6, STM32L4R5QGI6STR, STM32MP131AAE3, STM32MP131AAF3, STM32MP131AAG3, STM32MP131CAE3, STM32MP131CAF3, STM32MP131CAG3, STM32MP131DAE7, STM32MP131DAF7, STM32MP131DAG7, STM32MP131FAE7, STM32MP131FAF7, STM32MP131FAG7, STM32MP133AAE3, STM32MP133AAF3, STM32MP133AAG3, STM32MP133CAE3, STM32MP133CAF3, STM32MP133CAG3, STM32MP133DAE7, STM32MP133DAF7, STM32MP133DAG7, STM32MP133FAE7, STM32MP133FAF7, STM32MP133FAG7, STM32MP135AAE3, STM32MP135AAF3, STM32MP135AAG3, STM32MP135CAE3, STM32MP135CAF3, STM32MP135CAG3, STM32MP135DAE7, STM32MP135DAF7, STM32MP135DAG7, STM32MP135F-DK, STM32MP135FAE7, STM32MP135FAF7, STM32MP135FAF7T, STM32MP135FAF7U, STM32MP135FAG7, STM32MP231AAJ3, STM32MP231AAK3, STM32MP231AAL3, STM32MP231CAJ3, STM32MP231CAK3, STM32MP231CAL3, STM32MP231DAJ3, STM32MP231DAK3, STM32MP231DAL3, STM32MP231FAJ3, STM32MP231FAK3, STM32MP231FAL3, STM32MP233AAJ3, STM32MP233AAK3, STM32MP233AAL3, STM32MP233CAJ3, STM32MP233CAK3, STM32MP233CAL3, STM32MP233DAJ3, STM32MP233DAK3, STM32MP233DAL3, STM32MP233FAJ3, STM32MP233FAK3, STM32MP233FAL3, STM32MP235AAJ3, STM32MP235AAK3, STM32MP235AAL3, STM32MP235CAJ3, STM32MP235CAK3, STM32MP235CAL3, STM32MP235DAJ3, STM32MP235DAK3, STM32MP235DAL3, STM32MP235FAJ3, STM32MP235FAK3, STM32MP235FAL3, STM32MP251AAI3, STM32MP251AAJ3, STM32MP251AAK3, STM32MP251AAL3, STM32MP251CAI3, STM32MP251CAJ3, STM32MP251CAK3, STM32MP251CAL3, STM32MP251DAI3, STM32MP251DAJ3, STM32MP251DAK3, STM32MP251DAL3, STM32MP251FAI3, STM32MP251FAJ3, STM32MP251FAK3, STM32MP251FAL3, STM32MP253AAI3, STM32MP253AAJ3, STM32MP253AAK3, STM32MP253AAL3, STM32MP253CAI3, STM32MP253CAJ3, STM32MP253CAK3, STM32MP253CAL3, STM32MP253DAI3, STM32MP253DAJ3, STM32MP253DAK3, STM32MP253DAL3, STM32MP253FAI3, STM32MP253FAJ3, STM32MP253FAK3, STM32MP253FAL3, STM32MP255AAI3, STM32MP255AAJ3, STM32MP255AAK3, STM32MP255AAL3, STM32MP255CAI3, STM32MP255CAJ3, STM32MP255CAK3, STM32MP255CAL3, STM32MP255DAI3, STM32MP255DAJ3, STM32MP255DAK3, STM32MP255DAL3, STM32MP255FAI3, STM32MP255FAJ3, STM32MP255FAK3, STM32MP255FAL3, STM32MP257AAI3, STM32MP257AAJ3, STM32MP257AAK3, STM32MP257AAL3, STM32MP257CAI3, STM32MP257CAJ3, STM32MP257CAK3, STM32MP257CAL3, STM32MP257DAI3, STM32MP257DAJ3, STM32MP257DAK3, STM32MP257DAL3, STM32MP257F-DK, STM32MP257F-EV1, STM32MP257FAI3, STM32MP257FAJ3, STM32MP257FAK3, STM32MP257FAL3, STM32N645A0H3Q, STM32N645B0H3Q, STM32N645I0H3Q, STM32N645L0H3Q, STM32N645X0H3Q, STM32N645Z0H3Q, STM32N647A0H3Q, STM32N647B0H3Q, STM32N647I0H3Q, STM32N647L0H3Q, STM32N647X0H3Q, STM32N647Z0H3Q, STM32N655A0H3Q, STM32N655B0H3Q, STM32N655I0H3Q, STM32N655L0H3Q, STM32N655X0H3Q, STM32N655Z0H3Q, STM32N6570-DK, STM32N657A0H3Q, STM32N657B0H3Q, STM32N657I0H3Q, STM32N657L0H3Q, STM32N657X0H3Q, STM32N657Z0H3Q, STM32U031C6T6, STM32U031C6U6, STM32U031C8T6, STM32U031C8U6, STM32U031F4P6, STM32U031F6P6, STM32U031F8P6, STM32U031G6Y6TR, STM32U031G8Y6TR, STM32U031K4U6, STM32U031K6U6, STM32U031K8U6, STM32U031R6I6, STM32U031R6T6, STM32U031R8I6, STM32U031R8T6, STM32U073C8T6, STM32U073C8U6, STM32U073CBT6, STM32U073CBU6, STM32U073CCT6, STM32U073CCU6, STM32U073H8Y6TR, STM32U073HBY6TR, STM32U073HCY6TR, STM32U073K8U6, STM32U073KBU6, STM32U073KCU6, STM32U073M8I6, STM32U073M8T6, STM32U073MBI6, STM32U073MBT6, STM32U073MCI6, STM32U073MCT6, STM32U073R8I6, STM32U073R8T6, STM32U073RBI6, STM32U073RBT6, STM32U073RCI6, STM32U073RCT6, STM32U083C-DK, STM32U083CCT6, STM32U083CCU6, STM32U083HCY6TR, STM32U083KCU6, STM32U083MCI6, STM32U083MCT6, STM32U083RCI6, STM32U083RCT6, STM32U375CET6, STM32U375CET6Q, STM32U375CEU6, STM32U375CEU6Q, STM32U375CEY6QTR, STM32U375CGT6, STM32U375CGT6Q, STM32U375CGU6, STM32U375CGU6Q, STM32U375CGY6QTR, STM32U375KEU6, STM32U375KGU6, STM32U375REI6, STM32U375REI6Q, STM32U375RET6, STM32U375RET6Q, STM32U375REY6GTR, STM32U375REY6QTR, STM32U375RGI6, STM32U375RGI6Q, STM32U375RGT6, STM32U375RGT6Q, STM32U375RGY6GTR, STM32U375RGY6QTR, STM32U375VEI6, STM32U375VEI6Q, STM32U375VET6, STM32U375VET6Q, STM32U375VGI6, STM32U375VGI6Q, STM32U375VGT6, STM32U375VGT6Q, STM32U385CGT6, STM32U385CGT6Q, STM32U385CGU6, STM32U385CGU6Q, STM32U385CGY6QTR, STM32U385KGU6, STM32U385RGI6, STM32U385RGI6Q, STM32U385RGT6, STM32U385RGT6Q, STM32U385RGY6GTR, STM32U385RGY6QTR, STM32U385VGI6, STM32U385VGI6Q, STM32U385VGT6, STM32U385VGT6Q, STM32U535CBT6, STM32U535CBT6Q, STM32U535CBU6, STM32U535CBU6Q, STM32U535CCT6, STM32U535CCT6Q, STM32U535CCU6, STM32U535CCU6Q, STM32U535CET6, STM32U535CET6Q, STM32U535CEU6, STM32U535CEU6Q, STM32U535JEY6QTR, STM32U535NCY6QTR, STM32U535NEY6QTR, STM32U535RBI6, STM32U535RBI6Q, STM32U535RBT6, STM32U535RBT6Q, STM32U535RCI6, STM32U535RCI6Q, STM32U535RCT6, STM32U535RCT6Q, STM32U535REI6, STM32U535REI6Q, STM32U535RET6, STM32U535RET6Q, STM32U535VCI6, STM32U535VCI6Q, STM32U535VCT6, STM32U535VCT6Q, STM32U535VEI6, STM32U535VEI6Q, STM32U535VET6, STM32U535VET6Q, STM32U545CET6, STM32U545CET6Q, STM32U545CEU6, STM32U545CEU6Q, STM32U545JEY6QTR, STM32U545NEY6QTR, STM32U545REI6, STM32U545REI6Q, STM32U545RET6, STM32U545RET6Q, STM32U545VEI6, STM32U545VEI6Q, STM32U545VET6, STM32U545VET6Q, STM32U595AIH6, STM32U595AIH6Q, STM32U595AJH6, STM32U595AJH6Q, STM32U595QII6, STM32U595QII6Q, STM32U595QJI6, STM32U595QJI6Q, STM32U595RIT6, STM32U595RIT6Q, STM32U595RJT6, STM32U595RJT6Q, STM32U595VIT6, STM32U595VIT6Q, STM32U595VJT6, STM32U595VJT6Q, STM32U595ZIT6, STM32U595ZIT6Q, STM32U595ZIY6QTR, STM32U595ZJT6, STM32U595ZJT6Q, STM32U595ZJY6QTR, STM32U599BJY6QTR, STM32U599NIH6Q, STM32U599NJH6Q, STM32U599VIT6Q, STM32U599VJT6, STM32U599VJT6Q, STM32U599ZIT6Q, STM32U599ZIY6QTR, STM32U599ZJT6Q, STM32U599ZJY6QTR, STM32U5A5AJH6, STM32U5A5AJH6Q, STM32U5A5QII3Q , STM32U5A5QJI6, STM32U5A5QJI6Q, STM32U5A5RJT6, STM32U5A5RJT6Q, STM32U5A5VJT6, STM32U5A5VJT6Q, STM32U5A5ZJT6, STM32U5A5ZJT6Q, STM32U5A5ZJY6QTR, STM32U5A9BJY6QTR, STM32U5A9J-DK, STM32U5A9NJH6Q, STM32U5A9VJT6Q, STM32U5A9ZJT6Q, STM32U5A9ZJY6QTR, STM32U5F7VIT6, STM32U5F7VIT6Q, STM32U5F7VJT6, STM32U5F7VJT6Q, STM32U5F9BJY6QTR, STM32U5F9NJH6Q, STM32U5F9VIT6Q, STM32U5F9VJT6Q, STM32U5F9ZIJ6QTR, STM32U5F9ZIT6Q, STM32U5F9ZJJ6QTR, STM32U5F9ZJT6Q, STM32U5G7VJT6, STM32U5G7VJT6Q, STM32U5G9BJY6QTR, STM32U5G9J-DK1, STM32U5G9J-DK2, STM32U5G9NJH6Q, STM32U5G9VJT6Q, STM32U5G9ZJJ6QTR, STM32U5G9ZJT6Q, STM32WB05KZV6TR, STM32WB05KZV7TR, STM32WB05TZF6TR, STM32WB05TZF7TR, STM32WB06CCF6TR, STM32WB06CCF7TR, STM32WB06CCV6TR, STM32WB06CCV7TR, STM32WB06KCV6TR, STM32WB06KCV7TR, STM32WB07CCF6TR, STM32WB07CCF7TR, STM32WB07CCV6TR, STM32WB07CCV7TR, STM32WB07KCV6TR, STM32WB07KCV7TR, STM32WB09KEV6TR, STM32WB09KEV7TR, STM32WB09TEF6TR, STM32WB09TEF7TR, STM32WB1MMCH6, STM32WBA50KGU6, STM32WBA50KGU6TR, STM32WBA52CEU6, STM32WBA52CEU6TR, STM32WBA52CEU7, STM32WBA52CEU7TR, STM32WBA52CGU6, STM32WBA52CGU6TR, STM32WBA52CGU6U, STM32WBA52CGU7, STM32WBA52CGU7TR, STM32WBA52KEU6, STM32WBA52KEU6TR, STM32WBA52KGU6, STM32WBA52KGU6TR, STM32WBA54CEU6, STM32WBA54CEU6TR, STM32WBA54CEU7, STM32WBA54CEU7TR, STM32WBA54CGU6, STM32WBA54CGU6TR, STM32WBA54CGU7, STM32WBA54CGU7TR, STM32WBA54KEU6, STM32WBA54KEU6TR, STM32WBA54KEU7, STM32WBA54KEU7TR, STM32WBA54KGU6, STM32WBA54KGU6TR, STM32WBA54KGU7, STM32WBA54KGU7TR, STM32WBA55CEU6, STM32WBA55CEU6TR, STM32WBA55CEU7, STM32WBA55CEU7TR, STM32WBA55CGU6, STM32WBA55CGU6TR, STM32WBA55CGU6U, STM32WBA55CGU7, STM32WBA55CGU7TR, STM32WBA55G-DK1, STM32WBA55HEF6, STM32WBA55HEF7, STM32WBA55HGF6, STM32WBA55HGF7, STM32WBA55UEI6, STM32WBA55UEI6TR, STM32WBA55UEI7, STM32WBA55UEI7TR, STM32WBA55UGI6, STM32WBA55UGI6TR, STM32WBA55UGI7, STM32WBA55UGI7TR, STM32WBA5MJGH6TR, STM32WBA62CGU6, STM32WBA62CIU6, STM32WBA62MGF6, STM32WBA62MIF6, STM32WBA62PGI6, STM32WBA62PII6, STM32WBA63CGU6, STM32WBA63CGU7, STM32WBA63CIU6, STM32WBA63CIU7, STM32WBA64CGU6, STM32WBA64CGU7, STM32WBA64CIU6, STM32WBA64CIU7, STM32WBA65CGU6, STM32WBA65CGU7, STM32WBA65CIU6, STM32WBA65CIU7, STM32WBA65I-DK1, STM32WBA65MGF6, STM32WBA65MGF7, STM32WBA65MIF6, STM32WBA65MIF7, STM32WBA65PGI6, STM32WBA65PGI7, STM32WBA65PII6, STM32WBA65PII7, STM32WBA65RGV6, STM32WBA65RGV7, STM32WBA65RIV6, STM32WBA65RIV7, STM32WL30K8V6, STM32WL30KBV6, STM32WL31C8V6, STM32WL31CBV6, STM32WL31K8V6, STM32WL31KBV6, STM32WL33C8V6, STM32WL33C8V6TR, STM32WL33C8V7, STM32WL33C8V7TR, STM32WL33CBV6, STM32WL33CBV6TR, STM32WL33CBV7, STM32WL33CBV7TR, STM32WL33CCV6, STM32WL33CCV6TR, STM32WL33CCV7, STM32WL33CCV7A, STM32WL33CCV7ATR, STM32WL33CCV7TR, STM32WL33K8V6, STM32WL33K8V6TR, STM32WL33K8V7, STM32WL33K8V7TR, STM32WL33KBV6, STM32WL33KBV6TR, STM32WL33KBV7, STM32WL33KBV7TR, STM32WL33KCV6, STM32WL33KCV6TR, STM32WL33KCV7, STM32WL33KCV7TR, STM32WL5MOCH6, STM32WL5MOCH6TR]
2025-05-27 17:23:29,895 [INFO] BoardInfo:889 - No configuration file found for board P-NUCLEO-WB55
2025-05-27 17:23:29,896 [INFO] DbBoards:161 - Kit is not supported: P-NUCLEO-WB55
2025-05-27 17:23:29,905 [INFO] BoardInfo:889 - No configuration file found for board STEVAL-BFA001V1B
2025-05-27 17:23:29,906 [INFO] DbBoards:161 - Kit is not supported: STEVAL-BFA001V1B
2025-05-27 17:23:29,907 [INFO] BoardInfo:889 - No configuration file found for board STEVAL-BFA001V2B
2025-05-27 17:23:29,909 [INFO] DbBoards:161 - Kit is not supported: STEVAL-BFA001V2B
2025-05-27 17:23:30,189 [INFO] DbBoards:168 - Found 211 boards, 208 are supported
2025-05-27 17:23:30,189 [INFO] DbBoards:169 - Found 211 boards, 43 of them is supported for  Bsp
2025-05-27 17:23:30,197 [INFO] ApiDb:668 - CubeFinder database Data Model version=2.1
2025-05-27 17:23:30,197 [INFO] ApiDb:669 - CubeFinder database Configuration version=3.0.39
2025-05-27 17:23:30,197 [INFO] ApiDb:670 - CubeFinder database generation date=2025-04-23 (1745419778)
2025-05-27 17:23:30,197 [INFO] ApiDb:671 - CubeFinder database FW Pack versions=[FP-ATR-ASTRA1_V2.0.0, FP-SNS-FLIGHT1_V5.1.0, FP-SNS-MOTENV1_V5.0.0, FP-SNS-MOTENVWB1_V1.4.0, FP-SNS-SMARTAG2_V1.2.0, FP-SNS-STBOX1_V2.0.0, STM32Cube_FW_C0_V1.4.0, STM32Cube_FW_F4_V1.28.1, STM32Cube_FW_F7_V1.17.2, STM32Cube_FW_G0_V1.6.2, STM32Cube_FW_G4_V1.6.1, STM32Cube_FW_H5_V1.5.0, STM32Cube_FW_H7RS_V1.2.0, STM32Cube_FW_H7_V1.12.1, STM32Cube_FW_L0_V1.12.2, STM32Cube_FW_L4_V1.18.1, STM32Cube_FW_L5_V1.5.1, STM32Cube_FW_N6_V1.1.1, STM32Cube_FW_U0_V1.2.0, STM32Cube_FW_U3_V1.1.0, STM32Cube_FW_U5_V1.7.0, STM32Cube_FW_WB0_V1.2.0, STM32Cube_FW_WBA_V1.6.0, STM32Cube_FW_WB_V1.22.0, STM32Cube_FW_WL3_V1.1.0, STM32Cube_FW_WL_V1.3.1, X-CUBE-ALGOBUILD_V1.4.0, X-CUBE-ALS_V1.0.2, X-CUBE-AZRTOS-F4_V1.1.0, X-CUBE-AZRTOS-F7_V1.1.0, X-CUBE-AZRTOS-G0_V1.1.0, X-CUBE-AZRTOS-G4_V2.0.0, X-CUBE-AZRTOS-H7RS_V1.1.0, X-CUBE-AZRTOS-H7_V3.3.0, X-CUBE-AZRTOS-L4_V2.0.0, X-CUBE-AZRTOS-L5_V2.0.0, X-CUBE-AZRTOS-WB_V2.0.0, X-CUBE-AZRTOS-WL_V2.0.0, X-CUBE-BLE1_V7.1.0, X-CUBE-BLE2_V3.3.0, X-CUBE-BLEMGR_V4.0.0, X-CUBE-EEPRMA1_V5.1.0, X-CUBE-FREERTOS_V1.3.0, X-CUBE-GNSS1_V6.0.0, X-CUBE-MEMS1_V11.2.0, X-CUBE-NFC4_V3.0.0, X-CUBE-NFC7_V1.0.1, X-CUBE-SFXS2LP1_V4.0.0, X-CUBE-SUBG2_V5.0.0, X-CUBE-TOF1_V3.4.3]
2025-05-27 17:23:32,244 [INFO] ApiDb:240 - Found 895 in-development CPN: [B-G473E-ZEST1S, B-WB1M-WPAN1, B-WBA5M-WPAN, B-WL5M-SUBG1, NUCLEO-C031C6, NUCLEO-C051C8, NUCLEO-C071RB, NUCLEO-C092RC, NUCLEO-H503RB, NUCLEO-H533RE, NUCLEO-H563ZI, NUCLEO-H7S3L8, NUCLEO-N657X0-Q, NUCLEO-U031R8, NUCLEO-U083RC, NUCLEO-U385RG-Q, NUCLEO-U545RE-Q, NUCLEO-U5A5ZJ-Q, NUCLEO-WB05KZ, NUCLEO-WB07CC, NUCLEO-WB09KE, NUCLEO-WBA52CG, NUCLEO-WBA55CG, NUCLEO-WBA65RI, NUCLEO-WL33CC1, NUCLEO-WL33CC2, STEVAL-PROTEUS1, STEVAL-SMARTAG2, STEVAL-STWINBX1, STM320518-EVAL, STM32C0116-DK, STM32C011D6Y3TR, STM32C011D6Y6TR, STM32C011F4P3, STM32C011F4P6, STM32C011F4U3, STM32C011F4U6TR, STM32C011F6P3, STM32C011F6P6, STM32C011F6U3, STM32C011F6U6TR, STM32C011J4M3, STM32C011J4M6, STM32C011J6M3, STM32C011J6M6, STM32C0316-DK, STM32C031C4T3, STM32C031C4T6, STM32C031C4U3, STM32C031C4U6, STM32C031C6T3, STM32C031C6T6, STM32C031C6U3, STM32C031C6U6, STM32C031F4P3, STM32C031F4P6, STM32C031F6P3, STM32C031F6P6, STM32C031G4U3, STM32C031G4U6, STM32C031G6U3, STM32C031G6U6, STM32C031K4T3, STM32C031K4T6, STM32C031K4U3, STM32C031K4U6, STM32C031K6T3, STM32C031K6T6, STM32C031K6U3, STM32C031K6U6, STM32C051C6T6, STM32C051C6U6, STM32C051C8T6, STM32C051C8U6, STM32C051D8Y6TR, STM32C051F6P6, STM32C051F8P6, STM32C051G6U6, STM32C051G8U6, STM32C051K6T6, STM32C051K6U6, STM32C051K8T6, STM32C071C8T6, STM32C071C8T6N, STM32C071C8U6, STM32C071C8U6N, STM32C071CBT6, STM32C071CBT6N, STM32C071CBU6, STM32C071CBU6N, STM32C071F8P6, STM32C071F8P6N, STM32C071FBP6, STM32C071FBP6N, STM32C071FBY6TR, STM32C071G8U6, STM32C071G8U6N, STM32C071GBU6, STM32C071GBU6N, STM32C071K8T6, STM32C071K8T6N, STM32C071K8U6, STM32C071K8U6N, STM32C071KBT6, STM32C071KBT6N, STM32C071KBU6, STM32C071KBU6N, STM32C071R8T6, STM32C071R8T6N, STM32C071RBI6N, STM32C071RBT6, STM32C071RBT6N, STM32C091CBT6, STM32C091CBU6, STM32C091CCT6, STM32C091CCU6, STM32C091ECY6TR, STM32C091FBP6, STM32C091FCP6, STM32C091GBU6, STM32C091GCU6, STM32C091KBT6, STM32C091KBU6, STM32C091KCT6, STM32C091KCU6, STM32C091RBT6, STM32C091RCI6, STM32C091RCT6, STM32C092CBT6, STM32C092CBU6, STM32C092CCT6, STM32C092CCU6, STM32C092ECY6TR, STM32C092FBP6, STM32C092FCP6, STM32C092GBU6, STM32C092GCU6, STM32C092KBT6, STM32C092KBU6, STM32C092KCT6, STM32C092KCU6, STM32C092RBT6, STM32C092RCI6, STM32C092RCT6, STM32G071K8TXN, STM32G071K8UXN, STM32G081GBU6N, STM32G081KBT6N, STM32G081KBUXN, STM32G0B1CCT6N, STM32G0B1KCT6, STM32G0B1NEY6TR, STM32G0B1RCT6N, STM32G0C1CCT6, STM32G0C1CCT6N, STM32G0C1CCU6N, STM32G0C1CET6N, STM32G0C1CEU6N, STM32G0C1KCT6, STM32G0C1NEY6TR, STM32G0C1RCI6N, STM32G0C1RCT6N, STM32G0C1REI6N, STM32G0C1RET6N, STM32G0C1VCI6, STM32G0C1VEI6, STM32G411C6T3, STM32G411C6T6, STM32G411C6U3, STM32G411C6U6, STM32G411C8T3, STM32G411C8T6, STM32G411C8U3, STM32G411C8U6, STM32G411CBT3, STM32G411CBT6, STM32G411CBU3, STM32G411CBU6, STM32G411CCT3, STM32G411CCT6, STM32G411CCU3, STM32G411CCU6, STM32G411K6T3, STM32G411K6T6, STM32G411K6U3, STM32G411K6U6, STM32G411K8T3, STM32G411K8T6, STM32G411K8U3, STM32G411K8U6, STM32G411KBT3, STM32G411KBT6, STM32G411KBU3, STM32G411KBU6, STM32G411M6T3, STM32G411M6T6, STM32G411M8T3, STM32G411M8T6, STM32G411MBT3, STM32G411MBT6, STM32G411MCT3, STM32G411MCT6, STM32G411R6T3, STM32G411R6T6, STM32G411R8T3, STM32G411R8T6, STM32G411RBT3, STM32G411RBT6, STM32G411RCT3, STM32G411RCT6, STM32G414CBT3, STM32G414CBT6, STM32G414CBU3, STM32G414CBU6, STM32G414CCT3, STM32G414CCT6, STM32G414CCU3, STM32G414CCU6, STM32G414MBT3, STM32G414MBT6, STM32G414MCT3, STM32G414MCT6, STM32G414RBT3, STM32G414RBT6, STM32G414RCT3, STM32G414RCT6, STM32G414VBT3, STM32G414VBT6, STM32G414VCT3, STM32G414VCT6, STM32G431CBT3Z, STM32G431RBT3Z, STM32G471CCT6, STM32G471CCU6, STM32G471CET3, STM32G471CET6, STM32G471CEU3, STM32G471CEU6, STM32G471MCT6, STM32G471MET3, STM32G471MET6, STM32G471MEY6TR, STM32G471QCT6, STM32G471QET3, STM32G471RCT6, STM32G471RET3, STM32G471RET6, STM32G471VCH6, STM32G471VCI6, STM32G471VCT6, STM32G471VEH3, STM32G471VEH6, STM32G471VEI3, STM32G471VEI6, STM32G471VET3, STM32G471VET6, STM32G473QET3Z, STM32G473RET3Z, STM32G474CCT6, STM32G491RET3Z, STM32H503CBT6, STM32H503CBU6, STM32H503EBY6TR, STM32H503KBU6, STM32H503RBT6, STM32H523CCT6, STM32H523CCU6, STM32H523CET6, STM32H523CEU6, STM32H523HEY6TR, STM32H523RCT6, STM32H523RET6, STM32H523VCI6, STM32H523VCT6, STM32H523VEI6, STM32H523VET6, STM32H523ZCJ6, STM32H523ZCT6, STM32H523ZEJ6, STM32H523ZET6, STM32H533CET6, STM32H533CEU6, STM32H533HEY6TR, STM32H533RET6, STM32H533VEI6, STM32H533VET6, STM32H533ZEJ6, STM32H533ZET6, STM32H562AGI6, STM32H562AII6, STM32H562IGK6, STM32H562IGT6, STM32H562IIK6, STM32H562IIT6, STM32H562RGT6, STM32H562RGV6, STM32H562RIT6, STM32H562RIV6, STM32H562VGT6, STM32H562VIT6, STM32H562ZGT6, STM32H562ZIT6, STM32H563AGI6, STM32H563AII3Q, STM32H563AII6, STM32H563IGK6, STM32H563IGT6, STM32H563IIK3Q, STM32H563IIK6, STM32H563IIT3Q, STM32H563IIT6, STM32H563MIY3QTR, STM32H563RGT6, STM32H563RGV6, STM32H563RIT6, STM32H563RIV6, STM32H563VGT6, STM32H563VIT3Q, STM32H563VIT6, STM32H563ZGT6, STM32H563ZIT3Q, STM32H563ZIT6, STM32H573AII3Q, STM32H573AII6, STM32H573I-DK, STM32H573IIK3Q, STM32H573IIK6, STM32H573IIT3Q, STM32H573IIT6, STM32H573MIY3QTR, STM32H573RIT6, STM32H573RIV6, STM32H573VIT3Q, STM32H573VIT6, STM32H573ZIT3Q, STM32H573ZIT6, STM32H7R3A8I6, STM32H7R3I8K6, STM32H7R3I8T6, STM32H7R3L8H6, STM32H7R3L8H6H, STM32H7R3R8V6, STM32H7R3V8H6, STM32H7R3V8T6, STM32H7R3V8Y6TR, STM32H7R3Z8J6, STM32H7R3Z8T6, STM32H7R7A8I6, STM32H7R7I8K6, STM32H7R7I8T6, STM32H7R7L8H6, STM32H7R7L8H6H, STM32H7R7Z8J6, STM32H7S3A8I6, STM32H7S3I8K6, STM32H7S3I8T6, STM32H7S3L8H6, STM32H7S3L8H6H, STM32H7S3R8V6, STM32H7S3V8H6, STM32H7S3V8T6, STM32H7S3V8Y6TR, STM32H7S3Z8J6, STM32H7S3Z8T6, STM32H7S78-DK, STM32H7S7A8I6, STM32H7S7I8K6, STM32H7S7I8T6, STM32H7S7L8H6, STM32H7S7L8H6H, STM32H7S7Z8J6, STM32L4R5QGI6STR, STM32MP131AAE3, STM32MP131AAF3, STM32MP131AAG3, STM32MP131CAE3, STM32MP131CAF3, STM32MP131CAG3, STM32MP131DAE7, STM32MP131DAF7, STM32MP131DAG7, STM32MP131FAE7, STM32MP131FAF7, STM32MP131FAG7, STM32MP133AAE3, STM32MP133AAF3, STM32MP133AAG3, STM32MP133CAE3, STM32MP133CAF3, STM32MP133CAG3, STM32MP133DAE7, STM32MP133DAF7, STM32MP133DAG7, STM32MP133FAE7, STM32MP133FAF7, STM32MP133FAG7, STM32MP135AAE3, STM32MP135AAF3, STM32MP135AAG3, STM32MP135CAE3, STM32MP135CAF3, STM32MP135CAG3, STM32MP135DAE7, STM32MP135DAF7, STM32MP135DAG7, STM32MP135F-DK, STM32MP135FAE7, STM32MP135FAF7, STM32MP135FAF7T, STM32MP135FAF7U, STM32MP135FAG7, STM32MP231AAJ3, STM32MP231AAK3, STM32MP231AAL3, STM32MP231CAJ3, STM32MP231CAK3, STM32MP231CAL3, STM32MP231DAJ3, STM32MP231DAK3, STM32MP231DAL3, STM32MP231FAJ3, STM32MP231FAK3, STM32MP231FAL3, STM32MP233AAJ3, STM32MP233AAK3, STM32MP233AAL3, STM32MP233CAJ3, STM32MP233CAK3, STM32MP233CAL3, STM32MP233DAJ3, STM32MP233DAK3, STM32MP233DAL3, STM32MP233FAJ3, STM32MP233FAK3, STM32MP233FAL3, STM32MP235AAJ3, STM32MP235AAK3, STM32MP235AAL3, STM32MP235CAJ3, STM32MP235CAK3, STM32MP235CAL3, STM32MP235DAJ3, STM32MP235DAK3, STM32MP235DAL3, STM32MP235FAJ3, STM32MP235FAK3, STM32MP235FAL3, STM32MP251AAI3, STM32MP251AAJ3, STM32MP251AAK3, STM32MP251AAL3, STM32MP251CAI3, STM32MP251CAJ3, STM32MP251CAK3, STM32MP251CAL3, STM32MP251DAI3, STM32MP251DAJ3, STM32MP251DAK3, STM32MP251DAL3, STM32MP251FAI3, STM32MP251FAJ3, STM32MP251FAK3, STM32MP251FAL3, STM32MP253AAI3, STM32MP253AAJ3, STM32MP253AAK3, STM32MP253AAL3, STM32MP253CAI3, STM32MP253CAJ3, STM32MP253CAK3, STM32MP253CAL3, STM32MP253DAI3, STM32MP253DAJ3, STM32MP253DAK3, STM32MP253DAL3, STM32MP253FAI3, STM32MP253FAJ3, STM32MP253FAK3, STM32MP253FAL3, STM32MP255AAI3, STM32MP255AAJ3, STM32MP255AAK3, STM32MP255AAL3, STM32MP255CAI3, STM32MP255CAJ3, STM32MP255CAK3, STM32MP255CAL3, STM32MP255DAI3, STM32MP255DAJ3, STM32MP255DAK3, STM32MP255DAL3, STM32MP255FAI3, STM32MP255FAJ3, STM32MP255FAK3, STM32MP255FAL3, STM32MP257AAI3, STM32MP257AAJ3, STM32MP257AAK3, STM32MP257AAL3, STM32MP257CAI3, STM32MP257CAJ3, STM32MP257CAK3, STM32MP257CAL3, STM32MP257DAI3, STM32MP257DAJ3, STM32MP257DAK3, STM32MP257DAL3, STM32MP257F-DK, STM32MP257F-EV1, STM32MP257FAI3, STM32MP257FAJ3, STM32MP257FAK3, STM32MP257FAL3, STM32N645A0H3Q, STM32N645B0H3Q, STM32N645I0H3Q, STM32N645L0H3Q, STM32N645X0H3Q, STM32N645Z0H3Q, STM32N647A0H3Q, STM32N647B0H3Q, STM32N647I0H3Q, STM32N647L0H3Q, STM32N647X0H3Q, STM32N647Z0H3Q, STM32N655A0H3Q, STM32N655B0H3Q, STM32N655I0H3Q, STM32N655L0H3Q, STM32N655X0H3Q, STM32N655Z0H3Q, STM32N6570-DK, STM32N657A0H3Q, STM32N657B0H3Q, STM32N657I0H3Q, STM32N657L0H3Q, STM32N657X0H3Q, STM32N657Z0H3Q, STM32U031C6T6, STM32U031C6U6, STM32U031C8T6, STM32U031C8U6, STM32U031F4P6, STM32U031F6P6, STM32U031F8P6, STM32U031G6Y6TR, STM32U031G8Y6TR, STM32U031K4U6, STM32U031K6U6, STM32U031K8U6, STM32U031R6I6, STM32U031R6T6, STM32U031R8I6, STM32U031R8T6, STM32U073C8T6, STM32U073C8U6, STM32U073CBT6, STM32U073CBU6, STM32U073CCT6, STM32U073CCU6, STM32U073H8Y6TR, STM32U073HBY6TR, STM32U073HCY6TR, STM32U073K8U6, STM32U073KBU6, STM32U073KCU6, STM32U073M8I6, STM32U073M8T6, STM32U073MBI6, STM32U073MBT6, STM32U073MCI6, STM32U073MCT6, STM32U073R8I6, STM32U073R8T6, STM32U073RBI6, STM32U073RBT6, STM32U073RCI6, STM32U073RCT6, STM32U083C-DK, STM32U083CCT6, STM32U083CCU6, STM32U083HCY6TR, STM32U083KCU6, STM32U083MCI6, STM32U083MCT6, STM32U083RCI6, STM32U083RCT6, STM32U375CET6, STM32U375CET6Q, STM32U375CEU6, STM32U375CEU6Q, STM32U375CEY6QTR, STM32U375CGT6, STM32U375CGT6Q, STM32U375CGU6, STM32U375CGU6Q, STM32U375CGY6QTR, STM32U375KEU6, STM32U375KGU6, STM32U375REI6, STM32U375REI6Q, STM32U375RET6, STM32U375RET6Q, STM32U375REY6GTR, STM32U375REY6QTR, STM32U375RGI6, STM32U375RGI6Q, STM32U375RGT6, STM32U375RGT6Q, STM32U375RGY6GTR, STM32U375RGY6QTR, STM32U375VEI6, STM32U375VEI6Q, STM32U375VET6, STM32U375VET6Q, STM32U375VGI6, STM32U375VGI6Q, STM32U375VGT6, STM32U375VGT6Q, STM32U385CGT6, STM32U385CGT6Q, STM32U385CGU6, STM32U385CGU6Q, STM32U385CGY6QTR, STM32U385KGU6, STM32U385RGI6, STM32U385RGI6Q, STM32U385RGT6, STM32U385RGT6Q, STM32U385RGY6GTR, STM32U385RGY6QTR, STM32U385VGI6, STM32U385VGI6Q, STM32U385VGT6, STM32U385VGT6Q, STM32U535CBT6, STM32U535CBT6Q, STM32U535CBU6, STM32U535CBU6Q, STM32U535CCT6, STM32U535CCT6Q, STM32U535CCU6, STM32U535CCU6Q, STM32U535CET6, STM32U535CET6Q, STM32U535CEU6, STM32U535CEU6Q, STM32U535JEY6QTR, STM32U535NCY6QTR, STM32U535NEY6QTR, STM32U535RBI6, STM32U535RBI6Q, STM32U535RBT6, STM32U535RBT6Q, STM32U535RCI6, STM32U535RCI6Q, STM32U535RCT6, STM32U535RCT6Q, STM32U535REI6, STM32U535REI6Q, STM32U535RET6, STM32U535RET6Q, STM32U535VCI6, STM32U535VCI6Q, STM32U535VCT6, STM32U535VCT6Q, STM32U535VEI6, STM32U535VEI6Q, STM32U535VET6, STM32U535VET6Q, STM32U545CET6, STM32U545CET6Q, STM32U545CEU6, STM32U545CEU6Q, STM32U545JEY6QTR, STM32U545NEY6QTR, STM32U545REI6, STM32U545REI6Q, STM32U545RET6, STM32U545RET6Q, STM32U545VEI6, STM32U545VEI6Q, STM32U545VET6, STM32U545VET6Q, STM32U595AIH6, STM32U595AIH6Q, STM32U595AJH6, STM32U595AJH6Q, STM32U595QII6, STM32U595QII6Q, STM32U595QJI6, STM32U595QJI6Q, STM32U595RIT6, STM32U595RIT6Q, STM32U595RJT6, STM32U595RJT6Q, STM32U595VIT6, STM32U595VIT6Q, STM32U595VJT6, STM32U595VJT6Q, STM32U595ZIT6, STM32U595ZIT6Q, STM32U595ZIY6QTR, STM32U595ZJT6, STM32U595ZJT6Q, STM32U595ZJY6QTR, STM32U599BJY6QTR, STM32U599NIH6Q, STM32U599NJH6Q, STM32U599VIT6Q, STM32U599VJT6, STM32U599VJT6Q, STM32U599ZIT6Q, STM32U599ZIY6QTR, STM32U599ZJT6Q, STM32U599ZJY6QTR, STM32U5A5AJH6, STM32U5A5AJH6Q, STM32U5A5QII3Q , STM32U5A5QJI6, STM32U5A5QJI6Q, STM32U5A5RJT6, STM32U5A5RJT6Q, STM32U5A5VJT6, STM32U5A5VJT6Q, STM32U5A5ZJT6, STM32U5A5ZJT6Q, STM32U5A5ZJY6QTR, STM32U5A9BJY6QTR, STM32U5A9J-DK, STM32U5A9NJH6Q, STM32U5A9VJT6Q, STM32U5A9ZJT6Q, STM32U5A9ZJY6QTR, STM32U5F7VIT6, STM32U5F7VIT6Q, STM32U5F7VJT6, STM32U5F7VJT6Q, STM32U5F9BJY6QTR, STM32U5F9NJH6Q, STM32U5F9VIT6Q, STM32U5F9VJT6Q, STM32U5F9ZIJ6QTR, STM32U5F9ZIT6Q, STM32U5F9ZJJ6QTR, STM32U5F9ZJT6Q, STM32U5G7VJT6, STM32U5G7VJT6Q, STM32U5G9BJY6QTR, STM32U5G9J-DK1, STM32U5G9J-DK2, STM32U5G9NJH6Q, STM32U5G9VJT6Q, STM32U5G9ZJJ6QTR, STM32U5G9ZJT6Q, STM32WB05KZV6TR, STM32WB05KZV7TR, STM32WB05TZF6TR, STM32WB05TZF7TR, STM32WB06CCF6TR, STM32WB06CCF7TR, STM32WB06CCV6TR, STM32WB06CCV7TR, STM32WB06KCV6TR, STM32WB06KCV7TR, STM32WB07CCF6TR, STM32WB07CCF7TR, STM32WB07CCV6TR, STM32WB07CCV7TR, STM32WB07KCV6TR, STM32WB07KCV7TR, STM32WB09KEV6TR, STM32WB09KEV7TR, STM32WB09TEF6TR, STM32WB09TEF7TR, STM32WB1MMCH6, STM32WBA50KGU6, STM32WBA50KGU6TR, STM32WBA52CEU6, STM32WBA52CEU6TR, STM32WBA52CEU7, STM32WBA52CEU7TR, STM32WBA52CGU6, STM32WBA52CGU6TR, STM32WBA52CGU6U, STM32WBA52CGU7, STM32WBA52CGU7TR, STM32WBA52KEU6, STM32WBA52KEU6TR, STM32WBA52KGU6, STM32WBA52KGU6TR, STM32WBA54CEU6, STM32WBA54CEU6TR, STM32WBA54CEU7, STM32WBA54CEU7TR, STM32WBA54CGU6, STM32WBA54CGU6TR, STM32WBA54CGU7, STM32WBA54CGU7TR, STM32WBA54KEU6, STM32WBA54KEU6TR, STM32WBA54KEU7, STM32WBA54KEU7TR, STM32WBA54KGU6, STM32WBA54KGU6TR, STM32WBA54KGU7, STM32WBA54KGU7TR, STM32WBA55CEU6, STM32WBA55CEU6TR, STM32WBA55CEU7, STM32WBA55CEU7TR, STM32WBA55CGU6, STM32WBA55CGU6TR, STM32WBA55CGU6U, STM32WBA55CGU7, STM32WBA55CGU7TR, STM32WBA55G-DK1, STM32WBA55HEF6, STM32WBA55HEF7, STM32WBA55HGF6, STM32WBA55HGF7, STM32WBA55UEI6, STM32WBA55UEI6TR, STM32WBA55UEI7, STM32WBA55UEI7TR, STM32WBA55UGI6, STM32WBA55UGI6TR, STM32WBA55UGI7, STM32WBA55UGI7TR, STM32WBA5MJGH6TR, STM32WBA62CGU6, STM32WBA62CIU6, STM32WBA62MGF6, STM32WBA62MIF6, STM32WBA62PGI6, STM32WBA62PII6, STM32WBA63CGU6, STM32WBA63CGU7, STM32WBA63CIU6, STM32WBA63CIU7, STM32WBA64CGU6, STM32WBA64CGU7, STM32WBA64CIU6, STM32WBA64CIU7, STM32WBA65CGU6, STM32WBA65CGU7, STM32WBA65CIU6, STM32WBA65CIU7, STM32WBA65I-DK1, STM32WBA65MGF6, STM32WBA65MGF7, STM32WBA65MIF6, STM32WBA65MIF7, STM32WBA65PGI6, STM32WBA65PGI7, STM32WBA65PII6, STM32WBA65PII7, STM32WBA65RGV6, STM32WBA65RGV7, STM32WBA65RIV6, STM32WBA65RIV7, STM32WL30K8V6, STM32WL30KBV6, STM32WL31C8V6, STM32WL31CBV6, STM32WL31K8V6, STM32WL31KBV6, STM32WL33C8V6, STM32WL33C8V6TR, STM32WL33C8V7, STM32WL33C8V7TR, STM32WL33CBV6, STM32WL33CBV6TR, STM32WL33CBV7, STM32WL33CBV7TR, STM32WL33CCV6, STM32WL33CCV6TR, STM32WL33CCV7, STM32WL33CCV7A, STM32WL33CCV7ATR, STM32WL33CCV7TR, STM32WL33K8V6, STM32WL33K8V6TR, STM32WL33K8V7, STM32WL33K8V7TR, STM32WL33KBV6, STM32WL33KBV6TR, STM32WL33KBV7, STM32WL33KBV7TR, STM32WL33KCV6, STM32WL33KCV6TR, STM32WL33KCV7, STM32WL33KCV7TR, STM32WL5MOCH6, STM32WL5MOCH6TR]
2025-05-27 17:23:32,249 [INFO] DbMcus:218 - Found 4686 MCUs, 4686 are supported
2025-05-27 17:23:32,250 [INFO] ApiDb:423 - Load user favorites file C:\Users\gagno/.stm32cubeide/favorites.mcus.txt: 0 item(s)
2025-05-27 17:23:32,250 [INFO] ApiDb:427 - User favorites MCUs=[]
2025-05-27 17:23:32,250 [INFO] DbMcus:224 - Set 0 / 0 favorites MCUs
2025-05-27 17:23:32,752 [INFO] ApiDb:423 - Load user favorites file C:\Users\gagno/.stm32cubeide/favorites.boards.txt: 0 item(s)
2025-05-27 17:23:32,752 [INFO] ApiDb:427 - User favorites Boards=[]
2025-05-27 17:23:32,752 [INFO] DbBoards:198 - Set 0 / 0 favorites Boards
2025-05-27 17:23:32,796 [INFO] UtilMem:75 - End LoadConfig() Used Memory: 739091072 Bytes (1073741824)
2025-05-27 17:23:32,938 [WARN] ThirdParty:833 - waiting for thirdparty lock release [change project]
2025-05-27 17:23:32,939 [INFO] ThirdParty:835 - entering critical section [change project]
2025-05-27 17:23:32,939 [INFO] ThirdParty:1030 - CMSIS Pack Vendor :STMicroelectronics USBPD 4.1
2025-05-27 17:23:32,939 [INFO] ThirdParty:1030 - CMSIS Pack Vendor :STMicroelectronics X-CUBE-GNSS1 6.0.0
2025-05-27 17:23:32,939 [INFO] ThirdParty:1030 - CMSIS Pack Vendor :STMicroelectronics USB_HOST 2.0.0
2025-05-27 17:23:32,939 [INFO] ThirdParty:1030 - CMSIS Pack Vendor :STMicroelectronics FP-SNS-MOTENVWB1 1.4.0
2025-05-27 17:23:32,939 [INFO] ThirdParty:1030 - CMSIS Pack Vendor :STMicroelectronics X-CUBE-AZRTOS-F4 1.1.0
2025-05-27 17:23:32,939 [INFO] ThirdParty:1030 - CMSIS Pack Vendor :STMicroelectronics LIBJPEG 8.0.0
2025-05-27 17:23:32,939 [INFO] ThirdParty:1030 - CMSIS Pack Vendor :STMicroelectronics FP-ATR-ASTRA1 2.0.2
2025-05-27 17:23:32,939 [INFO] ThirdParty:1030 - CMSIS Pack Vendor :STMicroelectronics FP-ATR-ASTRA1 2.0.1
2025-05-27 17:23:32,939 [INFO] ThirdParty:1030 - CMSIS Pack Vendor :Avnet-IotConnect X-CUBE-IoTC-DA16k-PMOD 1.0.0
2025-05-27 17:23:32,939 [INFO] ThirdParty:1030 - CMSIS Pack Vendor :STMicroelectronics X-CUBE-SMBUS 2.1.0
2025-05-27 17:23:32,939 [INFO] ThirdParty:1030 - CMSIS Pack Vendor :STMicroelectronics X-CUBE-WB05N 1.1.0
2025-05-27 17:23:32,940 [INFO] ThirdParty:1030 - CMSIS Pack Vendor :STMicroelectronics X-CUBE-ISPU 2.1.0
2025-05-27 17:23:32,940 [INFO] ThirdParty:1030 - CMSIS Pack Vendor :STMicroelectronics X-CUBE-FREERTOS 1.2.0
2025-05-27 17:23:32,940 [INFO] ThirdParty:1030 - CMSIS Pack Vendor :STMicroelectronics X-CUBE-ST60 1.0.0
2025-05-27 17:23:32,940 [INFO] ThirdParty:1030 - CMSIS Pack Vendor :STMicroelectronics X-CUBE-TOUCHGFX 4.23.2
2025-05-27 17:23:32,940 [INFO] ThirdParty:1030 - CMSIS Pack Vendor :STMicroelectronics X-CUBE-AZRTOS-F7 1.1.0
2025-05-27 17:23:32,940 [INFO] ThirdParty:1030 - CMSIS Pack Vendor :STMicroelectronics X-CUBE-AZRTOS-L5 2.0.0
2025-05-27 17:23:32,940 [INFO] ThirdParty:1030 - CMSIS Pack Vendor :STMicroelectronics USB_DEVICE 2.0.0
2025-05-27 17:23:32,940 [INFO] ThirdParty:1030 - CMSIS Pack Vendor :STMicroelectronics X-CUBE-NFC6 3.1.0
2025-05-27 17:23:32,940 [INFO] ThirdParty:1030 - CMSIS Pack Vendor :STMicroelectronics X-CUBE-MEMS1 11.0.0
2025-05-27 17:23:32,940 [INFO] ThirdParty:1030 - CMSIS Pack Vendor :STMicroelectronics FreeRTOS 0.0.1
2025-05-27 17:23:32,940 [INFO] ThirdParty:1030 - CMSIS Pack Vendor :STMicroelectronics X-CUBE-DPower 1.2.0
2025-05-27 17:23:32,940 [INFO] ThirdParty:1030 - CMSIS Pack Vendor :STMicroelectronics FP-SNS-FLIGHT1 5.0.2
2025-05-27 17:23:32,940 [INFO] ThirdParty:1030 - CMSIS Pack Vendor :STMicroelectronics X-CUBE-AI 9.0.0
2025-05-27 17:23:32,940 [INFO] ThirdParty:1030 - CMSIS Pack Vendor :STMicroelectronics PDM2PCM 3.3.0
2025-05-27 17:23:32,940 [INFO] ThirdParty:1030 - CMSIS Pack Vendor :STMicroelectronics X-CUBE-DISPLAY 3.0.0
2025-05-27 17:23:32,940 [INFO] ThirdParty:1030 - CMSIS Pack Vendor :STMicroelectronics X-CUBE-BLE1 7.0.0
2025-05-27 17:23:32,940 [INFO] ThirdParty:1030 - CMSIS Pack Vendor :STMicroelectronics X-CUBE-NFC10 1.0.0
2025-05-27 17:23:32,940 [INFO] ThirdParty:1030 - CMSIS Pack Vendor :STMicroelectronics X-CUBE-BLEMGR 4.0.0
2025-05-27 17:23:32,940 [INFO] ThirdParty:1030 - CMSIS Pack Vendor :STMicroelectronics X-CUBE-FREERTOS 1.3.1
2025-05-27 17:23:32,940 [INFO] ThirdParty:1030 - CMSIS Pack Vendor :STMicroelectronics HAL Drivers 0.0.0
2025-05-27 17:23:32,940 [INFO] ThirdParty:1030 - CMSIS Pack Vendor :emotas I-CUBE-CANOPEN 1.3.0
2025-05-27 17:23:32,940 [INFO] ThirdParty:1030 - CMSIS Pack Vendor :STMicroelectronics X-CUBE-FREERTOS 1.3.0
2025-05-27 17:23:32,940 [INFO] ThirdParty:1030 - CMSIS Pack Vendor :STMicroelectronics X-CUBE-NFC7 1.0.1
2025-05-27 17:23:32,941 [INFO] ThirdParty:1030 - CMSIS Pack Vendor :STMicroelectronics MBEDTLS 2.14.1
2025-05-27 17:23:32,941 [INFO] ThirdParty:1030 - CMSIS Pack Vendor :wolfSSL I-CUBE-wolfTPM 3.2.0
2025-05-27 17:23:32,941 [INFO] ThirdParty:1030 - CMSIS Pack Vendor :STMicroelectronics X-CUBE-BLEMGR 3.1.0
2025-05-27 17:23:32,941 [INFO] ThirdParty:1030 - CMSIS Pack Vendor :STMicroelectronics X-CUBE-AI 10.0.0
2025-05-27 17:23:32,941 [INFO] ThirdParty:1030 - CMSIS Pack Vendor :STMicroelectronics FP-SNS-SMARTAG2 1.2.0
2025-05-27 17:23:32,941 [INFO] ThirdParty:1030 - CMSIS Pack Vendor :STMicroelectronics FP-SNS-FLIGHT1 5.1.0
2025-05-27 17:23:32,941 [INFO] ThirdParty:1030 - CMSIS Pack Vendor :STMicroelectronics X-CUBE-MEMS1 11.1.0
2025-05-27 17:23:32,941 [INFO] ThirdParty:1030 - CMSIS Pack Vendor :STMicroelectronics X-CUBE-AZRTOS-WL 2.0.0
2025-05-27 17:23:32,941 [INFO] ThirdParty:1030 - CMSIS Pack Vendor :STMicroelectronics X-CUBE-DPower 1.3.0
2025-05-27 17:23:32,941 [INFO] ThirdParty:1030 - CMSIS Pack Vendor :STMicroelectronics FP-SNS-MOTENV1 5.0.0
2025-05-27 17:23:32,941 [INFO] ThirdParty:1030 - CMSIS Pack Vendor :STMicroelectronics USB_DEVICE 1.0.0
2025-05-27 17:23:32,941 [INFO] ThirdParty:1030 - CMSIS Pack Vendor :STMicroelectronics X-CUBE-AI 8.1.0
2025-05-27 17:23:32,941 [INFO] ThirdParty:1030 - CMSIS Pack Vendor :wolfSSL I-CUBE-wolfMQTT 1.19.0
2025-05-27 17:23:32,941 [INFO] ThirdParty:1030 - CMSIS Pack Vendor :STMicroelectronics X-CUBE-AZRTOS-L4 2.0.0
2025-05-27 17:23:32,941 [INFO] ThirdParty:1030 - CMSIS Pack Vendor :STMicroelectronics ThreadX 0.0.2
2025-05-27 17:23:32,941 [INFO] ThirdParty:1030 - CMSIS Pack Vendor :WES I-CUBE-Cesium 1.3.0
2025-05-27 17:23:32,941 [INFO] ThirdParty:1030 - CMSIS Pack Vendor :STMicroelectronics lwIP 2.1.2
2025-05-27 17:23:32,941 [INFO] ThirdParty:1030 - CMSIS Pack Vendor :STMicroelectronics X-CUBE-SFXS2LP1 4.0.0
2025-05-27 17:23:32,941 [INFO] ThirdParty:1030 - CMSIS Pack Vendor :STMicroelectronics X-CUBE-BLE2 3.3.0
2025-05-27 17:23:32,942 [INFO] ThirdParty:1030 - CMSIS Pack Vendor :STMicroelectronics PDM2PCM 3.2.0
2025-05-27 17:23:32,942 [INFO] ThirdParty:1030 - CMSIS Pack Vendor :STMicroelectronics X-CUBE-AZRTOS-H7 3.3.0
2025-05-27 17:23:32,942 [INFO] ThirdParty:1030 - CMSIS Pack Vendor :STMicroelectronics X-CUBE-NFC9 1.0.0
2025-05-27 17:23:32,942 [INFO] ThirdParty:1030 - CMSIS Pack Vendor :STMicroelectronics X-CUBE-BLE1 7.1.0
2025-05-27 17:23:32,942 [INFO] ThirdParty:1030 - CMSIS Pack Vendor :STMicroelectronics USB_DEVICE 3.0.0
2025-05-27 17:23:32,942 [INFO] ThirdParty:1030 - CMSIS Pack Vendor :STMicroelectronics X-CUBE-TCPP 4.1.0
2025-05-27 17:23:32,942 [INFO] ThirdParty:1030 - CMSIS Pack Vendor :STMicroelectronics X-CUBE-IPS 3.0.0
2025-05-27 17:23:32,942 [INFO] ThirdParty:1030 - CMSIS Pack Vendor :STMicroelectronics X-CUBE-AZRTOS-WB 2.0.0
2025-05-27 17:23:32,942 [INFO] ThirdParty:1030 - CMSIS Pack Vendor :STMicroelectronics X-CUBE-GNSS1 7.0.0
2025-05-27 17:23:32,942 [INFO] ThirdParty:1030 - CMSIS Pack Vendor :STMicroelectronics X-CUBE-GNSS1 7.0.1
2025-05-27 17:23:32,942 [INFO] ThirdParty:1030 - CMSIS Pack Vendor :STMicroelectronics X-CUBE-TOUCHGFX 4.25.0
2025-05-27 17:23:32,942 [INFO] ThirdParty:1030 - CMSIS Pack Vendor :STMicroelectronics FP-SNS-STBOX1 2.0.0
2025-05-27 17:23:32,942 [INFO] ThirdParty:1030 - CMSIS Pack Vendor :STMicroelectronics X-CUBE-ALGOBUILD 1.3.0
2025-05-27 17:23:32,942 [INFO] ThirdParty:1030 - CMSIS Pack Vendor :STMicroelectronics X-CUBE-MEMS1 11.2.0
2025-05-27 17:23:32,942 [INFO] ThirdParty:1030 - CMSIS Pack Vendor :STMicroelectronics X-CUBE-AZRTOS-G0 1.1.0
2025-05-27 17:23:32,943 [INFO] ThirdParty:1030 - CMSIS Pack Vendor :STMicroelectronics X-CUBE-SAFEA1 1.2.2
2025-05-27 17:23:32,943 [INFO] ThirdParty:1030 - CMSIS Pack Vendor :STMicroelectronics X-CUBE-NFC4 3.0.0
2025-05-27 17:23:32,943 [INFO] ThirdParty:1030 - CMSIS Pack Vendor :STMicroelectronics X-CUBE-SUBG2 5.0.0
2025-05-27 17:23:32,943 [INFO] ThirdParty:1030 - CMSIS Pack Vendor :STMicroelectronics X-CUBE-AZRTOS-H7RS 1.1.0
2025-05-27 17:23:32,943 [INFO] ThirdParty:1030 - CMSIS Pack Vendor :STMicroelectronics STM32_WPAN 1.0.0
2025-05-27 17:23:32,943 [INFO] ThirdParty:1030 - CMSIS Pack Vendor :wolfSSL I-CUBE-wolfMQTT 1.18.0
2025-05-27 17:23:32,944 [INFO] ThirdParty:1030 - CMSIS Pack Vendor :EmbeddedOffice I-CUBE-FS-RTOS 1.0.1
2025-05-27 17:23:32,944 [INFO] ThirdParty:1030 - CMSIS Pack Vendor :STMicroelectronics lwIP 2.0.3
2025-05-27 17:23:32,944 [INFO] ThirdParty:1030 - CMSIS Pack Vendor :STMicroelectronics USB_HOST 1.0.0
2025-05-27 17:23:32,944 [INFO] ThirdParty:1030 - CMSIS Pack Vendor :STMicroelectronics X-CUBE-AZRTOS-G4 2.0.0
2025-05-27 17:23:32,944 [INFO] ThirdParty:1030 - CMSIS Pack Vendor :STMicroelectronics X-CUBE-WB05N 2.0.0
2025-05-27 17:23:32,944 [INFO] ThirdParty:1030 - CMSIS Pack Vendor :STMicroelectronics PDM2PCM 3.1.0
2025-05-27 17:23:32,944 [INFO] ThirdParty:1030 - CMSIS Pack Vendor :STMicroelectronics X-CUBE-NFC7 2.0.0
2025-05-27 17:23:32,944 [INFO] ThirdParty:1030 - CMSIS Pack Vendor :STMicroelectronics X-CUBE-TCPP 4.2.0
2025-05-27 17:23:32,944 [INFO] ThirdParty:1030 - CMSIS Pack Vendor :RealThread X-CUBE-RT-Thread_Nano 4.1.1
2025-05-27 17:23:32,944 [INFO] ThirdParty:1030 - CMSIS Pack Vendor :wolfSSL I-CUBE-wolfSSL 5.7.0
2025-05-27 17:23:32,944 [INFO] ThirdParty:1030 - CMSIS Pack Vendor :STMicroelectronics FP-SNS-MOTENVWB1 1.3.1
2025-05-27 17:23:32,944 [INFO] ThirdParty:1030 - CMSIS Pack Vendor :STMicroelectronics FP-ATR-SIGFOX1 3.2.0
2025-05-27 17:23:32,944 [INFO] ThirdParty:1030 - CMSIS Pack Vendor :quantropi X-CUBE-qispace-sdk-base 1.9.3
2025-05-27 17:23:32,944 [INFO] ThirdParty:1030 - CMSIS Pack Vendor :STMicroelectronics X-CUBE-ISPU 2.0.0
2025-05-27 17:23:32,944 [INFO] ThirdParty:1030 - CMSIS Pack Vendor :STMicroelectronics X-CUBE-EEPRMA1 5.1.0
2025-05-27 17:23:32,944 [INFO] ThirdParty:1030 - CMSIS Pack Vendor :STMicroelectronics MBEDTLS 2.16.2
2025-05-27 17:23:32,944 [INFO] ThirdParty:1030 - CMSIS Pack Vendor :STMicroelectronics X-CUBE-IPS 3.1.0
2025-05-27 17:23:32,944 [INFO] ThirdParty:1030 - CMSIS Pack Vendor :STMicroelectronics X-CUBE-ALS 1.0.2
2025-05-27 17:23:32,944 [INFO] ThirdParty:1030 - CMSIS Pack Vendor :STMicroelectronics X-CUBE-MEMS1 10.0.0
2025-05-27 17:23:32,944 [INFO] ThirdParty:1030 - CMSIS Pack Vendor :STMicroelectronics X-CUBE-FREERTOS 1.1.0
2025-05-27 17:23:32,944 [INFO] ThirdParty:1030 - CMSIS Pack Vendor :STMicroelectronics X-CUBE-TOUCHGFX 4.24.0
2025-05-27 17:23:32,944 [INFO] ThirdParty:1030 - CMSIS Pack Vendor :ITTIA_DB I-CUBE-ITTIADB 8.9.0
2025-05-27 17:23:32,944 [INFO] ThirdParty:1030 - CMSIS Pack Vendor :STMicroelectronics X-CUBE-TOUCHGFX 4.24.2
2025-05-27 17:23:32,944 [INFO] ThirdParty:1030 - CMSIS Pack Vendor :STMicroelectronics X-CUBE-TOUCHGFX 4.24.1
2025-05-27 17:23:32,944 [INFO] ThirdParty:1030 - CMSIS Pack Vendor :portGmbH I-Cube-SoM-uGOAL 1.1.0
2025-05-27 17:23:32,944 [INFO] ThirdParty:1030 - CMSIS Pack Vendor :STMicroelectronics X-CUBE-ALS 1.0.1
2025-05-27 17:23:32,944 [INFO] ThirdParty:1030 - CMSIS Pack Vendor :STMicroelectronics ThreadX 1.0.0
2025-05-27 17:23:32,944 [INFO] ThirdParty:1030 - CMSIS Pack Vendor :SEGGER I-CUBE-embOS 1.3.1
2025-05-27 17:23:32,945 [INFO] ThirdParty:1030 - CMSIS Pack Vendor :STMicroelectronics X-CUBE-ALGOBUILD 1.4.0
2025-05-27 17:23:32,945 [INFO] ThirdParty:1030 - CMSIS Pack Vendor :STMicroelectronics X-CUBE-AZRTOS-H7RS 1.0.0
2025-05-27 17:23:32,945 [INFO] ThirdParty:1030 - CMSIS Pack Vendor :STMicroelectronics FP-ATR-ASTRA1 2.0.0
2025-05-27 17:23:32,945 [INFO] ThirdParty:1030 - CMSIS Pack Vendor :STMicroelectronics X-CUBE-TOF1 3.4.2
2025-05-27 17:23:32,945 [INFO] ThirdParty:1030 - CMSIS Pack Vendor :STMicroelectronics X-CUBE-TOF1 3.4.3
2025-05-27 17:23:32,945 [INFO] ThirdParty:1030 - CMSIS Pack Vendor :STMicroelectronics X-CUBE-AI 9.1.0
2025-05-27 17:23:32,945 [INFO] ThirdParty:1030 - CMSIS Pack Vendor :STMicroelectronics X-CUBE-TOF1 3.4.1
2025-05-27 17:23:32,945 [INFO] ThirdParty:1030 - CMSIS Pack Vendor :STMicroelectronics X-CUBE-AZRTOS-H7 3.2.0
2025-05-27 17:23:32,945 [INFO] ThirdParty:1030 - CMSIS Pack Vendor :Infineon AIROC-Wi-Fi-Bluetooth-STM32 1.6.0
2025-05-27 17:23:32,945 [INFO] ThirdParty:1030 - CMSIS Pack Vendor :wolfSSL I-CUBE-wolfSSH 1.4.17
2025-05-27 17:23:32,945 [INFO] ThirdParty:841 - exiting critical section [change project]
2025-05-27 17:23:33,559 [INFO] PinOutPanel:1589 - setPackage(No Configuration,No Configuration)
2025-05-27 17:23:33,562 [INFO] PinOutPanel:1589 - setPackage(STM32F412ZGTx,LQFP144)
2025-05-27 17:23:34,215 [INFO] UtilMem:75 - Before build in PCC Used Memory: 958390984 Bytes (1073741824)
2025-05-27 17:23:35,219 [INFO] UtilMem:75 - After build in PCC Used Memory: 655884280 Bytes (1073741824)
2025-05-27 17:23:35,407 [INFO] ApiDbMcu:508 - Load IP Config File for USB_DEVICE
2025-05-27 17:23:35,450 [INFO] IPUIPlugin:80 - create IPUIPlugin
2025-05-27 17:23:35,454 [INFO] IPUIPlugin:80 - create IPUIPlugin
2025-05-27 17:23:35,454 [INFO] IPUIPlugin:80 - create IPUIPlugin
2025-05-27 17:23:35,455 [INFO] IPUIPlugin:80 - create IPUIPlugin
2025-05-27 17:23:35,455 [INFO] IPUIPlugin:80 - create IPUIPlugin
2025-05-27 17:23:35,455 [INFO] IPUIPlugin:80 - create IPUIPlugin
2025-05-27 17:23:35,455 [INFO] IPUIPlugin:80 - create IPUIPlugin
2025-05-27 17:23:35,455 [INFO] IPUIPlugin:80 - create IPUIPlugin
2025-05-27 17:23:35,456 [INFO] IPUIPlugin:80 - create IPUIPlugin
2025-05-27 17:23:35,456 [INFO] IPUIPlugin:80 - create IPUIPlugin
2025-05-27 17:23:35,456 [INFO] IPUIPlugin:80 - create IPUIPlugin
2025-05-27 17:23:35,456 [INFO] IPUIPlugin:80 - create IPUIPlugin
2025-05-27 17:23:35,457 [INFO] IPUIPlugin:80 - create IPUIPlugin
2025-05-27 17:23:35,457 [INFO] IPUIPlugin:80 - create IPUIPlugin
2025-05-27 17:23:35,457 [INFO] IPUIPlugin:80 - create IPUIPlugin
2025-05-27 17:23:35,457 [INFO] IPUIPlugin:80 - create IPUIPlugin
2025-05-27 17:23:35,457 [INFO] IPUIPlugin:80 - create IPUIPlugin
2025-05-27 17:23:35,457 [INFO] IPUIPlugin:80 - create IPUIPlugin
2025-05-27 17:23:35,457 [INFO] IPUIPlugin:80 - create IPUIPlugin
2025-05-27 17:23:35,458 [INFO] IPUIPlugin:80 - create IPUIPlugin
2025-05-27 17:23:35,458 [INFO] IPUIPlugin:80 - create IPUIPlugin
2025-05-27 17:23:35,458 [INFO] IPUIPlugin:80 - create IPUIPlugin
2025-05-27 17:23:35,458 [INFO] IPUIPlugin:80 - create IPUIPlugin
2025-05-27 17:23:35,458 [INFO] IPUIPlugin:80 - create IPUIPlugin
2025-05-27 17:23:35,459 [INFO] IPUIPlugin:80 - create IPUIPlugin
2025-05-27 17:23:35,459 [INFO] IPUIPlugin:80 - create IPUIPlugin
2025-05-27 17:23:35,459 [INFO] IPUIPlugin:80 - create IPUIPlugin
2025-05-27 17:23:35,459 [INFO] IPUIPlugin:80 - create IPUIPlugin
2025-05-27 17:23:35,459 [INFO] IPUIPlugin:80 - create IPUIPlugin
2025-05-27 17:23:35,460 [INFO] IPUIPlugin:80 - create IPUIPlugin
2025-05-27 17:23:35,460 [INFO] IPUIPlugin:80 - create IPUIPlugin
2025-05-27 17:23:35,460 [INFO] IPUIPlugin:80 - create IPUIPlugin
2025-05-27 17:23:35,460 [INFO] IPUIPlugin:80 - create IPUIPlugin
2025-05-27 17:23:35,460 [INFO] IPUIPlugin:80 - create IPUIPlugin
2025-05-27 17:23:35,461 [INFO] IPUIPlugin:80 - create IPUIPlugin
2025-05-27 17:23:35,461 [INFO] IPUIPlugin:80 - create IPUIPlugin
2025-05-27 17:23:35,461 [INFO] IPUIPlugin:80 - create IPUIPlugin
2025-05-27 17:23:35,461 [INFO] IPUIPlugin:80 - create IPUIPlugin
2025-05-27 17:23:35,462 [INFO] IPUIPlugin:80 - create IPUIPlugin
2025-05-27 17:23:35,462 [INFO] IPUIPlugin:80 - create IPUIPlugin
2025-05-27 17:23:35,462 [INFO] IPUIPlugin:80 - create IPUIPlugin
2025-05-27 17:23:35,462 [INFO] IPUIPlugin:80 - create IPUIPlugin
2025-05-27 17:23:35,463 [INFO] IPUIPlugin:80 - create IPUIPlugin
2025-05-27 17:23:35,463 [INFO] IPUIPlugin:80 - create IPUIPlugin
2025-05-27 17:23:35,463 [INFO] IPUIPlugin:80 - create IPUIPlugin
2025-05-27 17:23:35,463 [INFO] IPUIPlugin:80 - create IPUIPlugin
2025-05-27 17:23:35,464 [INFO] IPUIPlugin:80 - create IPUIPlugin
2025-05-27 17:23:35,464 [INFO] IPUIPlugin:80 - create IPUIPlugin
2025-05-27 17:23:35,464 [INFO] IPUIPlugin:80 - create IPUIPlugin
2025-05-27 17:23:35,464 [INFO] IPUIPlugin:80 - create IPUIPlugin
2025-05-27 17:23:35,465 [INFO] IPUIPlugin:80 - create IPUIPlugin
2025-05-27 17:23:35,466 [INFO] IPUIPlugin:80 - create IPUIPlugin
2025-05-27 17:23:35,466 [INFO] IPUIPlugin:80 - create IPUIPlugin
2025-05-27 17:23:35,466 [INFO] IPUIPlugin:80 - create IPUIPlugin
2025-05-27 17:23:35,466 [INFO] IPUIPlugin:80 - create IPUIPlugin
2025-05-27 17:23:35,466 [INFO] IPUIPlugin:80 - create IPUIPlugin
2025-05-27 17:23:35,466 [INFO] IPUIPlugin:80 - create IPUIPlugin
2025-05-27 17:23:35,483 [INFO] ApiDbMcu:508 - Load IP Config File for PDM2PCM
2025-05-27 17:23:35,847 [INFO] CADModel:165 - CPN selected for project levelSTM32F412ZGT6
2025-05-27 17:23:35,847 [INFO] CADModel:114 - Register for checkConnection events
2025-05-27 17:23:35,887 [INFO] OpenFileManager:385 - Restore cursor
2025-05-27 17:23:36,141 [WARN] IP:2250 - DEVICE_SERIAL0_CDC_FS not found: check if there is a RefParameter without a condition.
2025-05-27 17:23:36,142 [WARN] IP:2250 - DEVICE_SERIAL1_CDC_FS not found: check if there is a RefParameter without a condition.
2025-05-27 17:23:36,142 [WARN] IP:2250 - DEVICE_SERIAL2_CDC_FS not found: check if there is a RefParameter without a condition.
2025-05-27 17:23:36,144 [WARN] IP:2250 - DEVICE_SERIAL0_CDC_FS not found: check if there is a RefParameter without a condition.
2025-05-27 17:23:36,144 [WARN] IP:2250 - DEVICE_SERIAL1_CDC_FS not found: check if there is a RefParameter without a condition.
2025-05-27 17:23:36,144 [WARN] IP:2250 - DEVICE_SERIAL2_CDC_FS not found: check if there is a RefParameter without a condition.
2025-05-27 18:13:33,925 [INFO] Activator:176 - 


2025-05-27 18:13:33,927 [INFO] Activator:177 - !SESSION log4j initialized
2025-05-27 18:13:40,303 [INFO] LogOutputStream:77 - [STDOUT_REDIRECT] 
2025-05-27 18:13:46,362 [INFO] ApplicationProperties:184 - Using Application install path: C:\ST\STM32CubeIDE_1.15.0\STM32CubeIDE\plugins\com.st.stm32cube.common.mx_6.14.0.202502271554
2025-05-27 18:13:46,379 [INFO] DbMcusXml:78 - Set database path to: C:\ST\STM32CubeIDE_1.15.0\STM32CubeIDE\plugins\com.st.stm32cube.common.mx_6.14.0.202502271554\\db\/mcu/
2025-05-27 18:13:46,379 [INFO] ApiDb:274 - Set plugin database path to: C:\ST\STM32CubeIDE_1.15.0\STM32CubeIDE\plugins\com.st.stm32cube.common.mx_6.14.0.202502271554\\db\/plugins/boardmanager/
2025-05-27 18:13:46,379 [WARN] ApiDb:259 - Overriding images path with different value:  => C:\ST\STM32CubeIDE_1.15.0\STM32CubeIDE\plugins\com.st.stm32cube.common.mx_6.14.0.202502271554\\db\/plugins/mcufinder/images/
2025-05-27 18:13:46,384 [INFO] ApiDb:250 - Set database path to: C:\Users\gagno\.stmcufinder\plugins\mcufinder//mcu/
2025-05-27 18:13:46,385 [INFO] DbMcusAds:125 - Set database path to: C:\Users\gagno\.stmcufinder\plugins\mcufinder//mcu/
2025-05-27 18:13:46,388 [INFO] CrossReferenceDbSqlite:203 - Set database path to: C:\Users\gagno\.stmcufinder\plugins\mcufinder//mcu/cs/
2025-05-27 18:13:46,484 [INFO] RulesReader:64 - Compatibility file has been processed (301 Rules)
2025-05-27 18:13:46,569 [INFO] DbMcusXml:78 - Set database path to: C:\ST\STM32CubeIDE_1.15.0\STM32CubeIDE\plugins\com.st.stm32cube.common.mx_6.14.0.202502271554\\db\/mcu/
2025-05-27 18:13:46,569 [INFO] ApiDb:274 - Set plugin database path to: C:\ST\STM32CubeIDE_1.15.0\STM32CubeIDE\plugins\com.st.stm32cube.common.mx_6.14.0.202502271554\\db\/plugins/boardmanager/
2025-05-27 18:13:46,570 [INFO] ApiDb:261 - Set plugin images path to: C:\ST\STM32CubeIDE_1.15.0\STM32CubeIDE\plugins\com.st.stm32cube.common.mx_6.14.0.202502271554\\db\/plugins/mcufinder/images/
2025-05-27 18:13:46,570 [WARN] DbFile:41 - Overriding database path with different value: C:\Users\gagno\.stmcufinder\plugins\mcufinder/ => C:\Users\gagno\.stmcufinder\plugins\mcufinder
2025-05-27 18:13:46,570 [INFO] ApiDb:250 - Set database path to: C:\Users\gagno\.stmcufinder\plugins\mcufinder//mcu/
2025-05-27 18:13:46,570 [WARN] DbFile:41 - Overriding database path with different value: C:\Users\gagno\.stmcufinder\plugins\mcufinder/ => C:\Users\gagno\.stmcufinder\plugins\mcufinder
2025-05-27 18:13:46,570 [INFO] DbMcusAds:125 - Set database path to: C:\Users\gagno\.stmcufinder\plugins\mcufinder//mcu/
2025-05-27 18:13:46,570 [WARN] DbFile:41 - Overriding database path with different value: C:\Users\gagno\.stmcufinder\plugins\mcufinder/ => C:\Users\gagno\.stmcufinder\plugins\mcufinder
2025-05-27 18:13:46,570 [WARN] DbFile:41 - Overriding database path with different value: C:\Users\gagno\.stmcufinder\plugins\mcufinder/ => C:\Users\gagno\.stmcufinder\plugins\mcufinder
2025-05-27 18:13:46,570 [INFO] CrossReferenceDbSqlite:203 - Set database path to: C:\Users\gagno\.stmcufinder\plugins\mcufinder//mcu/cs/
2025-05-27 18:13:46,631 [INFO] MainPanel:272 - HeapMemory: 268435456
2025-05-27 18:13:46,695 [INFO] DbMcusXml:78 - Set database path to: C:\ST\STM32CubeIDE_1.15.0\STM32CubeIDE\plugins\com.st.stm32cube.common.mx_6.14.0.202502271554\\db\/mcu/
2025-05-27 18:13:46,695 [INFO] ApiDb:274 - Set plugin database path to: C:\ST\STM32CubeIDE_1.15.0\STM32CubeIDE\plugins\com.st.stm32cube.common.mx_6.14.0.202502271554\\db\/plugins/boardmanager/
2025-05-27 18:13:46,695 [INFO] ApiDb:261 - Set plugin images path to: C:\ST\STM32CubeIDE_1.15.0\STM32CubeIDE\plugins\com.st.stm32cube.common.mx_6.14.0.202502271554\\db\/plugins/mcufinder/images/
2025-05-27 18:13:46,696 [WARN] DbFile:41 - Overriding database path with different value: C:\Users\gagno\.stmcufinder\plugins\mcufinder/ => C:\Users\gagno\.stmcufinder\plugins\mcufinder
2025-05-27 18:13:46,696 [INFO] ApiDb:250 - Set database path to: C:\Users\gagno\.stmcufinder\plugins\mcufinder//mcu/
2025-05-27 18:13:46,696 [WARN] DbFile:41 - Overriding database path with different value: C:\Users\gagno\.stmcufinder\plugins\mcufinder/ => C:\Users\gagno\.stmcufinder\plugins\mcufinder
2025-05-27 18:13:46,696 [INFO] DbMcusAds:125 - Set database path to: C:\Users\gagno\.stmcufinder\plugins\mcufinder//mcu/
2025-05-27 18:13:46,696 [WARN] DbFile:41 - Overriding database path with different value: C:\Users\gagno\.stmcufinder\plugins\mcufinder/ => C:\Users\gagno\.stmcufinder\plugins\mcufinder
2025-05-27 18:13:46,696 [WARN] DbFile:41 - Overriding database path with different value: C:\Users\gagno\.stmcufinder\plugins\mcufinder/ => C:\Users\gagno\.stmcufinder\plugins\mcufinder
2025-05-27 18:13:46,696 [INFO] CrossReferenceDbSqlite:203 - Set database path to: C:\Users\gagno\.stmcufinder\plugins\mcufinder//mcu/cs/
2025-05-27 18:13:46,710 [INFO] ApplicationProperties:184 - Using Application install path: C:\ST\STM32CubeIDE_1.15.0\STM32CubeIDE\plugins\com.st.stm32cube.common.mx_6.14.0.202502271554
2025-05-27 18:13:46,712 [INFO] PluginManage:196 - Search for loadable plugins [exclusion list=, ]
2025-05-27 18:13:46,713 [INFO] PluginManage:310 - Check plugin analytics
2025-05-27 18:13:51,825 [INFO] AnalyticsPlugin:253 - Accepted Software Licenses: 
2025-05-27 18:13:51,825 [INFO] AnalyticsPlugin:255 - Accepted CMSIS Pack Licenses: 
2025-05-27 18:13:51,825 [INFO] AnalyticsPlugin:257 - Accepted Firmware Licenses: FW.F4.1.28.0
2025-05-27 18:13:51,827 [INFO] PluginManage:359 - Loaded plugin analytics (category:tool,tabindex:-1)
2025-05-27 18:13:51,828 [INFO] PluginManage:310 - Check plugin cadmodel
2025-05-27 18:13:51,832 [INFO] CADModel:105 - Init CAD model plugin
2025-05-27 18:13:51,832 [INFO] PluginManage:359 - Loaded plugin cadmodel (category:power,tabindex:5)
2025-05-27 18:13:51,832 [INFO] PluginManage:310 - Check plugin clock
2025-05-27 18:13:51,839 [INFO] PluginManage:359 - Loaded plugin clock (category:base,tabindex:2)
2025-05-27 18:13:51,839 [INFO] PluginManage:310 - Check plugin ddr
2025-05-27 18:13:51,841 [INFO] PluginManage:359 - Loaded plugin ddr (category:tool,tabindex:6)
2025-05-27 18:13:51,841 [INFO] PluginManage:310 - Check plugin filemanager
2025-05-27 18:13:51,990 [INFO] PluginManage:359 - Loaded plugin filemanager (category:base,tabindex:10)
2025-05-27 18:13:51,990 [INFO] PluginManage:310 - Check plugin ipmanager
2025-05-27 18:13:51,998 [INFO] PluginManage:359 - Loaded plugin ipmanager (category:base,tabindex:5)
2025-05-27 18:13:51,998 [INFO] PluginManage:310 - Check plugin lpbam
2025-05-27 18:13:52,007 [INFO] PluginManage:359 - Loaded plugin lpbam (category:base,tabindex:0)
2025-05-27 18:13:52,008 [INFO] PluginManage:310 - Check plugin memorymap
2025-05-27 18:13:52,019 [INFO] PluginManage:359 - Loaded plugin memorymap (category:base,tabindex:4)
2025-05-27 18:13:52,019 [INFO] PluginManage:310 - Check plugin pinoutandconfiguration
2025-05-27 18:13:52,029 [INFO] PluginManage:359 - Loaded plugin pinoutandconfiguration (category:base,tabindex:1)
2025-05-27 18:13:52,029 [INFO] PluginManage:310 - Check plugin pinoutconfig
2025-05-27 18:13:52,131 [WARN] SupportedApi:132 - Cannot load RTOS API schema: s4s-elt-must-match.1: The content of 'definitions' must match (annotation?, (simpleType | complexType)?, (unique | key | keyref)*)). A problem was found starting at: attribute.
2025-05-27 18:13:52,272 [INFO] PluginManage:359 - Loaded plugin pinoutconfig (category:base,tabindex:0)
2025-05-27 18:13:52,272 [INFO] PluginManage:310 - Check plugin power
2025-05-27 18:13:52,283 [INFO] PluginManage:359 - Loaded plugin power (category:power,tabindex:4)
2025-05-27 18:13:52,284 [INFO] PluginManage:310 - Check plugin projectmanager
2025-05-27 18:13:52,301 [INFO] PluginManage:359 - Loaded plugin projectmanager (category:projectmanager,tabindex:4)
2025-05-27 18:13:52,301 [INFO] PluginManage:310 - Check plugin rif
2025-05-27 18:13:52,307 [INFO] PluginManage:359 - Loaded plugin rif (category:base,tabindex:3)
2025-05-27 18:13:52,307 [INFO] PluginManage:310 - Check plugin thirdparty
2025-05-27 18:13:52,442 [INFO] PluginManage:359 - Loaded plugin thirdparty (category:base,tabindex:-1)
2025-05-27 18:13:52,442 [INFO] PluginManage:310 - Check plugin tools
2025-05-27 18:13:52,442 [WARN] IntegrityCheckThread:84 - waiting for thirdparty lock release [integrity check]
2025-05-27 18:13:52,442 [INFO] IntegrityCheckThread:86 - entering critical section [integrity check]
2025-05-27 18:13:52,442 [INFO] ThirdPartyUpdaterWithRetryManager:70 - Updater plugin not ready yet. [1/15]
2025-05-27 18:13:52,444 [INFO] PluginManage:359 - Loaded plugin tools (category:base,tabindex:7)
2025-05-27 18:13:52,444 [INFO] PluginManage:310 - Check plugin tutovideos
2025-05-27 18:13:52,589 [INFO] PluginManage:359 - Loaded plugin tutovideos (category:base,tabindex:-1)
2025-05-27 18:13:52,590 [INFO] PluginManage:310 - Check plugin updater
2025-05-27 18:13:52,607 [INFO] PluginManage:359 - Loaded plugin updater (category:base,tabindex:12)
2025-05-27 18:13:52,607 [INFO] PluginManage:310 - Check plugin userauth
2025-05-27 18:13:52,611 [INFO] UserAuth:118 - Init User Auth plugin
2025-05-27 18:13:52,613 [INFO] PluginManage:359 - Loaded plugin userauth (category:base,tabindex:14)
2025-05-27 18:13:52,614 [INFO] PluginManage:283 - PluginManage : Loaded plugins [18]
2025-05-27 18:13:52,805 [INFO] PinOutPanel:1589 - setPackage(No Configuration,No Configuration)
2025-05-27 18:13:52,898 [INFO] CADModel:165 - CPN selected for project level
2025-05-27 18:13:52,899 [INFO] CADModel:114 - Register for checkConnection events
2025-05-27 18:13:52,918 [INFO] IPUIPlugin:80 - create IPUIPlugin
2025-05-27 18:13:52,918 [INFO] PluginManager:220 - loadIPPluginJar : add adc
2025-05-27 18:13:52,921 [INFO] IPUIPlugin:80 - create IPUIPlugin
2025-05-27 18:13:52,922 [INFO] PluginManager:220 - loadIPPluginJar : add aes
2025-05-27 18:13:52,924 [INFO] IPUIPlugin:80 - create IPUIPlugin
2025-05-27 18:13:52,924 [INFO] PluginManager:220 - loadIPPluginJar : add can
2025-05-27 18:13:52,927 [INFO] IPUIPlugin:80 - create IPUIPlugin
2025-05-27 18:13:52,927 [INFO] PluginManager:220 - loadIPPluginJar : add comp
2025-05-27 18:13:52,929 [INFO] IPUIPlugin:80 - create IPUIPlugin
2025-05-27 18:13:52,929 [INFO] PluginManager:220 - loadIPPluginJar : add cryp
2025-05-27 18:13:52,933 [INFO] IPUIPlugin:80 - create IPUIPlugin
2025-05-27 18:13:52,933 [INFO] PluginManager:220 - loadIPPluginJar : add ddr_ctrl_phy
2025-05-27 18:13:52,935 [INFO] IPUIPlugin:80 - create IPUIPlugin
2025-05-27 18:13:52,936 [INFO] PluginManager:220 - loadIPPluginJar : add dfsdm
2025-05-27 18:13:52,941 [INFO] IPUIPlugin:80 - create IPUIPlugin
2025-05-27 18:13:52,942 [INFO] PluginManager:220 - loadIPPluginJar : add dma
2025-05-27 18:13:52,944 [INFO] IPUIPlugin:80 - create IPUIPlugin
2025-05-27 18:13:52,944 [INFO] PluginManager:220 - loadIPPluginJar : add dma3
2025-05-27 18:13:52,948 [INFO] IPUIPlugin:80 - create IPUIPlugin
2025-05-27 18:13:52,948 [INFO] PluginManager:220 - loadIPPluginJar : add extmemmanager
2025-05-27 18:13:52,950 [INFO] IPUIPlugin:80 - create IPUIPlugin
2025-05-27 18:13:52,951 [INFO] PluginManager:220 - loadIPPluginJar : add fatfs
2025-05-27 18:13:52,955 [INFO] IPUIPlugin:80 - create IPUIPlugin
2025-05-27 18:13:52,955 [INFO] PluginManager:220 - loadIPPluginJar : add fmc
2025-05-27 18:13:52,962 [INFO] IPUIPlugin:80 - create IPUIPlugin
2025-05-27 18:13:52,962 [INFO] PluginManager:220 - loadIPPluginJar : add freertos
2025-05-27 18:13:52,964 [INFO] IPUIPlugin:80 - create IPUIPlugin
2025-05-27 18:13:52,964 [INFO] PluginManager:220 - loadIPPluginJar : add genericplugin
2025-05-27 18:13:52,967 [INFO] IPUIPlugin:80 - create IPUIPlugin
2025-05-27 18:13:52,967 [INFO] PluginManager:220 - loadIPPluginJar : add gfxmmu
2025-05-27 18:13:52,972 [INFO] IPUIPlugin:80 - create IPUIPlugin
2025-05-27 18:13:52,973 [INFO] PluginManager:220 - loadIPPluginJar : add gic
2025-05-27 18:13:52,977 [INFO] IPUIPlugin:80 - create IPUIPlugin
2025-05-27 18:13:52,977 [INFO] PluginManager:220 - loadIPPluginJar : add gpio
2025-05-27 18:13:52,981 [INFO] IPUIPlugin:80 - create IPUIPlugin
2025-05-27 18:13:52,981 [INFO] PluginManager:220 - loadIPPluginJar : add gtzc
2025-05-27 18:13:52,985 [INFO] IPUIPlugin:80 - create IPUIPlugin
2025-05-27 18:13:52,985 [INFO] PluginManager:220 - loadIPPluginJar : add hash
2025-05-27 18:13:52,989 [INFO] IPUIPlugin:80 - create IPUIPlugin
2025-05-27 18:13:52,989 [INFO] PluginManager:220 - loadIPPluginJar : add i2c
2025-05-27 18:13:52,992 [INFO] IPUIPlugin:80 - create IPUIPlugin
2025-05-27 18:13:52,992 [INFO] PluginManager:220 - loadIPPluginJar : add i2s
2025-05-27 18:13:52,997 [INFO] IPUIPlugin:80 - create IPUIPlugin
2025-05-27 18:13:52,997 [INFO] PluginManager:220 - loadIPPluginJar : add i3c
2025-05-27 18:13:53,001 [INFO] IPUIPlugin:80 - create IPUIPlugin
2025-05-27 18:13:53,002 [INFO] PluginManager:220 - loadIPPluginJar : add ipddr
2025-05-27 18:13:53,008 [INFO] IPUIPlugin:80 - create IPUIPlugin
2025-05-27 18:13:53,008 [INFO] PluginManager:220 - loadIPPluginJar : add linkedlist
2025-05-27 18:13:53,011 [INFO] IPUIPlugin:80 - create IPUIPlugin
2025-05-27 18:13:53,011 [INFO] PluginManager:220 - loadIPPluginJar : add lorawan
2025-05-27 18:13:53,014 [INFO] IPUIPlugin:80 - create IPUIPlugin
2025-05-27 18:13:53,014 [INFO] PluginManager:220 - loadIPPluginJar : add ltdc
2025-05-27 18:13:53,020 [INFO] IPUIPlugin:80 - create IPUIPlugin
2025-05-27 18:13:53,020 [INFO] PluginManager:220 - loadIPPluginJar : add mdma
2025-05-27 18:13:53,025 [INFO] IPUIPlugin:80 - create IPUIPlugin
2025-05-27 18:13:53,025 [INFO] PluginManager:220 - loadIPPluginJar : add nvic
2025-05-27 18:13:53,028 [INFO] IPUIPlugin:80 - create IPUIPlugin
2025-05-27 18:13:53,028 [INFO] PluginManager:220 - loadIPPluginJar : add opamp
2025-05-27 18:13:53,032 [INFO] IPUIPlugin:80 - create IPUIPlugin
2025-05-27 18:13:53,032 [INFO] PluginManager:220 - loadIPPluginJar : add openamp
2025-05-27 18:13:53,036 [INFO] IPUIPlugin:80 - create IPUIPlugin
2025-05-27 18:13:53,036 [INFO] PluginManager:220 - loadIPPluginJar : add pdm2pcm
2025-05-27 18:13:53,044 [INFO] IPUIPlugin:80 - create IPUIPlugin
2025-05-27 18:13:53,047 [INFO] PluginManager:220 - loadIPPluginJar : add plateformsettings
2025-05-27 18:13:53,049 [INFO] IPUIPlugin:80 - create IPUIPlugin
2025-05-27 18:13:53,049 [INFO] PluginManager:220 - loadIPPluginJar : add quadspi
2025-05-27 18:13:53,050 [INFO] IPUIPlugin:80 - create IPUIPlugin
2025-05-27 18:13:53,053 [INFO] PluginManager:220 - loadIPPluginJar : add radio
2025-05-27 18:13:53,055 [INFO] IPUIPlugin:80 - create IPUIPlugin
2025-05-27 18:13:53,055 [INFO] PluginManager:220 - loadIPPluginJar : add resmgrutility
2025-05-27 18:13:53,058 [INFO] IPUIPlugin:80 - create IPUIPlugin
2025-05-27 18:13:53,059 [INFO] PluginManager:220 - loadIPPluginJar : add sai
2025-05-27 18:13:53,062 [INFO] IPUIPlugin:80 - create IPUIPlugin
2025-05-27 18:13:53,062 [INFO] PluginManager:220 - loadIPPluginJar : add spi
2025-05-27 18:13:53,067 [INFO] IPUIPlugin:80 - create IPUIPlugin
2025-05-27 18:13:53,068 [INFO] PluginManager:220 - loadIPPluginJar : add stm32_wpan
2025-05-27 18:13:53,071 [INFO] IPUIPlugin:80 - create IPUIPlugin
2025-05-27 18:13:53,071 [INFO] PluginManager:220 - loadIPPluginJar : add tim
2025-05-27 18:13:53,075 [INFO] IPUIPlugin:80 - create IPUIPlugin
2025-05-27 18:13:53,076 [INFO] PluginManager:220 - loadIPPluginJar : add touchsensing
2025-05-27 18:13:53,078 [INFO] IPUIPlugin:80 - create IPUIPlugin
2025-05-27 18:13:53,078 [INFO] PluginManager:220 - loadIPPluginJar : add tracer_emb
2025-05-27 18:13:53,080 [INFO] IPUIPlugin:80 - create IPUIPlugin
2025-05-27 18:13:53,080 [INFO] PluginManager:220 - loadIPPluginJar : add ts
2025-05-27 18:13:53,081 [INFO] IPUIPlugin:80 - create IPUIPlugin
2025-05-27 18:13:53,081 [INFO] PluginManager:220 - loadIPPluginJar : add tsc
2025-05-27 18:13:53,083 [INFO] IPUIPlugin:80 - create IPUIPlugin
2025-05-27 18:13:53,083 [INFO] PluginManager:220 - loadIPPluginJar : add ucpd
2025-05-27 18:13:53,085 [INFO] IPUIPlugin:80 - create IPUIPlugin
2025-05-27 18:13:53,085 [INFO] PluginManager:220 - loadIPPluginJar : add usart
2025-05-27 18:13:53,088 [INFO] IPUIPlugin:80 - create IPUIPlugin
2025-05-27 18:13:53,088 [INFO] PluginManager:220 - loadIPPluginJar : add usbx
2025-05-27 18:13:53,226 [FATAL] Updater:351 - Updater called before beeing initialized
2025-05-27 18:13:53,250 [INFO] RulesReader:64 - Compatibility file has been processed (301 Rules)
2025-05-27 18:13:53,260 [INFO] RulesReader:64 - Compatibility file has been processed (301 Rules)
2025-05-27 18:13:53,267 [INFO] CADModel:165 - CPN selected for project level
2025-05-27 18:13:53,267 [INFO] CADModel:114 - Register for checkConnection events
2025-05-27 18:13:53,267 [FATAL] Updater:351 - Updater called before beeing initialized
2025-05-27 18:13:53,267 [ERROR] CADModel:125 - Updater not yet initialized, retry later 
2025-05-27 18:13:53,402 [FATAL] Updater:351 - Updater called before beeing initialized
2025-05-27 18:13:53,404 [INFO] CADModel:165 - CPN selected for project level
2025-05-27 18:13:53,404 [INFO] CADModel:114 - Register for checkConnection events
2025-05-27 18:13:53,404 [FATAL] Updater:351 - Updater called before beeing initialized
2025-05-27 18:13:53,404 [ERROR] CADModel:125 - Updater not yet initialized, retry later 
2025-05-27 18:13:53,407 [FATAL] Updater:351 - Updater called before beeing initialized
2025-05-27 18:13:53,522 [FATAL] Updater:351 - Updater called before beeing initialized
2025-05-27 18:13:53,528 [INFO] DbMcusAds:53 - JSON generation date=Wed May 07 05:07:55 EDT 2025 (1746608875484)
2025-05-27 18:13:53,529 [FATAL] Updater:351 - Updater called before beeing initialized
2025-05-27 18:13:53,561 [WARN] DetailPanel:346 - Failed to get advertising image, set to default
2025-05-27 18:13:53,818 [FATAL] Updater:351 - Updater called before beeing initialized
2025-05-27 18:13:53,821 [FATAL] Updater:351 - Updater called before beeing initialized
2025-05-27 18:13:53,821 [FATAL] Updater:351 - Updater called before beeing initialized
2025-05-27 18:13:53,821 [WARN] DetailPanel:346 - Failed to get advertising image, set to default
2025-05-27 18:13:53,822 [FATAL] Updater:351 - Updater called before beeing initialized
2025-05-27 18:13:53,864 [ERROR] Updater:1198 - MainUpdater not yet initialized. External WinMGr cannot be set.
2025-05-27 18:13:53,866 [INFO] Updater:1134 - Updater Version found : 6.14.0
2025-05-27 18:13:53,881 [INFO] ApplicationProperties:184 - Using Application install path: C:\ST\STM32CubeIDE_1.15.0\STM32CubeIDE\plugins\com.st.stm32cube.common.mx_6.14.0.202502271554
2025-05-27 18:13:54,286 [INFO] MainUpdater:2872 - connection check result : 10
2025-05-27 18:13:54,286 [INFO] MainUpdater:289 - Updater Check For Update Now.
2025-05-27 18:13:54,286 [INFO] MicroXplorer:498 - Change Database Version : DB.6.0.140
2025-05-27 18:13:54,296 [INFO] McuFinderGlobals:63 - Set McuFinder mode to 2 (CubeIDE integrated)
2025-05-27 18:13:54,297 [INFO] UserAuth:486 - Internet connection configuration mode: 1
2025-05-27 18:13:54,313 [INFO] JxBrowserEngine:152 - Initiate JxBrowser Engine with user profile folder
2025-05-27 18:13:54,462 [INFO] CheckServerUpdateThread:120 - End of CheckServer Thread
2025-05-27 18:13:55,028 [INFO] WebApp:169 - Instantiating new browser for Auth
2025-05-27 18:13:55,738 [WARN] PackLoader:240 - Cannot read IP mode file for STMicroelectronics.FP-SNS-MOTENVWB1.1.4.0
2025-05-27 18:13:55,758 [WARN] PackLoader:240 - Cannot read IP mode file for STMicroelectronics.FP-ATR-ASTRA1.2.0.2
2025-05-27 18:13:55,764 [WARN] PackLoader:240 - Cannot read IP mode file for STMicroelectronics.FP-ATR-ASTRA1.2.0.1
2025-05-27 18:13:55,780 [WARN] PackLoader:240 - Cannot read IP mode file for STMicroelectronics.X-CUBE-SMBUS.2.1.0
2025-05-27 18:13:55,796 [WARN] PackLoader:240 - Cannot read IP mode file for STMicroelectronics.X-CUBE-WB05N.1.1.0
2025-05-27 18:13:55,805 [WARN] PackLoader:240 - Cannot read IP mode file for STMicroelectronics.X-CUBE-ST60.1.0.0
2025-05-27 18:13:55,813 [WARN] PackLoader:240 - Cannot read IP mode file for STMicroelectronics.X-CUBE-TOUCHGFX.4.23.2
2025-05-27 18:13:55,816 [INFO] WebApp:463 - Apply proxy settings
2025-05-27 18:13:55,816 [INFO] WebApp:548 - Chromium requires no authentication
2025-05-27 18:13:55,877 [INFO] WebApp:491 - Direct internet connection detected
2025-05-27 18:13:55,885 [WARN] PackLoader:240 - Cannot read IP mode file for STMicroelectronics.X-CUBE-AZRTOS-F7.1.1.0
2025-05-27 18:13:55,952 [INFO] WebApp:894 - Register for checkConnection events
2025-05-27 18:13:55,952 [INFO] WebApp:463 - Apply proxy settings
2025-05-27 18:13:55,952 [INFO] WebApp:548 - Chromium requires no authentication
2025-05-27 18:13:55,953 [INFO] WebApp:491 - Direct internet connection detected
2025-05-27 18:13:55,962 [WARN] PackLoader:240 - Cannot read IP mode file for STMicroelectronics.X-CUBE-MEMS1.11.0.0
2025-05-27 18:13:56,108 [WARN] PackLoader:240 - Cannot read IP mode file for STMicroelectronics.FP-SNS-FLIGHT1.5.0.2
2025-05-27 18:13:56,117 [WARN] PackLoader:240 - Cannot read IP mode file for STMicroelectronics.X-CUBE-DISPLAY.3.0.0
2025-05-27 18:13:56,127 [WARN] PackLoader:240 - Cannot read IP mode file for STMicroelectronics.X-CUBE-BLE1.7.0.0
2025-05-27 18:13:56,136 [WARN] PackLoader:240 - Cannot read IP mode file for STMicroelectronics.X-CUBE-NFC10.1.0.0
2025-05-27 18:13:56,151 [WARN] PackLoader:240 - Cannot read IP mode file for STMicroelectronics.X-CUBE-BLEMGR.4.0.0
2025-05-27 18:13:56,191 [WARN] PackLoader:240 - Cannot read IP mode file for emotas.I-CUBE-CANOPEN.1.3.0
2025-05-27 18:13:56,206 [WARN] PackLoader:240 - Cannot read IP mode file for STMicroelectronics.X-CUBE-BLEMGR.3.1.0
2025-05-27 18:13:56,216 [WARN] PackLoader:240 - Cannot read IP mode file for STMicroelectronics.X-CUBE-AI.10.0.0
2025-05-27 18:13:56,225 [WARN] PackLoader:240 - Cannot read IP mode file for STMicroelectronics.FP-SNS-SMARTAG2.1.2.0
2025-05-27 18:13:56,233 [WARN] PackLoader:240 - Cannot read IP mode file for STMicroelectronics.FP-SNS-FLIGHT1.5.1.0
2025-05-27 18:13:56,291 [INFO] WebApp:191 - Connection restablished
2025-05-27 18:13:56,313 [WARN] PackLoader:240 - Cannot read IP mode file for STMicroelectronics.X-CUBE-MEMS1.11.1.0
2025-05-27 18:13:56,472 [INFO] WebApp:225 - Starting web application
2025-05-27 18:13:56,473 [INFO] WebApp:593 - Web application path used C:\ST\STM32CubeIDE_1.15.0\STM32CubeIDE\plugins\com.st.stm32cube.common.mx_6.14.0.202502271554\db\plugins\mcufinder\reactClient1\index.html
2025-05-27 18:13:56,480 [INFO] LogOutputStream:77 - [STDOUT_REDIRECT] 1 : Invalid condition id : UX_CORESTACK_Condition cause : null
2025-05-27 18:13:56,481 [INFO] LogOutputStream:77 - [STDOUT_REDIRECT] 1 : Invalid condition id : UX_CORESTACK_Condition cause : null
2025-05-27 18:13:56,483 [INFO] LogOutputStream:77 - [STDOUT_REDIRECT] 1 : Invalid condition id : UX_CORESTACK_Condition cause : null
2025-05-27 18:13:56,486 [INFO] LogOutputStream:77 - [STDOUT_REDIRECT] 1 : Invalid condition id : UX_CORESTACK_Condition cause : null
2025-05-27 18:13:56,488 [INFO] LogOutputStream:77 - [STDOUT_REDIRECT] 1 : Invalid condition id : UX_CORESTACK_Condition cause : null
2025-05-27 18:13:56,492 [WARN] PackLoader:240 - Cannot read IP mode file for STMicroelectronics.X-CUBE-AZRTOS-WL.2.0.0
2025-05-27 18:13:56,501 [WARN] PackLoader:240 - Cannot read IP mode file for STMicroelectronics.FP-SNS-MOTENV1.5.0.0
2025-05-27 18:13:56,511 [WARN] PackLoader:240 - Cannot read IP mode file for wolfSSL.I-CUBE-wolfMQTT.1.19.0
2025-05-27 18:13:56,526 [WARN] PackLoader:240 - Cannot read IP mode file for WES.I-CUBE-Cesium.1.3.0
2025-05-27 18:13:56,533 [WARN] PackLoader:240 - Cannot read IP mode file for STMicroelectronics.X-CUBE-BLE2.3.3.0
2025-05-27 18:13:56,546 [WARN] PackLoader:240 - Cannot read IP mode file for STMicroelectronics.X-CUBE-NFC9.1.0.0
2025-05-27 18:13:56,554 [WARN] PackLoader:240 - Cannot read IP mode file for STMicroelectronics.X-CUBE-BLE1.7.1.0
2025-05-27 18:13:56,562 [WARN] PackLoader:240 - Cannot read IP mode file for STMicroelectronics.X-CUBE-TCPP.4.1.0
2025-05-27 18:13:56,574 [WARN] PackLoader:240 - Cannot read IP mode file for STMicroelectronics.X-CUBE-ALGOBUILD.1.3.0
2025-05-27 18:13:56,642 [WARN] PackLoader:240 - Cannot read IP mode file for STMicroelectronics.X-CUBE-MEMS1.11.2.0
2025-05-27 18:13:56,668 [INFO] UserAuth:486 - Internet connection configuration mode: 1
2025-05-27 18:13:56,824 [WARN] PackLoader:240 - Cannot read IP mode file for STMicroelectronics.X-CUBE-AZRTOS-G0.1.1.0
2025-05-27 18:13:56,832 [WARN] PackLoader:240 - Cannot read IP mode file for STMicroelectronics.X-CUBE-SAFEA1.1.2.2
2025-05-27 18:13:56,838 [WARN] PackLoader:240 - Cannot read IP mode file for STMicroelectronics.X-CUBE-NFC4.3.0.0
2025-05-27 18:13:56,843 [WARN] PackLoader:240 - Cannot read IP mode file for wolfSSL.I-CUBE-wolfMQTT.1.18.0
2025-05-27 18:13:56,852 [WARN] PackLoader:240 - Cannot read IP mode file for EmbeddedOffice.I-CUBE-FS-RTOS.1.0.1
2025-05-27 18:13:56,857 [WARN] PackLoader:240 - Cannot read IP mode file for STMicroelectronics.X-CUBE-WB05N.2.0.0
2025-05-27 18:13:56,863 [WARN] PackLoader:240 - Cannot read IP mode file for STMicroelectronics.X-CUBE-TCPP.4.2.0
2025-05-27 18:13:56,868 [WARN] PackLoader:240 - Cannot read IP mode file for RealThread.X-CUBE-RT-Thread_Nano.4.1.1
2025-05-27 18:13:56,874 [WARN] PackLoader:240 - Cannot read IP mode file for wolfSSL.I-CUBE-wolfSSL.5.7.0
2025-05-27 18:13:56,879 [WARN] PackLoader:240 - Cannot read IP mode file for STMicroelectronics.FP-ATR-SIGFOX1.3.2.0
2025-05-27 18:13:56,886 [WARN] ConditionMgr:438 - getConditionDescription Invalid condition id : Cortex-A Device cause : null
2025-05-27 18:13:56,905 [WARN] ConditionMgr:1044 - genDependencies : Invalid condition id : Cortex-A Device cause : null
2025-05-27 18:13:56,905 [WARN] ConditionMgr:1044 - genDependencies : Invalid condition id : Cortex-A Device cause : null
2025-05-27 18:13:56,906 [WARN] ConditionMgr:1044 - genDependencies : Invalid condition id : Cortex-A Device cause : null
2025-05-27 18:13:56,912 [WARN] PackLoader:240 - Cannot read IP mode file for STMicroelectronics.X-CUBE-EEPRMA1.5.1.0
2025-05-27 18:13:56,919 [WARN] PackLoader:240 - Cannot read IP mode file for ITTIA_DB.I-CUBE-ITTIADB.8.9.0
2025-05-27 18:13:56,945 [WARN] PackLoader:240 - Cannot read IP mode file for SEGGER.I-CUBE-embOS.1.3.1
2025-05-27 18:13:57,000 [WARN] PackLoader:240 - Cannot read IP mode file for STMicroelectronics.X-CUBE-ALGOBUILD.1.4.0
2025-05-27 18:13:57,007 [WARN] PackLoader:240 - Cannot read IP mode file for STMicroelectronics.X-CUBE-AI.9.1.0
2025-05-27 18:13:57,016 [WARN] PackLoader:240 - Cannot read IP mode file for STMicroelectronics.X-CUBE-GNSS1.6.0.0
2025-05-27 18:13:57,038 [WARN] PackLoader:240 - Cannot read IP mode file for STMicroelectronics.X-CUBE-AZRTOS-F4.1.1.0
2025-05-27 18:13:57,050 [WARN] PackLoader:240 - Cannot read IP mode file for Avnet-IotConnect.X-CUBE-IoTC-DA16k-PMOD.1.0.0
2025-05-27 18:13:57,057 [WARN] PackLoader:240 - Cannot read IP mode file for STMicroelectronics.X-CUBE-ISPU.2.1.0
2025-05-27 18:13:57,066 [WARN] PackLoader:240 - Cannot read IP mode file for STMicroelectronics.X-CUBE-FREERTOS.1.2.0
2025-05-27 18:13:57,108 [WARN] PackLoader:240 - Cannot read IP mode file for STMicroelectronics.X-CUBE-AZRTOS-L5.2.0.0
2025-05-27 18:13:57,125 [WARN] PackLoader:240 - Cannot read IP mode file for STMicroelectronics.X-CUBE-NFC6.3.1.0
2025-05-27 18:13:57,136 [WARN] PackLoader:240 - Cannot read IP mode file for STMicroelectronics.X-CUBE-DPower.1.2.0
2025-05-27 18:13:57,143 [WARN] PackLoader:240 - Cannot read IP mode file for STMicroelectronics.X-CUBE-AI.9.0.0
2025-05-27 18:13:57,149 [WARN] PackLoader:240 - Cannot read IP mode file for STMicroelectronics.X-CUBE-FREERTOS.1.3.1
2025-05-27 18:13:57,158 [WARN] PackLoader:240 - Cannot read IP mode file for STMicroelectronics.X-CUBE-FREERTOS.1.3.0
2025-05-27 18:13:57,167 [WARN] PackLoader:240 - Cannot read IP mode file for STMicroelectronics.X-CUBE-NFC7.1.0.1
2025-05-27 18:13:57,173 [WARN] PackLoader:240 - Cannot read IP mode file for wolfSSL.I-CUBE-wolfTPM.3.2.0
2025-05-27 18:13:57,178 [WARN] PackLoader:240 - Cannot read IP mode file for STMicroelectronics.X-CUBE-DPower.1.3.0
2025-05-27 18:13:57,183 [WARN] PackLoader:240 - Cannot read IP mode file for STMicroelectronics.X-CUBE-AI.8.1.0
2025-05-27 18:13:57,198 [WARN] ConditionMgr:438 - getConditionDescription Invalid condition id : LAN8742 Phy interface Condition cause : null
2025-05-27 18:13:57,200 [WARN] PackLoader:240 - Cannot read IP mode file for STMicroelectronics.X-CUBE-AZRTOS-L4.2.0.0
2025-05-27 18:13:57,201 [WARN] ConditionMgr:1044 - genDependencies : Invalid condition id : LAN8742 Phy interface Condition cause : null
2025-05-27 18:13:57,201 [WARN] ConditionMgr:1044 - genDependencies : Invalid condition id : LAN8742 Phy interface Condition cause : null
2025-05-27 18:13:57,202 [WARN] ConditionMgr:1044 - genDependencies : Invalid condition id : LAN8742 Phy interface Condition cause : null
2025-05-27 18:13:57,209 [WARN] PackLoader:240 - Cannot read IP mode file for STMicroelectronics.X-CUBE-SFXS2LP1.4.0.0
2025-05-27 18:13:57,226 [WARN] PackLoader:240 - Cannot read IP mode file for STMicroelectronics.X-CUBE-AZRTOS-H7.3.3.0
2025-05-27 18:13:57,241 [WARN] PackLoader:240 - Cannot read IP mode file for STMicroelectronics.X-CUBE-IPS.3.0.0
2025-05-27 18:13:57,257 [WARN] ConditionMgr:438 - getConditionDescription Invalid condition id : UX DEVICE CLASS RTOS Condition cause : null
2025-05-27 18:13:57,258 [WARN] ConditionMgr:438 - getConditionDescription Invalid condition id : UX DEVICE CLASS RTOS Condition cause : null
2025-05-27 18:13:57,259 [WARN] PackLoader:240 - Cannot read IP mode file for STMicroelectronics.X-CUBE-AZRTOS-WB.2.0.0
2025-05-27 18:13:57,259 [WARN] ConditionMgr:1044 - genDependencies : Invalid condition id : UX DEVICE CLASS RTOS Condition cause : null
2025-05-27 18:13:57,259 [WARN] ConditionMgr:1044 - genDependencies : Invalid condition id : UX DEVICE CLASS RTOS Condition cause : null
2025-05-27 18:13:57,259 [WARN] ConditionMgr:1044 - genDependencies : Invalid condition id : UX DEVICE CLASS RTOS Condition cause : null
2025-05-27 18:13:57,260 [WARN] ConditionMgr:1044 - genDependencies : Invalid condition id : UX DEVICE CLASS RTOS Condition cause : null
2025-05-27 18:13:57,260 [WARN] ConditionMgr:1044 - genDependencies : Invalid condition id : UX DEVICE CLASS RTOS Condition cause : null
2025-05-27 18:13:57,264 [WARN] PackLoader:240 - Cannot read IP mode file for STMicroelectronics.X-CUBE-GNSS1.7.0.0
2025-05-27 18:13:57,271 [WARN] PackLoader:240 - Cannot read IP mode file for STMicroelectronics.X-CUBE-GNSS1.7.0.1
2025-05-27 18:13:57,275 [WARN] PackLoader:240 - Cannot read IP mode file for STMicroelectronics.X-CUBE-TOUCHGFX.4.25.0
2025-05-27 18:13:57,281 [WARN] PackLoader:240 - Cannot read IP mode file for STMicroelectronics.FP-SNS-STBOX1.2.0.0
2025-05-27 18:13:57,290 [WARN] PackLoader:240 - Cannot read IP mode file for STMicroelectronics.X-CUBE-SUBG2.5.0.0
2025-05-27 18:13:57,306 [WARN] PackLoader:240 - Cannot read IP mode file for STMicroelectronics.X-CUBE-AZRTOS-H7RS.1.1.0
2025-05-27 18:13:57,325 [WARN] PackLoader:240 - Cannot read IP mode file for STMicroelectronics.X-CUBE-AZRTOS-G4.2.0.0
2025-05-27 18:13:57,330 [WARN] PackLoader:240 - Cannot read IP mode file for STMicroelectronics.X-CUBE-NFC7.2.0.0
2025-05-27 18:13:57,334 [WARN] PackLoader:240 - Cannot read IP mode file for STMicroelectronics.FP-SNS-MOTENVWB1.1.3.1
2025-05-27 18:13:57,337 [WARN] PackLoader:240 - Cannot read IP mode file for STMicroelectronics.X-CUBE-ISPU.2.0.0
2025-05-27 18:13:57,349 [WARN] PackLoader:240 - Cannot read IP mode file for STMicroelectronics.X-CUBE-IPS.3.1.0
2025-05-27 18:13:57,358 [WARN] PackLoader:240 - Cannot read IP mode file for STMicroelectronics.X-CUBE-ALS.1.0.2
2025-05-27 18:13:57,386 [WARN] PackLoader:240 - Cannot read IP mode file for STMicroelectronics.X-CUBE-MEMS1.10.0.0
2025-05-27 18:13:57,473 [WARN] PackLoader:240 - Cannot read IP mode file for STMicroelectronics.X-CUBE-FREERTOS.1.1.0
2025-05-27 18:13:57,485 [WARN] PackLoader:240 - Cannot read IP mode file for STMicroelectronics.X-CUBE-TOUCHGFX.4.24.0
2025-05-27 18:13:57,488 [WARN] PackLoader:240 - Cannot read IP mode file for STMicroelectronics.X-CUBE-TOUCHGFX.4.24.2
2025-05-27 18:13:57,490 [WARN] PackLoader:240 - Cannot read IP mode file for STMicroelectronics.X-CUBE-TOUCHGFX.4.24.1
2025-05-27 18:13:57,496 [WARN] PackLoader:240 - Cannot read IP mode file for portGmbH.I-Cube-SoM-uGOAL.1.1.0
2025-05-27 18:13:57,501 [WARN] PackLoader:240 - Cannot read IP mode file for STMicroelectronics.X-CUBE-ALS.1.0.1
2025-05-27 18:13:57,512 [WARN] PackLoader:240 - Cannot read IP mode file for STMicroelectronics.X-CUBE-AZRTOS-H7RS.1.0.0
2025-05-27 18:13:57,517 [WARN] PackLoader:240 - Cannot read IP mode file for STMicroelectronics.FP-ATR-ASTRA1.2.0.0
2025-05-27 18:13:57,525 [WARN] PackLoader:240 - Cannot read IP mode file for STMicroelectronics.X-CUBE-TOF1.3.4.2
2025-05-27 18:13:57,542 [WARN] PackLoader:240 - Cannot read IP mode file for STMicroelectronics.X-CUBE-TOF1.3.4.3
2025-05-27 18:13:57,566 [WARN] PackLoader:240 - Cannot read IP mode file for STMicroelectronics.X-CUBE-TOF1.3.4.1
2025-05-27 18:13:57,586 [WARN] PackLoader:240 - Cannot read IP mode file for STMicroelectronics.X-CUBE-AZRTOS-H7.3.2.0
2025-05-27 18:13:57,598 [WARN] PackLoader:240 - Cannot read IP mode file for Infineon.AIROC-Wi-Fi-Bluetooth-STM32.1.6.0
2025-05-27 18:13:57,604 [WARN] PackLoader:240 - Cannot read IP mode file for wolfSSL.I-CUBE-wolfSSH.1.4.17
2025-05-27 18:13:57,605 [INFO] ThirdParty:978 - Integrity check success = true
2025-05-27 18:13:57,605 [INFO] IntegrityCheckThread:100 - exiting critical section [integrity check]
2025-05-27 18:13:57,605 [INFO] IntegrityCheckThread:103 - End integrity checks thread
2025-05-27 18:16:53,162 [INFO] McuFinderGlobals:63 - Set McuFinder mode to 2 (CubeIDE integrated)
2025-05-27 18:16:53,167 [INFO] MainUpdater:2872 - connection check result : 10
2025-05-27 18:16:53,168 [INFO] MainUpdater:2872 - connection check result : 10
2025-05-27 18:16:53,203 [INFO] MicroXplorer:468 - Change Database Path : 
2025-05-27 18:16:53,203 [INFO] MicroXplorer:498 - Change Database Version : DB.6.0.140
2025-05-27 18:16:53,209 [WARN] ThirdParty:871 - waiting for thirdparty lock release [close project]
2025-05-27 18:16:53,209 [INFO] ThirdParty:873 - entering critical section [close project]
2025-05-27 18:16:53,211 [INFO] ThirdParty:883 - exiting critical section [close project]
2025-05-27 18:16:53,218 [INFO] PinOutPanel:1589 - setPackage(No Configuration,No Configuration)
2025-05-27 18:16:53,226 [INFO] UtilMem:75 - Begin LoadConfig() Used Memory: 812820248 Bytes (1073741824)
2025-05-27 18:16:53,228 [INFO] MicroXplorer:468 - Change Database Path : 
2025-05-27 18:16:53,229 [INFO] MicroXplorer:498 - Change Database Version : DB.6.0.140
2025-05-27 18:16:53,229 [INFO] OpenFileManager:354 - Change cursor
2025-05-27 18:16:53,307 [INFO] Mcu:2011 - Initializing MCU STM32F412Z(E-G)Tx STM32F412ZGTx STM32F412ZGT6
2025-05-27 18:16:56,368 [INFO] Context:756 - Trying to add GPIOservice into a context  which must be forbidden
2025-05-27 18:16:56,940 [INFO] ImportTextPane:218 - (OptionalMessage_ERROR) Pin45 (VP_RIF_VS_RIF1) cannot be retrieved for this MCU
2025-05-27 18:16:57,203 [INFO] RtosManager:558 - Registered RTOS mode: class=CMSIS, group=RTOS, mode=CMSIS_V1, owner=FREERTOS
2025-05-27 18:16:57,204 [INFO] RtosManager:558 - Registered RTOS mode: class=CMSIS, group=RTOS2, mode=CMSIS_V2, owner=FREERTOS
2025-05-27 18:16:57,204 [INFO] RtosManager:558 - Registered RTOS mode: class=RTOS, group=Core, mode=CMSIS_V1, owner=FREERTOS
2025-05-27 18:16:57,204 [INFO] RtosManager:558 - Registered RTOS mode: class=RTOS, group=Core, mode=CMSIS_V2, owner=FREERTOS
2025-05-27 18:16:57,204 [WARN] ModelIntegratedComponent:184 - Missing modes for component STMicroelectronics:FreeRTOS:0.0.1:STMicroelectronics:RTOS:FreeRTOS:Core:::10.2.0:
2025-05-27 18:16:57,212 [WARN] ModelIntegratedComponent:63 - No mode defined for component null
2025-05-27 18:16:57,212 [WARN] ModelIntegratedComponent:63 - No mode defined for component null
2025-05-27 18:16:57,212 [WARN] ModelIntegratedComponent:63 - No mode defined for component null
2025-05-27 18:16:57,212 [WARN] ModelIntegratedComponent:63 - No mode defined for component null
2025-05-27 18:16:57,212 [WARN] ModelIntegratedComponent:63 - No mode defined for component null
2025-05-27 18:16:57,212 [WARN] ModelIntegratedComponent:63 - No mode defined for component null
2025-05-27 18:16:57,212 [WARN] ModelIntegratedComponent:63 - No mode defined for component null
2025-05-27 18:16:57,212 [WARN] ModelIntegratedComponent:63 - No mode defined for component null
2025-05-27 18:16:57,212 [WARN] ModelIntegratedComponent:63 - No mode defined for component null
2025-05-27 18:16:57,212 [WARN] ModelIntegratedComponent:63 - No mode defined for component null
2025-05-27 18:16:57,213 [WARN] ModelIntegratedComponent:63 - No mode defined for component null
2025-05-27 18:16:57,213 [WARN] ModelIntegratedComponent:63 - No mode defined for component null
2025-05-27 18:16:57,213 [WARN] ModelIntegratedComponent:63 - No mode defined for component null
2025-05-27 18:16:57,213 [WARN] ModelIntegratedComponent:63 - No mode defined for component null
2025-05-27 18:16:57,213 [WARN] ModelIntegratedComponent:63 - No mode defined for component null
2025-05-27 18:16:57,213 [WARN] ModelIntegratedComponent:63 - No mode defined for component null
2025-05-27 18:16:57,213 [WARN] ModelIntegratedComponent:63 - No mode defined for component null
2025-05-27 18:16:57,213 [WARN] ModelIntegratedComponent:63 - No mode defined for component null
2025-05-27 18:16:57,213 [WARN] ModelIntegratedComponent:63 - No mode defined for component null
2025-05-27 18:16:57,213 [WARN] ModelIntegratedComponent:63 - No mode defined for component null
2025-05-27 18:16:57,213 [WARN] ModelIntegratedComponent:63 - No mode defined for component null
2025-05-27 18:16:57,213 [WARN] ModelIntegratedComponent:63 - No mode defined for component null
2025-05-27 18:16:57,213 [WARN] ModelIntegratedComponent:63 - No mode defined for component null
2025-05-27 18:16:57,214 [WARN] ModelIntegratedComponent:63 - No mode defined for component null
2025-05-27 18:16:57,214 [WARN] ModelIntegratedComponent:63 - No mode defined for component null
2025-05-27 18:16:57,214 [WARN] ModelIntegratedComponent:63 - No mode defined for component null
2025-05-27 18:16:57,214 [WARN] ModelIntegratedComponent:63 - No mode defined for component null
2025-05-27 18:16:57,214 [WARN] ModelIntegratedComponent:63 - No mode defined for component null
2025-05-27 18:16:57,214 [WARN] ModelIntegratedComponent:63 - No mode defined for component null
2025-05-27 18:16:57,214 [WARN] ModelIntegratedComponent:63 - No mode defined for component null
2025-05-27 18:16:57,214 [WARN] ModelIntegratedComponent:63 - No mode defined for component null
2025-05-27 18:16:57,214 [WARN] ModelIntegratedComponent:63 - No mode defined for component null
2025-05-27 18:16:57,214 [WARN] ModelIntegratedComponent:63 - No mode defined for component null
2025-05-27 18:16:57,214 [WARN] ModelIntegratedComponent:63 - No mode defined for component null
2025-05-27 18:16:57,214 [WARN] ModelIntegratedComponent:63 - No mode defined for component null
2025-05-27 18:16:57,215 [WARN] ModelPack:524 - Component already loaded: STMicroelectronics:HAL Drivers:0.0.0:STMicroelectronics:Device:STMicro_Driver:XSPI:HAL::0.0.1:HAL_XSPI
2025-05-27 18:16:57,281 [WARN] ModelIntegratedComponent:182 - Modes not found for component STMicroelectronics:USB_DEVICE:1.0.0:STMicroelectronics:USB::USB Device:Audio HS::1.0:USB_DEVICE_1_0_RESTRICTED_HS
2025-05-27 18:16:57,281 [WARN] ModelIntegratedComponent:188 - Modes not found for component STMicroelectronics:USB_DEVICE:1.0.0:STMicroelectronics:USB::USB Device:Audio HS::1.0:USB_DEVICE_1_0_RESTRICTED_HS
2025-05-27 18:16:57,282 [WARN] ModelIntegratedComponent:182 - Modes not found for component STMicroelectronics:USB_DEVICE:1.0.0:STMicroelectronics:USB::USB Device:CDC HS::1.0:USB_DEVICE_1_0_RESTRICTED_HS
2025-05-27 18:16:57,282 [WARN] ModelIntegratedComponent:188 - Modes not found for component STMicroelectronics:USB_DEVICE:1.0.0:STMicroelectronics:USB::USB Device:CDC HS::1.0:USB_DEVICE_1_0_RESTRICTED_HS
2025-05-27 18:16:57,282 [WARN] ModelIntegratedComponent:182 - Modes not found for component STMicroelectronics:USB_DEVICE:1.0.0:STMicroelectronics:USB::USB Device:DFU HS::1.0:USB_DEVICE_1_0_RESTRICTED_HS
2025-05-27 18:16:57,282 [WARN] ModelIntegratedComponent:188 - Modes not found for component STMicroelectronics:USB_DEVICE:1.0.0:STMicroelectronics:USB::USB Device:DFU HS::1.0:USB_DEVICE_1_0_RESTRICTED_HS
2025-05-27 18:16:57,282 [WARN] ModelIntegratedComponent:182 - Modes not found for component STMicroelectronics:USB_DEVICE:1.0.0:STMicroelectronics:USB::USB Device:HID HS::1.0:USB_DEVICE_1_0_RESTRICTED_HS
2025-05-27 18:16:57,282 [WARN] ModelIntegratedComponent:188 - Modes not found for component STMicroelectronics:USB_DEVICE:1.0.0:STMicroelectronics:USB::USB Device:HID HS::1.0:USB_DEVICE_1_0_RESTRICTED_HS
2025-05-27 18:16:57,282 [WARN] ModelIntegratedComponent:182 - Modes not found for component STMicroelectronics:USB_DEVICE:1.0.0:STMicroelectronics:USB::USB Device:Custom HID HS::1.0:USB_DEVICE_1_0_RESTRICTED_HS
2025-05-27 18:16:57,282 [WARN] ModelIntegratedComponent:188 - Modes not found for component STMicroelectronics:USB_DEVICE:1.0.0:STMicroelectronics:USB::USB Device:Custom HID HS::1.0:USB_DEVICE_1_0_RESTRICTED_HS
2025-05-27 18:16:57,282 [WARN] ModelIntegratedComponent:182 - Modes not found for component STMicroelectronics:USB_DEVICE:1.0.0:STMicroelectronics:USB::USB Device:MSC HS::1.0:USB_DEVICE_1_0_RESTRICTED_HS
2025-05-27 18:16:57,283 [WARN] ModelIntegratedComponent:188 - Modes not found for component STMicroelectronics:USB_DEVICE:1.0.0:STMicroelectronics:USB::USB Device:MSC HS::1.0:USB_DEVICE_1_0_RESTRICTED_HS
2025-05-27 18:16:57,362 [WARN] ModelIntegratedComponent:182 - Modes not found for component STMicroelectronics:USB_HOST:1.0.0:STMicroelectronics:USB::USB Host:Audio HS::1.0:USB_HOST_1_0_RESTRICTED_HS
2025-05-27 18:16:57,362 [WARN] ModelIntegratedComponent:188 - Modes not found for component STMicroelectronics:USB_HOST:1.0.0:STMicroelectronics:USB::USB Host:Audio HS::1.0:USB_HOST_1_0_RESTRICTED_HS
2025-05-27 18:16:57,362 [WARN] ModelIntegratedComponent:182 - Modes not found for component STMicroelectronics:USB_HOST:1.0.0:STMicroelectronics:USB::USB Host:CDC HS::1.0:USB_HOST_1_0_RESTRICTED_HS
2025-05-27 18:16:57,362 [WARN] ModelIntegratedComponent:188 - Modes not found for component STMicroelectronics:USB_HOST:1.0.0:STMicroelectronics:USB::USB Host:CDC HS::1.0:USB_HOST_1_0_RESTRICTED_HS
2025-05-27 18:16:57,362 [WARN] ModelIntegratedComponent:182 - Modes not found for component STMicroelectronics:USB_HOST:1.0.0:STMicroelectronics:USB::USB Host:MSC HS::1.0:USB_HOST_1_0_RESTRICTED_HS
2025-05-27 18:16:57,362 [WARN] ModelIntegratedComponent:188 - Modes not found for component STMicroelectronics:USB_HOST:1.0.0:STMicroelectronics:USB::USB Host:MSC HS::1.0:USB_HOST_1_0_RESTRICTED_HS
2025-05-27 18:16:57,362 [WARN] ModelIntegratedComponent:182 - Modes not found for component STMicroelectronics:USB_HOST:1.0.0:STMicroelectronics:USB::USB Host:HID HS::1.0:USB_HOST_1_0_RESTRICTED_HS
2025-05-27 18:16:57,362 [WARN] ModelIntegratedComponent:188 - Modes not found for component STMicroelectronics:USB_HOST:1.0.0:STMicroelectronics:USB::USB Host:HID HS::1.0:USB_HOST_1_0_RESTRICTED_HS
2025-05-27 18:16:57,362 [WARN] ModelIntegratedComponent:182 - Modes not found for component STMicroelectronics:USB_HOST:1.0.0:STMicroelectronics:USB::USB Host:MTP HS::1.0:USB_HOST_1_0_RESTRICTED_HS
2025-05-27 18:16:57,363 [WARN] ModelIntegratedComponent:188 - Modes not found for component STMicroelectronics:USB_HOST:1.0.0:STMicroelectronics:USB::USB Host:MTP HS::1.0:USB_HOST_1_0_RESTRICTED_HS
2025-05-27 18:16:57,518 [INFO] ThirdPartyModel:298 - Start build external matchings
2025-05-27 18:16:59,180 [INFO] ThirdPartyModel:316 - End build external matchings
2025-05-27 18:16:59,222 [INFO] ImportTextPane:218 - (OptionalMessage_ERROR) IP (RCC) : Invalid parameter (FamilyName)
2025-05-27 18:16:59,232 [WARN] IP:2250 - DEVICE_SERIAL0_CDC_FS not found: check if there is a RefParameter without a condition.
2025-05-27 18:16:59,232 [WARN] IP:2250 - DEVICE_SERIAL1_CDC_FS not found: check if there is a RefParameter without a condition.
2025-05-27 18:16:59,232 [WARN] IP:2250 - DEVICE_SERIAL2_CDC_FS not found: check if there is a RefParameter without a condition.
2025-05-27 18:16:59,718 [INFO] ApiDb:581 - Connected to CubeFinder SQLite database (C:\Users\gagno\.stmcufinder\plugins\mcufinder\mcu\cube-finder-db.db)
2025-05-27 18:16:59,804 [INFO] ApiDb:668 - CubeFinder database Data Model version=2.1
2025-05-27 18:16:59,804 [INFO] ApiDb:669 - CubeFinder database Configuration version=3.0.39
2025-05-27 18:16:59,804 [INFO] ApiDb:670 - CubeFinder database generation date=2025-04-23 (1745419778)
2025-05-27 18:16:59,804 [INFO] ApiDb:671 - CubeFinder database FW Pack versions=[FP-ATR-ASTRA1_V2.0.0, FP-SNS-FLIGHT1_V5.1.0, FP-SNS-MOTENV1_V5.0.0, FP-SNS-MOTENVWB1_V1.4.0, FP-SNS-SMARTAG2_V1.2.0, FP-SNS-STBOX1_V2.0.0, STM32Cube_FW_C0_V1.4.0, STM32Cube_FW_F4_V1.28.1, STM32Cube_FW_F7_V1.17.2, STM32Cube_FW_G0_V1.6.2, STM32Cube_FW_G4_V1.6.1, STM32Cube_FW_H5_V1.5.0, STM32Cube_FW_H7RS_V1.2.0, STM32Cube_FW_H7_V1.12.1, STM32Cube_FW_L0_V1.12.2, STM32Cube_FW_L4_V1.18.1, STM32Cube_FW_L5_V1.5.1, STM32Cube_FW_N6_V1.1.1, STM32Cube_FW_U0_V1.2.0, STM32Cube_FW_U3_V1.1.0, STM32Cube_FW_U5_V1.7.0, STM32Cube_FW_WB0_V1.2.0, STM32Cube_FW_WBA_V1.6.0, STM32Cube_FW_WB_V1.22.0, STM32Cube_FW_WL3_V1.1.0, STM32Cube_FW_WL_V1.3.1, X-CUBE-ALGOBUILD_V1.4.0, X-CUBE-ALS_V1.0.2, X-CUBE-AZRTOS-F4_V1.1.0, X-CUBE-AZRTOS-F7_V1.1.0, X-CUBE-AZRTOS-G0_V1.1.0, X-CUBE-AZRTOS-G4_V2.0.0, X-CUBE-AZRTOS-H7RS_V1.1.0, X-CUBE-AZRTOS-H7_V3.3.0, X-CUBE-AZRTOS-L4_V2.0.0, X-CUBE-AZRTOS-L5_V2.0.0, X-CUBE-AZRTOS-WB_V2.0.0, X-CUBE-AZRTOS-WL_V2.0.0, X-CUBE-BLE1_V7.1.0, X-CUBE-BLE2_V3.3.0, X-CUBE-BLEMGR_V4.0.0, X-CUBE-EEPRMA1_V5.1.0, X-CUBE-FREERTOS_V1.3.0, X-CUBE-GNSS1_V6.0.0, X-CUBE-MEMS1_V11.2.0, X-CUBE-NFC4_V3.0.0, X-CUBE-NFC7_V1.0.1, X-CUBE-SFXS2LP1_V4.0.0, X-CUBE-SUBG2_V5.0.0, X-CUBE-TOF1_V3.4.3]
2025-05-27 18:16:59,860 [INFO] DbBoardsSqlite:226 - include board P-NUCLEO-WB55-NUCLEO as a kit item of type 'Nucleo-64'
2025-05-27 18:16:59,861 [INFO] DbBoardsSqlite:226 - include board P-NUCLEO-WB55-USBDONGLE as a kit item of type 'Nucleo USB Dongle'
2025-05-27 18:16:59,861 [INFO] DbBoardsSqlite:226 - include board STEVAL-IDP005V1 as a kit item of type 'Evaluation Board'
2025-05-27 18:16:59,861 [INFO] DbBoardsSqlite:226 - include board STEVAL-IDP005V2 as a kit item of type 'Evaluation Board'
2025-05-27 18:16:59,933 [INFO] ApiDb:240 - Found 895 in-development CPN: [B-G473E-ZEST1S, B-WB1M-WPAN1, B-WBA5M-WPAN, B-WL5M-SUBG1, NUCLEO-C031C6, NUCLEO-C051C8, NUCLEO-C071RB, NUCLEO-C092RC, NUCLEO-H503RB, NUCLEO-H533RE, NUCLEO-H563ZI, NUCLEO-H7S3L8, NUCLEO-N657X0-Q, NUCLEO-U031R8, NUCLEO-U083RC, NUCLEO-U385RG-Q, NUCLEO-U545RE-Q, NUCLEO-U5A5ZJ-Q, NUCLEO-WB05KZ, NUCLEO-WB07CC, NUCLEO-WB09KE, NUCLEO-WBA52CG, NUCLEO-WBA55CG, NUCLEO-WBA65RI, NUCLEO-WL33CC1, NUCLEO-WL33CC2, STEVAL-PROTEUS1, STEVAL-SMARTAG2, STEVAL-STWINBX1, STM320518-EVAL, STM32C0116-DK, STM32C011D6Y3TR, STM32C011D6Y6TR, STM32C011F4P3, STM32C011F4P6, STM32C011F4U3, STM32C011F4U6TR, STM32C011F6P3, STM32C011F6P6, STM32C011F6U3, STM32C011F6U6TR, STM32C011J4M3, STM32C011J4M6, STM32C011J6M3, STM32C011J6M6, STM32C0316-DK, STM32C031C4T3, STM32C031C4T6, STM32C031C4U3, STM32C031C4U6, STM32C031C6T3, STM32C031C6T6, STM32C031C6U3, STM32C031C6U6, STM32C031F4P3, STM32C031F4P6, STM32C031F6P3, STM32C031F6P6, STM32C031G4U3, STM32C031G4U6, STM32C031G6U3, STM32C031G6U6, STM32C031K4T3, STM32C031K4T6, STM32C031K4U3, STM32C031K4U6, STM32C031K6T3, STM32C031K6T6, STM32C031K6U3, STM32C031K6U6, STM32C051C6T6, STM32C051C6U6, STM32C051C8T6, STM32C051C8U6, STM32C051D8Y6TR, STM32C051F6P6, STM32C051F8P6, STM32C051G6U6, STM32C051G8U6, STM32C051K6T6, STM32C051K6U6, STM32C051K8T6, STM32C071C8T6, STM32C071C8T6N, STM32C071C8U6, STM32C071C8U6N, STM32C071CBT6, STM32C071CBT6N, STM32C071CBU6, STM32C071CBU6N, STM32C071F8P6, STM32C071F8P6N, STM32C071FBP6, STM32C071FBP6N, STM32C071FBY6TR, STM32C071G8U6, STM32C071G8U6N, STM32C071GBU6, STM32C071GBU6N, STM32C071K8T6, STM32C071K8T6N, STM32C071K8U6, STM32C071K8U6N, STM32C071KBT6, STM32C071KBT6N, STM32C071KBU6, STM32C071KBU6N, STM32C071R8T6, STM32C071R8T6N, STM32C071RBI6N, STM32C071RBT6, STM32C071RBT6N, STM32C091CBT6, STM32C091CBU6, STM32C091CCT6, STM32C091CCU6, STM32C091ECY6TR, STM32C091FBP6, STM32C091FCP6, STM32C091GBU6, STM32C091GCU6, STM32C091KBT6, STM32C091KBU6, STM32C091KCT6, STM32C091KCU6, STM32C091RBT6, STM32C091RCI6, STM32C091RCT6, STM32C092CBT6, STM32C092CBU6, STM32C092CCT6, STM32C092CCU6, STM32C092ECY6TR, STM32C092FBP6, STM32C092FCP6, STM32C092GBU6, STM32C092GCU6, STM32C092KBT6, STM32C092KBU6, STM32C092KCT6, STM32C092KCU6, STM32C092RBT6, STM32C092RCI6, STM32C092RCT6, STM32G071K8TXN, STM32G071K8UXN, STM32G081GBU6N, STM32G081KBT6N, STM32G081KBUXN, STM32G0B1CCT6N, STM32G0B1KCT6, STM32G0B1NEY6TR, STM32G0B1RCT6N, STM32G0C1CCT6, STM32G0C1CCT6N, STM32G0C1CCU6N, STM32G0C1CET6N, STM32G0C1CEU6N, STM32G0C1KCT6, STM32G0C1NEY6TR, STM32G0C1RCI6N, STM32G0C1RCT6N, STM32G0C1REI6N, STM32G0C1RET6N, STM32G0C1VCI6, STM32G0C1VEI6, STM32G411C6T3, STM32G411C6T6, STM32G411C6U3, STM32G411C6U6, STM32G411C8T3, STM32G411C8T6, STM32G411C8U3, STM32G411C8U6, STM32G411CBT3, STM32G411CBT6, STM32G411CBU3, STM32G411CBU6, STM32G411CCT3, STM32G411CCT6, STM32G411CCU3, STM32G411CCU6, STM32G411K6T3, STM32G411K6T6, STM32G411K6U3, STM32G411K6U6, STM32G411K8T3, STM32G411K8T6, STM32G411K8U3, STM32G411K8U6, STM32G411KBT3, STM32G411KBT6, STM32G411KBU3, STM32G411KBU6, STM32G411M6T3, STM32G411M6T6, STM32G411M8T3, STM32G411M8T6, STM32G411MBT3, STM32G411MBT6, STM32G411MCT3, STM32G411MCT6, STM32G411R6T3, STM32G411R6T6, STM32G411R8T3, STM32G411R8T6, STM32G411RBT3, STM32G411RBT6, STM32G411RCT3, STM32G411RCT6, STM32G414CBT3, STM32G414CBT6, STM32G414CBU3, STM32G414CBU6, STM32G414CCT3, STM32G414CCT6, STM32G414CCU3, STM32G414CCU6, STM32G414MBT3, STM32G414MBT6, STM32G414MCT3, STM32G414MCT6, STM32G414RBT3, STM32G414RBT6, STM32G414RCT3, STM32G414RCT6, STM32G414VBT3, STM32G414VBT6, STM32G414VCT3, STM32G414VCT6, STM32G431CBT3Z, STM32G431RBT3Z, STM32G471CCT6, STM32G471CCU6, STM32G471CET3, STM32G471CET6, STM32G471CEU3, STM32G471CEU6, STM32G471MCT6, STM32G471MET3, STM32G471MET6, STM32G471MEY6TR, STM32G471QCT6, STM32G471QET3, STM32G471RCT6, STM32G471RET3, STM32G471RET6, STM32G471VCH6, STM32G471VCI6, STM32G471VCT6, STM32G471VEH3, STM32G471VEH6, STM32G471VEI3, STM32G471VEI6, STM32G471VET3, STM32G471VET6, STM32G473QET3Z, STM32G473RET3Z, STM32G474CCT6, STM32G491RET3Z, STM32H503CBT6, STM32H503CBU6, STM32H503EBY6TR, STM32H503KBU6, STM32H503RBT6, STM32H523CCT6, STM32H523CCU6, STM32H523CET6, STM32H523CEU6, STM32H523HEY6TR, STM32H523RCT6, STM32H523RET6, STM32H523VCI6, STM32H523VCT6, STM32H523VEI6, STM32H523VET6, STM32H523ZCJ6, STM32H523ZCT6, STM32H523ZEJ6, STM32H523ZET6, STM32H533CET6, STM32H533CEU6, STM32H533HEY6TR, STM32H533RET6, STM32H533VEI6, STM32H533VET6, STM32H533ZEJ6, STM32H533ZET6, STM32H562AGI6, STM32H562AII6, STM32H562IGK6, STM32H562IGT6, STM32H562IIK6, STM32H562IIT6, STM32H562RGT6, STM32H562RGV6, STM32H562RIT6, STM32H562RIV6, STM32H562VGT6, STM32H562VIT6, STM32H562ZGT6, STM32H562ZIT6, STM32H563AGI6, STM32H563AII3Q, STM32H563AII6, STM32H563IGK6, STM32H563IGT6, STM32H563IIK3Q, STM32H563IIK6, STM32H563IIT3Q, STM32H563IIT6, STM32H563MIY3QTR, STM32H563RGT6, STM32H563RGV6, STM32H563RIT6, STM32H563RIV6, STM32H563VGT6, STM32H563VIT3Q, STM32H563VIT6, STM32H563ZGT6, STM32H563ZIT3Q, STM32H563ZIT6, STM32H573AII3Q, STM32H573AII6, STM32H573I-DK, STM32H573IIK3Q, STM32H573IIK6, STM32H573IIT3Q, STM32H573IIT6, STM32H573MIY3QTR, STM32H573RIT6, STM32H573RIV6, STM32H573VIT3Q, STM32H573VIT6, STM32H573ZIT3Q, STM32H573ZIT6, STM32H7R3A8I6, STM32H7R3I8K6, STM32H7R3I8T6, STM32H7R3L8H6, STM32H7R3L8H6H, STM32H7R3R8V6, STM32H7R3V8H6, STM32H7R3V8T6, STM32H7R3V8Y6TR, STM32H7R3Z8J6, STM32H7R3Z8T6, STM32H7R7A8I6, STM32H7R7I8K6, STM32H7R7I8T6, STM32H7R7L8H6, STM32H7R7L8H6H, STM32H7R7Z8J6, STM32H7S3A8I6, STM32H7S3I8K6, STM32H7S3I8T6, STM32H7S3L8H6, STM32H7S3L8H6H, STM32H7S3R8V6, STM32H7S3V8H6, STM32H7S3V8T6, STM32H7S3V8Y6TR, STM32H7S3Z8J6, STM32H7S3Z8T6, STM32H7S78-DK, STM32H7S7A8I6, STM32H7S7I8K6, STM32H7S7I8T6, STM32H7S7L8H6, STM32H7S7L8H6H, STM32H7S7Z8J6, STM32L4R5QGI6STR, STM32MP131AAE3, STM32MP131AAF3, STM32MP131AAG3, STM32MP131CAE3, STM32MP131CAF3, STM32MP131CAG3, STM32MP131DAE7, STM32MP131DAF7, STM32MP131DAG7, STM32MP131FAE7, STM32MP131FAF7, STM32MP131FAG7, STM32MP133AAE3, STM32MP133AAF3, STM32MP133AAG3, STM32MP133CAE3, STM32MP133CAF3, STM32MP133CAG3, STM32MP133DAE7, STM32MP133DAF7, STM32MP133DAG7, STM32MP133FAE7, STM32MP133FAF7, STM32MP133FAG7, STM32MP135AAE3, STM32MP135AAF3, STM32MP135AAG3, STM32MP135CAE3, STM32MP135CAF3, STM32MP135CAG3, STM32MP135DAE7, STM32MP135DAF7, STM32MP135DAG7, STM32MP135F-DK, STM32MP135FAE7, STM32MP135FAF7, STM32MP135FAF7T, STM32MP135FAF7U, STM32MP135FAG7, STM32MP231AAJ3, STM32MP231AAK3, STM32MP231AAL3, STM32MP231CAJ3, STM32MP231CAK3, STM32MP231CAL3, STM32MP231DAJ3, STM32MP231DAK3, STM32MP231DAL3, STM32MP231FAJ3, STM32MP231FAK3, STM32MP231FAL3, STM32MP233AAJ3, STM32MP233AAK3, STM32MP233AAL3, STM32MP233CAJ3, STM32MP233CAK3, STM32MP233CAL3, STM32MP233DAJ3, STM32MP233DAK3, STM32MP233DAL3, STM32MP233FAJ3, STM32MP233FAK3, STM32MP233FAL3, STM32MP235AAJ3, STM32MP235AAK3, STM32MP235AAL3, STM32MP235CAJ3, STM32MP235CAK3, STM32MP235CAL3, STM32MP235DAJ3, STM32MP235DAK3, STM32MP235DAL3, STM32MP235FAJ3, STM32MP235FAK3, STM32MP235FAL3, STM32MP251AAI3, STM32MP251AAJ3, STM32MP251AAK3, STM32MP251AAL3, STM32MP251CAI3, STM32MP251CAJ3, STM32MP251CAK3, STM32MP251CAL3, STM32MP251DAI3, STM32MP251DAJ3, STM32MP251DAK3, STM32MP251DAL3, STM32MP251FAI3, STM32MP251FAJ3, STM32MP251FAK3, STM32MP251FAL3, STM32MP253AAI3, STM32MP253AAJ3, STM32MP253AAK3, STM32MP253AAL3, STM32MP253CAI3, STM32MP253CAJ3, STM32MP253CAK3, STM32MP253CAL3, STM32MP253DAI3, STM32MP253DAJ3, STM32MP253DAK3, STM32MP253DAL3, STM32MP253FAI3, STM32MP253FAJ3, STM32MP253FAK3, STM32MP253FAL3, STM32MP255AAI3, STM32MP255AAJ3, STM32MP255AAK3, STM32MP255AAL3, STM32MP255CAI3, STM32MP255CAJ3, STM32MP255CAK3, STM32MP255CAL3, STM32MP255DAI3, STM32MP255DAJ3, STM32MP255DAK3, STM32MP255DAL3, STM32MP255FAI3, STM32MP255FAJ3, STM32MP255FAK3, STM32MP255FAL3, STM32MP257AAI3, STM32MP257AAJ3, STM32MP257AAK3, STM32MP257AAL3, STM32MP257CAI3, STM32MP257CAJ3, STM32MP257CAK3, STM32MP257CAL3, STM32MP257DAI3, STM32MP257DAJ3, STM32MP257DAK3, STM32MP257DAL3, STM32MP257F-DK, STM32MP257F-EV1, STM32MP257FAI3, STM32MP257FAJ3, STM32MP257FAK3, STM32MP257FAL3, STM32N645A0H3Q, STM32N645B0H3Q, STM32N645I0H3Q, STM32N645L0H3Q, STM32N645X0H3Q, STM32N645Z0H3Q, STM32N647A0H3Q, STM32N647B0H3Q, STM32N647I0H3Q, STM32N647L0H3Q, STM32N647X0H3Q, STM32N647Z0H3Q, STM32N655A0H3Q, STM32N655B0H3Q, STM32N655I0H3Q, STM32N655L0H3Q, STM32N655X0H3Q, STM32N655Z0H3Q, STM32N6570-DK, STM32N657A0H3Q, STM32N657B0H3Q, STM32N657I0H3Q, STM32N657L0H3Q, STM32N657X0H3Q, STM32N657Z0H3Q, STM32U031C6T6, STM32U031C6U6, STM32U031C8T6, STM32U031C8U6, STM32U031F4P6, STM32U031F6P6, STM32U031F8P6, STM32U031G6Y6TR, STM32U031G8Y6TR, STM32U031K4U6, STM32U031K6U6, STM32U031K8U6, STM32U031R6I6, STM32U031R6T6, STM32U031R8I6, STM32U031R8T6, STM32U073C8T6, STM32U073C8U6, STM32U073CBT6, STM32U073CBU6, STM32U073CCT6, STM32U073CCU6, STM32U073H8Y6TR, STM32U073HBY6TR, STM32U073HCY6TR, STM32U073K8U6, STM32U073KBU6, STM32U073KCU6, STM32U073M8I6, STM32U073M8T6, STM32U073MBI6, STM32U073MBT6, STM32U073MCI6, STM32U073MCT6, STM32U073R8I6, STM32U073R8T6, STM32U073RBI6, STM32U073RBT6, STM32U073RCI6, STM32U073RCT6, STM32U083C-DK, STM32U083CCT6, STM32U083CCU6, STM32U083HCY6TR, STM32U083KCU6, STM32U083MCI6, STM32U083MCT6, STM32U083RCI6, STM32U083RCT6, STM32U375CET6, STM32U375CET6Q, STM32U375CEU6, STM32U375CEU6Q, STM32U375CEY6QTR, STM32U375CGT6, STM32U375CGT6Q, STM32U375CGU6, STM32U375CGU6Q, STM32U375CGY6QTR, STM32U375KEU6, STM32U375KGU6, STM32U375REI6, STM32U375REI6Q, STM32U375RET6, STM32U375RET6Q, STM32U375REY6GTR, STM32U375REY6QTR, STM32U375RGI6, STM32U375RGI6Q, STM32U375RGT6, STM32U375RGT6Q, STM32U375RGY6GTR, STM32U375RGY6QTR, STM32U375VEI6, STM32U375VEI6Q, STM32U375VET6, STM32U375VET6Q, STM32U375VGI6, STM32U375VGI6Q, STM32U375VGT6, STM32U375VGT6Q, STM32U385CGT6, STM32U385CGT6Q, STM32U385CGU6, STM32U385CGU6Q, STM32U385CGY6QTR, STM32U385KGU6, STM32U385RGI6, STM32U385RGI6Q, STM32U385RGT6, STM32U385RGT6Q, STM32U385RGY6GTR, STM32U385RGY6QTR, STM32U385VGI6, STM32U385VGI6Q, STM32U385VGT6, STM32U385VGT6Q, STM32U535CBT6, STM32U535CBT6Q, STM32U535CBU6, STM32U535CBU6Q, STM32U535CCT6, STM32U535CCT6Q, STM32U535CCU6, STM32U535CCU6Q, STM32U535CET6, STM32U535CET6Q, STM32U535CEU6, STM32U535CEU6Q, STM32U535JEY6QTR, STM32U535NCY6QTR, STM32U535NEY6QTR, STM32U535RBI6, STM32U535RBI6Q, STM32U535RBT6, STM32U535RBT6Q, STM32U535RCI6, STM32U535RCI6Q, STM32U535RCT6, STM32U535RCT6Q, STM32U535REI6, STM32U535REI6Q, STM32U535RET6, STM32U535RET6Q, STM32U535VCI6, STM32U535VCI6Q, STM32U535VCT6, STM32U535VCT6Q, STM32U535VEI6, STM32U535VEI6Q, STM32U535VET6, STM32U535VET6Q, STM32U545CET6, STM32U545CET6Q, STM32U545CEU6, STM32U545CEU6Q, STM32U545JEY6QTR, STM32U545NEY6QTR, STM32U545REI6, STM32U545REI6Q, STM32U545RET6, STM32U545RET6Q, STM32U545VEI6, STM32U545VEI6Q, STM32U545VET6, STM32U545VET6Q, STM32U595AIH6, STM32U595AIH6Q, STM32U595AJH6, STM32U595AJH6Q, STM32U595QII6, STM32U595QII6Q, STM32U595QJI6, STM32U595QJI6Q, STM32U595RIT6, STM32U595RIT6Q, STM32U595RJT6, STM32U595RJT6Q, STM32U595VIT6, STM32U595VIT6Q, STM32U595VJT6, STM32U595VJT6Q, STM32U595ZIT6, STM32U595ZIT6Q, STM32U595ZIY6QTR, STM32U595ZJT6, STM32U595ZJT6Q, STM32U595ZJY6QTR, STM32U599BJY6QTR, STM32U599NIH6Q, STM32U599NJH6Q, STM32U599VIT6Q, STM32U599VJT6, STM32U599VJT6Q, STM32U599ZIT6Q, STM32U599ZIY6QTR, STM32U599ZJT6Q, STM32U599ZJY6QTR, STM32U5A5AJH6, STM32U5A5AJH6Q, STM32U5A5QII3Q , STM32U5A5QJI6, STM32U5A5QJI6Q, STM32U5A5RJT6, STM32U5A5RJT6Q, STM32U5A5VJT6, STM32U5A5VJT6Q, STM32U5A5ZJT6, STM32U5A5ZJT6Q, STM32U5A5ZJY6QTR, STM32U5A9BJY6QTR, STM32U5A9J-DK, STM32U5A9NJH6Q, STM32U5A9VJT6Q, STM32U5A9ZJT6Q, STM32U5A9ZJY6QTR, STM32U5F7VIT6, STM32U5F7VIT6Q, STM32U5F7VJT6, STM32U5F7VJT6Q, STM32U5F9BJY6QTR, STM32U5F9NJH6Q, STM32U5F9VIT6Q, STM32U5F9VJT6Q, STM32U5F9ZIJ6QTR, STM32U5F9ZIT6Q, STM32U5F9ZJJ6QTR, STM32U5F9ZJT6Q, STM32U5G7VJT6, STM32U5G7VJT6Q, STM32U5G9BJY6QTR, STM32U5G9J-DK1, STM32U5G9J-DK2, STM32U5G9NJH6Q, STM32U5G9VJT6Q, STM32U5G9ZJJ6QTR, STM32U5G9ZJT6Q, STM32WB05KZV6TR, STM32WB05KZV7TR, STM32WB05TZF6TR, STM32WB05TZF7TR, STM32WB06CCF6TR, STM32WB06CCF7TR, STM32WB06CCV6TR, STM32WB06CCV7TR, STM32WB06KCV6TR, STM32WB06KCV7TR, STM32WB07CCF6TR, STM32WB07CCF7TR, STM32WB07CCV6TR, STM32WB07CCV7TR, STM32WB07KCV6TR, STM32WB07KCV7TR, STM32WB09KEV6TR, STM32WB09KEV7TR, STM32WB09TEF6TR, STM32WB09TEF7TR, STM32WB1MMCH6, STM32WBA50KGU6, STM32WBA50KGU6TR, STM32WBA52CEU6, STM32WBA52CEU6TR, STM32WBA52CEU7, STM32WBA52CEU7TR, STM32WBA52CGU6, STM32WBA52CGU6TR, STM32WBA52CGU6U, STM32WBA52CGU7, STM32WBA52CGU7TR, STM32WBA52KEU6, STM32WBA52KEU6TR, STM32WBA52KGU6, STM32WBA52KGU6TR, STM32WBA54CEU6, STM32WBA54CEU6TR, STM32WBA54CEU7, STM32WBA54CEU7TR, STM32WBA54CGU6, STM32WBA54CGU6TR, STM32WBA54CGU7, STM32WBA54CGU7TR, STM32WBA54KEU6, STM32WBA54KEU6TR, STM32WBA54KEU7, STM32WBA54KEU7TR, STM32WBA54KGU6, STM32WBA54KGU6TR, STM32WBA54KGU7, STM32WBA54KGU7TR, STM32WBA55CEU6, STM32WBA55CEU6TR, STM32WBA55CEU7, STM32WBA55CEU7TR, STM32WBA55CGU6, STM32WBA55CGU6TR, STM32WBA55CGU6U, STM32WBA55CGU7, STM32WBA55CGU7TR, STM32WBA55G-DK1, STM32WBA55HEF6, STM32WBA55HEF7, STM32WBA55HGF6, STM32WBA55HGF7, STM32WBA55UEI6, STM32WBA55UEI6TR, STM32WBA55UEI7, STM32WBA55UEI7TR, STM32WBA55UGI6, STM32WBA55UGI6TR, STM32WBA55UGI7, STM32WBA55UGI7TR, STM32WBA5MJGH6TR, STM32WBA62CGU6, STM32WBA62CIU6, STM32WBA62MGF6, STM32WBA62MIF6, STM32WBA62PGI6, STM32WBA62PII6, STM32WBA63CGU6, STM32WBA63CGU7, STM32WBA63CIU6, STM32WBA63CIU7, STM32WBA64CGU6, STM32WBA64CGU7, STM32WBA64CIU6, STM32WBA64CIU7, STM32WBA65CGU6, STM32WBA65CGU7, STM32WBA65CIU6, STM32WBA65CIU7, STM32WBA65I-DK1, STM32WBA65MGF6, STM32WBA65MGF7, STM32WBA65MIF6, STM32WBA65MIF7, STM32WBA65PGI6, STM32WBA65PGI7, STM32WBA65PII6, STM32WBA65PII7, STM32WBA65RGV6, STM32WBA65RGV7, STM32WBA65RIV6, STM32WBA65RIV7, STM32WL30K8V6, STM32WL30KBV6, STM32WL31C8V6, STM32WL31CBV6, STM32WL31K8V6, STM32WL31KBV6, STM32WL33C8V6, STM32WL33C8V6TR, STM32WL33C8V7, STM32WL33C8V7TR, STM32WL33CBV6, STM32WL33CBV6TR, STM32WL33CBV7, STM32WL33CBV7TR, STM32WL33CCV6, STM32WL33CCV6TR, STM32WL33CCV7, STM32WL33CCV7A, STM32WL33CCV7ATR, STM32WL33CCV7TR, STM32WL33K8V6, STM32WL33K8V6TR, STM32WL33K8V7, STM32WL33K8V7TR, STM32WL33KBV6, STM32WL33KBV6TR, STM32WL33KBV7, STM32WL33KBV7TR, STM32WL33KCV6, STM32WL33KCV6TR, STM32WL33KCV7, STM32WL33KCV7TR, STM32WL5MOCH6, STM32WL5MOCH6TR]
2025-05-27 18:17:00,195 [INFO] BoardInfo:889 - No configuration file found for board P-NUCLEO-WB55
2025-05-27 18:17:00,197 [INFO] DbBoards:161 - Kit is not supported: P-NUCLEO-WB55
2025-05-27 18:17:00,206 [INFO] BoardInfo:889 - No configuration file found for board STEVAL-BFA001V1B
2025-05-27 18:17:00,207 [INFO] DbBoards:161 - Kit is not supported: STEVAL-BFA001V1B
2025-05-27 18:17:00,208 [INFO] BoardInfo:889 - No configuration file found for board STEVAL-BFA001V2B
2025-05-27 18:17:00,209 [INFO] DbBoards:161 - Kit is not supported: STEVAL-BFA001V2B
2025-05-27 18:17:00,451 [INFO] DbBoards:168 - Found 211 boards, 208 are supported
2025-05-27 18:17:00,451 [INFO] DbBoards:169 - Found 211 boards, 43 of them is supported for  Bsp
2025-05-27 18:17:00,455 [INFO] ApiDb:668 - CubeFinder database Data Model version=2.1
2025-05-27 18:17:00,455 [INFO] ApiDb:669 - CubeFinder database Configuration version=3.0.39
2025-05-27 18:17:00,455 [INFO] ApiDb:670 - CubeFinder database generation date=2025-04-23 (1745419778)
2025-05-27 18:17:00,455 [INFO] ApiDb:671 - CubeFinder database FW Pack versions=[FP-ATR-ASTRA1_V2.0.0, FP-SNS-FLIGHT1_V5.1.0, FP-SNS-MOTENV1_V5.0.0, FP-SNS-MOTENVWB1_V1.4.0, FP-SNS-SMARTAG2_V1.2.0, FP-SNS-STBOX1_V2.0.0, STM32Cube_FW_C0_V1.4.0, STM32Cube_FW_F4_V1.28.1, STM32Cube_FW_F7_V1.17.2, STM32Cube_FW_G0_V1.6.2, STM32Cube_FW_G4_V1.6.1, STM32Cube_FW_H5_V1.5.0, STM32Cube_FW_H7RS_V1.2.0, STM32Cube_FW_H7_V1.12.1, STM32Cube_FW_L0_V1.12.2, STM32Cube_FW_L4_V1.18.1, STM32Cube_FW_L5_V1.5.1, STM32Cube_FW_N6_V1.1.1, STM32Cube_FW_U0_V1.2.0, STM32Cube_FW_U3_V1.1.0, STM32Cube_FW_U5_V1.7.0, STM32Cube_FW_WB0_V1.2.0, STM32Cube_FW_WBA_V1.6.0, STM32Cube_FW_WB_V1.22.0, STM32Cube_FW_WL3_V1.1.0, STM32Cube_FW_WL_V1.3.1, X-CUBE-ALGOBUILD_V1.4.0, X-CUBE-ALS_V1.0.2, X-CUBE-AZRTOS-F4_V1.1.0, X-CUBE-AZRTOS-F7_V1.1.0, X-CUBE-AZRTOS-G0_V1.1.0, X-CUBE-AZRTOS-G4_V2.0.0, X-CUBE-AZRTOS-H7RS_V1.1.0, X-CUBE-AZRTOS-H7_V3.3.0, X-CUBE-AZRTOS-L4_V2.0.0, X-CUBE-AZRTOS-L5_V2.0.0, X-CUBE-AZRTOS-WB_V2.0.0, X-CUBE-AZRTOS-WL_V2.0.0, X-CUBE-BLE1_V7.1.0, X-CUBE-BLE2_V3.3.0, X-CUBE-BLEMGR_V4.0.0, X-CUBE-EEPRMA1_V5.1.0, X-CUBE-FREERTOS_V1.3.0, X-CUBE-GNSS1_V6.0.0, X-CUBE-MEMS1_V11.2.0, X-CUBE-NFC4_V3.0.0, X-CUBE-NFC7_V1.0.1, X-CUBE-SFXS2LP1_V4.0.0, X-CUBE-SUBG2_V5.0.0, X-CUBE-TOF1_V3.4.3]
2025-05-27 18:17:02,734 [INFO] ApiDb:240 - Found 895 in-development CPN: [B-G473E-ZEST1S, B-WB1M-WPAN1, B-WBA5M-WPAN, B-WL5M-SUBG1, NUCLEO-C031C6, NUCLEO-C051C8, NUCLEO-C071RB, NUCLEO-C092RC, NUCLEO-H503RB, NUCLEO-H533RE, NUCLEO-H563ZI, NUCLEO-H7S3L8, NUCLEO-N657X0-Q, NUCLEO-U031R8, NUCLEO-U083RC, NUCLEO-U385RG-Q, NUCLEO-U545RE-Q, NUCLEO-U5A5ZJ-Q, NUCLEO-WB05KZ, NUCLEO-WB07CC, NUCLEO-WB09KE, NUCLEO-WBA52CG, NUCLEO-WBA55CG, NUCLEO-WBA65RI, NUCLEO-WL33CC1, NUCLEO-WL33CC2, STEVAL-PROTEUS1, STEVAL-SMARTAG2, STEVAL-STWINBX1, STM320518-EVAL, STM32C0116-DK, STM32C011D6Y3TR, STM32C011D6Y6TR, STM32C011F4P3, STM32C011F4P6, STM32C011F4U3, STM32C011F4U6TR, STM32C011F6P3, STM32C011F6P6, STM32C011F6U3, STM32C011F6U6TR, STM32C011J4M3, STM32C011J4M6, STM32C011J6M3, STM32C011J6M6, STM32C0316-DK, STM32C031C4T3, STM32C031C4T6, STM32C031C4U3, STM32C031C4U6, STM32C031C6T3, STM32C031C6T6, STM32C031C6U3, STM32C031C6U6, STM32C031F4P3, STM32C031F4P6, STM32C031F6P3, STM32C031F6P6, STM32C031G4U3, STM32C031G4U6, STM32C031G6U3, STM32C031G6U6, STM32C031K4T3, STM32C031K4T6, STM32C031K4U3, STM32C031K4U6, STM32C031K6T3, STM32C031K6T6, STM32C031K6U3, STM32C031K6U6, STM32C051C6T6, STM32C051C6U6, STM32C051C8T6, STM32C051C8U6, STM32C051D8Y6TR, STM32C051F6P6, STM32C051F8P6, STM32C051G6U6, STM32C051G8U6, STM32C051K6T6, STM32C051K6U6, STM32C051K8T6, STM32C071C8T6, STM32C071C8T6N, STM32C071C8U6, STM32C071C8U6N, STM32C071CBT6, STM32C071CBT6N, STM32C071CBU6, STM32C071CBU6N, STM32C071F8P6, STM32C071F8P6N, STM32C071FBP6, STM32C071FBP6N, STM32C071FBY6TR, STM32C071G8U6, STM32C071G8U6N, STM32C071GBU6, STM32C071GBU6N, STM32C071K8T6, STM32C071K8T6N, STM32C071K8U6, STM32C071K8U6N, STM32C071KBT6, STM32C071KBT6N, STM32C071KBU6, STM32C071KBU6N, STM32C071R8T6, STM32C071R8T6N, STM32C071RBI6N, STM32C071RBT6, STM32C071RBT6N, STM32C091CBT6, STM32C091CBU6, STM32C091CCT6, STM32C091CCU6, STM32C091ECY6TR, STM32C091FBP6, STM32C091FCP6, STM32C091GBU6, STM32C091GCU6, STM32C091KBT6, STM32C091KBU6, STM32C091KCT6, STM32C091KCU6, STM32C091RBT6, STM32C091RCI6, STM32C091RCT6, STM32C092CBT6, STM32C092CBU6, STM32C092CCT6, STM32C092CCU6, STM32C092ECY6TR, STM32C092FBP6, STM32C092FCP6, STM32C092GBU6, STM32C092GCU6, STM32C092KBT6, STM32C092KBU6, STM32C092KCT6, STM32C092KCU6, STM32C092RBT6, STM32C092RCI6, STM32C092RCT6, STM32G071K8TXN, STM32G071K8UXN, STM32G081GBU6N, STM32G081KBT6N, STM32G081KBUXN, STM32G0B1CCT6N, STM32G0B1KCT6, STM32G0B1NEY6TR, STM32G0B1RCT6N, STM32G0C1CCT6, STM32G0C1CCT6N, STM32G0C1CCU6N, STM32G0C1CET6N, STM32G0C1CEU6N, STM32G0C1KCT6, STM32G0C1NEY6TR, STM32G0C1RCI6N, STM32G0C1RCT6N, STM32G0C1REI6N, STM32G0C1RET6N, STM32G0C1VCI6, STM32G0C1VEI6, STM32G411C6T3, STM32G411C6T6, STM32G411C6U3, STM32G411C6U6, STM32G411C8T3, STM32G411C8T6, STM32G411C8U3, STM32G411C8U6, STM32G411CBT3, STM32G411CBT6, STM32G411CBU3, STM32G411CBU6, STM32G411CCT3, STM32G411CCT6, STM32G411CCU3, STM32G411CCU6, STM32G411K6T3, STM32G411K6T6, STM32G411K6U3, STM32G411K6U6, STM32G411K8T3, STM32G411K8T6, STM32G411K8U3, STM32G411K8U6, STM32G411KBT3, STM32G411KBT6, STM32G411KBU3, STM32G411KBU6, STM32G411M6T3, STM32G411M6T6, STM32G411M8T3, STM32G411M8T6, STM32G411MBT3, STM32G411MBT6, STM32G411MCT3, STM32G411MCT6, STM32G411R6T3, STM32G411R6T6, STM32G411R8T3, STM32G411R8T6, STM32G411RBT3, STM32G411RBT6, STM32G411RCT3, STM32G411RCT6, STM32G414CBT3, STM32G414CBT6, STM32G414CBU3, STM32G414CBU6, STM32G414CCT3, STM32G414CCT6, STM32G414CCU3, STM32G414CCU6, STM32G414MBT3, STM32G414MBT6, STM32G414MCT3, STM32G414MCT6, STM32G414RBT3, STM32G414RBT6, STM32G414RCT3, STM32G414RCT6, STM32G414VBT3, STM32G414VBT6, STM32G414VCT3, STM32G414VCT6, STM32G431CBT3Z, STM32G431RBT3Z, STM32G471CCT6, STM32G471CCU6, STM32G471CET3, STM32G471CET6, STM32G471CEU3, STM32G471CEU6, STM32G471MCT6, STM32G471MET3, STM32G471MET6, STM32G471MEY6TR, STM32G471QCT6, STM32G471QET3, STM32G471RCT6, STM32G471RET3, STM32G471RET6, STM32G471VCH6, STM32G471VCI6, STM32G471VCT6, STM32G471VEH3, STM32G471VEH6, STM32G471VEI3, STM32G471VEI6, STM32G471VET3, STM32G471VET6, STM32G473QET3Z, STM32G473RET3Z, STM32G474CCT6, STM32G491RET3Z, STM32H503CBT6, STM32H503CBU6, STM32H503EBY6TR, STM32H503KBU6, STM32H503RBT6, STM32H523CCT6, STM32H523CCU6, STM32H523CET6, STM32H523CEU6, STM32H523HEY6TR, STM32H523RCT6, STM32H523RET6, STM32H523VCI6, STM32H523VCT6, STM32H523VEI6, STM32H523VET6, STM32H523ZCJ6, STM32H523ZCT6, STM32H523ZEJ6, STM32H523ZET6, STM32H533CET6, STM32H533CEU6, STM32H533HEY6TR, STM32H533RET6, STM32H533VEI6, STM32H533VET6, STM32H533ZEJ6, STM32H533ZET6, STM32H562AGI6, STM32H562AII6, STM32H562IGK6, STM32H562IGT6, STM32H562IIK6, STM32H562IIT6, STM32H562RGT6, STM32H562RGV6, STM32H562RIT6, STM32H562RIV6, STM32H562VGT6, STM32H562VIT6, STM32H562ZGT6, STM32H562ZIT6, STM32H563AGI6, STM32H563AII3Q, STM32H563AII6, STM32H563IGK6, STM32H563IGT6, STM32H563IIK3Q, STM32H563IIK6, STM32H563IIT3Q, STM32H563IIT6, STM32H563MIY3QTR, STM32H563RGT6, STM32H563RGV6, STM32H563RIT6, STM32H563RIV6, STM32H563VGT6, STM32H563VIT3Q, STM32H563VIT6, STM32H563ZGT6, STM32H563ZIT3Q, STM32H563ZIT6, STM32H573AII3Q, STM32H573AII6, STM32H573I-DK, STM32H573IIK3Q, STM32H573IIK6, STM32H573IIT3Q, STM32H573IIT6, STM32H573MIY3QTR, STM32H573RIT6, STM32H573RIV6, STM32H573VIT3Q, STM32H573VIT6, STM32H573ZIT3Q, STM32H573ZIT6, STM32H7R3A8I6, STM32H7R3I8K6, STM32H7R3I8T6, STM32H7R3L8H6, STM32H7R3L8H6H, STM32H7R3R8V6, STM32H7R3V8H6, STM32H7R3V8T6, STM32H7R3V8Y6TR, STM32H7R3Z8J6, STM32H7R3Z8T6, STM32H7R7A8I6, STM32H7R7I8K6, STM32H7R7I8T6, STM32H7R7L8H6, STM32H7R7L8H6H, STM32H7R7Z8J6, STM32H7S3A8I6, STM32H7S3I8K6, STM32H7S3I8T6, STM32H7S3L8H6, STM32H7S3L8H6H, STM32H7S3R8V6, STM32H7S3V8H6, STM32H7S3V8T6, STM32H7S3V8Y6TR, STM32H7S3Z8J6, STM32H7S3Z8T6, STM32H7S78-DK, STM32H7S7A8I6, STM32H7S7I8K6, STM32H7S7I8T6, STM32H7S7L8H6, STM32H7S7L8H6H, STM32H7S7Z8J6, STM32L4R5QGI6STR, STM32MP131AAE3, STM32MP131AAF3, STM32MP131AAG3, STM32MP131CAE3, STM32MP131CAF3, STM32MP131CAG3, STM32MP131DAE7, STM32MP131DAF7, STM32MP131DAG7, STM32MP131FAE7, STM32MP131FAF7, STM32MP131FAG7, STM32MP133AAE3, STM32MP133AAF3, STM32MP133AAG3, STM32MP133CAE3, STM32MP133CAF3, STM32MP133CAG3, STM32MP133DAE7, STM32MP133DAF7, STM32MP133DAG7, STM32MP133FAE7, STM32MP133FAF7, STM32MP133FAG7, STM32MP135AAE3, STM32MP135AAF3, STM32MP135AAG3, STM32MP135CAE3, STM32MP135CAF3, STM32MP135CAG3, STM32MP135DAE7, STM32MP135DAF7, STM32MP135DAG7, STM32MP135F-DK, STM32MP135FAE7, STM32MP135FAF7, STM32MP135FAF7T, STM32MP135FAF7U, STM32MP135FAG7, STM32MP231AAJ3, STM32MP231AAK3, STM32MP231AAL3, STM32MP231CAJ3, STM32MP231CAK3, STM32MP231CAL3, STM32MP231DAJ3, STM32MP231DAK3, STM32MP231DAL3, STM32MP231FAJ3, STM32MP231FAK3, STM32MP231FAL3, STM32MP233AAJ3, STM32MP233AAK3, STM32MP233AAL3, STM32MP233CAJ3, STM32MP233CAK3, STM32MP233CAL3, STM32MP233DAJ3, STM32MP233DAK3, STM32MP233DAL3, STM32MP233FAJ3, STM32MP233FAK3, STM32MP233FAL3, STM32MP235AAJ3, STM32MP235AAK3, STM32MP235AAL3, STM32MP235CAJ3, STM32MP235CAK3, STM32MP235CAL3, STM32MP235DAJ3, STM32MP235DAK3, STM32MP235DAL3, STM32MP235FAJ3, STM32MP235FAK3, STM32MP235FAL3, STM32MP251AAI3, STM32MP251AAJ3, STM32MP251AAK3, STM32MP251AAL3, STM32MP251CAI3, STM32MP251CAJ3, STM32MP251CAK3, STM32MP251CAL3, STM32MP251DAI3, STM32MP251DAJ3, STM32MP251DAK3, STM32MP251DAL3, STM32MP251FAI3, STM32MP251FAJ3, STM32MP251FAK3, STM32MP251FAL3, STM32MP253AAI3, STM32MP253AAJ3, STM32MP253AAK3, STM32MP253AAL3, STM32MP253CAI3, STM32MP253CAJ3, STM32MP253CAK3, STM32MP253CAL3, STM32MP253DAI3, STM32MP253DAJ3, STM32MP253DAK3, STM32MP253DAL3, STM32MP253FAI3, STM32MP253FAJ3, STM32MP253FAK3, STM32MP253FAL3, STM32MP255AAI3, STM32MP255AAJ3, STM32MP255AAK3, STM32MP255AAL3, STM32MP255CAI3, STM32MP255CAJ3, STM32MP255CAK3, STM32MP255CAL3, STM32MP255DAI3, STM32MP255DAJ3, STM32MP255DAK3, STM32MP255DAL3, STM32MP255FAI3, STM32MP255FAJ3, STM32MP255FAK3, STM32MP255FAL3, STM32MP257AAI3, STM32MP257AAJ3, STM32MP257AAK3, STM32MP257AAL3, STM32MP257CAI3, STM32MP257CAJ3, STM32MP257CAK3, STM32MP257CAL3, STM32MP257DAI3, STM32MP257DAJ3, STM32MP257DAK3, STM32MP257DAL3, STM32MP257F-DK, STM32MP257F-EV1, STM32MP257FAI3, STM32MP257FAJ3, STM32MP257FAK3, STM32MP257FAL3, STM32N645A0H3Q, STM32N645B0H3Q, STM32N645I0H3Q, STM32N645L0H3Q, STM32N645X0H3Q, STM32N645Z0H3Q, STM32N647A0H3Q, STM32N647B0H3Q, STM32N647I0H3Q, STM32N647L0H3Q, STM32N647X0H3Q, STM32N647Z0H3Q, STM32N655A0H3Q, STM32N655B0H3Q, STM32N655I0H3Q, STM32N655L0H3Q, STM32N655X0H3Q, STM32N655Z0H3Q, STM32N6570-DK, STM32N657A0H3Q, STM32N657B0H3Q, STM32N657I0H3Q, STM32N657L0H3Q, STM32N657X0H3Q, STM32N657Z0H3Q, STM32U031C6T6, STM32U031C6U6, STM32U031C8T6, STM32U031C8U6, STM32U031F4P6, STM32U031F6P6, STM32U031F8P6, STM32U031G6Y6TR, STM32U031G8Y6TR, STM32U031K4U6, STM32U031K6U6, STM32U031K8U6, STM32U031R6I6, STM32U031R6T6, STM32U031R8I6, STM32U031R8T6, STM32U073C8T6, STM32U073C8U6, STM32U073CBT6, STM32U073CBU6, STM32U073CCT6, STM32U073CCU6, STM32U073H8Y6TR, STM32U073HBY6TR, STM32U073HCY6TR, STM32U073K8U6, STM32U073KBU6, STM32U073KCU6, STM32U073M8I6, STM32U073M8T6, STM32U073MBI6, STM32U073MBT6, STM32U073MCI6, STM32U073MCT6, STM32U073R8I6, STM32U073R8T6, STM32U073RBI6, STM32U073RBT6, STM32U073RCI6, STM32U073RCT6, STM32U083C-DK, STM32U083CCT6, STM32U083CCU6, STM32U083HCY6TR, STM32U083KCU6, STM32U083MCI6, STM32U083MCT6, STM32U083RCI6, STM32U083RCT6, STM32U375CET6, STM32U375CET6Q, STM32U375CEU6, STM32U375CEU6Q, STM32U375CEY6QTR, STM32U375CGT6, STM32U375CGT6Q, STM32U375CGU6, STM32U375CGU6Q, STM32U375CGY6QTR, STM32U375KEU6, STM32U375KGU6, STM32U375REI6, STM32U375REI6Q, STM32U375RET6, STM32U375RET6Q, STM32U375REY6GTR, STM32U375REY6QTR, STM32U375RGI6, STM32U375RGI6Q, STM32U375RGT6, STM32U375RGT6Q, STM32U375RGY6GTR, STM32U375RGY6QTR, STM32U375VEI6, STM32U375VEI6Q, STM32U375VET6, STM32U375VET6Q, STM32U375VGI6, STM32U375VGI6Q, STM32U375VGT6, STM32U375VGT6Q, STM32U385CGT6, STM32U385CGT6Q, STM32U385CGU6, STM32U385CGU6Q, STM32U385CGY6QTR, STM32U385KGU6, STM32U385RGI6, STM32U385RGI6Q, STM32U385RGT6, STM32U385RGT6Q, STM32U385RGY6GTR, STM32U385RGY6QTR, STM32U385VGI6, STM32U385VGI6Q, STM32U385VGT6, STM32U385VGT6Q, STM32U535CBT6, STM32U535CBT6Q, STM32U535CBU6, STM32U535CBU6Q, STM32U535CCT6, STM32U535CCT6Q, STM32U535CCU6, STM32U535CCU6Q, STM32U535CET6, STM32U535CET6Q, STM32U535CEU6, STM32U535CEU6Q, STM32U535JEY6QTR, STM32U535NCY6QTR, STM32U535NEY6QTR, STM32U535RBI6, STM32U535RBI6Q, STM32U535RBT6, STM32U535RBT6Q, STM32U535RCI6, STM32U535RCI6Q, STM32U535RCT6, STM32U535RCT6Q, STM32U535REI6, STM32U535REI6Q, STM32U535RET6, STM32U535RET6Q, STM32U535VCI6, STM32U535VCI6Q, STM32U535VCT6, STM32U535VCT6Q, STM32U535VEI6, STM32U535VEI6Q, STM32U535VET6, STM32U535VET6Q, STM32U545CET6, STM32U545CET6Q, STM32U545CEU6, STM32U545CEU6Q, STM32U545JEY6QTR, STM32U545NEY6QTR, STM32U545REI6, STM32U545REI6Q, STM32U545RET6, STM32U545RET6Q, STM32U545VEI6, STM32U545VEI6Q, STM32U545VET6, STM32U545VET6Q, STM32U595AIH6, STM32U595AIH6Q, STM32U595AJH6, STM32U595AJH6Q, STM32U595QII6, STM32U595QII6Q, STM32U595QJI6, STM32U595QJI6Q, STM32U595RIT6, STM32U595RIT6Q, STM32U595RJT6, STM32U595RJT6Q, STM32U595VIT6, STM32U595VIT6Q, STM32U595VJT6, STM32U595VJT6Q, STM32U595ZIT6, STM32U595ZIT6Q, STM32U595ZIY6QTR, STM32U595ZJT6, STM32U595ZJT6Q, STM32U595ZJY6QTR, STM32U599BJY6QTR, STM32U599NIH6Q, STM32U599NJH6Q, STM32U599VIT6Q, STM32U599VJT6, STM32U599VJT6Q, STM32U599ZIT6Q, STM32U599ZIY6QTR, STM32U599ZJT6Q, STM32U599ZJY6QTR, STM32U5A5AJH6, STM32U5A5AJH6Q, STM32U5A5QII3Q , STM32U5A5QJI6, STM32U5A5QJI6Q, STM32U5A5RJT6, STM32U5A5RJT6Q, STM32U5A5VJT6, STM32U5A5VJT6Q, STM32U5A5ZJT6, STM32U5A5ZJT6Q, STM32U5A5ZJY6QTR, STM32U5A9BJY6QTR, STM32U5A9J-DK, STM32U5A9NJH6Q, STM32U5A9VJT6Q, STM32U5A9ZJT6Q, STM32U5A9ZJY6QTR, STM32U5F7VIT6, STM32U5F7VIT6Q, STM32U5F7VJT6, STM32U5F7VJT6Q, STM32U5F9BJY6QTR, STM32U5F9NJH6Q, STM32U5F9VIT6Q, STM32U5F9VJT6Q, STM32U5F9ZIJ6QTR, STM32U5F9ZIT6Q, STM32U5F9ZJJ6QTR, STM32U5F9ZJT6Q, STM32U5G7VJT6, STM32U5G7VJT6Q, STM32U5G9BJY6QTR, STM32U5G9J-DK1, STM32U5G9J-DK2, STM32U5G9NJH6Q, STM32U5G9VJT6Q, STM32U5G9ZJJ6QTR, STM32U5G9ZJT6Q, STM32WB05KZV6TR, STM32WB05KZV7TR, STM32WB05TZF6TR, STM32WB05TZF7TR, STM32WB06CCF6TR, STM32WB06CCF7TR, STM32WB06CCV6TR, STM32WB06CCV7TR, STM32WB06KCV6TR, STM32WB06KCV7TR, STM32WB07CCF6TR, STM32WB07CCF7TR, STM32WB07CCV6TR, STM32WB07CCV7TR, STM32WB07KCV6TR, STM32WB07KCV7TR, STM32WB09KEV6TR, STM32WB09KEV7TR, STM32WB09TEF6TR, STM32WB09TEF7TR, STM32WB1MMCH6, STM32WBA50KGU6, STM32WBA50KGU6TR, STM32WBA52CEU6, STM32WBA52CEU6TR, STM32WBA52CEU7, STM32WBA52CEU7TR, STM32WBA52CGU6, STM32WBA52CGU6TR, STM32WBA52CGU6U, STM32WBA52CGU7, STM32WBA52CGU7TR, STM32WBA52KEU6, STM32WBA52KEU6TR, STM32WBA52KGU6, STM32WBA52KGU6TR, STM32WBA54CEU6, STM32WBA54CEU6TR, STM32WBA54CEU7, STM32WBA54CEU7TR, STM32WBA54CGU6, STM32WBA54CGU6TR, STM32WBA54CGU7, STM32WBA54CGU7TR, STM32WBA54KEU6, STM32WBA54KEU6TR, STM32WBA54KEU7, STM32WBA54KEU7TR, STM32WBA54KGU6, STM32WBA54KGU6TR, STM32WBA54KGU7, STM32WBA54KGU7TR, STM32WBA55CEU6, STM32WBA55CEU6TR, STM32WBA55CEU7, STM32WBA55CEU7TR, STM32WBA55CGU6, STM32WBA55CGU6TR, STM32WBA55CGU6U, STM32WBA55CGU7, STM32WBA55CGU7TR, STM32WBA55G-DK1, STM32WBA55HEF6, STM32WBA55HEF7, STM32WBA55HGF6, STM32WBA55HGF7, STM32WBA55UEI6, STM32WBA55UEI6TR, STM32WBA55UEI7, STM32WBA55UEI7TR, STM32WBA55UGI6, STM32WBA55UGI6TR, STM32WBA55UGI7, STM32WBA55UGI7TR, STM32WBA5MJGH6TR, STM32WBA62CGU6, STM32WBA62CIU6, STM32WBA62MGF6, STM32WBA62MIF6, STM32WBA62PGI6, STM32WBA62PII6, STM32WBA63CGU6, STM32WBA63CGU7, STM32WBA63CIU6, STM32WBA63CIU7, STM32WBA64CGU6, STM32WBA64CGU7, STM32WBA64CIU6, STM32WBA64CIU7, STM32WBA65CGU6, STM32WBA65CGU7, STM32WBA65CIU6, STM32WBA65CIU7, STM32WBA65I-DK1, STM32WBA65MGF6, STM32WBA65MGF7, STM32WBA65MIF6, STM32WBA65MIF7, STM32WBA65PGI6, STM32WBA65PGI7, STM32WBA65PII6, STM32WBA65PII7, STM32WBA65RGV6, STM32WBA65RGV7, STM32WBA65RIV6, STM32WBA65RIV7, STM32WL30K8V6, STM32WL30KBV6, STM32WL31C8V6, STM32WL31CBV6, STM32WL31K8V6, STM32WL31KBV6, STM32WL33C8V6, STM32WL33C8V6TR, STM32WL33C8V7, STM32WL33C8V7TR, STM32WL33CBV6, STM32WL33CBV6TR, STM32WL33CBV7, STM32WL33CBV7TR, STM32WL33CCV6, STM32WL33CCV6TR, STM32WL33CCV7, STM32WL33CCV7A, STM32WL33CCV7ATR, STM32WL33CCV7TR, STM32WL33K8V6, STM32WL33K8V6TR, STM32WL33K8V7, STM32WL33K8V7TR, STM32WL33KBV6, STM32WL33KBV6TR, STM32WL33KBV7, STM32WL33KBV7TR, STM32WL33KCV6, STM32WL33KCV6TR, STM32WL33KCV7, STM32WL33KCV7TR, STM32WL5MOCH6, STM32WL5MOCH6TR]
2025-05-27 18:17:02,739 [INFO] DbMcus:218 - Found 4686 MCUs, 4686 are supported
2025-05-27 18:17:02,740 [INFO] ApiDb:423 - Load user favorites file C:\Users\gagno/.stm32cubeide/favorites.mcus.txt: 0 item(s)
2025-05-27 18:17:02,740 [INFO] ApiDb:427 - User favorites MCUs=[]
2025-05-27 18:17:02,740 [INFO] DbMcus:224 - Set 0 / 0 favorites MCUs
2025-05-27 18:17:03,270 [INFO] ApiDb:423 - Load user favorites file C:\Users\gagno/.stm32cubeide/favorites.boards.txt: 0 item(s)
2025-05-27 18:17:03,271 [INFO] ApiDb:427 - User favorites Boards=[]
2025-05-27 18:17:03,271 [INFO] DbBoards:198 - Set 0 / 0 favorites Boards
2025-05-27 18:17:03,320 [INFO] UtilMem:75 - End LoadConfig() Used Memory: 742452384 Bytes (1073741824)
2025-05-27 18:17:03,465 [WARN] ThirdParty:833 - waiting for thirdparty lock release [change project]
2025-05-27 18:17:03,465 [INFO] ThirdParty:835 - entering critical section [change project]
2025-05-27 18:17:03,465 [INFO] ThirdParty:1030 - CMSIS Pack Vendor :STMicroelectronics USBPD 4.1
2025-05-27 18:17:03,465 [INFO] ThirdParty:1030 - CMSIS Pack Vendor :STMicroelectronics X-CUBE-GNSS1 6.0.0
2025-05-27 18:17:03,465 [INFO] ThirdParty:1030 - CMSIS Pack Vendor :STMicroelectronics USB_HOST 2.0.0
2025-05-27 18:17:03,465 [INFO] ThirdParty:1030 - CMSIS Pack Vendor :STMicroelectronics FP-SNS-MOTENVWB1 1.4.0
2025-05-27 18:17:03,465 [INFO] ThirdParty:1030 - CMSIS Pack Vendor :STMicroelectronics X-CUBE-AZRTOS-F4 1.1.0
2025-05-27 18:17:03,466 [INFO] ThirdParty:1030 - CMSIS Pack Vendor :STMicroelectronics LIBJPEG 8.0.0
2025-05-27 18:17:03,466 [INFO] ThirdParty:1030 - CMSIS Pack Vendor :STMicroelectronics FP-ATR-ASTRA1 2.0.2
2025-05-27 18:17:03,466 [INFO] ThirdParty:1030 - CMSIS Pack Vendor :STMicroelectronics FP-ATR-ASTRA1 2.0.1
2025-05-27 18:17:03,466 [INFO] ThirdParty:1030 - CMSIS Pack Vendor :Avnet-IotConnect X-CUBE-IoTC-DA16k-PMOD 1.0.0
2025-05-27 18:17:03,466 [INFO] ThirdParty:1030 - CMSIS Pack Vendor :STMicroelectronics X-CUBE-SMBUS 2.1.0
2025-05-27 18:17:03,466 [INFO] ThirdParty:1030 - CMSIS Pack Vendor :STMicroelectronics X-CUBE-WB05N 1.1.0
2025-05-27 18:17:03,466 [INFO] ThirdParty:1030 - CMSIS Pack Vendor :STMicroelectronics X-CUBE-ISPU 2.1.0
2025-05-27 18:17:03,466 [INFO] ThirdParty:1030 - CMSIS Pack Vendor :STMicroelectronics X-CUBE-FREERTOS 1.2.0
2025-05-27 18:17:03,466 [INFO] ThirdParty:1030 - CMSIS Pack Vendor :STMicroelectronics X-CUBE-ST60 1.0.0
2025-05-27 18:17:03,466 [INFO] ThirdParty:1030 - CMSIS Pack Vendor :STMicroelectronics X-CUBE-TOUCHGFX 4.23.2
2025-05-27 18:17:03,466 [INFO] ThirdParty:1030 - CMSIS Pack Vendor :STMicroelectronics X-CUBE-AZRTOS-F7 1.1.0
2025-05-27 18:17:03,466 [INFO] ThirdParty:1030 - CMSIS Pack Vendor :STMicroelectronics X-CUBE-AZRTOS-L5 2.0.0
2025-05-27 18:17:03,466 [INFO] ThirdParty:1030 - CMSIS Pack Vendor :STMicroelectronics USB_DEVICE 2.0.0
2025-05-27 18:17:03,466 [INFO] ThirdParty:1030 - CMSIS Pack Vendor :STMicroelectronics X-CUBE-NFC6 3.1.0
2025-05-27 18:17:03,466 [INFO] ThirdParty:1030 - CMSIS Pack Vendor :STMicroelectronics X-CUBE-MEMS1 11.0.0
2025-05-27 18:17:03,466 [INFO] ThirdParty:1030 - CMSIS Pack Vendor :STMicroelectronics FreeRTOS 0.0.1
2025-05-27 18:17:03,466 [INFO] ThirdParty:1030 - CMSIS Pack Vendor :STMicroelectronics X-CUBE-DPower 1.2.0
2025-05-27 18:17:03,467 [INFO] ThirdParty:1030 - CMSIS Pack Vendor :STMicroelectronics FP-SNS-FLIGHT1 5.0.2
2025-05-27 18:17:03,467 [INFO] ThirdParty:1030 - CMSIS Pack Vendor :STMicroelectronics X-CUBE-AI 9.0.0
2025-05-27 18:17:03,467 [INFO] ThirdParty:1030 - CMSIS Pack Vendor :STMicroelectronics PDM2PCM 3.3.0
2025-05-27 18:17:03,467 [INFO] ThirdParty:1030 - CMSIS Pack Vendor :STMicroelectronics X-CUBE-DISPLAY 3.0.0
2025-05-27 18:17:03,467 [INFO] ThirdParty:1030 - CMSIS Pack Vendor :STMicroelectronics X-CUBE-BLE1 7.0.0
2025-05-27 18:17:03,467 [INFO] ThirdParty:1030 - CMSIS Pack Vendor :STMicroelectronics X-CUBE-NFC10 1.0.0
2025-05-27 18:17:03,467 [INFO] ThirdParty:1030 - CMSIS Pack Vendor :STMicroelectronics X-CUBE-BLEMGR 4.0.0
2025-05-27 18:17:03,467 [INFO] ThirdParty:1030 - CMSIS Pack Vendor :STMicroelectronics X-CUBE-FREERTOS 1.3.1
2025-05-27 18:17:03,467 [INFO] ThirdParty:1030 - CMSIS Pack Vendor :STMicroelectronics HAL Drivers 0.0.0
2025-05-27 18:17:03,467 [INFO] ThirdParty:1030 - CMSIS Pack Vendor :emotas I-CUBE-CANOPEN 1.3.0
2025-05-27 18:17:03,467 [INFO] ThirdParty:1030 - CMSIS Pack Vendor :STMicroelectronics X-CUBE-FREERTOS 1.3.0
2025-05-27 18:17:03,467 [INFO] ThirdParty:1030 - CMSIS Pack Vendor :STMicroelectronics X-CUBE-NFC7 1.0.1
2025-05-27 18:17:03,467 [INFO] ThirdParty:1030 - CMSIS Pack Vendor :STMicroelectronics MBEDTLS 2.14.1
2025-05-27 18:17:03,467 [INFO] ThirdParty:1030 - CMSIS Pack Vendor :wolfSSL I-CUBE-wolfTPM 3.2.0
2025-05-27 18:17:03,467 [INFO] ThirdParty:1030 - CMSIS Pack Vendor :STMicroelectronics X-CUBE-BLEMGR 3.1.0
2025-05-27 18:17:03,467 [INFO] ThirdParty:1030 - CMSIS Pack Vendor :STMicroelectronics X-CUBE-AI 10.0.0
2025-05-27 18:17:03,467 [INFO] ThirdParty:1030 - CMSIS Pack Vendor :STMicroelectronics FP-SNS-SMARTAG2 1.2.0
2025-05-27 18:17:03,468 [INFO] ThirdParty:1030 - CMSIS Pack Vendor :STMicroelectronics FP-SNS-FLIGHT1 5.1.0
2025-05-27 18:17:03,468 [INFO] ThirdParty:1030 - CMSIS Pack Vendor :STMicroelectronics X-CUBE-MEMS1 11.1.0
2025-05-27 18:17:03,468 [INFO] ThirdParty:1030 - CMSIS Pack Vendor :STMicroelectronics X-CUBE-AZRTOS-WL 2.0.0
2025-05-27 18:17:03,468 [INFO] ThirdParty:1030 - CMSIS Pack Vendor :STMicroelectronics X-CUBE-DPower 1.3.0
2025-05-27 18:17:03,468 [INFO] ThirdParty:1030 - CMSIS Pack Vendor :STMicroelectronics FP-SNS-MOTENV1 5.0.0
2025-05-27 18:17:03,468 [INFO] ThirdParty:1030 - CMSIS Pack Vendor :STMicroelectronics USB_DEVICE 1.0.0
2025-05-27 18:17:03,468 [INFO] ThirdParty:1030 - CMSIS Pack Vendor :STMicroelectronics X-CUBE-AI 8.1.0
2025-05-27 18:17:03,468 [INFO] ThirdParty:1030 - CMSIS Pack Vendor :wolfSSL I-CUBE-wolfMQTT 1.19.0
2025-05-27 18:17:03,468 [INFO] ThirdParty:1030 - CMSIS Pack Vendor :STMicroelectronics X-CUBE-AZRTOS-L4 2.0.0
2025-05-27 18:17:03,468 [INFO] ThirdParty:1030 - CMSIS Pack Vendor :STMicroelectronics ThreadX 0.0.2
2025-05-27 18:17:03,468 [INFO] ThirdParty:1030 - CMSIS Pack Vendor :WES I-CUBE-Cesium 1.3.0
2025-05-27 18:17:03,468 [INFO] ThirdParty:1030 - CMSIS Pack Vendor :STMicroelectronics lwIP 2.1.2
2025-05-27 18:17:03,468 [INFO] ThirdParty:1030 - CMSIS Pack Vendor :STMicroelectronics X-CUBE-SFXS2LP1 4.0.0
2025-05-27 18:17:03,468 [INFO] ThirdParty:1030 - CMSIS Pack Vendor :STMicroelectronics X-CUBE-BLE2 3.3.0
2025-05-27 18:17:03,468 [INFO] ThirdParty:1030 - CMSIS Pack Vendor :STMicroelectronics PDM2PCM 3.2.0
2025-05-27 18:17:03,468 [INFO] ThirdParty:1030 - CMSIS Pack Vendor :STMicroelectronics X-CUBE-AZRTOS-H7 3.3.0
2025-05-27 18:17:03,469 [INFO] ThirdParty:1030 - CMSIS Pack Vendor :STMicroelectronics X-CUBE-NFC9 1.0.0
2025-05-27 18:17:03,469 [INFO] ThirdParty:1030 - CMSIS Pack Vendor :STMicroelectronics X-CUBE-BLE1 7.1.0
2025-05-27 18:17:03,469 [INFO] ThirdParty:1030 - CMSIS Pack Vendor :STMicroelectronics USB_DEVICE 3.0.0
2025-05-27 18:17:03,469 [INFO] ThirdParty:1030 - CMSIS Pack Vendor :STMicroelectronics X-CUBE-TCPP 4.1.0
2025-05-27 18:17:03,469 [INFO] ThirdParty:1030 - CMSIS Pack Vendor :STMicroelectronics X-CUBE-IPS 3.0.0
2025-05-27 18:17:03,469 [INFO] ThirdParty:1030 - CMSIS Pack Vendor :STMicroelectronics X-CUBE-AZRTOS-WB 2.0.0
2025-05-27 18:17:03,469 [INFO] ThirdParty:1030 - CMSIS Pack Vendor :STMicroelectronics X-CUBE-GNSS1 7.0.0
2025-05-27 18:17:03,469 [INFO] ThirdParty:1030 - CMSIS Pack Vendor :STMicroelectronics X-CUBE-GNSS1 7.0.1
2025-05-27 18:17:03,470 [INFO] ThirdParty:1030 - CMSIS Pack Vendor :STMicroelectronics X-CUBE-TOUCHGFX 4.25.0
2025-05-27 18:17:03,470 [INFO] ThirdParty:1030 - CMSIS Pack Vendor :STMicroelectronics FP-SNS-STBOX1 2.0.0
2025-05-27 18:17:03,470 [INFO] ThirdParty:1030 - CMSIS Pack Vendor :STMicroelectronics X-CUBE-ALGOBUILD 1.3.0
2025-05-27 18:17:03,470 [INFO] ThirdParty:1030 - CMSIS Pack Vendor :STMicroelectronics X-CUBE-MEMS1 11.2.0
2025-05-27 18:17:03,470 [INFO] ThirdParty:1030 - CMSIS Pack Vendor :STMicroelectronics X-CUBE-AZRTOS-G0 1.1.0
2025-05-27 18:17:03,472 [INFO] ThirdParty:1030 - CMSIS Pack Vendor :STMicroelectronics X-CUBE-SAFEA1 1.2.2
2025-05-27 18:17:03,472 [INFO] ThirdParty:1030 - CMSIS Pack Vendor :STMicroelectronics X-CUBE-NFC4 3.0.0
2025-05-27 18:17:03,472 [INFO] ThirdParty:1030 - CMSIS Pack Vendor :STMicroelectronics X-CUBE-SUBG2 5.0.0
2025-05-27 18:17:03,472 [INFO] ThirdParty:1030 - CMSIS Pack Vendor :STMicroelectronics X-CUBE-AZRTOS-H7RS 1.1.0
2025-05-27 18:17:03,472 [INFO] ThirdParty:1030 - CMSIS Pack Vendor :STMicroelectronics STM32_WPAN 1.0.0
2025-05-27 18:17:03,472 [INFO] ThirdParty:1030 - CMSIS Pack Vendor :wolfSSL I-CUBE-wolfMQTT 1.18.0
2025-05-27 18:17:03,472 [INFO] ThirdParty:1030 - CMSIS Pack Vendor :EmbeddedOffice I-CUBE-FS-RTOS 1.0.1
2025-05-27 18:17:03,472 [INFO] ThirdParty:1030 - CMSIS Pack Vendor :STMicroelectronics lwIP 2.0.3
2025-05-27 18:17:03,472 [INFO] ThirdParty:1030 - CMSIS Pack Vendor :STMicroelectronics USB_HOST 1.0.0
2025-05-27 18:17:03,473 [INFO] ThirdParty:1030 - CMSIS Pack Vendor :STMicroelectronics X-CUBE-AZRTOS-G4 2.0.0
2025-05-27 18:17:03,473 [INFO] ThirdParty:1030 - CMSIS Pack Vendor :STMicroelectronics X-CUBE-WB05N 2.0.0
2025-05-27 18:17:03,473 [INFO] ThirdParty:1030 - CMSIS Pack Vendor :STMicroelectronics PDM2PCM 3.1.0
2025-05-27 18:17:03,473 [INFO] ThirdParty:1030 - CMSIS Pack Vendor :STMicroelectronics X-CUBE-NFC7 2.0.0
2025-05-27 18:17:03,473 [INFO] ThirdParty:1030 - CMSIS Pack Vendor :STMicroelectronics X-CUBE-TCPP 4.2.0
2025-05-27 18:17:03,473 [INFO] ThirdParty:1030 - CMSIS Pack Vendor :RealThread X-CUBE-RT-Thread_Nano 4.1.1
2025-05-27 18:17:03,473 [INFO] ThirdParty:1030 - CMSIS Pack Vendor :wolfSSL I-CUBE-wolfSSL 5.7.0
2025-05-27 18:17:03,473 [INFO] ThirdParty:1030 - CMSIS Pack Vendor :STMicroelectronics FP-SNS-MOTENVWB1 1.3.1
2025-05-27 18:17:03,473 [INFO] ThirdParty:1030 - CMSIS Pack Vendor :STMicroelectronics FP-ATR-SIGFOX1 3.2.0
2025-05-27 18:17:03,473 [INFO] ThirdParty:1030 - CMSIS Pack Vendor :quantropi X-CUBE-qispace-sdk-base 1.9.3
2025-05-27 18:17:03,473 [INFO] ThirdParty:1030 - CMSIS Pack Vendor :STMicroelectronics X-CUBE-ISPU 2.0.0
2025-05-27 18:17:03,473 [INFO] ThirdParty:1030 - CMSIS Pack Vendor :STMicroelectronics X-CUBE-EEPRMA1 5.1.0
2025-05-27 18:17:03,473 [INFO] ThirdParty:1030 - CMSIS Pack Vendor :STMicroelectronics MBEDTLS 2.16.2
2025-05-27 18:17:03,473 [INFO] ThirdParty:1030 - CMSIS Pack Vendor :STMicroelectronics X-CUBE-IPS 3.1.0
2025-05-27 18:17:03,473 [INFO] ThirdParty:1030 - CMSIS Pack Vendor :STMicroelectronics X-CUBE-ALS 1.0.2
2025-05-27 18:17:03,473 [INFO] ThirdParty:1030 - CMSIS Pack Vendor :STMicroelectronics X-CUBE-MEMS1 10.0.0
2025-05-27 18:17:03,473 [INFO] ThirdParty:1030 - CMSIS Pack Vendor :STMicroelectronics X-CUBE-FREERTOS 1.1.0
2025-05-27 18:17:03,473 [INFO] ThirdParty:1030 - CMSIS Pack Vendor :STMicroelectronics X-CUBE-TOUCHGFX 4.24.0
2025-05-27 18:17:03,473 [INFO] ThirdParty:1030 - CMSIS Pack Vendor :ITTIA_DB I-CUBE-ITTIADB 8.9.0
2025-05-27 18:17:03,473 [INFO] ThirdParty:1030 - CMSIS Pack Vendor :STMicroelectronics X-CUBE-TOUCHGFX 4.24.2
2025-05-27 18:17:03,474 [INFO] ThirdParty:1030 - CMSIS Pack Vendor :STMicroelectronics X-CUBE-TOUCHGFX 4.24.1
2025-05-27 18:17:03,474 [INFO] ThirdParty:1030 - CMSIS Pack Vendor :portGmbH I-Cube-SoM-uGOAL 1.1.0
2025-05-27 18:17:03,474 [INFO] ThirdParty:1030 - CMSIS Pack Vendor :STMicroelectronics X-CUBE-ALS 1.0.1
2025-05-27 18:17:03,474 [INFO] ThirdParty:1030 - CMSIS Pack Vendor :STMicroelectronics ThreadX 1.0.0
2025-05-27 18:17:03,474 [INFO] ThirdParty:1030 - CMSIS Pack Vendor :SEGGER I-CUBE-embOS 1.3.1
2025-05-27 18:17:03,474 [INFO] ThirdParty:1030 - CMSIS Pack Vendor :STMicroelectronics X-CUBE-ALGOBUILD 1.4.0
2025-05-27 18:17:03,474 [INFO] ThirdParty:1030 - CMSIS Pack Vendor :STMicroelectronics X-CUBE-AZRTOS-H7RS 1.0.0
2025-05-27 18:17:03,474 [INFO] ThirdParty:1030 - CMSIS Pack Vendor :STMicroelectronics FP-ATR-ASTRA1 2.0.0
2025-05-27 18:17:03,474 [INFO] ThirdParty:1030 - CMSIS Pack Vendor :STMicroelectronics X-CUBE-TOF1 3.4.2
2025-05-27 18:17:03,474 [INFO] ThirdParty:1030 - CMSIS Pack Vendor :STMicroelectronics X-CUBE-TOF1 3.4.3
2025-05-27 18:17:03,474 [INFO] ThirdParty:1030 - CMSIS Pack Vendor :STMicroelectronics X-CUBE-AI 9.1.0
2025-05-27 18:17:03,474 [INFO] ThirdParty:1030 - CMSIS Pack Vendor :STMicroelectronics X-CUBE-TOF1 3.4.1
2025-05-27 18:17:03,474 [INFO] ThirdParty:1030 - CMSIS Pack Vendor :STMicroelectronics X-CUBE-AZRTOS-H7 3.2.0
2025-05-27 18:17:03,474 [INFO] ThirdParty:1030 - CMSIS Pack Vendor :Infineon AIROC-Wi-Fi-Bluetooth-STM32 1.6.0
2025-05-27 18:17:03,474 [INFO] ThirdParty:1030 - CMSIS Pack Vendor :wolfSSL I-CUBE-wolfSSH 1.4.17
2025-05-27 18:17:03,475 [INFO] ThirdParty:841 - exiting critical section [change project]
2025-05-27 18:17:04,166 [INFO] PinOutPanel:1589 - setPackage(No Configuration,No Configuration)
2025-05-27 18:17:04,168 [INFO] PinOutPanel:1589 - setPackage(STM32F412ZGTx,LQFP144)
2025-05-27 18:17:04,811 [INFO] UtilMem:75 - Before build in PCC Used Memory: 964195208 Bytes (1073741824)
2025-05-27 18:17:05,790 [INFO] UtilMem:75 - After build in PCC Used Memory: 680631264 Bytes (1073741824)
2025-05-27 18:17:05,956 [INFO] ApiDbMcu:508 - Load IP Config File for USB_DEVICE
2025-05-27 18:17:05,999 [INFO] IPUIPlugin:80 - create IPUIPlugin
2025-05-27 18:17:05,999 [INFO] IPUIPlugin:80 - create IPUIPlugin
2025-05-27 18:17:05,999 [INFO] IPUIPlugin:80 - create IPUIPlugin
2025-05-27 18:17:05,999 [INFO] IPUIPlugin:80 - create IPUIPlugin
2025-05-27 18:17:05,999 [INFO] IPUIPlugin:80 - create IPUIPlugin
2025-05-27 18:17:05,999 [INFO] IPUIPlugin:80 - create IPUIPlugin
2025-05-27 18:17:06,001 [INFO] IPUIPlugin:80 - create IPUIPlugin
2025-05-27 18:17:06,001 [INFO] IPUIPlugin:80 - create IPUIPlugin
2025-05-27 18:17:06,001 [INFO] IPUIPlugin:80 - create IPUIPlugin
2025-05-27 18:17:06,001 [INFO] IPUIPlugin:80 - create IPUIPlugin
2025-05-27 18:17:06,001 [INFO] IPUIPlugin:80 - create IPUIPlugin
2025-05-27 18:17:06,001 [INFO] IPUIPlugin:80 - create IPUIPlugin
2025-05-27 18:17:06,001 [INFO] IPUIPlugin:80 - create IPUIPlugin
2025-05-27 18:17:06,001 [INFO] IPUIPlugin:80 - create IPUIPlugin
2025-05-27 18:17:06,001 [INFO] IPUIPlugin:80 - create IPUIPlugin
2025-05-27 18:17:06,002 [INFO] IPUIPlugin:80 - create IPUIPlugin
2025-05-27 18:17:06,002 [INFO] IPUIPlugin:80 - create IPUIPlugin
2025-05-27 18:17:06,002 [INFO] IPUIPlugin:80 - create IPUIPlugin
2025-05-27 18:17:06,002 [INFO] IPUIPlugin:80 - create IPUIPlugin
2025-05-27 18:17:06,002 [INFO] IPUIPlugin:80 - create IPUIPlugin
2025-05-27 18:17:06,002 [INFO] IPUIPlugin:80 - create IPUIPlugin
2025-05-27 18:17:06,003 [INFO] IPUIPlugin:80 - create IPUIPlugin
2025-05-27 18:17:06,003 [INFO] IPUIPlugin:80 - create IPUIPlugin
2025-05-27 18:17:06,003 [INFO] IPUIPlugin:80 - create IPUIPlugin
2025-05-27 18:17:06,003 [INFO] IPUIPlugin:80 - create IPUIPlugin
2025-05-27 18:17:06,003 [INFO] IPUIPlugin:80 - create IPUIPlugin
2025-05-27 18:17:06,004 [INFO] IPUIPlugin:80 - create IPUIPlugin
2025-05-27 18:17:06,004 [INFO] IPUIPlugin:80 - create IPUIPlugin
2025-05-27 18:17:06,004 [INFO] IPUIPlugin:80 - create IPUIPlugin
2025-05-27 18:17:06,004 [INFO] IPUIPlugin:80 - create IPUIPlugin
2025-05-27 18:17:06,005 [INFO] IPUIPlugin:80 - create IPUIPlugin
2025-05-27 18:17:06,005 [INFO] IPUIPlugin:80 - create IPUIPlugin
2025-05-27 18:17:06,005 [INFO] IPUIPlugin:80 - create IPUIPlugin
2025-05-27 18:17:06,005 [INFO] IPUIPlugin:80 - create IPUIPlugin
2025-05-27 18:17:06,006 [INFO] IPUIPlugin:80 - create IPUIPlugin
2025-05-27 18:17:06,006 [INFO] IPUIPlugin:80 - create IPUIPlugin
2025-05-27 18:17:06,006 [INFO] IPUIPlugin:80 - create IPUIPlugin
2025-05-27 18:17:06,006 [INFO] IPUIPlugin:80 - create IPUIPlugin
2025-05-27 18:17:06,006 [INFO] IPUIPlugin:80 - create IPUIPlugin
2025-05-27 18:17:06,007 [INFO] IPUIPlugin:80 - create IPUIPlugin
2025-05-27 18:17:06,007 [INFO] IPUIPlugin:80 - create IPUIPlugin
2025-05-27 18:17:06,007 [INFO] IPUIPlugin:80 - create IPUIPlugin
2025-05-27 18:17:06,007 [INFO] IPUIPlugin:80 - create IPUIPlugin
2025-05-27 18:17:06,007 [INFO] IPUIPlugin:80 - create IPUIPlugin
2025-05-27 18:17:06,007 [INFO] IPUIPlugin:80 - create IPUIPlugin
2025-05-27 18:17:06,008 [INFO] IPUIPlugin:80 - create IPUIPlugin
2025-05-27 18:17:06,008 [INFO] IPUIPlugin:80 - create IPUIPlugin
2025-05-27 18:17:06,008 [INFO] IPUIPlugin:80 - create IPUIPlugin
2025-05-27 18:17:06,008 [INFO] IPUIPlugin:80 - create IPUIPlugin
2025-05-27 18:17:06,009 [INFO] IPUIPlugin:80 - create IPUIPlugin
2025-05-27 18:17:06,009 [INFO] IPUIPlugin:80 - create IPUIPlugin
2025-05-27 18:17:06,009 [INFO] IPUIPlugin:80 - create IPUIPlugin
2025-05-27 18:17:06,010 [INFO] IPUIPlugin:80 - create IPUIPlugin
2025-05-27 18:17:06,010 [INFO] IPUIPlugin:80 - create IPUIPlugin
2025-05-27 18:17:06,010 [INFO] IPUIPlugin:80 - create IPUIPlugin
2025-05-27 18:17:06,011 [INFO] IPUIPlugin:80 - create IPUIPlugin
2025-05-27 18:17:06,011 [INFO] IPUIPlugin:80 - create IPUIPlugin
2025-05-27 18:17:06,027 [INFO] ApiDbMcu:508 - Load IP Config File for PDM2PCM
2025-05-27 18:17:06,382 [INFO] CADModel:165 - CPN selected for project levelSTM32F412ZGT6
2025-05-27 18:17:06,383 [INFO] CADModel:114 - Register for checkConnection events
2025-05-27 18:17:06,434 [INFO] OpenFileManager:385 - Restore cursor
2025-05-27 18:17:06,667 [WARN] IP:2250 - DEVICE_SERIAL0_CDC_FS not found: check if there is a RefParameter without a condition.
2025-05-27 18:17:06,667 [WARN] IP:2250 - DEVICE_SERIAL1_CDC_FS not found: check if there is a RefParameter without a condition.
2025-05-27 18:17:06,667 [WARN] IP:2250 - DEVICE_SERIAL2_CDC_FS not found: check if there is a RefParameter without a condition.
2025-05-27 18:17:06,669 [WARN] IP:2250 - DEVICE_SERIAL0_CDC_FS not found: check if there is a RefParameter without a condition.
2025-05-27 18:17:06,669 [WARN] IP:2250 - DEVICE_SERIAL1_CDC_FS not found: check if there is a RefParameter without a condition.
2025-05-27 18:17:06,669 [WARN] IP:2250 - DEVICE_SERIAL2_CDC_FS not found: check if there is a RefParameter without a condition.
2025-05-27 22:48:31,385 [WARN] IP:2250 - DEVICE_SERIAL0_CDC_FS not found: check if there is a RefParameter without a condition.
2025-05-27 22:48:31,387 [WARN] IP:2250 - DEVICE_SERIAL1_CDC_FS not found: check if there is a RefParameter without a condition.
2025-05-27 22:48:31,387 [WARN] IP:2250 - DEVICE_SERIAL2_CDC_FS not found: check if there is a RefParameter without a condition.
2025-05-27 22:48:31,389 [WARN] IP:2250 - DEVICE_SERIAL0_CDC_FS not found: check if there is a RefParameter without a condition.
2025-05-27 22:48:31,389 [WARN] IP:2250 - DEVICE_SERIAL1_CDC_FS not found: check if there is a RefParameter without a condition.
2025-05-27 22:48:31,389 [WARN] IP:2250 - DEVICE_SERIAL2_CDC_FS not found: check if there is a RefParameter without a condition.
2025-05-27 22:48:31,710 [WARN] IP:2250 - DEVICE_SERIAL0_CDC_FS not found: check if there is a RefParameter without a condition.
2025-05-27 22:48:31,710 [WARN] IP:2250 - DEVICE_SERIAL1_CDC_FS not found: check if there is a RefParameter without a condition.
2025-05-27 22:48:31,710 [WARN] IP:2250 - DEVICE_SERIAL2_CDC_FS not found: check if there is a RefParameter without a condition.
2025-05-27 22:48:31,711 [WARN] IP:2250 - DEVICE_SERIAL0_CDC_FS not found: check if there is a RefParameter without a condition.
2025-05-27 22:48:31,711 [WARN] IP:2250 - DEVICE_SERIAL1_CDC_FS not found: check if there is a RefParameter without a condition.
2025-05-27 22:48:31,711 [WARN] IP:2250 - DEVICE_SERIAL2_CDC_FS not found: check if there is a RefParameter without a condition.
2025-05-27 22:48:31,965 [WARN] IP:2250 - DEVICE_SERIAL0_CDC_FS not found: check if there is a RefParameter without a condition.
2025-05-27 22:48:31,965 [WARN] IP:2250 - DEVICE_SERIAL1_CDC_FS not found: check if there is a RefParameter without a condition.
2025-05-27 22:48:31,965 [WARN] IP:2250 - DEVICE_SERIAL2_CDC_FS not found: check if there is a RefParameter without a condition.
2025-05-27 22:48:31,966 [WARN] IP:2250 - DEVICE_SERIAL0_CDC_FS not found: check if there is a RefParameter without a condition.
2025-05-27 22:48:31,966 [WARN] IP:2250 - DEVICE_SERIAL1_CDC_FS not found: check if there is a RefParameter without a condition.
2025-05-27 22:48:31,966 [WARN] IP:2250 - DEVICE_SERIAL2_CDC_FS not found: check if there is a RefParameter without a condition.
2025-05-27 22:49:57,843 [INFO] UtilMem:75 - End SaveConfig() Used Memory: 920812480 Bytes (1073741824)
2025-05-27 22:49:58,820 [INFO] UtilMem:75 - End SaveConfig() Used Memory: 971416816 Bytes (1073741824)
2025-05-27 22:49:59,187 [INFO] UtilMem:75 - End SaveConfig() Used Memory: 663749616 Bytes (1073741824)
2025-05-27 22:49:59,899 [INFO] BlockDiagram:2775 - set Specific Code input for plugin: SPI
2025-05-27 22:49:59,900 [INFO] BlockDiagram:2775 - set Specific Code input for plugin: SPI
2025-05-27 22:49:59,900 [INFO] BlockDiagram:2775 - set Specific Code input for plugin: SPI
2025-05-27 22:49:59,900 [INFO] BlockDiagram:2775 - set Specific Code input for plugin: TIM1_8
2025-05-27 22:49:59,900 [INFO] BlockDiagram:2775 - set Specific Code input for plugin: USB_DEVICE
2025-05-27 22:49:59,900 [INFO] BlockDiagram:2775 - set Specific Code input for plugin: SYS
2025-05-27 22:49:59,900 [INFO] BlockDiagram:2775 - set Specific Code input for plugin: ADC
2025-05-27 22:49:59,901 [INFO] BlockDiagram:2775 - set Specific Code input for plugin: RCC
2025-05-27 22:49:59,901 [INFO] BlockDiagram:2775 - set Specific Code input for plugin: USB_OTG_FS
2025-05-27 22:49:59,901 [INFO] BlockDiagram:2775 - set Specific Code input for plugin: NVIC
2025-05-27 22:49:59,901 [INFO] BlockDiagram:2775 - set Specific Code input for plugin: USART
2025-05-27 22:49:59,901 [INFO] BlockDiagram:2775 - set Specific Code input for plugin: USART
2025-05-27 22:49:59,901 [INFO] BlockDiagram:2775 - set Specific Code input for plugin: USART
2025-05-27 22:49:59,902 [INFO] BlockDiagram:2775 - set Specific Code input for plugin: GPIO
2025-05-27 22:49:59,905 [INFO] CodeGenerator:882 - code generatio: config db path: C:\ST\STM32CubeIDE_1.15.0\STM32CubeIDE\plugins\com.st.stm32cube.common.mx_6.14.0.202502271554\\db\
2025-05-27 22:49:59,956 [WARN] IP:2250 - DEVICE_SERIAL0_CDC_FS not found: check if there is a RefParameter without a condition.
2025-05-27 22:49:59,956 [WARN] IP:2250 - DEVICE_SERIAL1_CDC_FS not found: check if there is a RefParameter without a condition.
2025-05-27 22:49:59,956 [WARN] IP:2250 - DEVICE_SERIAL2_CDC_FS not found: check if there is a RefParameter without a condition.
2025-05-27 22:50:00,240 [INFO] CodeEngine:263 - oldGeneratedFile, C:\Users\gagno\OneDrive\Documents\GitHub\Ordinateur-de-bord\STM32CubeIDE\ODB2\MXTmpFiles\license.tmp_save
2025-05-27 22:50:00,776 [INFO] CodeEngine:287 - Generated code: C:\Users\gagno\OneDrive\Documents\GitHub\Ordinateur-de-bord\STM32CubeIDE\ODB2\MXTmpFiles\license.tmp
2025-05-27 22:50:01,032 [INFO] CodeEngine:263 - oldGeneratedFile, C:\Users\gagno\OneDrive\Documents\GitHub\Ordinateur-de-bord\STM32CubeIDE\ODB2\MXTmpFiles\gpio.tmp_save
2025-05-27 22:50:01,189 [INFO] CodeEngine:287 - Generated code: C:\Users\gagno\OneDrive\Documents\GitHub\Ordinateur-de-bord\STM32CubeIDE\ODB2\MXTmpFiles\gpio.tmp
2025-05-27 22:50:01,418 [WARN] IPConfigManager:3174 - Warning: the RefConfig PWREx_EnableUSBVoltageDetector is not available in your config.xml file
2025-05-27 22:50:01,433 [INFO] CodeEngine:263 - oldGeneratedFile, C:\Users\gagno\OneDrive\Documents\GitHub\Ordinateur-de-bord\STM32CubeIDE\ODB2\MXTmpFiles\usb_otg_fs_vars.tmp_save
2025-05-27 22:50:01,569 [INFO] CodeEngine:287 - Generated code: C:\Users\gagno\OneDrive\Documents\GitHub\Ordinateur-de-bord\STM32CubeIDE\ODB2\MXTmpFiles\usb_otg_fs_vars.tmp
2025-05-27 22:50:01,577 [INFO] CodeEngine:263 - oldGeneratedFile, C:\Users\gagno\OneDrive\Documents\GitHub\Ordinateur-de-bord\STM32CubeIDE\ODB2\MXTmpFiles\usb_otg_fs_inc.tmp_save
2025-05-27 22:50:01,658 [INFO] CodeEngine:287 - Generated code: C:\Users\gagno\OneDrive\Documents\GitHub\Ordinateur-de-bord\STM32CubeIDE\ODB2\MXTmpFiles\usb_otg_fs_inc.tmp
2025-05-27 22:50:01,669 [INFO] CodeEngine:263 - oldGeneratedFile, C:\Users\gagno\OneDrive\Documents\GitHub\Ordinateur-de-bord\STM32CubeIDE\ODB2\MXTmpFiles\usb_otg_fs_HalInit.tmp_save
2025-05-27 22:50:01,785 [INFO] CodeEngine:287 - Generated code: C:\Users\gagno\OneDrive\Documents\GitHub\Ordinateur-de-bord\STM32CubeIDE\ODB2\MXTmpFiles\usb_otg_fs_HalInit.tmp
2025-05-27 22:50:01,792 [INFO] CodeEngine:263 - oldGeneratedFile, C:\Users\gagno\OneDrive\Documents\GitHub\Ordinateur-de-bord\STM32CubeIDE\ODB2\MXTmpFiles\usb_otg_fs_Msp.tmp_save
2025-05-27 22:50:01,913 [INFO] CodeEngine:287 - Generated code: C:\Users\gagno\OneDrive\Documents\GitHub\Ordinateur-de-bord\STM32CubeIDE\ODB2\MXTmpFiles\usb_otg_fs_Msp.tmp
2025-05-27 22:50:03,575 [INFO] Middleware:1452 - No code input for Bsp Dependency
2025-05-27 22:50:03,623 [INFO] Middleware:1452 - No code input for Bsp Dependency
2025-05-27 22:50:03,643 [INFO] CodeEngine:263 - oldGeneratedFile, C:\Users\gagno\OneDrive\Documents\GitHub\Ordinateur-de-bord\STM32CubeIDE\ODB2\USB_DEVICE\App\usb_device.c_save
2025-05-27 22:50:03,757 [INFO] CodeEngine:287 - Generated code: C:\Users\gagno\OneDrive\Documents\GitHub\Ordinateur-de-bord\STM32CubeIDE\ODB2\USB_DEVICE\App\usb_device.c
2025-05-27 22:50:03,770 [INFO] CodeEngine:263 - oldGeneratedFile, C:\Users\gagno\OneDrive\Documents\GitHub\Ordinateur-de-bord\STM32CubeIDE\ODB2\USB_DEVICE\App\usb_device.h_save
2025-05-27 22:50:03,840 [INFO] CodeEngine:287 - Generated code: C:\Users\gagno\OneDrive\Documents\GitHub\Ordinateur-de-bord\STM32CubeIDE\ODB2\USB_DEVICE\App\usb_device.h
2025-05-27 22:50:03,853 [INFO] CodeEngine:263 - oldGeneratedFile, C:\Users\gagno\OneDrive\Documents\GitHub\Ordinateur-de-bord\STM32CubeIDE\ODB2\USB_DEVICE\Target\usbd_conf.h_save
2025-05-27 22:50:03,923 [INFO] CodeEngine:287 - Generated code: C:\Users\gagno\OneDrive\Documents\GitHub\Ordinateur-de-bord\STM32CubeIDE\ODB2\USB_DEVICE\Target\usbd_conf.h
2025-05-27 22:50:03,937 [INFO] CodeEngine:263 - oldGeneratedFile, C:\Users\gagno\OneDrive\Documents\GitHub\Ordinateur-de-bord\STM32CubeIDE\ODB2\USB_DEVICE\Target\usbd_conf.c_save
2025-05-27 22:50:04,028 [INFO] CodeEngine:287 - Generated code: C:\Users\gagno\OneDrive\Documents\GitHub\Ordinateur-de-bord\STM32CubeIDE\ODB2\USB_DEVICE\Target\usbd_conf.c
2025-05-27 22:50:04,038 [INFO] CodeEngine:263 - oldGeneratedFile, C:\Users\gagno\OneDrive\Documents\GitHub\Ordinateur-de-bord\STM32CubeIDE\ODB2\USB_DEVICE\App\usbd_desc.h_save
2025-05-27 22:50:04,102 [INFO] CodeEngine:287 - Generated code: C:\Users\gagno\OneDrive\Documents\GitHub\Ordinateur-de-bord\STM32CubeIDE\ODB2\USB_DEVICE\App\usbd_desc.h
2025-05-27 22:50:04,115 [INFO] CodeEngine:263 - oldGeneratedFile, C:\Users\gagno\OneDrive\Documents\GitHub\Ordinateur-de-bord\STM32CubeIDE\ODB2\USB_DEVICE\App\usbd_desc.c_save
2025-05-27 22:50:04,190 [INFO] CodeEngine:287 - Generated code: C:\Users\gagno\OneDrive\Documents\GitHub\Ordinateur-de-bord\STM32CubeIDE\ODB2\USB_DEVICE\App\usbd_desc.c
2025-05-27 22:50:04,204 [INFO] CodeEngine:263 - oldGeneratedFile, C:\Users\gagno\OneDrive\Documents\GitHub\Ordinateur-de-bord\STM32CubeIDE\ODB2\USB_DEVICE\App\usbd_cdc_if.h_save
2025-05-27 22:50:04,269 [INFO] CodeEngine:287 - Generated code: C:\Users\gagno\OneDrive\Documents\GitHub\Ordinateur-de-bord\STM32CubeIDE\ODB2\USB_DEVICE\App\usbd_cdc_if.h
2025-05-27 22:50:04,283 [INFO] CodeEngine:263 - oldGeneratedFile, C:\Users\gagno\OneDrive\Documents\GitHub\Ordinateur-de-bord\STM32CubeIDE\ODB2\USB_DEVICE\App\usbd_cdc_if.c_save
2025-05-27 22:50:04,350 [INFO] CodeEngine:287 - Generated code: C:\Users\gagno\OneDrive\Documents\GitHub\Ordinateur-de-bord\STM32CubeIDE\ODB2\USB_DEVICE\App\usbd_cdc_if.c
2025-05-27 22:50:04,375 [INFO] CodeEngine:263 - oldGeneratedFile, C:\Users\gagno\OneDrive\Documents\GitHub\Ordinateur-de-bord\STM32CubeIDE\ODB2\Core\Src\stm32f4xx_it.c_save
2025-05-27 22:50:04,464 [INFO] CodeEngine:287 - Generated code: C:\Users\gagno\OneDrive\Documents\GitHub\Ordinateur-de-bord\STM32CubeIDE\ODB2\Core\Src\stm32f4xx_it.c
2025-05-27 22:50:04,476 [INFO] CodeEngine:263 - oldGeneratedFile, C:\Users\gagno\OneDrive\Documents\GitHub\Ordinateur-de-bord\STM32CubeIDE\ODB2\Core\Inc\stm32f4xx_it.h_save
2025-05-27 22:50:04,540 [INFO] CodeEngine:287 - Generated code: C:\Users\gagno\OneDrive\Documents\GitHub\Ordinateur-de-bord\STM32CubeIDE\ODB2\Core\Inc\stm32f4xx_it.h
2025-05-27 22:50:04,565 [INFO] CodeEngine:263 - oldGeneratedFile, C:\Users\gagno\OneDrive\Documents\GitHub\Ordinateur-de-bord\STM32CubeIDE\ODB2\Core\Src\stm32f4xx_hal_msp.c_save
2025-05-27 22:50:04,690 [INFO] CodeEngine:287 - Generated code: C:\Users\gagno\OneDrive\Documents\GitHub\Ordinateur-de-bord\STM32CubeIDE\ODB2\Core\Src\stm32f4xx_hal_msp.c
2025-05-27 22:50:04,702 [INFO] CodeEngine:263 - oldGeneratedFile, C:\Users\gagno\OneDrive\Documents\GitHub\Ordinateur-de-bord\STM32CubeIDE\ODB2\MXTmpFiles\system.tmp_save
2025-05-27 22:50:04,765 [INFO] CodeEngine:287 - Generated code: C:\Users\gagno\OneDrive\Documents\GitHub\Ordinateur-de-bord\STM32CubeIDE\ODB2\MXTmpFiles\system.tmp
2025-05-27 22:50:04,773 [INFO] CodeEngine:263 - oldGeneratedFile, C:\Users\gagno\OneDrive\Documents\GitHub\Ordinateur-de-bord\STM32CubeIDE\ODB2\Core\Inc\stm32_assert.h_save
2025-05-27 22:50:04,831 [INFO] CodeEngine:287 - Generated code: C:\Users\gagno\OneDrive\Documents\GitHub\Ordinateur-de-bord\STM32CubeIDE\ODB2\Core\Inc\stm32_assert.h
2025-05-27 22:50:04,845 [INFO] CodeEngine:319 - oldGeneratedFile, C:\Users\gagno\OneDrive\Documents\GitHub\Ordinateur-de-bord\STM32CubeIDE\ODB2\Core\Inc\stm32f4xx_hal_conf.h_save
2025-05-27 22:50:04,911 [INFO] CodeEngine:343 - Generated code: C:\Users\gagno\OneDrive\Documents\GitHub\Ordinateur-de-bord\STM32CubeIDE\ODB2\Core\Inc\stm32f4xx_hal_conf.h
2025-05-27 22:50:04,955 [INFO] ApiDbMcu:508 - Load IP Config File for ADC1
2025-05-27 22:50:04,963 [INFO] ApiDbMcu:508 - Load IP Config File for SPI1
2025-05-27 22:50:04,965 [INFO] ApiDbMcu:508 - Load IP Config File for SPI4
2025-05-27 22:50:04,969 [INFO] ApiDbMcu:508 - Load IP Config File for SPI5
2025-05-27 22:50:04,981 [INFO] ApiDbMcu:508 - Load IP Config File for TIM1
2025-05-27 22:50:04,984 [INFO] ApiDbMcu:508 - Load IP Config File for USART1
2025-05-27 22:50:04,987 [INFO] ApiDbMcu:508 - Load IP Config File for USART2
2025-05-27 22:50:04,990 [INFO] ApiDbMcu:508 - Load IP Config File for USART6
2025-05-27 22:50:04,995 [INFO] ApiDbMcu:508 - Load IP Config File for RCC
2025-05-27 22:50:04,998 [WARN] IPConfigManager:3747 - IP not found : TIM
2025-05-27 22:50:05,000 [WARN] CodeGenerator:4198 - IP not found : null
2025-05-27 22:50:05,011 [INFO] CodeEngine:263 - oldGeneratedFile, C:\Users\gagno\OneDrive\Documents\GitHub\Ordinateur-de-bord\STM32CubeIDE\ODB2\Core\Inc\main.h_save
2025-05-27 22:50:05,089 [INFO] CodeEngine:287 - Generated code: C:\Users\gagno\OneDrive\Documents\GitHub\Ordinateur-de-bord\STM32CubeIDE\ODB2\Core\Inc\main.h
2025-05-27 22:50:05,102 [INFO] CodeEngine:263 - oldGeneratedFile, C:\Users\gagno\OneDrive\Documents\GitHub\Ordinateur-de-bord\STM32CubeIDE\ODB2\Core\Src\main.c_save
2025-05-27 22:50:05,275 [INFO] CodeEngine:287 - Generated code: C:\Users\gagno\OneDrive\Documents\GitHub\Ordinateur-de-bord\STM32CubeIDE\ODB2\Core\Src\main.c
2025-05-27 22:50:05,815 [INFO] ProjectBuilder:3324 - Time for Copy HAL[1] : 334mS.
2025-05-27 22:50:05,829 [INFO] ProjectBuilder:4912 - Project Generator version: 4.6.0-B36
2025-05-27 22:50:05,921 [INFO] ConfigFileManager:1590 - The Die is : DIE441
2025-05-27 22:50:05,928 [INFO] ApiDbMcu:508 - Load IP Config File for FATFS
2025-05-27 22:50:05,932 [INFO] ApiDbMcu:508 - Load IP Config File for FREERTOS
2025-05-27 22:50:05,935 [INFO] ApiDbMcu:508 - Load IP Config File for LIBJPEG
2025-05-27 22:50:05,942 [INFO] ApiDbMcu:508 - Load IP Config File for MBEDTLS
2025-05-27 22:50:05,945 [INFO] ApiDbMcu:508 - Load IP Config File for USB_HOST
2025-05-27 22:50:06,359 [INFO] LogOutputStream:77 - [STDOUT_REDIRECT] 
2025-05-27 22:50:07,744 [INFO] ProjectBuilder:5191 - Time for Generating toolchain IDE Files: 1912mS.
2025-05-27 22:50:07,745 [INFO] ProjectBuilder:3181 - Time for Copy CMSIS : 1mS.
2025-05-27 22:50:07,763 [INFO] ProjectBuilder:3181 - Time for Copy CMSIS : 0mS.
2025-06-01 09:45:35,932 [INFO] Activator:176 - 


2025-06-01 09:45:35,932 [INFO] Activator:177 - !SESSION log4j initialized
2025-06-01 09:45:37,788 [INFO] ApplicationProperties:184 - Using Application install path: C:\ST\STM32CubeIDE_1.15.0\STM32CubeIDE\plugins\com.st.stm32cube.common.mx_6.14.0.202502271554
2025-06-01 09:45:37,800 [INFO] DbMcusXml:78 - Set database path to: C:\ST\STM32CubeIDE_1.15.0\STM32CubeIDE\plugins\com.st.stm32cube.common.mx_6.14.0.202502271554\\db\/mcu/
2025-06-01 09:45:37,800 [INFO] ApiDb:274 - Set plugin database path to: C:\ST\STM32CubeIDE_1.15.0\STM32CubeIDE\plugins\com.st.stm32cube.common.mx_6.14.0.202502271554\\db\/plugins/boardmanager/
2025-06-01 09:45:37,800 [WARN] ApiDb:259 - Overriding images path with different value:  => C:\ST\STM32CubeIDE_1.15.0\STM32CubeIDE\plugins\com.st.stm32cube.common.mx_6.14.0.202502271554\\db\/plugins/mcufinder/images/
2025-06-01 09:45:37,804 [INFO] ApiDb:250 - Set database path to: C:\Users\gagno\.stmcufinder\plugins\mcufinder//mcu/
2025-06-01 09:45:37,805 [INFO] DbMcusAds:125 - Set database path to: C:\Users\gagno\.stmcufinder\plugins\mcufinder//mcu/
2025-06-01 09:45:37,813 [INFO] CrossReferenceDbSqlite:203 - Set database path to: C:\Users\gagno\.stmcufinder\plugins\mcufinder//mcu/cs/
2025-06-01 09:45:37,916 [INFO] RulesReader:64 - Compatibility file has been processed (301 Rules)
2025-06-01 09:45:37,979 [INFO] DbMcusXml:78 - Set database path to: C:\ST\STM32CubeIDE_1.15.0\STM32CubeIDE\plugins\com.st.stm32cube.common.mx_6.14.0.202502271554\\db\/mcu/
2025-06-01 09:45:37,979 [INFO] ApiDb:274 - Set plugin database path to: C:\ST\STM32CubeIDE_1.15.0\STM32CubeIDE\plugins\com.st.stm32cube.common.mx_6.14.0.202502271554\\db\/plugins/boardmanager/
2025-06-01 09:45:37,979 [INFO] ApiDb:261 - Set plugin images path to: C:\ST\STM32CubeIDE_1.15.0\STM32CubeIDE\plugins\com.st.stm32cube.common.mx_6.14.0.202502271554\\db\/plugins/mcufinder/images/
2025-06-01 09:45:37,979 [WARN] DbFile:41 - Overriding database path with different value: C:\Users\gagno\.stmcufinder\plugins\mcufinder/ => C:\Users\gagno\.stmcufinder\plugins\mcufinder
2025-06-01 09:45:37,979 [INFO] ApiDb:250 - Set database path to: C:\Users\gagno\.stmcufinder\plugins\mcufinder//mcu/
2025-06-01 09:45:37,979 [WARN] DbFile:41 - Overriding database path with different value: C:\Users\gagno\.stmcufinder\plugins\mcufinder/ => C:\Users\gagno\.stmcufinder\plugins\mcufinder
2025-06-01 09:45:37,979 [INFO] DbMcusAds:125 - Set database path to: C:\Users\gagno\.stmcufinder\plugins\mcufinder//mcu/
2025-06-01 09:45:37,979 [WARN] DbFile:41 - Overriding database path with different value: C:\Users\gagno\.stmcufinder\plugins\mcufinder/ => C:\Users\gagno\.stmcufinder\plugins\mcufinder
2025-06-01 09:45:37,979 [WARN] DbFile:41 - Overriding database path with different value: C:\Users\gagno\.stmcufinder\plugins\mcufinder/ => C:\Users\gagno\.stmcufinder\plugins\mcufinder
2025-06-01 09:45:37,979 [INFO] CrossReferenceDbSqlite:203 - Set database path to: C:\Users\gagno\.stmcufinder\plugins\mcufinder//mcu/cs/
2025-06-01 09:45:38,043 [INFO] MainPanel:272 - HeapMemory: 268435456
2025-06-01 09:45:38,122 [INFO] DbMcusXml:78 - Set database path to: C:\ST\STM32CubeIDE_1.15.0\STM32CubeIDE\plugins\com.st.stm32cube.common.mx_6.14.0.202502271554\\db\/mcu/
2025-06-01 09:45:38,122 [INFO] ApiDb:274 - Set plugin database path to: C:\ST\STM32CubeIDE_1.15.0\STM32CubeIDE\plugins\com.st.stm32cube.common.mx_6.14.0.202502271554\\db\/plugins/boardmanager/
2025-06-01 09:45:38,122 [INFO] ApiDb:261 - Set plugin images path to: C:\ST\STM32CubeIDE_1.15.0\STM32CubeIDE\plugins\com.st.stm32cube.common.mx_6.14.0.202502271554\\db\/plugins/mcufinder/images/
2025-06-01 09:45:38,122 [WARN] DbFile:41 - Overriding database path with different value: C:\Users\gagno\.stmcufinder\plugins\mcufinder/ => C:\Users\gagno\.stmcufinder\plugins\mcufinder
2025-06-01 09:45:38,122 [INFO] ApiDb:250 - Set database path to: C:\Users\gagno\.stmcufinder\plugins\mcufinder//mcu/
2025-06-01 09:45:38,122 [WARN] DbFile:41 - Overriding database path with different value: C:\Users\gagno\.stmcufinder\plugins\mcufinder/ => C:\Users\gagno\.stmcufinder\plugins\mcufinder
2025-06-01 09:45:38,122 [INFO] DbMcusAds:125 - Set database path to: C:\Users\gagno\.stmcufinder\plugins\mcufinder//mcu/
2025-06-01 09:45:38,122 [WARN] DbFile:41 - Overriding database path with different value: C:\Users\gagno\.stmcufinder\plugins\mcufinder/ => C:\Users\gagno\.stmcufinder\plugins\mcufinder
2025-06-01 09:45:38,122 [WARN] DbFile:41 - Overriding database path with different value: C:\Users\gagno\.stmcufinder\plugins\mcufinder/ => C:\Users\gagno\.stmcufinder\plugins\mcufinder
2025-06-01 09:45:38,122 [INFO] CrossReferenceDbSqlite:203 - Set database path to: C:\Users\gagno\.stmcufinder\plugins\mcufinder//mcu/cs/
2025-06-01 09:45:38,138 [INFO] ApplicationProperties:184 - Using Application install path: C:\ST\STM32CubeIDE_1.15.0\STM32CubeIDE\plugins\com.st.stm32cube.common.mx_6.14.0.202502271554
2025-06-01 09:45:38,138 [INFO] PluginManage:196 - Search for loadable plugins [exclusion list=, ]
2025-06-01 09:45:38,138 [INFO] PluginManage:310 - Check plugin analytics
2025-06-01 09:45:38,391 [INFO] AnalyticsPlugin:253 - Accepted Software Licenses: 
2025-06-01 09:45:38,391 [INFO] AnalyticsPlugin:255 - Accepted CMSIS Pack Licenses: 
2025-06-01 09:45:38,391 [INFO] AnalyticsPlugin:257 - Accepted Firmware Licenses: FW.F4.1.28.0
2025-06-01 09:45:38,391 [INFO] PluginManage:359 - Loaded plugin analytics (category:tool,tabindex:-1)
2025-06-01 09:45:38,391 [INFO] PluginManage:310 - Check plugin cadmodel
2025-06-01 09:45:38,407 [INFO] CADModel:105 - Init CAD model plugin
2025-06-01 09:45:38,407 [INFO] PluginManage:359 - Loaded plugin cadmodel (category:power,tabindex:5)
2025-06-01 09:45:38,407 [INFO] PluginManage:310 - Check plugin clock
2025-06-01 09:45:38,424 [INFO] PluginManage:359 - Loaded plugin clock (category:base,tabindex:2)
2025-06-01 09:45:38,424 [INFO] PluginManage:310 - Check plugin ddr
2025-06-01 09:45:38,428 [INFO] PluginManage:359 - Loaded plugin ddr (category:tool,tabindex:6)
2025-06-01 09:45:38,428 [INFO] PluginManage:310 - Check plugin filemanager
2025-06-01 09:45:38,565 [INFO] PluginManage:359 - Loaded plugin filemanager (category:base,tabindex:10)
2025-06-01 09:45:38,565 [INFO] PluginManage:310 - Check plugin ipmanager
2025-06-01 09:45:38,581 [INFO] PluginManage:359 - Loaded plugin ipmanager (category:base,tabindex:5)
2025-06-01 09:45:38,581 [INFO] PluginManage:310 - Check plugin lpbam
2025-06-01 09:45:38,592 [INFO] PluginManage:359 - Loaded plugin lpbam (category:base,tabindex:0)
2025-06-01 09:45:38,592 [INFO] PluginManage:310 - Check plugin memorymap
2025-06-01 09:45:38,597 [INFO] PluginManage:359 - Loaded plugin memorymap (category:base,tabindex:4)
2025-06-01 09:45:38,597 [INFO] PluginManage:310 - Check plugin pinoutandconfiguration
2025-06-01 09:45:38,615 [INFO] PluginManage:359 - Loaded plugin pinoutandconfiguration (category:base,tabindex:1)
2025-06-01 09:45:38,615 [INFO] PluginManage:310 - Check plugin pinoutconfig
2025-06-01 09:45:38,701 [WARN] SupportedApi:132 - Cannot load RTOS API schema: s4s-elt-must-match.1: The content of 'definitions' must match (annotation?, (simpleType | complexType)?, (unique | key | keyref)*)). A problem was found starting at: attribute.
2025-06-01 09:45:38,827 [INFO] PluginManage:359 - Loaded plugin pinoutconfig (category:base,tabindex:0)
2025-06-01 09:45:38,827 [INFO] PluginManage:310 - Check plugin power
2025-06-01 09:45:38,835 [INFO] PluginManage:359 - Loaded plugin power (category:power,tabindex:4)
2025-06-01 09:45:38,835 [INFO] PluginManage:310 - Check plugin projectmanager
2025-06-01 09:45:38,842 [INFO] PluginManage:359 - Loaded plugin projectmanager (category:projectmanager,tabindex:4)
2025-06-01 09:45:38,842 [INFO] PluginManage:310 - Check plugin rif
2025-06-01 09:45:38,855 [INFO] PluginManage:359 - Loaded plugin rif (category:base,tabindex:3)
2025-06-01 09:45:38,855 [INFO] PluginManage:310 - Check plugin thirdparty
2025-06-01 09:45:38,967 [INFO] PluginManage:359 - Loaded plugin thirdparty (category:base,tabindex:-1)
2025-06-01 09:45:38,967 [WARN] IntegrityCheckThread:84 - waiting for thirdparty lock release [integrity check]
2025-06-01 09:45:38,967 [INFO] PluginManage:310 - Check plugin tools
2025-06-01 09:45:38,968 [INFO] IntegrityCheckThread:86 - entering critical section [integrity check]
2025-06-01 09:45:38,968 [INFO] ThirdPartyUpdaterWithRetryManager:70 - Updater plugin not ready yet. [1/15]
2025-06-01 09:45:38,970 [INFO] PluginManage:359 - Loaded plugin tools (category:base,tabindex:7)
2025-06-01 09:45:38,970 [INFO] PluginManage:310 - Check plugin tutovideos
2025-06-01 09:45:39,088 [INFO] PluginManage:359 - Loaded plugin tutovideos (category:base,tabindex:-1)
2025-06-01 09:45:39,088 [INFO] PluginManage:310 - Check plugin updater
2025-06-01 09:45:39,105 [INFO] PluginManage:359 - Loaded plugin updater (category:base,tabindex:12)
2025-06-01 09:45:39,106 [INFO] PluginManage:310 - Check plugin userauth
2025-06-01 09:45:39,108 [INFO] UserAuth:118 - Init User Auth plugin
2025-06-01 09:45:39,109 [INFO] PluginManage:359 - Loaded plugin userauth (category:base,tabindex:14)
2025-06-01 09:45:39,111 [INFO] PluginManage:283 - PluginManage : Loaded plugins [18]
2025-06-01 09:45:39,321 [INFO] PinOutPanel:1589 - setPackage(No Configuration,No Configuration)
2025-06-01 09:45:39,390 [INFO] CADModel:165 - CPN selected for project level
2025-06-01 09:45:39,390 [INFO] CADModel:114 - Register for checkConnection events
2025-06-01 09:45:39,403 [INFO] IPUIPlugin:80 - create IPUIPlugin
2025-06-01 09:45:39,403 [INFO] PluginManager:220 - loadIPPluginJar : add adc
2025-06-01 09:45:39,406 [INFO] IPUIPlugin:80 - create IPUIPlugin
2025-06-01 09:45:39,406 [INFO] PluginManager:220 - loadIPPluginJar : add aes
2025-06-01 09:45:39,409 [INFO] IPUIPlugin:80 - create IPUIPlugin
2025-06-01 09:45:39,409 [INFO] PluginManager:220 - loadIPPluginJar : add can
2025-06-01 09:45:39,411 [INFO] IPUIPlugin:80 - create IPUIPlugin
2025-06-01 09:45:39,411 [INFO] PluginManager:220 - loadIPPluginJar : add comp
2025-06-01 09:45:39,413 [INFO] IPUIPlugin:80 - create IPUIPlugin
2025-06-01 09:45:39,413 [INFO] PluginManager:220 - loadIPPluginJar : add cryp
2025-06-01 09:45:39,415 [INFO] IPUIPlugin:80 - create IPUIPlugin
2025-06-01 09:45:39,415 [INFO] PluginManager:220 - loadIPPluginJar : add ddr_ctrl_phy
2025-06-01 09:45:39,417 [INFO] IPUIPlugin:80 - create IPUIPlugin
2025-06-01 09:45:39,417 [INFO] PluginManager:220 - loadIPPluginJar : add dfsdm
2025-06-01 09:45:39,420 [INFO] IPUIPlugin:80 - create IPUIPlugin
2025-06-01 09:45:39,421 [INFO] PluginManager:220 - loadIPPluginJar : add dma
2025-06-01 09:45:39,424 [INFO] IPUIPlugin:80 - create IPUIPlugin
2025-06-01 09:45:39,424 [INFO] PluginManager:220 - loadIPPluginJar : add dma3
2025-06-01 09:45:39,426 [INFO] IPUIPlugin:80 - create IPUIPlugin
2025-06-01 09:45:39,426 [INFO] PluginManager:220 - loadIPPluginJar : add extmemmanager
2025-06-01 09:45:39,428 [INFO] IPUIPlugin:80 - create IPUIPlugin
2025-06-01 09:45:39,428 [INFO] PluginManager:220 - loadIPPluginJar : add fatfs
2025-06-01 09:45:39,432 [INFO] IPUIPlugin:80 - create IPUIPlugin
2025-06-01 09:45:39,432 [INFO] PluginManager:220 - loadIPPluginJar : add fmc
2025-06-01 09:45:39,436 [INFO] IPUIPlugin:80 - create IPUIPlugin
2025-06-01 09:45:39,436 [INFO] PluginManager:220 - loadIPPluginJar : add freertos
2025-06-01 09:45:39,437 [INFO] IPUIPlugin:80 - create IPUIPlugin
2025-06-01 09:45:39,438 [INFO] PluginManager:220 - loadIPPluginJar : add genericplugin
2025-06-01 09:45:39,440 [INFO] IPUIPlugin:80 - create IPUIPlugin
2025-06-01 09:45:39,440 [INFO] PluginManager:220 - loadIPPluginJar : add gfxmmu
2025-06-01 09:45:39,445 [INFO] IPUIPlugin:80 - create IPUIPlugin
2025-06-01 09:45:39,445 [INFO] PluginManager:220 - loadIPPluginJar : add gic
2025-06-01 09:45:39,449 [INFO] IPUIPlugin:80 - create IPUIPlugin
2025-06-01 09:45:39,449 [INFO] PluginManager:220 - loadIPPluginJar : add gpio
2025-06-01 09:45:39,452 [INFO] IPUIPlugin:80 - create IPUIPlugin
2025-06-01 09:45:39,453 [INFO] PluginManager:220 - loadIPPluginJar : add gtzc
2025-06-01 09:45:39,456 [INFO] IPUIPlugin:80 - create IPUIPlugin
2025-06-01 09:45:39,457 [INFO] PluginManager:220 - loadIPPluginJar : add hash
2025-06-01 09:45:39,460 [INFO] IPUIPlugin:80 - create IPUIPlugin
2025-06-01 09:45:39,460 [INFO] PluginManager:220 - loadIPPluginJar : add i2c
2025-06-01 09:45:39,463 [INFO] IPUIPlugin:80 - create IPUIPlugin
2025-06-01 09:45:39,463 [INFO] PluginManager:220 - loadIPPluginJar : add i2s
2025-06-01 09:45:39,466 [INFO] IPUIPlugin:80 - create IPUIPlugin
2025-06-01 09:45:39,466 [INFO] PluginManager:220 - loadIPPluginJar : add i3c
2025-06-01 09:45:39,470 [INFO] IPUIPlugin:80 - create IPUIPlugin
2025-06-01 09:45:39,470 [INFO] PluginManager:220 - loadIPPluginJar : add ipddr
2025-06-01 09:45:39,476 [INFO] IPUIPlugin:80 - create IPUIPlugin
2025-06-01 09:45:39,477 [INFO] PluginManager:220 - loadIPPluginJar : add linkedlist
2025-06-01 09:45:39,480 [INFO] IPUIPlugin:80 - create IPUIPlugin
2025-06-01 09:45:39,481 [INFO] PluginManager:220 - loadIPPluginJar : add lorawan
2025-06-01 09:45:39,482 [INFO] IPUIPlugin:80 - create IPUIPlugin
2025-06-01 09:45:39,482 [INFO] PluginManager:220 - loadIPPluginJar : add ltdc
2025-06-01 09:45:39,487 [INFO] IPUIPlugin:80 - create IPUIPlugin
2025-06-01 09:45:39,487 [INFO] PluginManager:220 - loadIPPluginJar : add mdma
2025-06-01 09:45:39,490 [INFO] IPUIPlugin:80 - create IPUIPlugin
2025-06-01 09:45:39,491 [INFO] PluginManager:220 - loadIPPluginJar : add nvic
2025-06-01 09:45:39,493 [INFO] IPUIPlugin:80 - create IPUIPlugin
2025-06-01 09:45:39,493 [INFO] PluginManager:220 - loadIPPluginJar : add opamp
2025-06-01 09:45:39,497 [INFO] IPUIPlugin:80 - create IPUIPlugin
2025-06-01 09:45:39,498 [INFO] PluginManager:220 - loadIPPluginJar : add openamp
2025-06-01 09:45:39,500 [INFO] IPUIPlugin:80 - create IPUIPlugin
2025-06-01 09:45:39,501 [INFO] PluginManager:220 - loadIPPluginJar : add pdm2pcm
2025-06-01 09:45:39,506 [INFO] IPUIPlugin:80 - create IPUIPlugin
2025-06-01 09:45:39,509 [INFO] PluginManager:220 - loadIPPluginJar : add plateformsettings
2025-06-01 09:45:39,510 [INFO] IPUIPlugin:80 - create IPUIPlugin
2025-06-01 09:45:39,510 [INFO] PluginManager:220 - loadIPPluginJar : add quadspi
2025-06-01 09:45:39,512 [INFO] IPUIPlugin:80 - create IPUIPlugin
2025-06-01 09:45:39,514 [INFO] PluginManager:220 - loadIPPluginJar : add radio
2025-06-01 09:45:39,516 [INFO] IPUIPlugin:80 - create IPUIPlugin
2025-06-01 09:45:39,516 [INFO] PluginManager:220 - loadIPPluginJar : add resmgrutility
2025-06-01 09:45:39,522 [INFO] IPUIPlugin:80 - create IPUIPlugin
2025-06-01 09:45:39,522 [INFO] PluginManager:220 - loadIPPluginJar : add sai
2025-06-01 09:45:39,525 [INFO] IPUIPlugin:80 - create IPUIPlugin
2025-06-01 09:45:39,525 [INFO] PluginManager:220 - loadIPPluginJar : add spi
2025-06-01 09:45:39,532 [INFO] IPUIPlugin:80 - create IPUIPlugin
2025-06-01 09:45:39,532 [INFO] PluginManager:220 - loadIPPluginJar : add stm32_wpan
2025-06-01 09:45:39,534 [INFO] IPUIPlugin:80 - create IPUIPlugin
2025-06-01 09:45:39,534 [INFO] PluginManager:220 - loadIPPluginJar : add tim
2025-06-01 09:45:39,538 [INFO] IPUIPlugin:80 - create IPUIPlugin
2025-06-01 09:45:39,538 [INFO] PluginManager:220 - loadIPPluginJar : add touchsensing
2025-06-01 09:45:39,540 [INFO] IPUIPlugin:80 - create IPUIPlugin
2025-06-01 09:45:39,540 [INFO] PluginManager:220 - loadIPPluginJar : add tracer_emb
2025-06-01 09:45:39,542 [INFO] IPUIPlugin:80 - create IPUIPlugin
2025-06-01 09:45:39,542 [INFO] PluginManager:220 - loadIPPluginJar : add ts
2025-06-01 09:45:39,544 [INFO] IPUIPlugin:80 - create IPUIPlugin
2025-06-01 09:45:39,544 [INFO] PluginManager:220 - loadIPPluginJar : add tsc
2025-06-01 09:45:39,546 [INFO] IPUIPlugin:80 - create IPUIPlugin
2025-06-01 09:45:39,546 [INFO] PluginManager:220 - loadIPPluginJar : add ucpd
2025-06-01 09:45:39,549 [INFO] IPUIPlugin:80 - create IPUIPlugin
2025-06-01 09:45:39,549 [INFO] PluginManager:220 - loadIPPluginJar : add usart
2025-06-01 09:45:39,552 [INFO] IPUIPlugin:80 - create IPUIPlugin
2025-06-01 09:45:39,552 [INFO] PluginManager:220 - loadIPPluginJar : add usbx
2025-06-01 09:45:39,676 [FATAL] Updater:351 - Updater called before beeing initialized
2025-06-01 09:45:39,700 [INFO] RulesReader:64 - Compatibility file has been processed (301 Rules)
2025-06-01 09:45:39,707 [INFO] RulesReader:64 - Compatibility file has been processed (301 Rules)
2025-06-01 09:45:39,721 [INFO] CADModel:165 - CPN selected for project level
2025-06-01 09:45:39,721 [INFO] CADModel:114 - Register for checkConnection events
2025-06-01 09:45:39,721 [FATAL] Updater:351 - Updater called before beeing initialized
2025-06-01 09:45:39,721 [ERROR] CADModel:125 - Updater not yet initialized, retry later 
2025-06-01 09:45:39,859 [FATAL] Updater:351 - Updater called before beeing initialized
2025-06-01 09:45:39,864 [INFO] CADModel:165 - CPN selected for project level
2025-06-01 09:45:39,864 [INFO] CADModel:114 - Register for checkConnection events
2025-06-01 09:45:39,864 [FATAL] Updater:351 - Updater called before beeing initialized
2025-06-01 09:45:39,864 [ERROR] CADModel:125 - Updater not yet initialized, retry later 
2025-06-01 09:45:39,864 [FATAL] Updater:351 - Updater called before beeing initialized
2025-06-01 09:45:39,943 [FATAL] Updater:351 - Updater called before beeing initialized
2025-06-01 09:45:39,943 [INFO] DbMcusAds:53 - JSON generation date=Wed May 07 05:07:55 EDT 2025 (1746608875484)
2025-06-01 09:45:39,959 [FATAL] Updater:351 - Updater called before beeing initialized
2025-06-01 09:45:39,975 [WARN] DetailPanel:346 - Failed to get advertising image, set to default
2025-06-01 09:45:40,227 [FATAL] Updater:351 - Updater called before beeing initialized
2025-06-01 09:45:40,227 [FATAL] Updater:351 - Updater called before beeing initialized
2025-06-01 09:45:40,227 [FATAL] Updater:351 - Updater called before beeing initialized
2025-06-01 09:45:40,227 [WARN] DetailPanel:346 - Failed to get advertising image, set to default
2025-06-01 09:45:40,227 [FATAL] Updater:351 - Updater called before beeing initialized
2025-06-01 09:45:40,275 [ERROR] Updater:1198 - MainUpdater not yet initialized. External WinMGr cannot be set.
2025-06-01 09:45:40,275 [INFO] Updater:1134 - Updater Version found : 6.14.0
2025-06-01 09:45:40,291 [INFO] ApplicationProperties:184 - Using Application install path: C:\ST\STM32CubeIDE_1.15.0\STM32CubeIDE\plugins\com.st.stm32cube.common.mx_6.14.0.202502271554
2025-06-01 09:45:40,829 [INFO] MainUpdater:2872 - connection check result : 10
2025-06-01 09:45:40,829 [INFO] MainUpdater:289 - Updater Check For Update Now.
2025-06-01 09:45:40,829 [INFO] MicroXplorer:498 - Change Database Version : DB.6.0.140
2025-06-01 09:45:41,004 [INFO] CheckServerUpdateThread:120 - End of CheckServer Thread
2025-06-01 09:45:41,054 [INFO] MainUpdater:2872 - connection check result : 10
2025-06-01 09:45:41,054 [INFO] MainUpdater:2872 - connection check result : 10
2025-06-01 09:45:41,095 [INFO] MicroXplorer:468 - Change Database Path : 
2025-06-01 09:45:41,095 [INFO] MicroXplorer:498 - Change Database Version : DB.6.0.140
2025-06-01 09:45:41,101 [WARN] ThirdParty:871 - waiting for thirdparty lock release [close project]
2025-06-01 09:45:42,160 [WARN] PackLoader:240 - Cannot read IP mode file for STMicroelectronics.FP-SNS-MOTENVWB1.1.4.0
2025-06-01 09:45:42,160 [WARN] PackLoader:240 - Cannot read IP mode file for STMicroelectronics.FP-ATR-ASTRA1.2.0.2
2025-06-01 09:45:42,176 [WARN] PackLoader:240 - Cannot read IP mode file for STMicroelectronics.FP-ATR-ASTRA1.2.0.1
2025-06-01 09:45:42,192 [WARN] PackLoader:240 - Cannot read IP mode file for STMicroelectronics.X-CUBE-SMBUS.2.1.0
2025-06-01 09:45:42,192 [WARN] PackLoader:240 - Cannot read IP mode file for STMicroelectronics.X-CUBE-WB05N.1.1.0
2025-06-01 09:45:42,192 [WARN] PackLoader:240 - Cannot read IP mode file for STMicroelectronics.X-CUBE-ST60.1.0.0
2025-06-01 09:45:42,207 [WARN] PackLoader:240 - Cannot read IP mode file for STMicroelectronics.X-CUBE-TOUCHGFX.4.23.2
2025-06-01 09:45:42,225 [WARN] PackLoader:240 - Cannot read IP mode file for STMicroelectronics.X-CUBE-AZRTOS-F7.1.1.0
2025-06-01 09:45:42,294 [WARN] PackLoader:240 - Cannot read IP mode file for STMicroelectronics.X-CUBE-MEMS1.11.0.0
2025-06-01 09:45:42,414 [WARN] PackLoader:240 - Cannot read IP mode file for STMicroelectronics.FP-SNS-FLIGHT1.5.0.2
2025-06-01 09:45:42,430 [WARN] PackLoader:240 - Cannot read IP mode file for STMicroelectronics.X-CUBE-DISPLAY.3.0.0
2025-06-01 09:45:42,434 [WARN] PackLoader:240 - Cannot read IP mode file for STMicroelectronics.X-CUBE-BLE1.7.0.0
2025-06-01 09:45:42,445 [WARN] PackLoader:240 - Cannot read IP mode file for STMicroelectronics.X-CUBE-NFC10.1.0.0
2025-06-01 09:45:42,446 [WARN] PackLoader:240 - Cannot read IP mode file for STMicroelectronics.X-CUBE-BLEMGR.4.0.0
2025-06-01 09:45:42,446 [WARN] PackLoader:240 - Cannot read IP mode file for emotas.I-CUBE-CANOPEN.1.3.0
2025-06-01 09:45:42,461 [WARN] PackLoader:240 - Cannot read IP mode file for STMicroelectronics.X-CUBE-BLEMGR.3.1.0
2025-06-01 09:45:42,461 [WARN] PackLoader:240 - Cannot read IP mode file for STMicroelectronics.X-CUBE-AI.10.0.0
2025-06-01 09:45:42,461 [WARN] PackLoader:240 - Cannot read IP mode file for STMicroelectronics.FP-SNS-SMARTAG2.1.2.0
2025-06-01 09:45:42,477 [WARN] PackLoader:240 - Cannot read IP mode file for STMicroelectronics.FP-SNS-FLIGHT1.5.1.0
2025-06-01 09:45:42,516 [WARN] PackLoader:240 - Cannot read IP mode file for STMicroelectronics.X-CUBE-MEMS1.11.1.0
2025-06-01 09:45:42,611 [INFO] LogOutputStream:77 - [STDOUT_REDIRECT] 1 : Invalid condition id : UX_CORESTACK_Condition cause : null
2025-06-01 09:45:42,611 [INFO] LogOutputStream:77 - [STDOUT_REDIRECT] 1 : Invalid condition id : UX_CORESTACK_Condition cause : null
2025-06-01 09:45:42,611 [INFO] LogOutputStream:77 - [STDOUT_REDIRECT] 1 : Invalid condition id : UX_CORESTACK_Condition cause : null
2025-06-01 09:45:42,613 [INFO] LogOutputStream:77 - [STDOUT_REDIRECT] 1 : Invalid condition id : UX_CORESTACK_Condition cause : null
2025-06-01 09:45:42,615 [INFO] LogOutputStream:77 - [STDOUT_REDIRECT] 1 : Invalid condition id : UX_CORESTACK_Condition cause : null
2025-06-01 09:45:42,617 [WARN] PackLoader:240 - Cannot read IP mode file for STMicroelectronics.X-CUBE-AZRTOS-WL.2.0.0
2025-06-01 09:45:42,623 [WARN] PackLoader:240 - Cannot read IP mode file for STMicroelectronics.FP-SNS-MOTENV1.5.0.0
2025-06-01 09:45:42,623 [WARN] PackLoader:240 - Cannot read IP mode file for wolfSSL.I-CUBE-wolfMQTT.1.19.0
2025-06-01 09:45:42,637 [WARN] PackLoader:240 - Cannot read IP mode file for WES.I-CUBE-Cesium.1.3.0
2025-06-01 09:45:42,637 [WARN] PackLoader:240 - Cannot read IP mode file for STMicroelectronics.X-CUBE-BLE2.3.3.0
2025-06-01 09:45:42,651 [WARN] PackLoader:240 - Cannot read IP mode file for STMicroelectronics.X-CUBE-NFC9.1.0.0
2025-06-01 09:45:42,651 [WARN] PackLoader:240 - Cannot read IP mode file for STMicroelectronics.X-CUBE-BLE1.7.1.0
2025-06-01 09:45:42,651 [WARN] PackLoader:240 - Cannot read IP mode file for STMicroelectronics.X-CUBE-TCPP.4.1.0
2025-06-01 09:45:42,651 [WARN] PackLoader:240 - Cannot read IP mode file for STMicroelectronics.X-CUBE-AI.10.1.0
2025-06-01 09:45:42,666 [WARN] PackLoader:240 - Cannot read IP mode file for STMicroelectronics.X-CUBE-ALGOBUILD.1.3.0
2025-06-01 09:45:42,698 [WARN] PackLoader:240 - Cannot read IP mode file for STMicroelectronics.X-CUBE-MEMS1.11.2.0
2025-06-01 09:45:42,840 [WARN] PackLoader:240 - Cannot read IP mode file for STMicroelectronics.X-CUBE-AZRTOS-G0.1.1.0
2025-06-01 09:45:42,847 [WARN] PackLoader:240 - Cannot read IP mode file for STMicroelectronics.X-CUBE-SAFEA1.1.2.2
2025-06-01 09:45:42,856 [WARN] PackLoader:240 - Cannot read IP mode file for STMicroelectronics.X-CUBE-NFC4.3.0.0
2025-06-01 09:45:42,856 [WARN] PackLoader:240 - Cannot read IP mode file for wolfSSL.I-CUBE-wolfMQTT.1.18.0
2025-06-01 09:45:42,856 [WARN] PackLoader:240 - Cannot read IP mode file for EmbeddedOffice.I-CUBE-FS-RTOS.1.0.1
2025-06-01 09:45:42,856 [WARN] PackLoader:240 - Cannot read IP mode file for STMicroelectronics.X-CUBE-WB05N.2.0.0
2025-06-01 09:45:42,872 [WARN] PackLoader:240 - Cannot read IP mode file for STMicroelectronics.X-CUBE-TCPP.4.2.0
2025-06-01 09:45:42,872 [WARN] PackLoader:240 - Cannot read IP mode file for RealThread.X-CUBE-RT-Thread_Nano.4.1.1
2025-06-01 09:45:42,872 [WARN] PackLoader:240 - Cannot read IP mode file for wolfSSL.I-CUBE-wolfSSL.5.7.0
2025-06-01 09:45:42,872 [WARN] PackLoader:240 - Cannot read IP mode file for STMicroelectronics.FP-ATR-SIGFOX1.3.2.0
2025-06-01 09:45:42,888 [WARN] ConditionMgr:438 - getConditionDescription Invalid condition id : Cortex-A Device cause : null
2025-06-01 09:45:42,904 [WARN] ConditionMgr:1044 - genDependencies : Invalid condition id : Cortex-A Device cause : null
2025-06-01 09:45:42,904 [WARN] ConditionMgr:1044 - genDependencies : Invalid condition id : Cortex-A Device cause : null
2025-06-01 09:45:42,904 [WARN] ConditionMgr:1044 - genDependencies : Invalid condition id : Cortex-A Device cause : null
2025-06-01 09:45:42,904 [WARN] PackLoader:240 - Cannot read IP mode file for STMicroelectronics.X-CUBE-EEPRMA1.5.1.0
2025-06-01 09:45:42,904 [WARN] PackLoader:240 - Cannot read IP mode file for ITTIA_DB.I-CUBE-ITTIADB.8.9.0
2025-06-01 09:45:42,936 [WARN] PackLoader:240 - Cannot read IP mode file for SEGGER.I-CUBE-embOS.1.3.1
2025-06-01 09:45:42,968 [WARN] PackLoader:240 - Cannot read IP mode file for STMicroelectronics.X-CUBE-ALGOBUILD.1.4.0
2025-06-01 09:45:42,968 [WARN] PackLoader:240 - Cannot read IP mode file for STMicroelectronics.X-CUBE-AI.9.1.0
2025-06-01 09:45:42,968 [WARN] PackLoader:240 - Cannot read IP mode file for STMicroelectronics.X-CUBE-GNSS1.6.0.0
2025-06-01 09:45:42,983 [WARN] PackLoader:240 - Cannot read IP mode file for STMicroelectronics.X-CUBE-AZRTOS-F4.1.1.0
2025-06-01 09:45:42,999 [WARN] PackLoader:240 - Cannot read IP mode file for Avnet-IotConnect.X-CUBE-IoTC-DA16k-PMOD.1.0.0
2025-06-01 09:45:42,999 [WARN] PackLoader:240 - Cannot read IP mode file for STMicroelectronics.X-CUBE-ISPU.2.1.0
2025-06-01 09:45:42,999 [WARN] PackLoader:240 - Cannot read IP mode file for STMicroelectronics.X-CUBE-FREERTOS.1.2.0
2025-06-01 09:45:43,015 [WARN] PackLoader:240 - Cannot read IP mode file for STMicroelectronics.X-CUBE-AZRTOS-L5.2.0.0
2025-06-01 09:45:43,015 [WARN] PackLoader:240 - Cannot read IP mode file for STMicroelectronics.X-CUBE-NFC6.3.1.0
2025-06-01 09:45:43,031 [WARN] PackLoader:240 - Cannot read IP mode file for STMicroelectronics.X-CUBE-DPower.1.2.0
2025-06-01 09:45:43,031 [WARN] PackLoader:240 - Cannot read IP mode file for STMicroelectronics.X-CUBE-AI.9.0.0
2025-06-01 09:45:43,031 [WARN] PackLoader:240 - Cannot read IP mode file for STMicroelectronics.X-CUBE-FREERTOS.1.3.1
2025-06-01 09:45:43,031 [WARN] PackLoader:240 - Cannot read IP mode file for STMicroelectronics.X-CUBE-FREERTOS.1.3.0
2025-06-01 09:45:43,047 [WARN] PackLoader:240 - Cannot read IP mode file for STMicroelectronics.X-CUBE-NFC7.1.0.1
2025-06-01 09:45:43,047 [WARN] PackLoader:240 - Cannot read IP mode file for wolfSSL.I-CUBE-wolfTPM.3.2.0
2025-06-01 09:45:43,047 [WARN] PackLoader:240 - Cannot read IP mode file for STMicroelectronics.X-CUBE-DPower.1.3.0
2025-06-01 09:45:43,047 [WARN] PackLoader:240 - Cannot read IP mode file for STMicroelectronics.X-CUBE-AI.8.1.0
2025-06-01 09:45:43,063 [WARN] ConditionMgr:438 - getConditionDescription Invalid condition id : LAN8742 Phy interface Condition cause : null
2025-06-01 09:45:43,063 [WARN] PackLoader:240 - Cannot read IP mode file for STMicroelectronics.X-CUBE-AZRTOS-L4.2.0.0
2025-06-01 09:45:43,063 [WARN] ConditionMgr:1044 - genDependencies : Invalid condition id : LAN8742 Phy interface Condition cause : null
2025-06-01 09:45:43,063 [WARN] ConditionMgr:1044 - genDependencies : Invalid condition id : LAN8742 Phy interface Condition cause : null
2025-06-01 09:45:43,063 [WARN] ConditionMgr:1044 - genDependencies : Invalid condition id : LAN8742 Phy interface Condition cause : null
2025-06-01 09:45:43,079 [WARN] PackLoader:240 - Cannot read IP mode file for STMicroelectronics.X-CUBE-SFXS2LP1.4.0.0
2025-06-01 09:45:43,079 [WARN] PackLoader:240 - Cannot read IP mode file for STMicroelectronics.X-CUBE-AZRTOS-H7.3.3.0
2025-06-01 09:45:43,095 [WARN] PackLoader:240 - Cannot read IP mode file for STMicroelectronics.X-CUBE-IPS.3.0.0
2025-06-01 09:45:43,110 [WARN] ConditionMgr:438 - getConditionDescription Invalid condition id : UX DEVICE CLASS RTOS Condition cause : null
2025-06-01 09:45:43,110 [WARN] ConditionMgr:438 - getConditionDescription Invalid condition id : UX DEVICE CLASS RTOS Condition cause : null
2025-06-01 09:45:43,110 [WARN] PackLoader:240 - Cannot read IP mode file for STMicroelectronics.X-CUBE-AZRTOS-WB.2.0.0
2025-06-01 09:45:43,110 [WARN] ConditionMgr:1044 - genDependencies : Invalid condition id : UX DEVICE CLASS RTOS Condition cause : null
2025-06-01 09:45:43,110 [WARN] ConditionMgr:1044 - genDependencies : Invalid condition id : UX DEVICE CLASS RTOS Condition cause : null
2025-06-01 09:45:43,110 [WARN] ConditionMgr:1044 - genDependencies : Invalid condition id : UX DEVICE CLASS RTOS Condition cause : null
2025-06-01 09:45:43,110 [WARN] ConditionMgr:1044 - genDependencies : Invalid condition id : UX DEVICE CLASS RTOS Condition cause : null
2025-06-01 09:45:43,110 [WARN] ConditionMgr:1044 - genDependencies : Invalid condition id : UX DEVICE CLASS RTOS Condition cause : null
2025-06-01 09:45:43,110 [WARN] PackLoader:240 - Cannot read IP mode file for STMicroelectronics.X-CUBE-GNSS1.7.0.0
2025-06-01 09:45:43,110 [WARN] PackLoader:240 - Cannot read IP mode file for STMicroelectronics.X-CUBE-GNSS1.7.0.1
2025-06-01 09:45:43,126 [WARN] PackLoader:240 - Cannot read IP mode file for STMicroelectronics.X-CUBE-TOUCHGFX.4.25.0
2025-06-01 09:45:43,126 [WARN] PackLoader:240 - Cannot read IP mode file for STMicroelectronics.FP-SNS-STBOX1.2.0.0
2025-06-01 09:45:43,126 [WARN] PackLoader:240 - Cannot read IP mode file for STMicroelectronics.X-CUBE-SUBG2.5.0.0
2025-06-01 09:45:43,148 [WARN] PackLoader:240 - Cannot read IP mode file for STMicroelectronics.X-CUBE-AZRTOS-H7RS.1.1.0
2025-06-01 09:45:43,158 [WARN] PackLoader:240 - Cannot read IP mode file for STMicroelectronics.X-CUBE-AZRTOS-G4.2.0.0
2025-06-01 09:45:43,158 [WARN] PackLoader:240 - Cannot read IP mode file for STMicroelectronics.X-CUBE-NFC7.2.0.0
2025-06-01 09:45:43,174 [WARN] PackLoader:240 - Cannot read IP mode file for STMicroelectronics.FP-SNS-MOTENVWB1.1.3.1
2025-06-01 09:45:43,174 [WARN] PackLoader:240 - Cannot read IP mode file for STMicroelectronics.X-CUBE-ISPU.2.0.0
2025-06-01 09:45:43,190 [WARN] PackLoader:240 - Cannot read IP mode file for STMicroelectronics.X-CUBE-IPS.3.1.0
2025-06-01 09:45:43,197 [WARN] PackLoader:240 - Cannot read IP mode file for STMicroelectronics.X-CUBE-ALS.1.0.2
2025-06-01 09:45:43,221 [WARN] PackLoader:240 - Cannot read IP mode file for STMicroelectronics.X-CUBE-MEMS1.10.0.0
2025-06-01 09:45:43,285 [WARN] PackLoader:240 - Cannot read IP mode file for STMicroelectronics.X-CUBE-FREERTOS.1.1.0
2025-06-01 09:45:43,285 [WARN] PackLoader:240 - Cannot read IP mode file for STMicroelectronics.X-CUBE-TOUCHGFX.4.24.0
2025-06-01 09:45:43,285 [WARN] PackLoader:240 - Cannot read IP mode file for STMicroelectronics.X-CUBE-TOUCHGFX.4.24.2
2025-06-01 09:45:43,285 [WARN] PackLoader:240 - Cannot read IP mode file for STMicroelectronics.X-CUBE-TOUCHGFX.4.24.1
2025-06-01 09:45:43,301 [WARN] PackLoader:240 - Cannot read IP mode file for portGmbH.I-Cube-SoM-uGOAL.1.1.0
2025-06-01 09:45:43,301 [WARN] PackLoader:240 - Cannot read IP mode file for STMicroelectronics.X-CUBE-ALS.1.0.1
2025-06-01 09:45:43,311 [WARN] PackLoader:240 - Cannot read IP mode file for STMicroelectronics.X-CUBE-AZRTOS-H7RS.1.0.0
2025-06-01 09:45:43,317 [WARN] PackLoader:240 - Cannot read IP mode file for STMicroelectronics.FP-ATR-ASTRA1.2.0.0
2025-06-01 09:45:43,317 [WARN] PackLoader:240 - Cannot read IP mode file for STMicroelectronics.X-CUBE-TOF1.3.4.2
2025-06-01 09:45:43,333 [WARN] PackLoader:240 - Cannot read IP mode file for STMicroelectronics.X-CUBE-TOF1.3.4.3
2025-06-01 09:45:43,348 [WARN] PackLoader:240 - Cannot read IP mode file for STMicroelectronics.X-CUBE-TOF1.3.4.1
2025-06-01 09:45:43,384 [WARN] PackLoader:240 - Cannot read IP mode file for STMicroelectronics.X-CUBE-AZRTOS-H7.3.2.0
2025-06-01 09:45:43,395 [WARN] PackLoader:240 - Cannot read IP mode file for Infineon.AIROC-Wi-Fi-Bluetooth-STM32.1.6.0
2025-06-01 09:45:43,395 [WARN] PackLoader:240 - Cannot read IP mode file for wolfSSL.I-CUBE-wolfSSH.1.4.17
2025-06-01 09:45:43,395 [INFO] ThirdParty:978 - Integrity check success = true
2025-06-01 09:45:43,395 [INFO] IntegrityCheckThread:100 - exiting critical section [integrity check]
2025-06-01 09:45:43,395 [INFO] IntegrityCheckThread:103 - End integrity checks thread
2025-06-01 09:45:43,395 [INFO] ThirdParty:873 - entering critical section [close project]
2025-06-01 09:45:43,395 [INFO] ThirdParty:883 - exiting critical section [close project]
2025-06-01 09:45:43,411 [INFO] PinOutPanel:1589 - setPackage(No Configuration,No Configuration)
2025-06-01 09:45:43,411 [INFO] UtilMem:75 - Begin LoadConfig() Used Memory: 138292304 Bytes (268435456)
2025-06-01 09:45:43,427 [INFO] MicroXplorer:468 - Change Database Path : 
2025-06-01 09:45:43,427 [INFO] MicroXplorer:498 - Change Database Version : DB.6.0.140
2025-06-01 09:45:43,427 [INFO] OpenFileManager:354 - Change cursor
2025-06-01 09:45:43,448 [INFO] Mcu:2011 - Initializing MCU STM32F412Z(E-G)Tx STM32F412ZGTx STM32F412ZGT6
2025-06-01 09:45:45,264 [INFO] Context:756 - Trying to add GPIOservice into a context  which must be forbidden
2025-06-01 09:45:45,715 [INFO] ImportTextPane:218 - (OptionalMessage_ERROR) Pin45 (VP_RIF_VS_RIF1) cannot be retrieved for this MCU
2025-06-01 09:45:45,935 [INFO] RtosManager:558 - Registered RTOS mode: class=CMSIS, group=RTOS, mode=CMSIS_V1, owner=FREERTOS
2025-06-01 09:45:45,935 [INFO] RtosManager:558 - Registered RTOS mode: class=CMSIS, group=RTOS2, mode=CMSIS_V2, owner=FREERTOS
2025-06-01 09:45:45,935 [INFO] RtosManager:558 - Registered RTOS mode: class=RTOS, group=Core, mode=CMSIS_V1, owner=FREERTOS
2025-06-01 09:45:45,935 [INFO] RtosManager:558 - Registered RTOS mode: class=RTOS, group=Core, mode=CMSIS_V2, owner=FREERTOS
2025-06-01 09:45:45,935 [WARN] ModelIntegratedComponent:184 - Missing modes for component STMicroelectronics:FreeRTOS:0.0.1:STMicroelectronics:RTOS:FreeRTOS:Core:::10.2.0:
2025-06-01 09:45:45,944 [WARN] ModelIntegratedComponent:63 - No mode defined for component null
2025-06-01 09:45:45,944 [WARN] ModelIntegratedComponent:63 - No mode defined for component null
2025-06-01 09:45:45,944 [WARN] ModelIntegratedComponent:63 - No mode defined for component null
2025-06-01 09:45:45,944 [WARN] ModelIntegratedComponent:63 - No mode defined for component null
2025-06-01 09:45:45,944 [WARN] ModelIntegratedComponent:63 - No mode defined for component null
2025-06-01 09:45:45,944 [WARN] ModelIntegratedComponent:63 - No mode defined for component null
2025-06-01 09:45:45,944 [WARN] ModelIntegratedComponent:63 - No mode defined for component null
2025-06-01 09:45:45,944 [WARN] ModelIntegratedComponent:63 - No mode defined for component null
2025-06-01 09:45:45,944 [WARN] ModelIntegratedComponent:63 - No mode defined for component null
2025-06-01 09:45:45,944 [WARN] ModelIntegratedComponent:63 - No mode defined for component null
2025-06-01 09:45:45,944 [WARN] ModelIntegratedComponent:63 - No mode defined for component null
2025-06-01 09:45:45,944 [WARN] ModelIntegratedComponent:63 - No mode defined for component null
2025-06-01 09:45:45,944 [WARN] ModelIntegratedComponent:63 - No mode defined for component null
2025-06-01 09:45:45,946 [WARN] ModelIntegratedComponent:63 - No mode defined for component null
2025-06-01 09:45:45,946 [WARN] ModelIntegratedComponent:63 - No mode defined for component null
2025-06-01 09:45:45,946 [WARN] ModelIntegratedComponent:63 - No mode defined for component null
2025-06-01 09:45:45,946 [WARN] ModelIntegratedComponent:63 - No mode defined for component null
2025-06-01 09:45:45,946 [WARN] ModelIntegratedComponent:63 - No mode defined for component null
2025-06-01 09:45:45,946 [WARN] ModelIntegratedComponent:63 - No mode defined for component null
2025-06-01 09:45:45,946 [WARN] ModelIntegratedComponent:63 - No mode defined for component null
2025-06-01 09:45:45,946 [WARN] ModelIntegratedComponent:63 - No mode defined for component null
2025-06-01 09:45:45,946 [WARN] ModelIntegratedComponent:63 - No mode defined for component null
2025-06-01 09:45:45,946 [WARN] ModelIntegratedComponent:63 - No mode defined for component null
2025-06-01 09:45:45,946 [WARN] ModelIntegratedComponent:63 - No mode defined for component null
2025-06-01 09:45:45,946 [WARN] ModelIntegratedComponent:63 - No mode defined for component null
2025-06-01 09:45:45,946 [WARN] ModelIntegratedComponent:63 - No mode defined for component null
2025-06-01 09:45:45,946 [WARN] ModelIntegratedComponent:63 - No mode defined for component null
2025-06-01 09:45:45,946 [WARN] ModelIntegratedComponent:63 - No mode defined for component null
2025-06-01 09:45:45,946 [WARN] ModelIntegratedComponent:63 - No mode defined for component null
2025-06-01 09:45:45,946 [WARN] ModelIntegratedComponent:63 - No mode defined for component null
2025-06-01 09:45:45,946 [WARN] ModelIntegratedComponent:63 - No mode defined for component null
2025-06-01 09:45:45,946 [WARN] ModelIntegratedComponent:63 - No mode defined for component null
2025-06-01 09:45:45,946 [WARN] ModelIntegratedComponent:63 - No mode defined for component null
2025-06-01 09:45:45,946 [WARN] ModelIntegratedComponent:63 - No mode defined for component null
2025-06-01 09:45:45,946 [WARN] ModelIntegratedComponent:63 - No mode defined for component null
2025-06-01 09:45:45,946 [WARN] ModelPack:524 - Component already loaded: STMicroelectronics:HAL Drivers:0.0.0:STMicroelectronics:Device:STMicro_Driver:XSPI:HAL::0.0.1:HAL_XSPI
2025-06-01 09:45:46,010 [WARN] ModelIntegratedComponent:182 - Modes not found for component STMicroelectronics:USB_DEVICE:1.0.0:STMicroelectronics:USB::USB Device:Audio HS::1.0:USB_DEVICE_1_0_RESTRICTED_HS
2025-06-01 09:45:46,010 [WARN] ModelIntegratedComponent:188 - Modes not found for component STMicroelectronics:USB_DEVICE:1.0.0:STMicroelectronics:USB::USB Device:Audio HS::1.0:USB_DEVICE_1_0_RESTRICTED_HS
2025-06-01 09:45:46,010 [WARN] ModelIntegratedComponent:182 - Modes not found for component STMicroelectronics:USB_DEVICE:1.0.0:STMicroelectronics:USB::USB Device:CDC HS::1.0:USB_DEVICE_1_0_RESTRICTED_HS
2025-06-01 09:45:46,010 [WARN] ModelIntegratedComponent:188 - Modes not found for component STMicroelectronics:USB_DEVICE:1.0.0:STMicroelectronics:USB::USB Device:CDC HS::1.0:USB_DEVICE_1_0_RESTRICTED_HS
2025-06-01 09:45:46,010 [WARN] ModelIntegratedComponent:182 - Modes not found for component STMicroelectronics:USB_DEVICE:1.0.0:STMicroelectronics:USB::USB Device:DFU HS::1.0:USB_DEVICE_1_0_RESTRICTED_HS
2025-06-01 09:45:46,010 [WARN] ModelIntegratedComponent:188 - Modes not found for component STMicroelectronics:USB_DEVICE:1.0.0:STMicroelectronics:USB::USB Device:DFU HS::1.0:USB_DEVICE_1_0_RESTRICTED_HS
2025-06-01 09:45:46,010 [WARN] ModelIntegratedComponent:182 - Modes not found for component STMicroelectronics:USB_DEVICE:1.0.0:STMicroelectronics:USB::USB Device:HID HS::1.0:USB_DEVICE_1_0_RESTRICTED_HS
2025-06-01 09:45:46,010 [WARN] ModelIntegratedComponent:188 - Modes not found for component STMicroelectronics:USB_DEVICE:1.0.0:STMicroelectronics:USB::USB Device:HID HS::1.0:USB_DEVICE_1_0_RESTRICTED_HS
2025-06-01 09:45:46,010 [WARN] ModelIntegratedComponent:182 - Modes not found for component STMicroelectronics:USB_DEVICE:1.0.0:STMicroelectronics:USB::USB Device:Custom HID HS::1.0:USB_DEVICE_1_0_RESTRICTED_HS
2025-06-01 09:45:46,010 [WARN] ModelIntegratedComponent:188 - Modes not found for component STMicroelectronics:USB_DEVICE:1.0.0:STMicroelectronics:USB::USB Device:Custom HID HS::1.0:USB_DEVICE_1_0_RESTRICTED_HS
2025-06-01 09:45:46,010 [WARN] ModelIntegratedComponent:182 - Modes not found for component STMicroelectronics:USB_DEVICE:1.0.0:STMicroelectronics:USB::USB Device:MSC HS::1.0:USB_DEVICE_1_0_RESTRICTED_HS
2025-06-01 09:45:46,010 [WARN] ModelIntegratedComponent:188 - Modes not found for component STMicroelectronics:USB_DEVICE:1.0.0:STMicroelectronics:USB::USB Device:MSC HS::1.0:USB_DEVICE_1_0_RESTRICTED_HS
2025-06-01 09:45:46,096 [WARN] ModelIntegratedComponent:182 - Modes not found for component STMicroelectronics:USB_HOST:1.0.0:STMicroelectronics:USB::USB Host:Audio HS::1.0:USB_HOST_1_0_RESTRICTED_HS
2025-06-01 09:45:46,096 [WARN] ModelIntegratedComponent:188 - Modes not found for component STMicroelectronics:USB_HOST:1.0.0:STMicroelectronics:USB::USB Host:Audio HS::1.0:USB_HOST_1_0_RESTRICTED_HS
2025-06-01 09:45:46,096 [WARN] ModelIntegratedComponent:182 - Modes not found for component STMicroelectronics:USB_HOST:1.0.0:STMicroelectronics:USB::USB Host:CDC HS::1.0:USB_HOST_1_0_RESTRICTED_HS
2025-06-01 09:45:46,096 [WARN] ModelIntegratedComponent:188 - Modes not found for component STMicroelectronics:USB_HOST:1.0.0:STMicroelectronics:USB::USB Host:CDC HS::1.0:USB_HOST_1_0_RESTRICTED_HS
2025-06-01 09:45:46,096 [WARN] ModelIntegratedComponent:182 - Modes not found for component STMicroelectronics:USB_HOST:1.0.0:STMicroelectronics:USB::USB Host:MSC HS::1.0:USB_HOST_1_0_RESTRICTED_HS
2025-06-01 09:45:46,096 [WARN] ModelIntegratedComponent:188 - Modes not found for component STMicroelectronics:USB_HOST:1.0.0:STMicroelectronics:USB::USB Host:MSC HS::1.0:USB_HOST_1_0_RESTRICTED_HS
2025-06-01 09:45:46,096 [WARN] ModelIntegratedComponent:182 - Modes not found for component STMicroelectronics:USB_HOST:1.0.0:STMicroelectronics:USB::USB Host:HID HS::1.0:USB_HOST_1_0_RESTRICTED_HS
2025-06-01 09:45:46,096 [WARN] ModelIntegratedComponent:188 - Modes not found for component STMicroelectronics:USB_HOST:1.0.0:STMicroelectronics:USB::USB Host:HID HS::1.0:USB_HOST_1_0_RESTRICTED_HS
2025-06-01 09:45:46,096 [WARN] ModelIntegratedComponent:182 - Modes not found for component STMicroelectronics:USB_HOST:1.0.0:STMicroelectronics:USB::USB Host:MTP HS::1.0:USB_HOST_1_0_RESTRICTED_HS
2025-06-01 09:45:46,096 [WARN] ModelIntegratedComponent:188 - Modes not found for component STMicroelectronics:USB_HOST:1.0.0:STMicroelectronics:USB::USB Host:MTP HS::1.0:USB_HOST_1_0_RESTRICTED_HS
2025-06-01 09:45:46,183 [INFO] ThirdPartyModel:298 - Start build external matchings
2025-06-01 09:45:47,775 [INFO] ThirdPartyModel:316 - End build external matchings
2025-06-01 09:45:47,807 [INFO] ImportTextPane:218 - (OptionalMessage_ERROR) IP (RCC) : Invalid parameter (FamilyName)
2025-06-01 09:45:47,823 [WARN] IP:2250 - DEVICE_SERIAL0_CDC_FS not found: check if there is a RefParameter without a condition.
2025-06-01 09:45:47,823 [WARN] IP:2250 - DEVICE_SERIAL1_CDC_FS not found: check if there is a RefParameter without a condition.
2025-06-01 09:45:47,823 [WARN] IP:2250 - DEVICE_SERIAL2_CDC_FS not found: check if there is a RefParameter without a condition.
2025-06-01 09:45:48,237 [INFO] ApiDb:581 - Connected to CubeFinder SQLite database (C:\Users\gagno\.stmcufinder\plugins\mcufinder\mcu\cube-finder-db.db)
2025-06-01 09:45:48,318 [INFO] ApiDb:668 - CubeFinder database Data Model version=2.1
2025-06-01 09:45:48,318 [INFO] ApiDb:669 - CubeFinder database Configuration version=3.0.39
2025-06-01 09:45:48,318 [INFO] ApiDb:670 - CubeFinder database generation date=2025-04-23 (1745419778)
2025-06-01 09:45:48,318 [INFO] ApiDb:671 - CubeFinder database FW Pack versions=[FP-ATR-ASTRA1_V2.0.0, FP-SNS-FLIGHT1_V5.1.0, FP-SNS-MOTENV1_V5.0.0, FP-SNS-MOTENVWB1_V1.4.0, FP-SNS-SMARTAG2_V1.2.0, FP-SNS-STBOX1_V2.0.0, STM32Cube_FW_C0_V1.4.0, STM32Cube_FW_F4_V1.28.1, STM32Cube_FW_F7_V1.17.2, STM32Cube_FW_G0_V1.6.2, STM32Cube_FW_G4_V1.6.1, STM32Cube_FW_H5_V1.5.0, STM32Cube_FW_H7RS_V1.2.0, STM32Cube_FW_H7_V1.12.1, STM32Cube_FW_L0_V1.12.2, STM32Cube_FW_L4_V1.18.1, STM32Cube_FW_L5_V1.5.1, STM32Cube_FW_N6_V1.1.1, STM32Cube_FW_U0_V1.2.0, STM32Cube_FW_U3_V1.1.0, STM32Cube_FW_U5_V1.7.0, STM32Cube_FW_WB0_V1.2.0, STM32Cube_FW_WBA_V1.6.0, STM32Cube_FW_WB_V1.22.0, STM32Cube_FW_WL3_V1.1.0, STM32Cube_FW_WL_V1.3.1, X-CUBE-ALGOBUILD_V1.4.0, X-CUBE-ALS_V1.0.2, X-CUBE-AZRTOS-F4_V1.1.0, X-CUBE-AZRTOS-F7_V1.1.0, X-CUBE-AZRTOS-G0_V1.1.0, X-CUBE-AZRTOS-G4_V2.0.0, X-CUBE-AZRTOS-H7RS_V1.1.0, X-CUBE-AZRTOS-H7_V3.3.0, X-CUBE-AZRTOS-L4_V2.0.0, X-CUBE-AZRTOS-L5_V2.0.0, X-CUBE-AZRTOS-WB_V2.0.0, X-CUBE-AZRTOS-WL_V2.0.0, X-CUBE-BLE1_V7.1.0, X-CUBE-BLE2_V3.3.0, X-CUBE-BLEMGR_V4.0.0, X-CUBE-EEPRMA1_V5.1.0, X-CUBE-FREERTOS_V1.3.0, X-CUBE-GNSS1_V6.0.0, X-CUBE-MEMS1_V11.2.0, X-CUBE-NFC4_V3.0.0, X-CUBE-NFC7_V1.0.1, X-CUBE-SFXS2LP1_V4.0.0, X-CUBE-SUBG2_V5.0.0, X-CUBE-TOF1_V3.4.3]
2025-06-01 09:45:48,365 [INFO] DbBoardsSqlite:226 - include board P-NUCLEO-WB55-NUCLEO as a kit item of type 'Nucleo-64'
2025-06-01 09:45:48,365 [INFO] DbBoardsSqlite:226 - include board P-NUCLEO-WB55-USBDONGLE as a kit item of type 'Nucleo USB Dongle'
2025-06-01 09:45:48,365 [INFO] DbBoardsSqlite:226 - include board STEVAL-IDP005V1 as a kit item of type 'Evaluation Board'
2025-06-01 09:45:48,381 [INFO] DbBoardsSqlite:226 - include board STEVAL-IDP005V2 as a kit item of type 'Evaluation Board'
2025-06-01 09:45:48,453 [INFO] ApiDb:240 - Found 895 in-development CPN: [B-G473E-ZEST1S, B-WB1M-WPAN1, B-WBA5M-WPAN, B-WL5M-SUBG1, NUCLEO-C031C6, NUCLEO-C051C8, NUCLEO-C071RB, NUCLEO-C092RC, NUCLEO-H503RB, NUCLEO-H533RE, NUCLEO-H563ZI, NUCLEO-H7S3L8, NUCLEO-N657X0-Q, NUCLEO-U031R8, NUCLEO-U083RC, NUCLEO-U385RG-Q, NUCLEO-U545RE-Q, NUCLEO-U5A5ZJ-Q, NUCLEO-WB05KZ, NUCLEO-WB07CC, NUCLEO-WB09KE, NUCLEO-WBA52CG, NUCLEO-WBA55CG, NUCLEO-WBA65RI, NUCLEO-WL33CC1, NUCLEO-WL33CC2, STEVAL-PROTEUS1, STEVAL-SMARTAG2, STEVAL-STWINBX1, STM320518-EVAL, STM32C0116-DK, STM32C011D6Y3TR, STM32C011D6Y6TR, STM32C011F4P3, STM32C011F4P6, STM32C011F4U3, STM32C011F4U6TR, STM32C011F6P3, STM32C011F6P6, STM32C011F6U3, STM32C011F6U6TR, STM32C011J4M3, STM32C011J4M6, STM32C011J6M3, STM32C011J6M6, STM32C0316-DK, STM32C031C4T3, STM32C031C4T6, STM32C031C4U3, STM32C031C4U6, STM32C031C6T3, STM32C031C6T6, STM32C031C6U3, STM32C031C6U6, STM32C031F4P3, STM32C031F4P6, STM32C031F6P3, STM32C031F6P6, STM32C031G4U3, STM32C031G4U6, STM32C031G6U3, STM32C031G6U6, STM32C031K4T3, STM32C031K4T6, STM32C031K4U3, STM32C031K4U6, STM32C031K6T3, STM32C031K6T6, STM32C031K6U3, STM32C031K6U6, STM32C051C6T6, STM32C051C6U6, STM32C051C8T6, STM32C051C8U6, STM32C051D8Y6TR, STM32C051F6P6, STM32C051F8P6, STM32C051G6U6, STM32C051G8U6, STM32C051K6T6, STM32C051K6U6, STM32C051K8T6, STM32C071C8T6, STM32C071C8T6N, STM32C071C8U6, STM32C071C8U6N, STM32C071CBT6, STM32C071CBT6N, STM32C071CBU6, STM32C071CBU6N, STM32C071F8P6, STM32C071F8P6N, STM32C071FBP6, STM32C071FBP6N, STM32C071FBY6TR, STM32C071G8U6, STM32C071G8U6N, STM32C071GBU6, STM32C071GBU6N, STM32C071K8T6, STM32C071K8T6N, STM32C071K8U6, STM32C071K8U6N, STM32C071KBT6, STM32C071KBT6N, STM32C071KBU6, STM32C071KBU6N, STM32C071R8T6, STM32C071R8T6N, STM32C071RBI6N, STM32C071RBT6, STM32C071RBT6N, STM32C091CBT6, STM32C091CBU6, STM32C091CCT6, STM32C091CCU6, STM32C091ECY6TR, STM32C091FBP6, STM32C091FCP6, STM32C091GBU6, STM32C091GCU6, STM32C091KBT6, STM32C091KBU6, STM32C091KCT6, STM32C091KCU6, STM32C091RBT6, STM32C091RCI6, STM32C091RCT6, STM32C092CBT6, STM32C092CBU6, STM32C092CCT6, STM32C092CCU6, STM32C092ECY6TR, STM32C092FBP6, STM32C092FCP6, STM32C092GBU6, STM32C092GCU6, STM32C092KBT6, STM32C092KBU6, STM32C092KCT6, STM32C092KCU6, STM32C092RBT6, STM32C092RCI6, STM32C092RCT6, STM32G071K8TXN, STM32G071K8UXN, STM32G081GBU6N, STM32G081KBT6N, STM32G081KBUXN, STM32G0B1CCT6N, STM32G0B1KCT6, STM32G0B1NEY6TR, STM32G0B1RCT6N, STM32G0C1CCT6, STM32G0C1CCT6N, STM32G0C1CCU6N, STM32G0C1CET6N, STM32G0C1CEU6N, STM32G0C1KCT6, STM32G0C1NEY6TR, STM32G0C1RCI6N, STM32G0C1RCT6N, STM32G0C1REI6N, STM32G0C1RET6N, STM32G0C1VCI6, STM32G0C1VEI6, STM32G411C6T3, STM32G411C6T6, STM32G411C6U3, STM32G411C6U6, STM32G411C8T3, STM32G411C8T6, STM32G411C8U3, STM32G411C8U6, STM32G411CBT3, STM32G411CBT6, STM32G411CBU3, STM32G411CBU6, STM32G411CCT3, STM32G411CCT6, STM32G411CCU3, STM32G411CCU6, STM32G411K6T3, STM32G411K6T6, STM32G411K6U3, STM32G411K6U6, STM32G411K8T3, STM32G411K8T6, STM32G411K8U3, STM32G411K8U6, STM32G411KBT3, STM32G411KBT6, STM32G411KBU3, STM32G411KBU6, STM32G411M6T3, STM32G411M6T6, STM32G411M8T3, STM32G411M8T6, STM32G411MBT3, STM32G411MBT6, STM32G411MCT3, STM32G411MCT6, STM32G411R6T3, STM32G411R6T6, STM32G411R8T3, STM32G411R8T6, STM32G411RBT3, STM32G411RBT6, STM32G411RCT3, STM32G411RCT6, STM32G414CBT3, STM32G414CBT6, STM32G414CBU3, STM32G414CBU6, STM32G414CCT3, STM32G414CCT6, STM32G414CCU3, STM32G414CCU6, STM32G414MBT3, STM32G414MBT6, STM32G414MCT3, STM32G414MCT6, STM32G414RBT3, STM32G414RBT6, STM32G414RCT3, STM32G414RCT6, STM32G414VBT3, STM32G414VBT6, STM32G414VCT3, STM32G414VCT6, STM32G431CBT3Z, STM32G431RBT3Z, STM32G471CCT6, STM32G471CCU6, STM32G471CET3, STM32G471CET6, STM32G471CEU3, STM32G471CEU6, STM32G471MCT6, STM32G471MET3, STM32G471MET6, STM32G471MEY6TR, STM32G471QCT6, STM32G471QET3, STM32G471RCT6, STM32G471RET3, STM32G471RET6, STM32G471VCH6, STM32G471VCI6, STM32G471VCT6, STM32G471VEH3, STM32G471VEH6, STM32G471VEI3, STM32G471VEI6, STM32G471VET3, STM32G471VET6, STM32G473QET3Z, STM32G473RET3Z, STM32G474CCT6, STM32G491RET3Z, STM32H503CBT6, STM32H503CBU6, STM32H503EBY6TR, STM32H503KBU6, STM32H503RBT6, STM32H523CCT6, STM32H523CCU6, STM32H523CET6, STM32H523CEU6, STM32H523HEY6TR, STM32H523RCT6, STM32H523RET6, STM32H523VCI6, STM32H523VCT6, STM32H523VEI6, STM32H523VET6, STM32H523ZCJ6, STM32H523ZCT6, STM32H523ZEJ6, STM32H523ZET6, STM32H533CET6, STM32H533CEU6, STM32H533HEY6TR, STM32H533RET6, STM32H533VEI6, STM32H533VET6, STM32H533ZEJ6, STM32H533ZET6, STM32H562AGI6, STM32H562AII6, STM32H562IGK6, STM32H562IGT6, STM32H562IIK6, STM32H562IIT6, STM32H562RGT6, STM32H562RGV6, STM32H562RIT6, STM32H562RIV6, STM32H562VGT6, STM32H562VIT6, STM32H562ZGT6, STM32H562ZIT6, STM32H563AGI6, STM32H563AII3Q, STM32H563AII6, STM32H563IGK6, STM32H563IGT6, STM32H563IIK3Q, STM32H563IIK6, STM32H563IIT3Q, STM32H563IIT6, STM32H563MIY3QTR, STM32H563RGT6, STM32H563RGV6, STM32H563RIT6, STM32H563RIV6, STM32H563VGT6, STM32H563VIT3Q, STM32H563VIT6, STM32H563ZGT6, STM32H563ZIT3Q, STM32H563ZIT6, STM32H573AII3Q, STM32H573AII6, STM32H573I-DK, STM32H573IIK3Q, STM32H573IIK6, STM32H573IIT3Q, STM32H573IIT6, STM32H573MIY3QTR, STM32H573RIT6, STM32H573RIV6, STM32H573VIT3Q, STM32H573VIT6, STM32H573ZIT3Q, STM32H573ZIT6, STM32H7R3A8I6, STM32H7R3I8K6, STM32H7R3I8T6, STM32H7R3L8H6, STM32H7R3L8H6H, STM32H7R3R8V6, STM32H7R3V8H6, STM32H7R3V8T6, STM32H7R3V8Y6TR, STM32H7R3Z8J6, STM32H7R3Z8T6, STM32H7R7A8I6, STM32H7R7I8K6, STM32H7R7I8T6, STM32H7R7L8H6, STM32H7R7L8H6H, STM32H7R7Z8J6, STM32H7S3A8I6, STM32H7S3I8K6, STM32H7S3I8T6, STM32H7S3L8H6, STM32H7S3L8H6H, STM32H7S3R8V6, STM32H7S3V8H6, STM32H7S3V8T6, STM32H7S3V8Y6TR, STM32H7S3Z8J6, STM32H7S3Z8T6, STM32H7S78-DK, STM32H7S7A8I6, STM32H7S7I8K6, STM32H7S7I8T6, STM32H7S7L8H6, STM32H7S7L8H6H, STM32H7S7Z8J6, STM32L4R5QGI6STR, STM32MP131AAE3, STM32MP131AAF3, STM32MP131AAG3, STM32MP131CAE3, STM32MP131CAF3, STM32MP131CAG3, STM32MP131DAE7, STM32MP131DAF7, STM32MP131DAG7, STM32MP131FAE7, STM32MP131FAF7, STM32MP131FAG7, STM32MP133AAE3, STM32MP133AAF3, STM32MP133AAG3, STM32MP133CAE3, STM32MP133CAF3, STM32MP133CAG3, STM32MP133DAE7, STM32MP133DAF7, STM32MP133DAG7, STM32MP133FAE7, STM32MP133FAF7, STM32MP133FAG7, STM32MP135AAE3, STM32MP135AAF3, STM32MP135AAG3, STM32MP135CAE3, STM32MP135CAF3, STM32MP135CAG3, STM32MP135DAE7, STM32MP135DAF7, STM32MP135DAG7, STM32MP135F-DK, STM32MP135FAE7, STM32MP135FAF7, STM32MP135FAF7T, STM32MP135FAF7U, STM32MP135FAG7, STM32MP231AAJ3, STM32MP231AAK3, STM32MP231AAL3, STM32MP231CAJ3, STM32MP231CAK3, STM32MP231CAL3, STM32MP231DAJ3, STM32MP231DAK3, STM32MP231DAL3, STM32MP231FAJ3, STM32MP231FAK3, STM32MP231FAL3, STM32MP233AAJ3, STM32MP233AAK3, STM32MP233AAL3, STM32MP233CAJ3, STM32MP233CAK3, STM32MP233CAL3, STM32MP233DAJ3, STM32MP233DAK3, STM32MP233DAL3, STM32MP233FAJ3, STM32MP233FAK3, STM32MP233FAL3, STM32MP235AAJ3, STM32MP235AAK3, STM32MP235AAL3, STM32MP235CAJ3, STM32MP235CAK3, STM32MP235CAL3, STM32MP235DAJ3, STM32MP235DAK3, STM32MP235DAL3, STM32MP235FAJ3, STM32MP235FAK3, STM32MP235FAL3, STM32MP251AAI3, STM32MP251AAJ3, STM32MP251AAK3, STM32MP251AAL3, STM32MP251CAI3, STM32MP251CAJ3, STM32MP251CAK3, STM32MP251CAL3, STM32MP251DAI3, STM32MP251DAJ3, STM32MP251DAK3, STM32MP251DAL3, STM32MP251FAI3, STM32MP251FAJ3, STM32MP251FAK3, STM32MP251FAL3, STM32MP253AAI3, STM32MP253AAJ3, STM32MP253AAK3, STM32MP253AAL3, STM32MP253CAI3, STM32MP253CAJ3, STM32MP253CAK3, STM32MP253CAL3, STM32MP253DAI3, STM32MP253DAJ3, STM32MP253DAK3, STM32MP253DAL3, STM32MP253FAI3, STM32MP253FAJ3, STM32MP253FAK3, STM32MP253FAL3, STM32MP255AAI3, STM32MP255AAJ3, STM32MP255AAK3, STM32MP255AAL3, STM32MP255CAI3, STM32MP255CAJ3, STM32MP255CAK3, STM32MP255CAL3, STM32MP255DAI3, STM32MP255DAJ3, STM32MP255DAK3, STM32MP255DAL3, STM32MP255FAI3, STM32MP255FAJ3, STM32MP255FAK3, STM32MP255FAL3, STM32MP257AAI3, STM32MP257AAJ3, STM32MP257AAK3, STM32MP257AAL3, STM32MP257CAI3, STM32MP257CAJ3, STM32MP257CAK3, STM32MP257CAL3, STM32MP257DAI3, STM32MP257DAJ3, STM32MP257DAK3, STM32MP257DAL3, STM32MP257F-DK, STM32MP257F-EV1, STM32MP257FAI3, STM32MP257FAJ3, STM32MP257FAK3, STM32MP257FAL3, STM32N645A0H3Q, STM32N645B0H3Q, STM32N645I0H3Q, STM32N645L0H3Q, STM32N645X0H3Q, STM32N645Z0H3Q, STM32N647A0H3Q, STM32N647B0H3Q, STM32N647I0H3Q, STM32N647L0H3Q, STM32N647X0H3Q, STM32N647Z0H3Q, STM32N655A0H3Q, STM32N655B0H3Q, STM32N655I0H3Q, STM32N655L0H3Q, STM32N655X0H3Q, STM32N655Z0H3Q, STM32N6570-DK, STM32N657A0H3Q, STM32N657B0H3Q, STM32N657I0H3Q, STM32N657L0H3Q, STM32N657X0H3Q, STM32N657Z0H3Q, STM32U031C6T6, STM32U031C6U6, STM32U031C8T6, STM32U031C8U6, STM32U031F4P6, STM32U031F6P6, STM32U031F8P6, STM32U031G6Y6TR, STM32U031G8Y6TR, STM32U031K4U6, STM32U031K6U6, STM32U031K8U6, STM32U031R6I6, STM32U031R6T6, STM32U031R8I6, STM32U031R8T6, STM32U073C8T6, STM32U073C8U6, STM32U073CBT6, STM32U073CBU6, STM32U073CCT6, STM32U073CCU6, STM32U073H8Y6TR, STM32U073HBY6TR, STM32U073HCY6TR, STM32U073K8U6, STM32U073KBU6, STM32U073KCU6, STM32U073M8I6, STM32U073M8T6, STM32U073MBI6, STM32U073MBT6, STM32U073MCI6, STM32U073MCT6, STM32U073R8I6, STM32U073R8T6, STM32U073RBI6, STM32U073RBT6, STM32U073RCI6, STM32U073RCT6, STM32U083C-DK, STM32U083CCT6, STM32U083CCU6, STM32U083HCY6TR, STM32U083KCU6, STM32U083MCI6, STM32U083MCT6, STM32U083RCI6, STM32U083RCT6, STM32U375CET6, STM32U375CET6Q, STM32U375CEU6, STM32U375CEU6Q, STM32U375CEY6QTR, STM32U375CGT6, STM32U375CGT6Q, STM32U375CGU6, STM32U375CGU6Q, STM32U375CGY6QTR, STM32U375KEU6, STM32U375KGU6, STM32U375REI6, STM32U375REI6Q, STM32U375RET6, STM32U375RET6Q, STM32U375REY6GTR, STM32U375REY6QTR, STM32U375RGI6, STM32U375RGI6Q, STM32U375RGT6, STM32U375RGT6Q, STM32U375RGY6GTR, STM32U375RGY6QTR, STM32U375VEI6, STM32U375VEI6Q, STM32U375VET6, STM32U375VET6Q, STM32U375VGI6, STM32U375VGI6Q, STM32U375VGT6, STM32U375VGT6Q, STM32U385CGT6, STM32U385CGT6Q, STM32U385CGU6, STM32U385CGU6Q, STM32U385CGY6QTR, STM32U385KGU6, STM32U385RGI6, STM32U385RGI6Q, STM32U385RGT6, STM32U385RGT6Q, STM32U385RGY6GTR, STM32U385RGY6QTR, STM32U385VGI6, STM32U385VGI6Q, STM32U385VGT6, STM32U385VGT6Q, STM32U535CBT6, STM32U535CBT6Q, STM32U535CBU6, STM32U535CBU6Q, STM32U535CCT6, STM32U535CCT6Q, STM32U535CCU6, STM32U535CCU6Q, STM32U535CET6, STM32U535CET6Q, STM32U535CEU6, STM32U535CEU6Q, STM32U535JEY6QTR, STM32U535NCY6QTR, STM32U535NEY6QTR, STM32U535RBI6, STM32U535RBI6Q, STM32U535RBT6, STM32U535RBT6Q, STM32U535RCI6, STM32U535RCI6Q, STM32U535RCT6, STM32U535RCT6Q, STM32U535REI6, STM32U535REI6Q, STM32U535RET6, STM32U535RET6Q, STM32U535VCI6, STM32U535VCI6Q, STM32U535VCT6, STM32U535VCT6Q, STM32U535VEI6, STM32U535VEI6Q, STM32U535VET6, STM32U535VET6Q, STM32U545CET6, STM32U545CET6Q, STM32U545CEU6, STM32U545CEU6Q, STM32U545JEY6QTR, STM32U545NEY6QTR, STM32U545REI6, STM32U545REI6Q, STM32U545RET6, STM32U545RET6Q, STM32U545VEI6, STM32U545VEI6Q, STM32U545VET6, STM32U545VET6Q, STM32U595AIH6, STM32U595AIH6Q, STM32U595AJH6, STM32U595AJH6Q, STM32U595QII6, STM32U595QII6Q, STM32U595QJI6, STM32U595QJI6Q, STM32U595RIT6, STM32U595RIT6Q, STM32U595RJT6, STM32U595RJT6Q, STM32U595VIT6, STM32U595VIT6Q, STM32U595VJT6, STM32U595VJT6Q, STM32U595ZIT6, STM32U595ZIT6Q, STM32U595ZIY6QTR, STM32U595ZJT6, STM32U595ZJT6Q, STM32U595ZJY6QTR, STM32U599BJY6QTR, STM32U599NIH6Q, STM32U599NJH6Q, STM32U599VIT6Q, STM32U599VJT6, STM32U599VJT6Q, STM32U599ZIT6Q, STM32U599ZIY6QTR, STM32U599ZJT6Q, STM32U599ZJY6QTR, STM32U5A5AJH6, STM32U5A5AJH6Q, STM32U5A5QII3Q , STM32U5A5QJI6, STM32U5A5QJI6Q, STM32U5A5RJT6, STM32U5A5RJT6Q, STM32U5A5VJT6, STM32U5A5VJT6Q, STM32U5A5ZJT6, STM32U5A5ZJT6Q, STM32U5A5ZJY6QTR, STM32U5A9BJY6QTR, STM32U5A9J-DK, STM32U5A9NJH6Q, STM32U5A9VJT6Q, STM32U5A9ZJT6Q, STM32U5A9ZJY6QTR, STM32U5F7VIT6, STM32U5F7VIT6Q, STM32U5F7VJT6, STM32U5F7VJT6Q, STM32U5F9BJY6QTR, STM32U5F9NJH6Q, STM32U5F9VIT6Q, STM32U5F9VJT6Q, STM32U5F9ZIJ6QTR, STM32U5F9ZIT6Q, STM32U5F9ZJJ6QTR, STM32U5F9ZJT6Q, STM32U5G7VJT6, STM32U5G7VJT6Q, STM32U5G9BJY6QTR, STM32U5G9J-DK1, STM32U5G9J-DK2, STM32U5G9NJH6Q, STM32U5G9VJT6Q, STM32U5G9ZJJ6QTR, STM32U5G9ZJT6Q, STM32WB05KZV6TR, STM32WB05KZV7TR, STM32WB05TZF6TR, STM32WB05TZF7TR, STM32WB06CCF6TR, STM32WB06CCF7TR, STM32WB06CCV6TR, STM32WB06CCV7TR, STM32WB06KCV6TR, STM32WB06KCV7TR, STM32WB07CCF6TR, STM32WB07CCF7TR, STM32WB07CCV6TR, STM32WB07CCV7TR, STM32WB07KCV6TR, STM32WB07KCV7TR, STM32WB09KEV6TR, STM32WB09KEV7TR, STM32WB09TEF6TR, STM32WB09TEF7TR, STM32WB1MMCH6, STM32WBA50KGU6, STM32WBA50KGU6TR, STM32WBA52CEU6, STM32WBA52CEU6TR, STM32WBA52CEU7, STM32WBA52CEU7TR, STM32WBA52CGU6, STM32WBA52CGU6TR, STM32WBA52CGU6U, STM32WBA52CGU7, STM32WBA52CGU7TR, STM32WBA52KEU6, STM32WBA52KEU6TR, STM32WBA52KGU6, STM32WBA52KGU6TR, STM32WBA54CEU6, STM32WBA54CEU6TR, STM32WBA54CEU7, STM32WBA54CEU7TR, STM32WBA54CGU6, STM32WBA54CGU6TR, STM32WBA54CGU7, STM32WBA54CGU7TR, STM32WBA54KEU6, STM32WBA54KEU6TR, STM32WBA54KEU7, STM32WBA54KEU7TR, STM32WBA54KGU6, STM32WBA54KGU6TR, STM32WBA54KGU7, STM32WBA54KGU7TR, STM32WBA55CEU6, STM32WBA55CEU6TR, STM32WBA55CEU7, STM32WBA55CEU7TR, STM32WBA55CGU6, STM32WBA55CGU6TR, STM32WBA55CGU6U, STM32WBA55CGU7, STM32WBA55CGU7TR, STM32WBA55G-DK1, STM32WBA55HEF6, STM32WBA55HEF7, STM32WBA55HGF6, STM32WBA55HGF7, STM32WBA55UEI6, STM32WBA55UEI6TR, STM32WBA55UEI7, STM32WBA55UEI7TR, STM32WBA55UGI6, STM32WBA55UGI6TR, STM32WBA55UGI7, STM32WBA55UGI7TR, STM32WBA5MJGH6TR, STM32WBA62CGU6, STM32WBA62CIU6, STM32WBA62MGF6, STM32WBA62MIF6, STM32WBA62PGI6, STM32WBA62PII6, STM32WBA63CGU6, STM32WBA63CGU7, STM32WBA63CIU6, STM32WBA63CIU7, STM32WBA64CGU6, STM32WBA64CGU7, STM32WBA64CIU6, STM32WBA64CIU7, STM32WBA65CGU6, STM32WBA65CGU7, STM32WBA65CIU6, STM32WBA65CIU7, STM32WBA65I-DK1, STM32WBA65MGF6, STM32WBA65MGF7, STM32WBA65MIF6, STM32WBA65MIF7, STM32WBA65PGI6, STM32WBA65PGI7, STM32WBA65PII6, STM32WBA65PII7, STM32WBA65RGV6, STM32WBA65RGV7, STM32WBA65RIV6, STM32WBA65RIV7, STM32WL30K8V6, STM32WL30KBV6, STM32WL31C8V6, STM32WL31CBV6, STM32WL31K8V6, STM32WL31KBV6, STM32WL33C8V6, STM32WL33C8V6TR, STM32WL33C8V7, STM32WL33C8V7TR, STM32WL33CBV6, STM32WL33CBV6TR, STM32WL33CBV7, STM32WL33CBV7TR, STM32WL33CCV6, STM32WL33CCV6TR, STM32WL33CCV7, STM32WL33CCV7A, STM32WL33CCV7ATR, STM32WL33CCV7TR, STM32WL33K8V6, STM32WL33K8V6TR, STM32WL33K8V7, STM32WL33K8V7TR, STM32WL33KBV6, STM32WL33KBV6TR, STM32WL33KBV7, STM32WL33KBV7TR, STM32WL33KCV6, STM32WL33KCV6TR, STM32WL33KCV7, STM32WL33KCV7TR, STM32WL5MOCH6, STM32WL5MOCH6TR]
2025-06-01 09:45:48,665 [INFO] BoardInfo:889 - No configuration file found for board P-NUCLEO-WB55
2025-06-01 09:45:48,665 [INFO] DbBoards:161 - Kit is not supported: P-NUCLEO-WB55
2025-06-01 09:45:48,665 [INFO] BoardInfo:889 - No configuration file found for board STEVAL-BFA001V1B
2025-06-01 09:45:48,665 [INFO] DbBoards:161 - Kit is not supported: STEVAL-BFA001V1B
2025-06-01 09:45:48,665 [INFO] BoardInfo:889 - No configuration file found for board STEVAL-BFA001V2B
2025-06-01 09:45:48,665 [INFO] DbBoards:161 - Kit is not supported: STEVAL-BFA001V2B
2025-06-01 09:45:48,886 [INFO] DbBoards:168 - Found 211 boards, 208 are supported
2025-06-01 09:45:48,886 [INFO] DbBoards:169 - Found 211 boards, 43 of them is supported for  Bsp
2025-06-01 09:45:48,902 [INFO] ApiDb:668 - CubeFinder database Data Model version=2.1
2025-06-01 09:45:48,902 [INFO] ApiDb:669 - CubeFinder database Configuration version=3.0.39
2025-06-01 09:45:48,902 [INFO] ApiDb:670 - CubeFinder database generation date=2025-04-23 (1745419778)
2025-06-01 09:45:48,902 [INFO] ApiDb:671 - CubeFinder database FW Pack versions=[FP-ATR-ASTRA1_V2.0.0, FP-SNS-FLIGHT1_V5.1.0, FP-SNS-MOTENV1_V5.0.0, FP-SNS-MOTENVWB1_V1.4.0, FP-SNS-SMARTAG2_V1.2.0, FP-SNS-STBOX1_V2.0.0, STM32Cube_FW_C0_V1.4.0, STM32Cube_FW_F4_V1.28.1, STM32Cube_FW_F7_V1.17.2, STM32Cube_FW_G0_V1.6.2, STM32Cube_FW_G4_V1.6.1, STM32Cube_FW_H5_V1.5.0, STM32Cube_FW_H7RS_V1.2.0, STM32Cube_FW_H7_V1.12.1, STM32Cube_FW_L0_V1.12.2, STM32Cube_FW_L4_V1.18.1, STM32Cube_FW_L5_V1.5.1, STM32Cube_FW_N6_V1.1.1, STM32Cube_FW_U0_V1.2.0, STM32Cube_FW_U3_V1.1.0, STM32Cube_FW_U5_V1.7.0, STM32Cube_FW_WB0_V1.2.0, STM32Cube_FW_WBA_V1.6.0, STM32Cube_FW_WB_V1.22.0, STM32Cube_FW_WL3_V1.1.0, STM32Cube_FW_WL_V1.3.1, X-CUBE-ALGOBUILD_V1.4.0, X-CUBE-ALS_V1.0.2, X-CUBE-AZRTOS-F4_V1.1.0, X-CUBE-AZRTOS-F7_V1.1.0, X-CUBE-AZRTOS-G0_V1.1.0, X-CUBE-AZRTOS-G4_V2.0.0, X-CUBE-AZRTOS-H7RS_V1.1.0, X-CUBE-AZRTOS-H7_V3.3.0, X-CUBE-AZRTOS-L4_V2.0.0, X-CUBE-AZRTOS-L5_V2.0.0, X-CUBE-AZRTOS-WB_V2.0.0, X-CUBE-AZRTOS-WL_V2.0.0, X-CUBE-BLE1_V7.1.0, X-CUBE-BLE2_V3.3.0, X-CUBE-BLEMGR_V4.0.0, X-CUBE-EEPRMA1_V5.1.0, X-CUBE-FREERTOS_V1.3.0, X-CUBE-GNSS1_V6.0.0, X-CUBE-MEMS1_V11.2.0, X-CUBE-NFC4_V3.0.0, X-CUBE-NFC7_V1.0.1, X-CUBE-SFXS2LP1_V4.0.0, X-CUBE-SUBG2_V5.0.0, X-CUBE-TOF1_V3.4.3]
2025-06-01 09:45:50,886 [INFO] ApiDb:240 - Found 895 in-development CPN: [B-G473E-ZEST1S, B-WB1M-WPAN1, B-WBA5M-WPAN, B-WL5M-SUBG1, NUCLEO-C031C6, NUCLEO-C051C8, NUCLEO-C071RB, NUCLEO-C092RC, NUCLEO-H503RB, NUCLEO-H533RE, NUCLEO-H563ZI, NUCLEO-H7S3L8, NUCLEO-N657X0-Q, NUCLEO-U031R8, NUCLEO-U083RC, NUCLEO-U385RG-Q, NUCLEO-U545RE-Q, NUCLEO-U5A5ZJ-Q, NUCLEO-WB05KZ, NUCLEO-WB07CC, NUCLEO-WB09KE, NUCLEO-WBA52CG, NUCLEO-WBA55CG, NUCLEO-WBA65RI, NUCLEO-WL33CC1, NUCLEO-WL33CC2, STEVAL-PROTEUS1, STEVAL-SMARTAG2, STEVAL-STWINBX1, STM320518-EVAL, STM32C0116-DK, STM32C011D6Y3TR, STM32C011D6Y6TR, STM32C011F4P3, STM32C011F4P6, STM32C011F4U3, STM32C011F4U6TR, STM32C011F6P3, STM32C011F6P6, STM32C011F6U3, STM32C011F6U6TR, STM32C011J4M3, STM32C011J4M6, STM32C011J6M3, STM32C011J6M6, STM32C0316-DK, STM32C031C4T3, STM32C031C4T6, STM32C031C4U3, STM32C031C4U6, STM32C031C6T3, STM32C031C6T6, STM32C031C6U3, STM32C031C6U6, STM32C031F4P3, STM32C031F4P6, STM32C031F6P3, STM32C031F6P6, STM32C031G4U3, STM32C031G4U6, STM32C031G6U3, STM32C031G6U6, STM32C031K4T3, STM32C031K4T6, STM32C031K4U3, STM32C031K4U6, STM32C031K6T3, STM32C031K6T6, STM32C031K6U3, STM32C031K6U6, STM32C051C6T6, STM32C051C6U6, STM32C051C8T6, STM32C051C8U6, STM32C051D8Y6TR, STM32C051F6P6, STM32C051F8P6, STM32C051G6U6, STM32C051G8U6, STM32C051K6T6, STM32C051K6U6, STM32C051K8T6, STM32C071C8T6, STM32C071C8T6N, STM32C071C8U6, STM32C071C8U6N, STM32C071CBT6, STM32C071CBT6N, STM32C071CBU6, STM32C071CBU6N, STM32C071F8P6, STM32C071F8P6N, STM32C071FBP6, STM32C071FBP6N, STM32C071FBY6TR, STM32C071G8U6, STM32C071G8U6N, STM32C071GBU6, STM32C071GBU6N, STM32C071K8T6, STM32C071K8T6N, STM32C071K8U6, STM32C071K8U6N, STM32C071KBT6, STM32C071KBT6N, STM32C071KBU6, STM32C071KBU6N, STM32C071R8T6, STM32C071R8T6N, STM32C071RBI6N, STM32C071RBT6, STM32C071RBT6N, STM32C091CBT6, STM32C091CBU6, STM32C091CCT6, STM32C091CCU6, STM32C091ECY6TR, STM32C091FBP6, STM32C091FCP6, STM32C091GBU6, STM32C091GCU6, STM32C091KBT6, STM32C091KBU6, STM32C091KCT6, STM32C091KCU6, STM32C091RBT6, STM32C091RCI6, STM32C091RCT6, STM32C092CBT6, STM32C092CBU6, STM32C092CCT6, STM32C092CCU6, STM32C092ECY6TR, STM32C092FBP6, STM32C092FCP6, STM32C092GBU6, STM32C092GCU6, STM32C092KBT6, STM32C092KBU6, STM32C092KCT6, STM32C092KCU6, STM32C092RBT6, STM32C092RCI6, STM32C092RCT6, STM32G071K8TXN, STM32G071K8UXN, STM32G081GBU6N, STM32G081KBT6N, STM32G081KBUXN, STM32G0B1CCT6N, STM32G0B1KCT6, STM32G0B1NEY6TR, STM32G0B1RCT6N, STM32G0C1CCT6, STM32G0C1CCT6N, STM32G0C1CCU6N, STM32G0C1CET6N, STM32G0C1CEU6N, STM32G0C1KCT6, STM32G0C1NEY6TR, STM32G0C1RCI6N, STM32G0C1RCT6N, STM32G0C1REI6N, STM32G0C1RET6N, STM32G0C1VCI6, STM32G0C1VEI6, STM32G411C6T3, STM32G411C6T6, STM32G411C6U3, STM32G411C6U6, STM32G411C8T3, STM32G411C8T6, STM32G411C8U3, STM32G411C8U6, STM32G411CBT3, STM32G411CBT6, STM32G411CBU3, STM32G411CBU6, STM32G411CCT3, STM32G411CCT6, STM32G411CCU3, STM32G411CCU6, STM32G411K6T3, STM32G411K6T6, STM32G411K6U3, STM32G411K6U6, STM32G411K8T3, STM32G411K8T6, STM32G411K8U3, STM32G411K8U6, STM32G411KBT3, STM32G411KBT6, STM32G411KBU3, STM32G411KBU6, STM32G411M6T3, STM32G411M6T6, STM32G411M8T3, STM32G411M8T6, STM32G411MBT3, STM32G411MBT6, STM32G411MCT3, STM32G411MCT6, STM32G411R6T3, STM32G411R6T6, STM32G411R8T3, STM32G411R8T6, STM32G411RBT3, STM32G411RBT6, STM32G411RCT3, STM32G411RCT6, STM32G414CBT3, STM32G414CBT6, STM32G414CBU3, STM32G414CBU6, STM32G414CCT3, STM32G414CCT6, STM32G414CCU3, STM32G414CCU6, STM32G414MBT3, STM32G414MBT6, STM32G414MCT3, STM32G414MCT6, STM32G414RBT3, STM32G414RBT6, STM32G414RCT3, STM32G414RCT6, STM32G414VBT3, STM32G414VBT6, STM32G414VCT3, STM32G414VCT6, STM32G431CBT3Z, STM32G431RBT3Z, STM32G471CCT6, STM32G471CCU6, STM32G471CET3, STM32G471CET6, STM32G471CEU3, STM32G471CEU6, STM32G471MCT6, STM32G471MET3, STM32G471MET6, STM32G471MEY6TR, STM32G471QCT6, STM32G471QET3, STM32G471RCT6, STM32G471RET3, STM32G471RET6, STM32G471VCH6, STM32G471VCI6, STM32G471VCT6, STM32G471VEH3, STM32G471VEH6, STM32G471VEI3, STM32G471VEI6, STM32G471VET3, STM32G471VET6, STM32G473QET3Z, STM32G473RET3Z, STM32G474CCT6, STM32G491RET3Z, STM32H503CBT6, STM32H503CBU6, STM32H503EBY6TR, STM32H503KBU6, STM32H503RBT6, STM32H523CCT6, STM32H523CCU6, STM32H523CET6, STM32H523CEU6, STM32H523HEY6TR, STM32H523RCT6, STM32H523RET6, STM32H523VCI6, STM32H523VCT6, STM32H523VEI6, STM32H523VET6, STM32H523ZCJ6, STM32H523ZCT6, STM32H523ZEJ6, STM32H523ZET6, STM32H533CET6, STM32H533CEU6, STM32H533HEY6TR, STM32H533RET6, STM32H533VEI6, STM32H533VET6, STM32H533ZEJ6, STM32H533ZET6, STM32H562AGI6, STM32H562AII6, STM32H562IGK6, STM32H562IGT6, STM32H562IIK6, STM32H562IIT6, STM32H562RGT6, STM32H562RGV6, STM32H562RIT6, STM32H562RIV6, STM32H562VGT6, STM32H562VIT6, STM32H562ZGT6, STM32H562ZIT6, STM32H563AGI6, STM32H563AII3Q, STM32H563AII6, STM32H563IGK6, STM32H563IGT6, STM32H563IIK3Q, STM32H563IIK6, STM32H563IIT3Q, STM32H563IIT6, STM32H563MIY3QTR, STM32H563RGT6, STM32H563RGV6, STM32H563RIT6, STM32H563RIV6, STM32H563VGT6, STM32H563VIT3Q, STM32H563VIT6, STM32H563ZGT6, STM32H563ZIT3Q, STM32H563ZIT6, STM32H573AII3Q, STM32H573AII6, STM32H573I-DK, STM32H573IIK3Q, STM32H573IIK6, STM32H573IIT3Q, STM32H573IIT6, STM32H573MIY3QTR, STM32H573RIT6, STM32H573RIV6, STM32H573VIT3Q, STM32H573VIT6, STM32H573ZIT3Q, STM32H573ZIT6, STM32H7R3A8I6, STM32H7R3I8K6, STM32H7R3I8T6, STM32H7R3L8H6, STM32H7R3L8H6H, STM32H7R3R8V6, STM32H7R3V8H6, STM32H7R3V8T6, STM32H7R3V8Y6TR, STM32H7R3Z8J6, STM32H7R3Z8T6, STM32H7R7A8I6, STM32H7R7I8K6, STM32H7R7I8T6, STM32H7R7L8H6, STM32H7R7L8H6H, STM32H7R7Z8J6, STM32H7S3A8I6, STM32H7S3I8K6, STM32H7S3I8T6, STM32H7S3L8H6, STM32H7S3L8H6H, STM32H7S3R8V6, STM32H7S3V8H6, STM32H7S3V8T6, STM32H7S3V8Y6TR, STM32H7S3Z8J6, STM32H7S3Z8T6, STM32H7S78-DK, STM32H7S7A8I6, STM32H7S7I8K6, STM32H7S7I8T6, STM32H7S7L8H6, STM32H7S7L8H6H, STM32H7S7Z8J6, STM32L4R5QGI6STR, STM32MP131AAE3, STM32MP131AAF3, STM32MP131AAG3, STM32MP131CAE3, STM32MP131CAF3, STM32MP131CAG3, STM32MP131DAE7, STM32MP131DAF7, STM32MP131DAG7, STM32MP131FAE7, STM32MP131FAF7, STM32MP131FAG7, STM32MP133AAE3, STM32MP133AAF3, STM32MP133AAG3, STM32MP133CAE3, STM32MP133CAF3, STM32MP133CAG3, STM32MP133DAE7, STM32MP133DAF7, STM32MP133DAG7, STM32MP133FAE7, STM32MP133FAF7, STM32MP133FAG7, STM32MP135AAE3, STM32MP135AAF3, STM32MP135AAG3, STM32MP135CAE3, STM32MP135CAF3, STM32MP135CAG3, STM32MP135DAE7, STM32MP135DAF7, STM32MP135DAG7, STM32MP135F-DK, STM32MP135FAE7, STM32MP135FAF7, STM32MP135FAF7T, STM32MP135FAF7U, STM32MP135FAG7, STM32MP231AAJ3, STM32MP231AAK3, STM32MP231AAL3, STM32MP231CAJ3, STM32MP231CAK3, STM32MP231CAL3, STM32MP231DAJ3, STM32MP231DAK3, STM32MP231DAL3, STM32MP231FAJ3, STM32MP231FAK3, STM32MP231FAL3, STM32MP233AAJ3, STM32MP233AAK3, STM32MP233AAL3, STM32MP233CAJ3, STM32MP233CAK3, STM32MP233CAL3, STM32MP233DAJ3, STM32MP233DAK3, STM32MP233DAL3, STM32MP233FAJ3, STM32MP233FAK3, STM32MP233FAL3, STM32MP235AAJ3, STM32MP235AAK3, STM32MP235AAL3, STM32MP235CAJ3, STM32MP235CAK3, STM32MP235CAL3, STM32MP235DAJ3, STM32MP235DAK3, STM32MP235DAL3, STM32MP235FAJ3, STM32MP235FAK3, STM32MP235FAL3, STM32MP251AAI3, STM32MP251AAJ3, STM32MP251AAK3, STM32MP251AAL3, STM32MP251CAI3, STM32MP251CAJ3, STM32MP251CAK3, STM32MP251CAL3, STM32MP251DAI3, STM32MP251DAJ3, STM32MP251DAK3, STM32MP251DAL3, STM32MP251FAI3, STM32MP251FAJ3, STM32MP251FAK3, STM32MP251FAL3, STM32MP253AAI3, STM32MP253AAJ3, STM32MP253AAK3, STM32MP253AAL3, STM32MP253CAI3, STM32MP253CAJ3, STM32MP253CAK3, STM32MP253CAL3, STM32MP253DAI3, STM32MP253DAJ3, STM32MP253DAK3, STM32MP253DAL3, STM32MP253FAI3, STM32MP253FAJ3, STM32MP253FAK3, STM32MP253FAL3, STM32MP255AAI3, STM32MP255AAJ3, STM32MP255AAK3, STM32MP255AAL3, STM32MP255CAI3, STM32MP255CAJ3, STM32MP255CAK3, STM32MP255CAL3, STM32MP255DAI3, STM32MP255DAJ3, STM32MP255DAK3, STM32MP255DAL3, STM32MP255FAI3, STM32MP255FAJ3, STM32MP255FAK3, STM32MP255FAL3, STM32MP257AAI3, STM32MP257AAJ3, STM32MP257AAK3, STM32MP257AAL3, STM32MP257CAI3, STM32MP257CAJ3, STM32MP257CAK3, STM32MP257CAL3, STM32MP257DAI3, STM32MP257DAJ3, STM32MP257DAK3, STM32MP257DAL3, STM32MP257F-DK, STM32MP257F-EV1, STM32MP257FAI3, STM32MP257FAJ3, STM32MP257FAK3, STM32MP257FAL3, STM32N645A0H3Q, STM32N645B0H3Q, STM32N645I0H3Q, STM32N645L0H3Q, STM32N645X0H3Q, STM32N645Z0H3Q, STM32N647A0H3Q, STM32N647B0H3Q, STM32N647I0H3Q, STM32N647L0H3Q, STM32N647X0H3Q, STM32N647Z0H3Q, STM32N655A0H3Q, STM32N655B0H3Q, STM32N655I0H3Q, STM32N655L0H3Q, STM32N655X0H3Q, STM32N655Z0H3Q, STM32N6570-DK, STM32N657A0H3Q, STM32N657B0H3Q, STM32N657I0H3Q, STM32N657L0H3Q, STM32N657X0H3Q, STM32N657Z0H3Q, STM32U031C6T6, STM32U031C6U6, STM32U031C8T6, STM32U031C8U6, STM32U031F4P6, STM32U031F6P6, STM32U031F8P6, STM32U031G6Y6TR, STM32U031G8Y6TR, STM32U031K4U6, STM32U031K6U6, STM32U031K8U6, STM32U031R6I6, STM32U031R6T6, STM32U031R8I6, STM32U031R8T6, STM32U073C8T6, STM32U073C8U6, STM32U073CBT6, STM32U073CBU6, STM32U073CCT6, STM32U073CCU6, STM32U073H8Y6TR, STM32U073HBY6TR, STM32U073HCY6TR, STM32U073K8U6, STM32U073KBU6, STM32U073KCU6, STM32U073M8I6, STM32U073M8T6, STM32U073MBI6, STM32U073MBT6, STM32U073MCI6, STM32U073MCT6, STM32U073R8I6, STM32U073R8T6, STM32U073RBI6, STM32U073RBT6, STM32U073RCI6, STM32U073RCT6, STM32U083C-DK, STM32U083CCT6, STM32U083CCU6, STM32U083HCY6TR, STM32U083KCU6, STM32U083MCI6, STM32U083MCT6, STM32U083RCI6, STM32U083RCT6, STM32U375CET6, STM32U375CET6Q, STM32U375CEU6, STM32U375CEU6Q, STM32U375CEY6QTR, STM32U375CGT6, STM32U375CGT6Q, STM32U375CGU6, STM32U375CGU6Q, STM32U375CGY6QTR, STM32U375KEU6, STM32U375KGU6, STM32U375REI6, STM32U375REI6Q, STM32U375RET6, STM32U375RET6Q, STM32U375REY6GTR, STM32U375REY6QTR, STM32U375RGI6, STM32U375RGI6Q, STM32U375RGT6, STM32U375RGT6Q, STM32U375RGY6GTR, STM32U375RGY6QTR, STM32U375VEI6, STM32U375VEI6Q, STM32U375VET6, STM32U375VET6Q, STM32U375VGI6, STM32U375VGI6Q, STM32U375VGT6, STM32U375VGT6Q, STM32U385CGT6, STM32U385CGT6Q, STM32U385CGU6, STM32U385CGU6Q, STM32U385CGY6QTR, STM32U385KGU6, STM32U385RGI6, STM32U385RGI6Q, STM32U385RGT6, STM32U385RGT6Q, STM32U385RGY6GTR, STM32U385RGY6QTR, STM32U385VGI6, STM32U385VGI6Q, STM32U385VGT6, STM32U385VGT6Q, STM32U535CBT6, STM32U535CBT6Q, STM32U535CBU6, STM32U535CBU6Q, STM32U535CCT6, STM32U535CCT6Q, STM32U535CCU6, STM32U535CCU6Q, STM32U535CET6, STM32U535CET6Q, STM32U535CEU6, STM32U535CEU6Q, STM32U535JEY6QTR, STM32U535NCY6QTR, STM32U535NEY6QTR, STM32U535RBI6, STM32U535RBI6Q, STM32U535RBT6, STM32U535RBT6Q, STM32U535RCI6, STM32U535RCI6Q, STM32U535RCT6, STM32U535RCT6Q, STM32U535REI6, STM32U535REI6Q, STM32U535RET6, STM32U535RET6Q, STM32U535VCI6, STM32U535VCI6Q, STM32U535VCT6, STM32U535VCT6Q, STM32U535VEI6, STM32U535VEI6Q, STM32U535VET6, STM32U535VET6Q, STM32U545CET6, STM32U545CET6Q, STM32U545CEU6, STM32U545CEU6Q, STM32U545JEY6QTR, STM32U545NEY6QTR, STM32U545REI6, STM32U545REI6Q, STM32U545RET6, STM32U545RET6Q, STM32U545VEI6, STM32U545VEI6Q, STM32U545VET6, STM32U545VET6Q, STM32U595AIH6, STM32U595AIH6Q, STM32U595AJH6, STM32U595AJH6Q, STM32U595QII6, STM32U595QII6Q, STM32U595QJI6, STM32U595QJI6Q, STM32U595RIT6, STM32U595RIT6Q, STM32U595RJT6, STM32U595RJT6Q, STM32U595VIT6, STM32U595VIT6Q, STM32U595VJT6, STM32U595VJT6Q, STM32U595ZIT6, STM32U595ZIT6Q, STM32U595ZIY6QTR, STM32U595ZJT6, STM32U595ZJT6Q, STM32U595ZJY6QTR, STM32U599BJY6QTR, STM32U599NIH6Q, STM32U599NJH6Q, STM32U599VIT6Q, STM32U599VJT6, STM32U599VJT6Q, STM32U599ZIT6Q, STM32U599ZIY6QTR, STM32U599ZJT6Q, STM32U599ZJY6QTR, STM32U5A5AJH6, STM32U5A5AJH6Q, STM32U5A5QII3Q , STM32U5A5QJI6, STM32U5A5QJI6Q, STM32U5A5RJT6, STM32U5A5RJT6Q, STM32U5A5VJT6, STM32U5A5VJT6Q, STM32U5A5ZJT6, STM32U5A5ZJT6Q, STM32U5A5ZJY6QTR, STM32U5A9BJY6QTR, STM32U5A9J-DK, STM32U5A9NJH6Q, STM32U5A9VJT6Q, STM32U5A9ZJT6Q, STM32U5A9ZJY6QTR, STM32U5F7VIT6, STM32U5F7VIT6Q, STM32U5F7VJT6, STM32U5F7VJT6Q, STM32U5F9BJY6QTR, STM32U5F9NJH6Q, STM32U5F9VIT6Q, STM32U5F9VJT6Q, STM32U5F9ZIJ6QTR, STM32U5F9ZIT6Q, STM32U5F9ZJJ6QTR, STM32U5F9ZJT6Q, STM32U5G7VJT6, STM32U5G7VJT6Q, STM32U5G9BJY6QTR, STM32U5G9J-DK1, STM32U5G9J-DK2, STM32U5G9NJH6Q, STM32U5G9VJT6Q, STM32U5G9ZJJ6QTR, STM32U5G9ZJT6Q, STM32WB05KZV6TR, STM32WB05KZV7TR, STM32WB05TZF6TR, STM32WB05TZF7TR, STM32WB06CCF6TR, STM32WB06CCF7TR, STM32WB06CCV6TR, STM32WB06CCV7TR, STM32WB06KCV6TR, STM32WB06KCV7TR, STM32WB07CCF6TR, STM32WB07CCF7TR, STM32WB07CCV6TR, STM32WB07CCV7TR, STM32WB07KCV6TR, STM32WB07KCV7TR, STM32WB09KEV6TR, STM32WB09KEV7TR, STM32WB09TEF6TR, STM32WB09TEF7TR, STM32WB1MMCH6, STM32WBA50KGU6, STM32WBA50KGU6TR, STM32WBA52CEU6, STM32WBA52CEU6TR, STM32WBA52CEU7, STM32WBA52CEU7TR, STM32WBA52CGU6, STM32WBA52CGU6TR, STM32WBA52CGU6U, STM32WBA52CGU7, STM32WBA52CGU7TR, STM32WBA52KEU6, STM32WBA52KEU6TR, STM32WBA52KGU6, STM32WBA52KGU6TR, STM32WBA54CEU6, STM32WBA54CEU6TR, STM32WBA54CEU7, STM32WBA54CEU7TR, STM32WBA54CGU6, STM32WBA54CGU6TR, STM32WBA54CGU7, STM32WBA54CGU7TR, STM32WBA54KEU6, STM32WBA54KEU6TR, STM32WBA54KEU7, STM32WBA54KEU7TR, STM32WBA54KGU6, STM32WBA54KGU6TR, STM32WBA54KGU7, STM32WBA54KGU7TR, STM32WBA55CEU6, STM32WBA55CEU6TR, STM32WBA55CEU7, STM32WBA55CEU7TR, STM32WBA55CGU6, STM32WBA55CGU6TR, STM32WBA55CGU6U, STM32WBA55CGU7, STM32WBA55CGU7TR, STM32WBA55G-DK1, STM32WBA55HEF6, STM32WBA55HEF7, STM32WBA55HGF6, STM32WBA55HGF7, STM32WBA55UEI6, STM32WBA55UEI6TR, STM32WBA55UEI7, STM32WBA55UEI7TR, STM32WBA55UGI6, STM32WBA55UGI6TR, STM32WBA55UGI7, STM32WBA55UGI7TR, STM32WBA5MJGH6TR, STM32WBA62CGU6, STM32WBA62CIU6, STM32WBA62MGF6, STM32WBA62MIF6, STM32WBA62PGI6, STM32WBA62PII6, STM32WBA63CGU6, STM32WBA63CGU7, STM32WBA63CIU6, STM32WBA63CIU7, STM32WBA64CGU6, STM32WBA64CGU7, STM32WBA64CIU6, STM32WBA64CIU7, STM32WBA65CGU6, STM32WBA65CGU7, STM32WBA65CIU6, STM32WBA65CIU7, STM32WBA65I-DK1, STM32WBA65MGF6, STM32WBA65MGF7, STM32WBA65MIF6, STM32WBA65MIF7, STM32WBA65PGI6, STM32WBA65PGI7, STM32WBA65PII6, STM32WBA65PII7, STM32WBA65RGV6, STM32WBA65RGV7, STM32WBA65RIV6, STM32WBA65RIV7, STM32WL30K8V6, STM32WL30KBV6, STM32WL31C8V6, STM32WL31CBV6, STM32WL31K8V6, STM32WL31KBV6, STM32WL33C8V6, STM32WL33C8V6TR, STM32WL33C8V7, STM32WL33C8V7TR, STM32WL33CBV6, STM32WL33CBV6TR, STM32WL33CBV7, STM32WL33CBV7TR, STM32WL33CCV6, STM32WL33CCV6TR, STM32WL33CCV7, STM32WL33CCV7A, STM32WL33CCV7ATR, STM32WL33CCV7TR, STM32WL33K8V6, STM32WL33K8V6TR, STM32WL33K8V7, STM32WL33K8V7TR, STM32WL33KBV6, STM32WL33KBV6TR, STM32WL33KBV7, STM32WL33KBV7TR, STM32WL33KCV6, STM32WL33KCV6TR, STM32WL33KCV7, STM32WL33KCV7TR, STM32WL5MOCH6, STM32WL5MOCH6TR]
2025-06-01 09:45:50,901 [INFO] DbMcus:218 - Found 4686 MCUs, 4686 are supported
2025-06-01 09:45:50,901 [INFO] ApiDb:423 - Load user favorites file C:\Users\gagno/.stm32cubeide/favorites.mcus.txt: 0 item(s)
2025-06-01 09:45:50,901 [INFO] ApiDb:427 - User favorites MCUs=[]
2025-06-01 09:45:50,901 [INFO] DbMcus:224 - Set 0 / 0 favorites MCUs
2025-06-01 09:45:51,297 [INFO] ApiDb:423 - Load user favorites file C:\Users\gagno/.stm32cubeide/favorites.boards.txt: 0 item(s)
2025-06-01 09:45:51,297 [INFO] ApiDb:427 - User favorites Boards=[]
2025-06-01 09:45:51,297 [INFO] DbBoards:198 - Set 0 / 0 favorites Boards
2025-06-01 09:45:51,365 [INFO] UtilMem:75 - End LoadConfig() Used Memory: 168804776 Bytes (339738624)
2025-06-01 09:45:51,471 [WARN] ThirdParty:833 - waiting for thirdparty lock release [change project]
2025-06-01 09:45:51,471 [INFO] ThirdParty:835 - entering critical section [change project]
2025-06-01 09:45:51,471 [INFO] ThirdParty:1030 - CMSIS Pack Vendor :STMicroelectronics USBPD 4.1
2025-06-01 09:45:51,471 [INFO] ThirdParty:1030 - CMSIS Pack Vendor :STMicroelectronics X-CUBE-GNSS1 6.0.0
2025-06-01 09:45:51,471 [INFO] ThirdParty:1030 - CMSIS Pack Vendor :STMicroelectronics USB_HOST 2.0.0
2025-06-01 09:45:51,471 [INFO] ThirdParty:1030 - CMSIS Pack Vendor :STMicroelectronics FP-SNS-MOTENVWB1 1.4.0
2025-06-01 09:45:51,471 [INFO] ThirdParty:1030 - CMSIS Pack Vendor :STMicroelectronics X-CUBE-AZRTOS-F4 1.1.0
2025-06-01 09:45:51,471 [INFO] ThirdParty:1030 - CMSIS Pack Vendor :STMicroelectronics LIBJPEG 8.0.0
2025-06-01 09:45:51,471 [INFO] ThirdParty:1030 - CMSIS Pack Vendor :STMicroelectronics FP-ATR-ASTRA1 2.0.2
2025-06-01 09:45:51,471 [INFO] ThirdParty:1030 - CMSIS Pack Vendor :STMicroelectronics FP-ATR-ASTRA1 2.0.1
2025-06-01 09:45:51,471 [INFO] ThirdParty:1030 - CMSIS Pack Vendor :Avnet-IotConnect X-CUBE-IoTC-DA16k-PMOD 1.0.0
2025-06-01 09:45:51,471 [INFO] ThirdParty:1030 - CMSIS Pack Vendor :STMicroelectronics X-CUBE-SMBUS 2.1.0
2025-06-01 09:45:51,471 [INFO] ThirdParty:1030 - CMSIS Pack Vendor :STMicroelectronics X-CUBE-WB05N 1.1.0
2025-06-01 09:45:51,471 [INFO] ThirdParty:1030 - CMSIS Pack Vendor :STMicroelectronics X-CUBE-ISPU 2.1.0
2025-06-01 09:45:51,471 [INFO] ThirdParty:1030 - CMSIS Pack Vendor :STMicroelectronics X-CUBE-FREERTOS 1.2.0
2025-06-01 09:45:51,471 [INFO] ThirdParty:1030 - CMSIS Pack Vendor :STMicroelectronics X-CUBE-ST60 1.0.0
2025-06-01 09:45:51,471 [INFO] ThirdParty:1030 - CMSIS Pack Vendor :STMicroelectronics X-CUBE-TOUCHGFX 4.23.2
2025-06-01 09:45:51,471 [INFO] ThirdParty:1030 - CMSIS Pack Vendor :STMicroelectronics X-CUBE-AZRTOS-F7 1.1.0
2025-06-01 09:45:51,471 [INFO] ThirdParty:1030 - CMSIS Pack Vendor :STMicroelectronics X-CUBE-AZRTOS-L5 2.0.0
2025-06-01 09:45:51,471 [INFO] ThirdParty:1030 - CMSIS Pack Vendor :STMicroelectronics USB_DEVICE 2.0.0
2025-06-01 09:45:51,471 [INFO] ThirdParty:1030 - CMSIS Pack Vendor :STMicroelectronics X-CUBE-NFC6 3.1.0
2025-06-01 09:45:51,471 [INFO] ThirdParty:1030 - CMSIS Pack Vendor :STMicroelectronics X-CUBE-MEMS1 11.0.0
2025-06-01 09:45:51,471 [INFO] ThirdParty:1030 - CMSIS Pack Vendor :STMicroelectronics FreeRTOS 0.0.1
2025-06-01 09:45:51,471 [INFO] ThirdParty:1030 - CMSIS Pack Vendor :STMicroelectronics X-CUBE-DPower 1.2.0
2025-06-01 09:45:51,471 [INFO] ThirdParty:1030 - CMSIS Pack Vendor :STMicroelectronics FP-SNS-FLIGHT1 5.0.2
2025-06-01 09:45:51,471 [INFO] ThirdParty:1030 - CMSIS Pack Vendor :STMicroelectronics X-CUBE-AI 9.0.0
2025-06-01 09:45:51,471 [INFO] ThirdParty:1030 - CMSIS Pack Vendor :STMicroelectronics PDM2PCM 3.3.0
2025-06-01 09:45:51,471 [INFO] ThirdParty:1030 - CMSIS Pack Vendor :STMicroelectronics X-CUBE-DISPLAY 3.0.0
2025-06-01 09:45:51,471 [INFO] ThirdParty:1030 - CMSIS Pack Vendor :STMicroelectronics X-CUBE-BLE1 7.0.0
2025-06-01 09:45:51,471 [INFO] ThirdParty:1030 - CMSIS Pack Vendor :STMicroelectronics X-CUBE-NFC10 1.0.0
2025-06-01 09:45:51,471 [INFO] ThirdParty:1030 - CMSIS Pack Vendor :STMicroelectronics X-CUBE-BLEMGR 4.0.0
2025-06-01 09:45:51,471 [INFO] ThirdParty:1030 - CMSIS Pack Vendor :STMicroelectronics X-CUBE-FREERTOS 1.3.1
2025-06-01 09:45:51,471 [INFO] ThirdParty:1030 - CMSIS Pack Vendor :STMicroelectronics HAL Drivers 0.0.0
2025-06-01 09:45:51,471 [INFO] ThirdParty:1030 - CMSIS Pack Vendor :emotas I-CUBE-CANOPEN 1.3.0
2025-06-01 09:45:51,471 [INFO] ThirdParty:1030 - CMSIS Pack Vendor :STMicroelectronics X-CUBE-FREERTOS 1.3.0
2025-06-01 09:45:51,471 [INFO] ThirdParty:1030 - CMSIS Pack Vendor :STMicroelectronics X-CUBE-NFC7 1.0.1
2025-06-01 09:45:51,471 [INFO] ThirdParty:1030 - CMSIS Pack Vendor :STMicroelectronics MBEDTLS 2.14.1
2025-06-01 09:45:51,471 [INFO] ThirdParty:1030 - CMSIS Pack Vendor :wolfSSL I-CUBE-wolfTPM 3.2.0
2025-06-01 09:45:51,471 [INFO] ThirdParty:1030 - CMSIS Pack Vendor :STMicroelectronics X-CUBE-BLEMGR 3.1.0
2025-06-01 09:45:51,471 [INFO] ThirdParty:1030 - CMSIS Pack Vendor :STMicroelectronics X-CUBE-AI 10.0.0
2025-06-01 09:45:51,471 [INFO] ThirdParty:1030 - CMSIS Pack Vendor :STMicroelectronics FP-SNS-SMARTAG2 1.2.0
2025-06-01 09:45:51,471 [INFO] ThirdParty:1030 - CMSIS Pack Vendor :STMicroelectronics FP-SNS-FLIGHT1 5.1.0
2025-06-01 09:45:51,471 [INFO] ThirdParty:1030 - CMSIS Pack Vendor :STMicroelectronics X-CUBE-MEMS1 11.1.0
2025-06-01 09:45:51,471 [INFO] ThirdParty:1030 - CMSIS Pack Vendor :STMicroelectronics X-CUBE-AZRTOS-WL 2.0.0
2025-06-01 09:45:51,471 [INFO] ThirdParty:1030 - CMSIS Pack Vendor :STMicroelectronics X-CUBE-DPower 1.3.0
2025-06-01 09:45:51,471 [INFO] ThirdParty:1030 - CMSIS Pack Vendor :STMicroelectronics FP-SNS-MOTENV1 5.0.0
2025-06-01 09:45:51,471 [INFO] ThirdParty:1030 - CMSIS Pack Vendor :STMicroelectronics USB_DEVICE 1.0.0
2025-06-01 09:45:51,471 [INFO] ThirdParty:1030 - CMSIS Pack Vendor :STMicroelectronics X-CUBE-AI 8.1.0
2025-06-01 09:45:51,471 [INFO] ThirdParty:1030 - CMSIS Pack Vendor :wolfSSL I-CUBE-wolfMQTT 1.19.0
2025-06-01 09:45:51,471 [INFO] ThirdParty:1030 - CMSIS Pack Vendor :STMicroelectronics X-CUBE-AZRTOS-L4 2.0.0
2025-06-01 09:45:51,471 [INFO] ThirdParty:1030 - CMSIS Pack Vendor :STMicroelectronics ThreadX 0.0.2
2025-06-01 09:45:51,471 [INFO] ThirdParty:1030 - CMSIS Pack Vendor :WES I-CUBE-Cesium 1.3.0
2025-06-01 09:45:51,471 [INFO] ThirdParty:1030 - CMSIS Pack Vendor :STMicroelectronics lwIP 2.1.2
2025-06-01 09:45:51,471 [INFO] ThirdParty:1030 - CMSIS Pack Vendor :STMicroelectronics X-CUBE-SFXS2LP1 4.0.0
2025-06-01 09:45:51,471 [INFO] ThirdParty:1030 - CMSIS Pack Vendor :STMicroelectronics X-CUBE-BLE2 3.3.0
2025-06-01 09:45:51,471 [INFO] ThirdParty:1030 - CMSIS Pack Vendor :STMicroelectronics PDM2PCM 3.2.0
2025-06-01 09:45:51,471 [INFO] ThirdParty:1030 - CMSIS Pack Vendor :STMicroelectronics X-CUBE-AZRTOS-H7 3.3.0
2025-06-01 09:45:51,471 [INFO] ThirdParty:1030 - CMSIS Pack Vendor :STMicroelectronics X-CUBE-NFC9 1.0.0
2025-06-01 09:45:51,471 [INFO] ThirdParty:1030 - CMSIS Pack Vendor :STMicroelectronics X-CUBE-BLE1 7.1.0
2025-06-01 09:45:51,471 [INFO] ThirdParty:1030 - CMSIS Pack Vendor :STMicroelectronics USB_DEVICE 3.0.0
2025-06-01 09:45:51,471 [INFO] ThirdParty:1030 - CMSIS Pack Vendor :STMicroelectronics X-CUBE-TCPP 4.1.0
2025-06-01 09:45:51,471 [INFO] ThirdParty:1030 - CMSIS Pack Vendor :STMicroelectronics X-CUBE-IPS 3.0.0
2025-06-01 09:45:51,471 [INFO] ThirdParty:1030 - CMSIS Pack Vendor :STMicroelectronics X-CUBE-AZRTOS-WB 2.0.0
2025-06-01 09:45:51,471 [INFO] ThirdParty:1030 - CMSIS Pack Vendor :STMicroelectronics X-CUBE-GNSS1 7.0.0
2025-06-01 09:45:51,471 [INFO] ThirdParty:1030 - CMSIS Pack Vendor :STMicroelectronics X-CUBE-GNSS1 7.0.1
2025-06-01 09:45:51,471 [INFO] ThirdParty:1030 - CMSIS Pack Vendor :STMicroelectronics X-CUBE-TOUCHGFX 4.25.0
2025-06-01 09:45:51,471 [INFO] ThirdParty:1030 - CMSIS Pack Vendor :STMicroelectronics X-CUBE-AI 10.1.0
2025-06-01 09:45:51,471 [INFO] ThirdParty:1030 - CMSIS Pack Vendor :STMicroelectronics FP-SNS-STBOX1 2.0.0
2025-06-01 09:45:51,471 [INFO] ThirdParty:1030 - CMSIS Pack Vendor :STMicroelectronics X-CUBE-ALGOBUILD 1.3.0
2025-06-01 09:45:51,471 [INFO] ThirdParty:1030 - CMSIS Pack Vendor :STMicroelectronics X-CUBE-MEMS1 11.2.0
2025-06-01 09:45:51,471 [INFO] ThirdParty:1030 - CMSIS Pack Vendor :STMicroelectronics X-CUBE-AZRTOS-G0 1.1.0
2025-06-01 09:45:51,471 [INFO] ThirdParty:1030 - CMSIS Pack Vendor :STMicroelectronics X-CUBE-SAFEA1 1.2.2
2025-06-01 09:45:51,471 [INFO] ThirdParty:1030 - CMSIS Pack Vendor :STMicroelectronics X-CUBE-NFC4 3.0.0
2025-06-01 09:45:51,471 [INFO] ThirdParty:1030 - CMSIS Pack Vendor :STMicroelectronics X-CUBE-SUBG2 5.0.0
2025-06-01 09:45:51,471 [INFO] ThirdParty:1030 - CMSIS Pack Vendor :STMicroelectronics X-CUBE-AZRTOS-H7RS 1.1.0
2025-06-01 09:45:51,471 [INFO] ThirdParty:1030 - CMSIS Pack Vendor :STMicroelectronics STM32_WPAN 1.0.0
2025-06-01 09:45:51,471 [INFO] ThirdParty:1030 - CMSIS Pack Vendor :wolfSSL I-CUBE-wolfMQTT 1.18.0
2025-06-01 09:45:51,471 [INFO] ThirdParty:1030 - CMSIS Pack Vendor :EmbeddedOffice I-CUBE-FS-RTOS 1.0.1
2025-06-01 09:45:51,471 [INFO] ThirdParty:1030 - CMSIS Pack Vendor :STMicroelectronics lwIP 2.0.3
2025-06-01 09:45:51,471 [INFO] ThirdParty:1030 - CMSIS Pack Vendor :STMicroelectronics USB_HOST 1.0.0
2025-06-01 09:45:51,471 [INFO] ThirdParty:1030 - CMSIS Pack Vendor :STMicroelectronics X-CUBE-AZRTOS-G4 2.0.0
2025-06-01 09:45:51,471 [INFO] ThirdParty:1030 - CMSIS Pack Vendor :STMicroelectronics X-CUBE-WB05N 2.0.0
2025-06-01 09:45:51,471 [INFO] ThirdParty:1030 - CMSIS Pack Vendor :STMicroelectronics PDM2PCM 3.1.0
2025-06-01 09:45:51,471 [INFO] ThirdParty:1030 - CMSIS Pack Vendor :STMicroelectronics X-CUBE-NFC7 2.0.0
2025-06-01 09:45:51,471 [INFO] ThirdParty:1030 - CMSIS Pack Vendor :STMicroelectronics X-CUBE-TCPP 4.2.0
2025-06-01 09:45:51,471 [INFO] ThirdParty:1030 - CMSIS Pack Vendor :RealThread X-CUBE-RT-Thread_Nano 4.1.1
2025-06-01 09:45:51,471 [INFO] ThirdParty:1030 - CMSIS Pack Vendor :wolfSSL I-CUBE-wolfSSL 5.7.0
2025-06-01 09:45:51,471 [INFO] ThirdParty:1030 - CMSIS Pack Vendor :STMicroelectronics FP-SNS-MOTENVWB1 1.3.1
2025-06-01 09:45:51,471 [INFO] ThirdParty:1030 - CMSIS Pack Vendor :STMicroelectronics FP-ATR-SIGFOX1 3.2.0
2025-06-01 09:45:51,471 [INFO] ThirdParty:1030 - CMSIS Pack Vendor :quantropi X-CUBE-qispace-sdk-base 1.9.3
2025-06-01 09:45:51,471 [INFO] ThirdParty:1030 - CMSIS Pack Vendor :STMicroelectronics X-CUBE-ISPU 2.0.0
2025-06-01 09:45:51,471 [INFO] ThirdParty:1030 - CMSIS Pack Vendor :STMicroelectronics X-CUBE-EEPRMA1 5.1.0
2025-06-01 09:45:51,471 [INFO] ThirdParty:1030 - CMSIS Pack Vendor :STMicroelectronics MBEDTLS 2.16.2
2025-06-01 09:45:51,471 [INFO] ThirdParty:1030 - CMSIS Pack Vendor :STMicroelectronics X-CUBE-IPS 3.1.0
2025-06-01 09:45:51,471 [INFO] ThirdParty:1030 - CMSIS Pack Vendor :STMicroelectronics X-CUBE-ALS 1.0.2
2025-06-01 09:45:51,471 [INFO] ThirdParty:1030 - CMSIS Pack Vendor :STMicroelectronics X-CUBE-MEMS1 10.0.0
2025-06-01 09:45:51,471 [INFO] ThirdParty:1030 - CMSIS Pack Vendor :STMicroelectronics X-CUBE-FREERTOS 1.1.0
2025-06-01 09:45:51,471 [INFO] ThirdParty:1030 - CMSIS Pack Vendor :STMicroelectronics X-CUBE-TOUCHGFX 4.24.0
2025-06-01 09:45:51,471 [INFO] ThirdParty:1030 - CMSIS Pack Vendor :ITTIA_DB I-CUBE-ITTIADB 8.9.0
2025-06-01 09:45:51,471 [INFO] ThirdParty:1030 - CMSIS Pack Vendor :STMicroelectronics X-CUBE-TOUCHGFX 4.24.2
2025-06-01 09:45:51,471 [INFO] ThirdParty:1030 - CMSIS Pack Vendor :STMicroelectronics X-CUBE-TOUCHGFX 4.24.1
2025-06-01 09:45:51,471 [INFO] ThirdParty:1030 - CMSIS Pack Vendor :portGmbH I-Cube-SoM-uGOAL 1.1.0
2025-06-01 09:45:51,471 [INFO] ThirdParty:1030 - CMSIS Pack Vendor :STMicroelectronics X-CUBE-ALS 1.0.1
2025-06-01 09:45:51,471 [INFO] ThirdParty:1030 - CMSIS Pack Vendor :STMicroelectronics ThreadX 1.0.0
2025-06-01 09:45:51,471 [INFO] ThirdParty:1030 - CMSIS Pack Vendor :SEGGER I-CUBE-embOS 1.3.1
2025-06-01 09:45:51,471 [INFO] ThirdParty:1030 - CMSIS Pack Vendor :STMicroelectronics X-CUBE-ALGOBUILD 1.4.0
2025-06-01 09:45:51,471 [INFO] ThirdParty:1030 - CMSIS Pack Vendor :STMicroelectronics X-CUBE-AZRTOS-H7RS 1.0.0
2025-06-01 09:45:51,471 [INFO] ThirdParty:1030 - CMSIS Pack Vendor :STMicroelectronics FP-ATR-ASTRA1 2.0.0
2025-06-01 09:45:51,471 [INFO] ThirdParty:1030 - CMSIS Pack Vendor :STMicroelectronics X-CUBE-TOF1 3.4.2
2025-06-01 09:45:51,471 [INFO] ThirdParty:1030 - CMSIS Pack Vendor :STMicroelectronics X-CUBE-TOF1 3.4.3
2025-06-01 09:45:51,471 [INFO] ThirdParty:1030 - CMSIS Pack Vendor :STMicroelectronics X-CUBE-AI 9.1.0
2025-06-01 09:45:51,471 [INFO] ThirdParty:1030 - CMSIS Pack Vendor :STMicroelectronics X-CUBE-TOF1 3.4.1
2025-06-01 09:45:51,471 [INFO] ThirdParty:1030 - CMSIS Pack Vendor :STMicroelectronics X-CUBE-AZRTOS-H7 3.2.0
2025-06-01 09:45:51,471 [INFO] ThirdParty:1030 - CMSIS Pack Vendor :Infineon AIROC-Wi-Fi-Bluetooth-STM32 1.6.0
2025-06-01 09:45:51,471 [INFO] ThirdParty:1030 - CMSIS Pack Vendor :wolfSSL I-CUBE-wolfSSH 1.4.17
2025-06-01 09:45:51,471 [INFO] ThirdParty:841 - exiting critical section [change project]
2025-06-01 09:45:52,016 [INFO] PinOutPanel:1589 - setPackage(No Configuration,No Configuration)
2025-06-01 09:45:52,016 [INFO] PinOutPanel:1589 - setPackage(STM32F412ZGTx,LQFP144)
2025-06-01 09:45:52,508 [INFO] UtilMem:75 - Before build in PCC Used Memory: 257913344 Bytes (339738624)
2025-06-01 09:45:53,296 [INFO] UtilMem:75 - After build in PCC Used Memory: 188325952 Bytes (339738624)
2025-06-01 09:45:53,439 [INFO] ApiDbMcu:508 - Load IP Config File for USB_DEVICE
2025-06-01 09:45:53,490 [INFO] IPUIPlugin:80 - create IPUIPlugin
2025-06-01 09:45:53,490 [INFO] IPUIPlugin:80 - create IPUIPlugin
2025-06-01 09:45:53,490 [INFO] IPUIPlugin:80 - create IPUIPlugin
2025-06-01 09:45:53,490 [INFO] IPUIPlugin:80 - create IPUIPlugin
2025-06-01 09:45:53,490 [INFO] IPUIPlugin:80 - create IPUIPlugin
2025-06-01 09:45:53,490 [INFO] IPUIPlugin:80 - create IPUIPlugin
2025-06-01 09:45:53,490 [INFO] IPUIPlugin:80 - create IPUIPlugin
2025-06-01 09:45:53,490 [INFO] IPUIPlugin:80 - create IPUIPlugin
2025-06-01 09:45:53,490 [INFO] IPUIPlugin:80 - create IPUIPlugin
2025-06-01 09:45:53,490 [INFO] IPUIPlugin:80 - create IPUIPlugin
2025-06-01 09:45:53,490 [INFO] IPUIPlugin:80 - create IPUIPlugin
2025-06-01 09:45:53,490 [INFO] IPUIPlugin:80 - create IPUIPlugin
2025-06-01 09:45:53,490 [INFO] IPUIPlugin:80 - create IPUIPlugin
2025-06-01 09:45:53,490 [INFO] IPUIPlugin:80 - create IPUIPlugin
2025-06-01 09:45:53,490 [INFO] IPUIPlugin:80 - create IPUIPlugin
2025-06-01 09:45:53,490 [INFO] IPUIPlugin:80 - create IPUIPlugin
2025-06-01 09:45:53,490 [INFO] IPUIPlugin:80 - create IPUIPlugin
2025-06-01 09:45:53,490 [INFO] IPUIPlugin:80 - create IPUIPlugin
2025-06-01 09:45:53,490 [INFO] IPUIPlugin:80 - create IPUIPlugin
2025-06-01 09:45:53,490 [INFO] IPUIPlugin:80 - create IPUIPlugin
2025-06-01 09:45:53,490 [INFO] IPUIPlugin:80 - create IPUIPlugin
2025-06-01 09:45:53,490 [INFO] IPUIPlugin:80 - create IPUIPlugin
2025-06-01 09:45:53,490 [INFO] IPUIPlugin:80 - create IPUIPlugin
2025-06-01 09:45:53,490 [INFO] IPUIPlugin:80 - create IPUIPlugin
2025-06-01 09:45:53,490 [INFO] IPUIPlugin:80 - create IPUIPlugin
2025-06-01 09:45:53,490 [INFO] IPUIPlugin:80 - create IPUIPlugin
2025-06-01 09:45:53,490 [INFO] IPUIPlugin:80 - create IPUIPlugin
2025-06-01 09:45:53,490 [INFO] IPUIPlugin:80 - create IPUIPlugin
2025-06-01 09:45:53,490 [INFO] IPUIPlugin:80 - create IPUIPlugin
2025-06-01 09:45:53,490 [INFO] IPUIPlugin:80 - create IPUIPlugin
2025-06-01 09:45:53,490 [INFO] IPUIPlugin:80 - create IPUIPlugin
2025-06-01 09:45:53,490 [INFO] IPUIPlugin:80 - create IPUIPlugin
2025-06-01 09:45:53,490 [INFO] IPUIPlugin:80 - create IPUIPlugin
2025-06-01 09:45:53,490 [INFO] IPUIPlugin:80 - create IPUIPlugin
2025-06-01 09:45:53,490 [INFO] IPUIPlugin:80 - create IPUIPlugin
2025-06-01 09:45:53,490 [INFO] IPUIPlugin:80 - create IPUIPlugin
2025-06-01 09:45:53,490 [INFO] IPUIPlugin:80 - create IPUIPlugin
2025-06-01 09:45:53,490 [INFO] IPUIPlugin:80 - create IPUIPlugin
2025-06-01 09:45:53,490 [INFO] IPUIPlugin:80 - create IPUIPlugin
2025-06-01 09:45:53,490 [INFO] IPUIPlugin:80 - create IPUIPlugin
2025-06-01 09:45:53,490 [INFO] IPUIPlugin:80 - create IPUIPlugin
2025-06-01 09:45:53,490 [INFO] IPUIPlugin:80 - create IPUIPlugin
2025-06-01 09:45:53,490 [INFO] IPUIPlugin:80 - create IPUIPlugin
2025-06-01 09:45:53,490 [INFO] IPUIPlugin:80 - create IPUIPlugin
2025-06-01 09:45:53,490 [INFO] IPUIPlugin:80 - create IPUIPlugin
2025-06-01 09:45:53,490 [INFO] IPUIPlugin:80 - create IPUIPlugin
2025-06-01 09:45:53,490 [INFO] IPUIPlugin:80 - create IPUIPlugin
2025-06-01 09:45:53,490 [INFO] IPUIPlugin:80 - create IPUIPlugin
2025-06-01 09:45:53,506 [INFO] IPUIPlugin:80 - create IPUIPlugin
2025-06-01 09:45:53,506 [INFO] IPUIPlugin:80 - create IPUIPlugin
2025-06-01 09:45:53,506 [INFO] IPUIPlugin:80 - create IPUIPlugin
2025-06-01 09:45:53,506 [INFO] IPUIPlugin:80 - create IPUIPlugin
2025-06-01 09:45:53,506 [INFO] IPUIPlugin:80 - create IPUIPlugin
2025-06-01 09:45:53,506 [INFO] IPUIPlugin:80 - create IPUIPlugin
2025-06-01 09:45:53,506 [INFO] IPUIPlugin:80 - create IPUIPlugin
2025-06-01 09:45:53,506 [INFO] IPUIPlugin:80 - create IPUIPlugin
2025-06-01 09:45:53,506 [INFO] IPUIPlugin:80 - create IPUIPlugin
2025-06-01 09:45:53,521 [INFO] ApiDbMcu:508 - Load IP Config File for PDM2PCM
2025-06-01 09:45:53,782 [INFO] CADModel:165 - CPN selected for project levelSTM32F412ZGT6
2025-06-01 09:45:53,782 [INFO] CADModel:114 - Register for checkConnection events
2025-06-01 09:45:53,840 [INFO] OpenFileManager:385 - Restore cursor
2025-06-01 09:45:54,053 [WARN] IP:2250 - DEVICE_SERIAL0_CDC_FS not found: check if there is a RefParameter without a condition.
2025-06-01 09:45:54,053 [WARN] IP:2250 - DEVICE_SERIAL1_CDC_FS not found: check if there is a RefParameter without a condition.
2025-06-01 09:45:54,053 [WARN] IP:2250 - DEVICE_SERIAL2_CDC_FS not found: check if there is a RefParameter without a condition.
2025-06-01 09:45:54,055 [WARN] IP:2250 - DEVICE_SERIAL0_CDC_FS not found: check if there is a RefParameter without a condition.
2025-06-01 09:45:54,055 [WARN] IP:2250 - DEVICE_SERIAL1_CDC_FS not found: check if there is a RefParameter without a condition.
2025-06-01 09:45:54,055 [WARN] IP:2250 - DEVICE_SERIAL2_CDC_FS not found: check if there is a RefParameter without a condition.
2025-06-01 09:45:58,014 [INFO] LogOutputStream:77 - [STDOUT_REDIRECT] 
2025-06-01 09:45:58,703 [INFO] McuFinderGlobals:63 - Set McuFinder mode to 2 (CubeIDE integrated)
2025-06-01 09:45:58,704 [INFO] UserAuth:486 - Internet connection configuration mode: 1
2025-06-01 09:45:58,728 [INFO] JxBrowserEngine:152 - Initiate JxBrowser Engine with user profile folder
2025-06-01 09:45:59,482 [INFO] WebApp:169 - Instantiating new browser for Auth
2025-06-01 09:46:00,060 [INFO] WebApp:463 - Apply proxy settings
2025-06-01 09:46:00,061 [INFO] WebApp:548 - Chromium requires no authentication
2025-06-01 09:46:00,067 [INFO] WebApp:491 - Direct internet connection detected
2025-06-01 09:46:00,090 [INFO] WebApp:894 - Register for checkConnection events
2025-06-01 09:46:00,090 [INFO] WebApp:463 - Apply proxy settings
2025-06-01 09:46:00,090 [INFO] WebApp:548 - Chromium requires no authentication
2025-06-01 09:46:00,091 [INFO] WebApp:491 - Direct internet connection detected
2025-06-01 09:46:00,221 [INFO] WebApp:225 - Starting web application
2025-06-01 09:46:00,221 [INFO] WebApp:593 - Web application path used C:\ST\STM32CubeIDE_1.15.0\STM32CubeIDE\plugins\com.st.stm32cube.common.mx_6.14.0.202502271554\db\plugins\mcufinder\reactClient1\index.html
2025-06-01 09:46:00,232 [INFO] WebApp:191 - Connection restablished
2025-06-01 09:46:00,335 [INFO] UserAuth:486 - Internet connection configuration mode: 1
2025-06-01 10:02:35,738 [INFO] Activator:176 - 


2025-06-01 10:02:35,738 [INFO] Activator:177 - !SESSION log4j initialized
2025-06-01 10:02:41,413 [INFO] LogOutputStream:77 - [STDOUT_REDIRECT] 
2025-06-01 10:02:42,286 [INFO] ApplicationProperties:184 - Using Application install path: C:\ST\STM32CubeIDE_1.15.0\STM32CubeIDE\plugins\com.st.stm32cube.common.mx_6.14.0.202502271554
2025-06-01 10:02:42,297 [INFO] DbMcusXml:78 - Set database path to: C:\ST\STM32CubeIDE_1.15.0\STM32CubeIDE\plugins\com.st.stm32cube.common.mx_6.14.0.202502271554\\db\/mcu/
2025-06-01 10:02:42,297 [INFO] ApiDb:274 - Set plugin database path to: C:\ST\STM32CubeIDE_1.15.0\STM32CubeIDE\plugins\com.st.stm32cube.common.mx_6.14.0.202502271554\\db\/plugins/boardmanager/
2025-06-01 10:02:42,298 [WARN] ApiDb:259 - Overriding images path with different value:  => C:\ST\STM32CubeIDE_1.15.0\STM32CubeIDE\plugins\com.st.stm32cube.common.mx_6.14.0.202502271554\\db\/plugins/mcufinder/images/
2025-06-01 10:02:42,302 [INFO] ApiDb:250 - Set database path to: C:\Users\gagno\.stmcufinder\plugins\mcufinder//mcu/
2025-06-01 10:02:42,302 [INFO] DbMcusAds:125 - Set database path to: C:\Users\gagno\.stmcufinder\plugins\mcufinder//mcu/
2025-06-01 10:02:42,304 [INFO] CrossReferenceDbSqlite:203 - Set database path to: C:\Users\gagno\.stmcufinder\plugins\mcufinder//mcu/cs/
2025-06-01 10:02:42,398 [INFO] RulesReader:64 - Compatibility file has been processed (301 Rules)
2025-06-01 10:02:42,494 [INFO] DbMcusXml:78 - Set database path to: C:\ST\STM32CubeIDE_1.15.0\STM32CubeIDE\plugins\com.st.stm32cube.common.mx_6.14.0.202502271554\\db\/mcu/
2025-06-01 10:02:42,494 [INFO] ApiDb:274 - Set plugin database path to: C:\ST\STM32CubeIDE_1.15.0\STM32CubeIDE\plugins\com.st.stm32cube.common.mx_6.14.0.202502271554\\db\/plugins/boardmanager/
2025-06-01 10:02:42,495 [INFO] ApiDb:261 - Set plugin images path to: C:\ST\STM32CubeIDE_1.15.0\STM32CubeIDE\plugins\com.st.stm32cube.common.mx_6.14.0.202502271554\\db\/plugins/mcufinder/images/
2025-06-01 10:02:42,495 [WARN] DbFile:41 - Overriding database path with different value: C:\Users\gagno\.stmcufinder\plugins\mcufinder/ => C:\Users\gagno\.stmcufinder\plugins\mcufinder
2025-06-01 10:02:42,495 [INFO] ApiDb:250 - Set database path to: C:\Users\gagno\.stmcufinder\plugins\mcufinder//mcu/
2025-06-01 10:02:42,495 [WARN] DbFile:41 - Overriding database path with different value: C:\Users\gagno\.stmcufinder\plugins\mcufinder/ => C:\Users\gagno\.stmcufinder\plugins\mcufinder
2025-06-01 10:02:42,495 [INFO] DbMcusAds:125 - Set database path to: C:\Users\gagno\.stmcufinder\plugins\mcufinder//mcu/
2025-06-01 10:02:42,495 [WARN] DbFile:41 - Overriding database path with different value: C:\Users\gagno\.stmcufinder\plugins\mcufinder/ => C:\Users\gagno\.stmcufinder\plugins\mcufinder
2025-06-01 10:02:42,495 [WARN] DbFile:41 - Overriding database path with different value: C:\Users\gagno\.stmcufinder\plugins\mcufinder/ => C:\Users\gagno\.stmcufinder\plugins\mcufinder
2025-06-01 10:02:42,495 [INFO] CrossReferenceDbSqlite:203 - Set database path to: C:\Users\gagno\.stmcufinder\plugins\mcufinder//mcu/cs/
2025-06-01 10:02:42,561 [INFO] MainPanel:272 - HeapMemory: 268435456
2025-06-01 10:02:42,641 [INFO] DbMcusXml:78 - Set database path to: C:\ST\STM32CubeIDE_1.15.0\STM32CubeIDE\plugins\com.st.stm32cube.common.mx_6.14.0.202502271554\\db\/mcu/
2025-06-01 10:02:42,642 [INFO] ApiDb:274 - Set plugin database path to: C:\ST\STM32CubeIDE_1.15.0\STM32CubeIDE\plugins\com.st.stm32cube.common.mx_6.14.0.202502271554\\db\/plugins/boardmanager/
2025-06-01 10:02:42,642 [INFO] ApiDb:261 - Set plugin images path to: C:\ST\STM32CubeIDE_1.15.0\STM32CubeIDE\plugins\com.st.stm32cube.common.mx_6.14.0.202502271554\\db\/plugins/mcufinder/images/
2025-06-01 10:02:42,642 [WARN] DbFile:41 - Overriding database path with different value: C:\Users\gagno\.stmcufinder\plugins\mcufinder/ => C:\Users\gagno\.stmcufinder\plugins\mcufinder
2025-06-01 10:02:42,642 [INFO] ApiDb:250 - Set database path to: C:\Users\gagno\.stmcufinder\plugins\mcufinder//mcu/
2025-06-01 10:02:42,642 [WARN] DbFile:41 - Overriding database path with different value: C:\Users\gagno\.stmcufinder\plugins\mcufinder/ => C:\Users\gagno\.stmcufinder\plugins\mcufinder
2025-06-01 10:02:42,642 [INFO] DbMcusAds:125 - Set database path to: C:\Users\gagno\.stmcufinder\plugins\mcufinder//mcu/
2025-06-01 10:02:42,642 [WARN] DbFile:41 - Overriding database path with different value: C:\Users\gagno\.stmcufinder\plugins\mcufinder/ => C:\Users\gagno\.stmcufinder\plugins\mcufinder
2025-06-01 10:02:42,643 [WARN] DbFile:41 - Overriding database path with different value: C:\Users\gagno\.stmcufinder\plugins\mcufinder/ => C:\Users\gagno\.stmcufinder\plugins\mcufinder
2025-06-01 10:02:42,643 [INFO] CrossReferenceDbSqlite:203 - Set database path to: C:\Users\gagno\.stmcufinder\plugins\mcufinder//mcu/cs/
2025-06-01 10:02:42,663 [INFO] ApplicationProperties:184 - Using Application install path: C:\ST\STM32CubeIDE_1.15.0\STM32CubeIDE\plugins\com.st.stm32cube.common.mx_6.14.0.202502271554
2025-06-01 10:02:42,664 [INFO] PluginManage:196 - Search for loadable plugins [exclusion list=, ]
2025-06-01 10:02:42,664 [INFO] PluginManage:310 - Check plugin analytics
2025-06-01 10:02:42,846 [INFO] AnalyticsPlugin:253 - Accepted Software Licenses: 
2025-06-01 10:02:42,847 [INFO] AnalyticsPlugin:255 - Accepted CMSIS Pack Licenses: 
2025-06-01 10:02:42,847 [INFO] AnalyticsPlugin:257 - Accepted Firmware Licenses: FW.F4.1.28.0
2025-06-01 10:02:42,850 [INFO] PluginManage:359 - Loaded plugin analytics (category:tool,tabindex:-1)
2025-06-01 10:02:42,850 [INFO] PluginManage:310 - Check plugin cadmodel
2025-06-01 10:02:42,855 [INFO] CADModel:105 - Init CAD model plugin
2025-06-01 10:02:42,855 [INFO] PluginManage:359 - Loaded plugin cadmodel (category:power,tabindex:5)
2025-06-01 10:02:42,855 [INFO] PluginManage:310 - Check plugin clock
2025-06-01 10:02:42,864 [INFO] PluginManage:359 - Loaded plugin clock (category:base,tabindex:2)
2025-06-01 10:02:42,864 [INFO] PluginManage:310 - Check plugin ddr
2025-06-01 10:02:42,867 [INFO] PluginManage:359 - Loaded plugin ddr (category:tool,tabindex:6)
2025-06-01 10:02:42,867 [INFO] PluginManage:310 - Check plugin filemanager
2025-06-01 10:02:42,986 [INFO] PluginManage:359 - Loaded plugin filemanager (category:base,tabindex:10)
2025-06-01 10:02:42,986 [INFO] PluginManage:310 - Check plugin ipmanager
2025-06-01 10:02:42,991 [INFO] PluginManage:359 - Loaded plugin ipmanager (category:base,tabindex:5)
2025-06-01 10:02:42,992 [INFO] PluginManage:310 - Check plugin lpbam
2025-06-01 10:02:42,997 [INFO] PluginManage:359 - Loaded plugin lpbam (category:base,tabindex:0)
2025-06-01 10:02:42,997 [INFO] PluginManage:310 - Check plugin memorymap
2025-06-01 10:02:43,005 [INFO] PluginManage:359 - Loaded plugin memorymap (category:base,tabindex:4)
2025-06-01 10:02:43,005 [INFO] PluginManage:310 - Check plugin pinoutandconfiguration
2025-06-01 10:02:43,010 [INFO] PluginManage:359 - Loaded plugin pinoutandconfiguration (category:base,tabindex:1)
2025-06-01 10:02:43,010 [INFO] PluginManage:310 - Check plugin pinoutconfig
2025-06-01 10:02:43,098 [WARN] SupportedApi:132 - Cannot load RTOS API schema: s4s-elt-must-match.1: The content of 'definitions' must match (annotation?, (simpleType | complexType)?, (unique | key | keyref)*)). A problem was found starting at: attribute.
2025-06-01 10:02:43,215 [INFO] PluginManage:359 - Loaded plugin pinoutconfig (category:base,tabindex:0)
2025-06-01 10:02:43,216 [INFO] PluginManage:310 - Check plugin power
2025-06-01 10:02:43,227 [INFO] PluginManage:359 - Loaded plugin power (category:power,tabindex:4)
2025-06-01 10:02:43,227 [INFO] PluginManage:310 - Check plugin projectmanager
2025-06-01 10:02:43,242 [INFO] PluginManage:359 - Loaded plugin projectmanager (category:projectmanager,tabindex:4)
2025-06-01 10:02:43,242 [INFO] PluginManage:310 - Check plugin rif
2025-06-01 10:02:43,248 [INFO] PluginManage:359 - Loaded plugin rif (category:base,tabindex:3)
2025-06-01 10:02:43,248 [INFO] PluginManage:310 - Check plugin thirdparty
2025-06-01 10:02:43,368 [WARN] IntegrityCheckThread:84 - waiting for thirdparty lock release [integrity check]
2025-06-01 10:02:43,369 [INFO] IntegrityCheckThread:86 - entering critical section [integrity check]
2025-06-01 10:02:43,369 [INFO] PluginManage:359 - Loaded plugin thirdparty (category:base,tabindex:-1)
2025-06-01 10:02:43,369 [INFO] PluginManage:310 - Check plugin tools
2025-06-01 10:02:43,369 [INFO] ThirdPartyUpdaterWithRetryManager:70 - Updater plugin not ready yet. [1/15]
2025-06-01 10:02:43,371 [INFO] PluginManage:359 - Loaded plugin tools (category:base,tabindex:7)
2025-06-01 10:02:43,372 [INFO] PluginManage:310 - Check plugin tutovideos
2025-06-01 10:02:43,515 [INFO] PluginManage:359 - Loaded plugin tutovideos (category:base,tabindex:-1)
2025-06-01 10:02:43,515 [INFO] PluginManage:310 - Check plugin updater
2025-06-01 10:02:43,537 [INFO] PluginManage:359 - Loaded plugin updater (category:base,tabindex:12)
2025-06-01 10:02:43,537 [INFO] PluginManage:310 - Check plugin userauth
2025-06-01 10:02:43,543 [INFO] UserAuth:118 - Init User Auth plugin
2025-06-01 10:02:43,544 [INFO] PluginManage:359 - Loaded plugin userauth (category:base,tabindex:14)
2025-06-01 10:02:43,545 [INFO] PluginManage:283 - PluginManage : Loaded plugins [18]
2025-06-01 10:02:43,734 [INFO] PinOutPanel:1589 - setPackage(No Configuration,No Configuration)
2025-06-01 10:02:43,813 [INFO] CADModel:165 - CPN selected for project level
2025-06-01 10:02:43,813 [INFO] CADModel:114 - Register for checkConnection events
2025-06-01 10:02:43,828 [INFO] IPUIPlugin:80 - create IPUIPlugin
2025-06-01 10:02:43,829 [INFO] PluginManager:220 - loadIPPluginJar : add adc
2025-06-01 10:02:43,831 [INFO] IPUIPlugin:80 - create IPUIPlugin
2025-06-01 10:02:43,831 [INFO] PluginManager:220 - loadIPPluginJar : add aes
2025-06-01 10:02:43,835 [INFO] IPUIPlugin:80 - create IPUIPlugin
2025-06-01 10:02:43,835 [INFO] PluginManager:220 - loadIPPluginJar : add can
2025-06-01 10:02:43,837 [INFO] IPUIPlugin:80 - create IPUIPlugin
2025-06-01 10:02:43,837 [INFO] PluginManager:220 - loadIPPluginJar : add comp
2025-06-01 10:02:43,840 [INFO] IPUIPlugin:80 - create IPUIPlugin
2025-06-01 10:02:43,840 [INFO] PluginManager:220 - loadIPPluginJar : add cryp
2025-06-01 10:02:43,843 [INFO] IPUIPlugin:80 - create IPUIPlugin
2025-06-01 10:02:43,843 [INFO] PluginManager:220 - loadIPPluginJar : add ddr_ctrl_phy
2025-06-01 10:02:43,847 [INFO] IPUIPlugin:80 - create IPUIPlugin
2025-06-01 10:02:43,847 [INFO] PluginManager:220 - loadIPPluginJar : add dfsdm
2025-06-01 10:02:43,854 [INFO] IPUIPlugin:80 - create IPUIPlugin
2025-06-01 10:02:43,854 [INFO] PluginManager:220 - loadIPPluginJar : add dma
2025-06-01 10:02:43,857 [INFO] IPUIPlugin:80 - create IPUIPlugin
2025-06-01 10:02:43,857 [INFO] PluginManager:220 - loadIPPluginJar : add dma3
2025-06-01 10:02:43,860 [INFO] IPUIPlugin:80 - create IPUIPlugin
2025-06-01 10:02:43,860 [INFO] PluginManager:220 - loadIPPluginJar : add extmemmanager
2025-06-01 10:02:43,862 [INFO] IPUIPlugin:80 - create IPUIPlugin
2025-06-01 10:02:43,862 [INFO] PluginManager:220 - loadIPPluginJar : add fatfs
2025-06-01 10:02:43,867 [INFO] IPUIPlugin:80 - create IPUIPlugin
2025-06-01 10:02:43,867 [INFO] PluginManager:220 - loadIPPluginJar : add fmc
2025-06-01 10:02:43,874 [INFO] IPUIPlugin:80 - create IPUIPlugin
2025-06-01 10:02:43,874 [INFO] PluginManager:220 - loadIPPluginJar : add freertos
2025-06-01 10:02:43,875 [INFO] IPUIPlugin:80 - create IPUIPlugin
2025-06-01 10:02:43,876 [INFO] PluginManager:220 - loadIPPluginJar : add genericplugin
2025-06-01 10:02:43,878 [INFO] IPUIPlugin:80 - create IPUIPlugin
2025-06-01 10:02:43,878 [INFO] PluginManager:220 - loadIPPluginJar : add gfxmmu
2025-06-01 10:02:43,883 [INFO] IPUIPlugin:80 - create IPUIPlugin
2025-06-01 10:02:43,883 [INFO] PluginManager:220 - loadIPPluginJar : add gic
2025-06-01 10:02:43,887 [INFO] IPUIPlugin:80 - create IPUIPlugin
2025-06-01 10:02:43,887 [INFO] PluginManager:220 - loadIPPluginJar : add gpio
2025-06-01 10:02:43,889 [INFO] IPUIPlugin:80 - create IPUIPlugin
2025-06-01 10:02:43,890 [INFO] PluginManager:220 - loadIPPluginJar : add gtzc
2025-06-01 10:02:43,892 [INFO] IPUIPlugin:80 - create IPUIPlugin
2025-06-01 10:02:43,892 [INFO] PluginManager:220 - loadIPPluginJar : add hash
2025-06-01 10:02:43,895 [INFO] IPUIPlugin:80 - create IPUIPlugin
2025-06-01 10:02:43,895 [INFO] PluginManager:220 - loadIPPluginJar : add i2c
2025-06-01 10:02:43,899 [INFO] IPUIPlugin:80 - create IPUIPlugin
2025-06-01 10:02:43,899 [INFO] PluginManager:220 - loadIPPluginJar : add i2s
2025-06-01 10:02:43,902 [INFO] IPUIPlugin:80 - create IPUIPlugin
2025-06-01 10:02:43,902 [INFO] PluginManager:220 - loadIPPluginJar : add i3c
2025-06-01 10:02:43,905 [INFO] IPUIPlugin:80 - create IPUIPlugin
2025-06-01 10:02:43,905 [INFO] PluginManager:220 - loadIPPluginJar : add ipddr
2025-06-01 10:02:43,912 [INFO] IPUIPlugin:80 - create IPUIPlugin
2025-06-01 10:02:43,912 [INFO] PluginManager:220 - loadIPPluginJar : add linkedlist
2025-06-01 10:02:43,916 [INFO] IPUIPlugin:80 - create IPUIPlugin
2025-06-01 10:02:43,916 [INFO] PluginManager:220 - loadIPPluginJar : add lorawan
2025-06-01 10:02:43,917 [INFO] IPUIPlugin:80 - create IPUIPlugin
2025-06-01 10:02:43,917 [INFO] PluginManager:220 - loadIPPluginJar : add ltdc
2025-06-01 10:02:43,924 [INFO] IPUIPlugin:80 - create IPUIPlugin
2025-06-01 10:02:43,924 [INFO] PluginManager:220 - loadIPPluginJar : add mdma
2025-06-01 10:02:43,928 [INFO] IPUIPlugin:80 - create IPUIPlugin
2025-06-01 10:02:43,928 [INFO] PluginManager:220 - loadIPPluginJar : add nvic
2025-06-01 10:02:43,931 [INFO] IPUIPlugin:80 - create IPUIPlugin
2025-06-01 10:02:43,931 [INFO] PluginManager:220 - loadIPPluginJar : add opamp
2025-06-01 10:02:43,934 [INFO] IPUIPlugin:80 - create IPUIPlugin
2025-06-01 10:02:43,935 [INFO] PluginManager:220 - loadIPPluginJar : add openamp
2025-06-01 10:02:43,938 [INFO] IPUIPlugin:80 - create IPUIPlugin
2025-06-01 10:02:43,938 [INFO] PluginManager:220 - loadIPPluginJar : add pdm2pcm
2025-06-01 10:02:43,944 [INFO] IPUIPlugin:80 - create IPUIPlugin
2025-06-01 10:02:43,947 [INFO] PluginManager:220 - loadIPPluginJar : add plateformsettings
2025-06-01 10:02:43,948 [INFO] IPUIPlugin:80 - create IPUIPlugin
2025-06-01 10:02:43,949 [INFO] PluginManager:220 - loadIPPluginJar : add quadspi
2025-06-01 10:02:43,950 [INFO] IPUIPlugin:80 - create IPUIPlugin
2025-06-01 10:02:43,951 [INFO] PluginManager:220 - loadIPPluginJar : add radio
2025-06-01 10:02:43,954 [INFO] IPUIPlugin:80 - create IPUIPlugin
2025-06-01 10:02:43,954 [INFO] PluginManager:220 - loadIPPluginJar : add resmgrutility
2025-06-01 10:02:43,959 [INFO] IPUIPlugin:80 - create IPUIPlugin
2025-06-01 10:02:43,959 [INFO] PluginManager:220 - loadIPPluginJar : add sai
2025-06-01 10:02:43,963 [INFO] IPUIPlugin:80 - create IPUIPlugin
2025-06-01 10:02:43,963 [INFO] PluginManager:220 - loadIPPluginJar : add spi
2025-06-01 10:02:43,968 [INFO] IPUIPlugin:80 - create IPUIPlugin
2025-06-01 10:02:43,969 [INFO] PluginManager:220 - loadIPPluginJar : add stm32_wpan
2025-06-01 10:02:43,971 [INFO] IPUIPlugin:80 - create IPUIPlugin
2025-06-01 10:02:43,971 [INFO] PluginManager:220 - loadIPPluginJar : add tim
2025-06-01 10:02:43,976 [INFO] IPUIPlugin:80 - create IPUIPlugin
2025-06-01 10:02:43,976 [INFO] PluginManager:220 - loadIPPluginJar : add touchsensing
2025-06-01 10:02:43,977 [INFO] IPUIPlugin:80 - create IPUIPlugin
2025-06-01 10:02:43,978 [INFO] PluginManager:220 - loadIPPluginJar : add tracer_emb
2025-06-01 10:02:43,979 [INFO] IPUIPlugin:80 - create IPUIPlugin
2025-06-01 10:02:43,979 [INFO] PluginManager:220 - loadIPPluginJar : add ts
2025-06-01 10:02:43,980 [INFO] IPUIPlugin:80 - create IPUIPlugin
2025-06-01 10:02:43,981 [INFO] PluginManager:220 - loadIPPluginJar : add tsc
2025-06-01 10:02:43,982 [INFO] IPUIPlugin:80 - create IPUIPlugin
2025-06-01 10:02:43,982 [INFO] PluginManager:220 - loadIPPluginJar : add ucpd
2025-06-01 10:02:43,984 [INFO] IPUIPlugin:80 - create IPUIPlugin
2025-06-01 10:02:43,984 [INFO] PluginManager:220 - loadIPPluginJar : add usart
2025-06-01 10:02:43,988 [INFO] IPUIPlugin:80 - create IPUIPlugin
2025-06-01 10:02:43,988 [INFO] PluginManager:220 - loadIPPluginJar : add usbx
2025-06-01 10:02:44,108 [FATAL] Updater:351 - Updater called before beeing initialized
2025-06-01 10:02:44,129 [INFO] RulesReader:64 - Compatibility file has been processed (301 Rules)
2025-06-01 10:02:44,138 [INFO] RulesReader:64 - Compatibility file has been processed (301 Rules)
2025-06-01 10:02:44,144 [INFO] CADModel:165 - CPN selected for project level
2025-06-01 10:02:44,144 [INFO] CADModel:114 - Register for checkConnection events
2025-06-01 10:02:44,144 [FATAL] Updater:351 - Updater called before beeing initialized
2025-06-01 10:02:44,144 [ERROR] CADModel:125 - Updater not yet initialized, retry later 
2025-06-01 10:02:44,271 [FATAL] Updater:351 - Updater called before beeing initialized
2025-06-01 10:02:44,272 [INFO] CADModel:165 - CPN selected for project level
2025-06-01 10:02:44,272 [INFO] CADModel:114 - Register for checkConnection events
2025-06-01 10:02:44,272 [FATAL] Updater:351 - Updater called before beeing initialized
2025-06-01 10:02:44,272 [ERROR] CADModel:125 - Updater not yet initialized, retry later 
2025-06-01 10:02:44,275 [FATAL] Updater:351 - Updater called before beeing initialized
2025-06-01 10:02:44,366 [FATAL] Updater:351 - Updater called before beeing initialized
2025-06-01 10:02:44,370 [INFO] DbMcusAds:53 - JSON generation date=Wed May 07 05:07:55 EDT 2025 (1746608875484)
2025-06-01 10:02:44,370 [FATAL] Updater:351 - Updater called before beeing initialized
2025-06-01 10:02:44,398 [WARN] DetailPanel:346 - Failed to get advertising image, set to default
2025-06-01 10:02:44,645 [FATAL] Updater:351 - Updater called before beeing initialized
2025-06-01 10:02:44,646 [FATAL] Updater:351 - Updater called before beeing initialized
2025-06-01 10:02:44,647 [FATAL] Updater:351 - Updater called before beeing initialized
2025-06-01 10:02:44,647 [WARN] DetailPanel:346 - Failed to get advertising image, set to default
2025-06-01 10:02:44,647 [FATAL] Updater:351 - Updater called before beeing initialized
2025-06-01 10:02:44,690 [ERROR] Updater:1198 - MainUpdater not yet initialized. External WinMGr cannot be set.
2025-06-01 10:02:44,691 [INFO] Updater:1134 - Updater Version found : 6.14.0
2025-06-01 10:02:44,703 [INFO] ApplicationProperties:184 - Using Application install path: C:\ST\STM32CubeIDE_1.15.0\STM32CubeIDE\plugins\com.st.stm32cube.common.mx_6.14.0.202502271554
2025-06-01 10:02:44,953 [INFO] MainUpdater:2872 - connection check result : 10
2025-06-01 10:02:44,954 [INFO] MainUpdater:289 - Updater Check For Update Now.
2025-06-01 10:02:44,954 [INFO] MicroXplorer:498 - Change Database Version : DB.6.0.140
2025-06-01 10:02:44,960 [INFO] McuFinderGlobals:63 - Set McuFinder mode to 2 (CubeIDE integrated)
2025-06-01 10:02:44,961 [INFO] UserAuth:486 - Internet connection configuration mode: 1
2025-06-01 10:02:44,980 [INFO] JxBrowserEngine:152 - Initiate JxBrowser Engine with user profile folder
2025-06-01 10:02:45,129 [INFO] CheckServerUpdateThread:120 - End of CheckServer Thread
2025-06-01 10:02:45,640 [INFO] WebApp:169 - Instantiating new browser for Auth
2025-06-01 10:02:46,280 [INFO] WebApp:463 - Apply proxy settings
2025-06-01 10:02:46,280 [INFO] WebApp:548 - Chromium requires no authentication
2025-06-01 10:02:46,289 [INFO] WebApp:491 - Direct internet connection detected
2025-06-01 10:02:46,316 [INFO] WebApp:894 - Register for checkConnection events
2025-06-01 10:02:46,316 [INFO] WebApp:463 - Apply proxy settings
2025-06-01 10:02:46,316 [INFO] WebApp:548 - Chromium requires no authentication
2025-06-01 10:02:46,317 [INFO] WebApp:491 - Direct internet connection detected
2025-06-01 10:02:46,549 [INFO] WebApp:191 - Connection restablished
2025-06-01 10:02:46,674 [INFO] WebApp:225 - Starting web application
2025-06-01 10:02:46,674 [INFO] WebApp:593 - Web application path used C:\ST\STM32CubeIDE_1.15.0\STM32CubeIDE\plugins\com.st.stm32cube.common.mx_6.14.0.202502271554\db\plugins\mcufinder\reactClient1\index.html
2025-06-01 10:02:46,807 [WARN] PackLoader:240 - Cannot read IP mode file for STMicroelectronics.FP-SNS-MOTENVWB1.1.4.0
2025-06-01 10:02:46,827 [WARN] PackLoader:240 - Cannot read IP mode file for STMicroelectronics.FP-ATR-ASTRA1.2.0.2
2025-06-01 10:02:46,833 [WARN] PackLoader:240 - Cannot read IP mode file for STMicroelectronics.FP-ATR-ASTRA1.2.0.1
2025-06-01 10:02:46,851 [WARN] PackLoader:240 - Cannot read IP mode file for STMicroelectronics.X-CUBE-SMBUS.2.1.0
2025-06-01 10:02:46,863 [WARN] PackLoader:240 - Cannot read IP mode file for STMicroelectronics.X-CUBE-WB05N.1.1.0
2025-06-01 10:02:46,873 [WARN] PackLoader:240 - Cannot read IP mode file for STMicroelectronics.X-CUBE-ST60.1.0.0
2025-06-01 10:02:46,882 [WARN] PackLoader:240 - Cannot read IP mode file for STMicroelectronics.X-CUBE-TOUCHGFX.4.23.2
2025-06-01 10:02:46,901 [INFO] UserAuth:486 - Internet connection configuration mode: 1
2025-06-01 10:02:46,925 [WARN] PackLoader:240 - Cannot read IP mode file for STMicroelectronics.X-CUBE-AZRTOS-F7.1.1.0
2025-06-01 10:02:46,999 [WARN] PackLoader:240 - Cannot read IP mode file for STMicroelectronics.X-CUBE-MEMS1.11.0.0
2025-06-01 10:02:47,139 [WARN] PackLoader:240 - Cannot read IP mode file for STMicroelectronics.FP-SNS-FLIGHT1.5.0.2
2025-06-01 10:02:47,146 [WARN] PackLoader:240 - Cannot read IP mode file for STMicroelectronics.X-CUBE-DISPLAY.3.0.0
2025-06-01 10:02:47,152 [WARN] PackLoader:240 - Cannot read IP mode file for STMicroelectronics.X-CUBE-BLE1.7.0.0
2025-06-01 10:02:47,157 [WARN] PackLoader:240 - Cannot read IP mode file for STMicroelectronics.X-CUBE-NFC10.1.0.0
2025-06-01 10:02:47,170 [WARN] PackLoader:240 - Cannot read IP mode file for STMicroelectronics.X-CUBE-BLEMGR.4.0.0
2025-06-01 10:02:47,178 [WARN] PackLoader:240 - Cannot read IP mode file for emotas.I-CUBE-CANOPEN.1.3.0
2025-06-01 10:02:47,184 [WARN] PackLoader:240 - Cannot read IP mode file for STMicroelectronics.X-CUBE-BLEMGR.3.1.0
2025-06-01 10:02:47,190 [WARN] PackLoader:240 - Cannot read IP mode file for STMicroelectronics.X-CUBE-AI.10.0.0
2025-06-01 10:02:47,198 [WARN] PackLoader:240 - Cannot read IP mode file for STMicroelectronics.FP-SNS-SMARTAG2.1.2.0
2025-06-01 10:02:47,203 [WARN] PackLoader:240 - Cannot read IP mode file for STMicroelectronics.FP-SNS-FLIGHT1.5.1.0
2025-06-01 10:02:47,242 [WARN] PackLoader:240 - Cannot read IP mode file for STMicroelectronics.X-CUBE-MEMS1.11.1.0
2025-06-01 10:02:47,365 [INFO] LogOutputStream:77 - [STDOUT_REDIRECT] 1 : Invalid condition id : UX_CORESTACK_Condition cause : null
2025-06-01 10:02:47,365 [INFO] LogOutputStream:77 - [STDOUT_REDIRECT] 1 : Invalid condition id : UX_CORESTACK_Condition cause : null
2025-06-01 10:02:47,366 [INFO] LogOutputStream:77 - [STDOUT_REDIRECT] 1 : Invalid condition id : UX_CORESTACK_Condition cause : null
2025-06-01 10:02:47,368 [INFO] LogOutputStream:77 - [STDOUT_REDIRECT] 1 : Invalid condition id : UX_CORESTACK_Condition cause : null
2025-06-01 10:02:47,368 [INFO] LogOutputStream:77 - [STDOUT_REDIRECT] 1 : Invalid condition id : UX_CORESTACK_Condition cause : null
2025-06-01 10:02:47,370 [WARN] PackLoader:240 - Cannot read IP mode file for STMicroelectronics.X-CUBE-AZRTOS-WL.2.0.0
2025-06-01 10:02:47,375 [WARN] PackLoader:240 - Cannot read IP mode file for STMicroelectronics.FP-SNS-MOTENV1.5.0.0
2025-06-01 10:02:47,380 [WARN] PackLoader:240 - Cannot read IP mode file for wolfSSL.I-CUBE-wolfMQTT.1.19.0
2025-06-01 10:02:47,389 [WARN] PackLoader:240 - Cannot read IP mode file for WES.I-CUBE-Cesium.1.3.0
2025-06-01 10:02:47,395 [WARN] PackLoader:240 - Cannot read IP mode file for STMicroelectronics.X-CUBE-BLE2.3.3.0
2025-06-01 10:02:47,401 [WARN] PackLoader:240 - Cannot read IP mode file for STMicroelectronics.X-CUBE-NFC9.1.0.0
2025-06-01 10:02:47,405 [WARN] PackLoader:240 - Cannot read IP mode file for STMicroelectronics.X-CUBE-BLE1.7.1.0
2025-06-01 10:02:47,411 [WARN] PackLoader:240 - Cannot read IP mode file for STMicroelectronics.X-CUBE-TCPP.4.1.0
2025-06-01 10:02:47,416 [WARN] PackLoader:240 - Cannot read IP mode file for STMicroelectronics.X-CUBE-AI.10.1.0
2025-06-01 10:02:47,421 [WARN] PackLoader:240 - Cannot read IP mode file for STMicroelectronics.X-CUBE-ALGOBUILD.1.3.0
2025-06-01 10:02:47,473 [WARN] PackLoader:240 - Cannot read IP mode file for STMicroelectronics.X-CUBE-MEMS1.11.2.0
2025-06-01 10:02:47,676 [WARN] PackLoader:240 - Cannot read IP mode file for STMicroelectronics.X-CUBE-AZRTOS-G0.1.1.0
2025-06-01 10:02:47,683 [WARN] PackLoader:240 - Cannot read IP mode file for STMicroelectronics.X-CUBE-SAFEA1.1.2.2
2025-06-01 10:02:47,689 [WARN] PackLoader:240 - Cannot read IP mode file for STMicroelectronics.X-CUBE-NFC4.3.0.0
2025-06-01 10:02:47,693 [WARN] PackLoader:240 - Cannot read IP mode file for wolfSSL.I-CUBE-wolfMQTT.1.18.0
2025-06-01 10:02:47,700 [WARN] PackLoader:240 - Cannot read IP mode file for EmbeddedOffice.I-CUBE-FS-RTOS.1.0.1
2025-06-01 10:02:47,705 [WARN] PackLoader:240 - Cannot read IP mode file for STMicroelectronics.X-CUBE-WB05N.2.0.0
2025-06-01 10:02:47,709 [WARN] PackLoader:240 - Cannot read IP mode file for STMicroelectronics.X-CUBE-TCPP.4.2.0
2025-06-01 10:02:47,715 [WARN] PackLoader:240 - Cannot read IP mode file for RealThread.X-CUBE-RT-Thread_Nano.4.1.1
2025-06-01 10:02:47,719 [WARN] PackLoader:240 - Cannot read IP mode file for wolfSSL.I-CUBE-wolfSSL.5.7.0
2025-06-01 10:02:47,722 [WARN] PackLoader:240 - Cannot read IP mode file for STMicroelectronics.FP-ATR-SIGFOX1.3.2.0
2025-06-01 10:02:47,727 [WARN] ConditionMgr:438 - getConditionDescription Invalid condition id : Cortex-A Device cause : null
2025-06-01 10:02:47,747 [WARN] ConditionMgr:1044 - genDependencies : Invalid condition id : Cortex-A Device cause : null
2025-06-01 10:02:47,747 [WARN] ConditionMgr:1044 - genDependencies : Invalid condition id : Cortex-A Device cause : null
2025-06-01 10:02:47,747 [WARN] ConditionMgr:1044 - genDependencies : Invalid condition id : Cortex-A Device cause : null
2025-06-01 10:02:47,753 [WARN] PackLoader:240 - Cannot read IP mode file for STMicroelectronics.X-CUBE-EEPRMA1.5.1.0
2025-06-01 10:02:47,760 [WARN] PackLoader:240 - Cannot read IP mode file for ITTIA_DB.I-CUBE-ITTIADB.8.9.0
2025-06-01 10:02:47,786 [WARN] PackLoader:240 - Cannot read IP mode file for SEGGER.I-CUBE-embOS.1.3.1
2025-06-01 10:02:47,812 [WARN] PackLoader:240 - Cannot read IP mode file for STMicroelectronics.X-CUBE-ALGOBUILD.1.4.0
2025-06-01 10:02:47,816 [WARN] PackLoader:240 - Cannot read IP mode file for STMicroelectronics.X-CUBE-AI.9.1.0
2025-06-01 10:02:47,820 [WARN] PackLoader:240 - Cannot read IP mode file for STMicroelectronics.X-CUBE-GNSS1.6.0.0
2025-06-01 10:02:47,832 [WARN] PackLoader:240 - Cannot read IP mode file for STMicroelectronics.X-CUBE-AZRTOS-F4.1.1.0
2025-06-01 10:02:47,837 [WARN] PackLoader:240 - Cannot read IP mode file for Avnet-IotConnect.X-CUBE-IoTC-DA16k-PMOD.1.0.0
2025-06-01 10:02:47,840 [WARN] PackLoader:240 - Cannot read IP mode file for STMicroelectronics.X-CUBE-ISPU.2.1.0
2025-06-01 10:02:47,845 [WARN] PackLoader:240 - Cannot read IP mode file for STMicroelectronics.X-CUBE-FREERTOS.1.2.0
2025-06-01 10:02:47,857 [WARN] PackLoader:240 - Cannot read IP mode file for STMicroelectronics.X-CUBE-AZRTOS-L5.2.0.0
2025-06-01 10:02:47,865 [WARN] PackLoader:240 - Cannot read IP mode file for STMicroelectronics.X-CUBE-NFC6.3.1.0
2025-06-01 10:02:47,870 [WARN] PackLoader:240 - Cannot read IP mode file for STMicroelectronics.X-CUBE-DPower.1.2.0
2025-06-01 10:02:47,873 [WARN] PackLoader:240 - Cannot read IP mode file for STMicroelectronics.X-CUBE-AI.9.0.0
2025-06-01 10:02:47,877 [WARN] PackLoader:240 - Cannot read IP mode file for STMicroelectronics.X-CUBE-FREERTOS.1.3.1
2025-06-01 10:02:47,881 [WARN] PackLoader:240 - Cannot read IP mode file for STMicroelectronics.X-CUBE-FREERTOS.1.3.0
2025-06-01 10:02:47,885 [WARN] PackLoader:240 - Cannot read IP mode file for STMicroelectronics.X-CUBE-NFC7.1.0.1
2025-06-01 10:02:47,888 [WARN] PackLoader:240 - Cannot read IP mode file for wolfSSL.I-CUBE-wolfTPM.3.2.0
2025-06-01 10:02:47,892 [WARN] PackLoader:240 - Cannot read IP mode file for STMicroelectronics.X-CUBE-DPower.1.3.0
2025-06-01 10:02:47,895 [WARN] PackLoader:240 - Cannot read IP mode file for STMicroelectronics.X-CUBE-AI.8.1.0
2025-06-01 10:02:47,914 [WARN] ConditionMgr:438 - getConditionDescription Invalid condition id : LAN8742 Phy interface Condition cause : null
2025-06-01 10:02:47,915 [WARN] PackLoader:240 - Cannot read IP mode file for STMicroelectronics.X-CUBE-AZRTOS-L4.2.0.0
2025-06-01 10:02:47,916 [WARN] ConditionMgr:1044 - genDependencies : Invalid condition id : LAN8742 Phy interface Condition cause : null
2025-06-01 10:02:47,916 [WARN] ConditionMgr:1044 - genDependencies : Invalid condition id : LAN8742 Phy interface Condition cause : null
2025-06-01 10:02:47,916 [WARN] ConditionMgr:1044 - genDependencies : Invalid condition id : LAN8742 Phy interface Condition cause : null
2025-06-01 10:02:47,922 [WARN] PackLoader:240 - Cannot read IP mode file for STMicroelectronics.X-CUBE-SFXS2LP1.4.0.0
2025-06-01 10:02:47,938 [WARN] PackLoader:240 - Cannot read IP mode file for STMicroelectronics.X-CUBE-AZRTOS-H7.3.3.0
2025-06-01 10:02:47,947 [WARN] PackLoader:240 - Cannot read IP mode file for STMicroelectronics.X-CUBE-IPS.3.0.0
2025-06-01 10:02:47,957 [WARN] ConditionMgr:438 - getConditionDescription Invalid condition id : UX DEVICE CLASS RTOS Condition cause : null
2025-06-01 10:02:47,958 [WARN] ConditionMgr:438 - getConditionDescription Invalid condition id : UX DEVICE CLASS RTOS Condition cause : null
2025-06-01 10:02:47,959 [WARN] PackLoader:240 - Cannot read IP mode file for STMicroelectronics.X-CUBE-AZRTOS-WB.2.0.0
2025-06-01 10:02:47,959 [WARN] ConditionMgr:1044 - genDependencies : Invalid condition id : UX DEVICE CLASS RTOS Condition cause : null
2025-06-01 10:02:47,959 [WARN] ConditionMgr:1044 - genDependencies : Invalid condition id : UX DEVICE CLASS RTOS Condition cause : null
2025-06-01 10:02:47,960 [WARN] ConditionMgr:1044 - genDependencies : Invalid condition id : UX DEVICE CLASS RTOS Condition cause : null
2025-06-01 10:02:47,960 [WARN] ConditionMgr:1044 - genDependencies : Invalid condition id : UX DEVICE CLASS RTOS Condition cause : null
2025-06-01 10:02:47,960 [WARN] ConditionMgr:1044 - genDependencies : Invalid condition id : UX DEVICE CLASS RTOS Condition cause : null
2025-06-01 10:02:47,963 [WARN] PackLoader:240 - Cannot read IP mode file for STMicroelectronics.X-CUBE-GNSS1.7.0.0
2025-06-01 10:02:47,967 [WARN] PackLoader:240 - Cannot read IP mode file for STMicroelectronics.X-CUBE-GNSS1.7.0.1
2025-06-01 10:02:47,970 [WARN] PackLoader:240 - Cannot read IP mode file for STMicroelectronics.X-CUBE-TOUCHGFX.4.25.0
2025-06-01 10:02:47,975 [WARN] PackLoader:240 - Cannot read IP mode file for STMicroelectronics.FP-SNS-STBOX1.2.0.0
2025-06-01 10:02:47,983 [WARN] PackLoader:240 - Cannot read IP mode file for STMicroelectronics.X-CUBE-SUBG2.5.0.0
2025-06-01 10:02:47,998 [WARN] PackLoader:240 - Cannot read IP mode file for STMicroelectronics.X-CUBE-AZRTOS-H7RS.1.1.0
2025-06-01 10:02:48,012 [WARN] PackLoader:240 - Cannot read IP mode file for STMicroelectronics.X-CUBE-AZRTOS-G4.2.0.0
2025-06-01 10:02:48,017 [WARN] PackLoader:240 - Cannot read IP mode file for STMicroelectronics.X-CUBE-NFC7.2.0.0
2025-06-01 10:02:48,019 [WARN] PackLoader:240 - Cannot read IP mode file for STMicroelectronics.FP-SNS-MOTENVWB1.1.3.1
2025-06-01 10:02:48,022 [WARN] PackLoader:240 - Cannot read IP mode file for STMicroelectronics.X-CUBE-ISPU.2.0.0
2025-06-01 10:02:48,031 [WARN] PackLoader:240 - Cannot read IP mode file for STMicroelectronics.X-CUBE-IPS.3.1.0
2025-06-01 10:02:48,039 [WARN] PackLoader:240 - Cannot read IP mode file for STMicroelectronics.X-CUBE-ALS.1.0.2
2025-06-01 10:02:48,067 [WARN] PackLoader:240 - Cannot read IP mode file for STMicroelectronics.X-CUBE-MEMS1.10.0.0
2025-06-01 10:02:48,150 [WARN] PackLoader:240 - Cannot read IP mode file for STMicroelectronics.X-CUBE-FREERTOS.1.1.0
2025-06-01 10:02:48,159 [WARN] PackLoader:240 - Cannot read IP mode file for STMicroelectronics.X-CUBE-TOUCHGFX.4.24.0
2025-06-01 10:02:48,162 [WARN] PackLoader:240 - Cannot read IP mode file for STMicroelectronics.X-CUBE-TOUCHGFX.4.24.2
2025-06-01 10:02:48,165 [WARN] PackLoader:240 - Cannot read IP mode file for STMicroelectronics.X-CUBE-TOUCHGFX.4.24.1
2025-06-01 10:02:48,171 [WARN] PackLoader:240 - Cannot read IP mode file for portGmbH.I-Cube-SoM-uGOAL.1.1.0
2025-06-01 10:02:48,174 [WARN] PackLoader:240 - Cannot read IP mode file for STMicroelectronics.X-CUBE-ALS.1.0.1
2025-06-01 10:02:48,192 [WARN] PackLoader:240 - Cannot read IP mode file for STMicroelectronics.X-CUBE-AZRTOS-H7RS.1.0.0
2025-06-01 10:02:48,198 [WARN] PackLoader:240 - Cannot read IP mode file for STMicroelectronics.FP-ATR-ASTRA1.2.0.0
2025-06-01 10:02:48,209 [WARN] PackLoader:240 - Cannot read IP mode file for STMicroelectronics.X-CUBE-TOF1.3.4.2
2025-06-01 10:02:48,245 [WARN] PackLoader:240 - Cannot read IP mode file for STMicroelectronics.X-CUBE-TOF1.3.4.3
2025-06-01 10:02:48,265 [WARN] PackLoader:240 - Cannot read IP mode file for STMicroelectronics.X-CUBE-TOF1.3.4.1
2025-06-01 10:02:48,288 [WARN] PackLoader:240 - Cannot read IP mode file for STMicroelectronics.X-CUBE-AZRTOS-H7.3.2.0
2025-06-01 10:02:48,302 [WARN] PackLoader:240 - Cannot read IP mode file for Infineon.AIROC-Wi-Fi-Bluetooth-STM32.1.6.0
2025-06-01 10:02:48,320 [WARN] PackLoader:240 - Cannot read IP mode file for wolfSSL.I-CUBE-wolfSSH.1.4.17
2025-06-01 10:02:48,322 [INFO] ThirdParty:978 - Integrity check success = true
2025-06-01 10:02:48,322 [INFO] IntegrityCheckThread:100 - exiting critical section [integrity check]
2025-06-01 10:02:48,322 [INFO] IntegrityCheckThread:103 - End integrity checks thread
2025-06-01 10:13:21,884 [INFO] McuFinderGlobals:63 - Set McuFinder mode to 2 (CubeIDE integrated)
2025-06-01 10:13:21,888 [INFO] MainUpdater:2872 - connection check result : 10
2025-06-01 10:13:21,889 [INFO] MainUpdater:2872 - connection check result : 10
2025-06-01 10:13:21,923 [INFO] MicroXplorer:468 - Change Database Path : 
2025-06-01 10:13:21,923 [INFO] MicroXplorer:498 - Change Database Version : DB.6.0.140
2025-06-01 10:13:21,928 [WARN] ThirdParty:871 - waiting for thirdparty lock release [close project]
2025-06-01 10:13:21,928 [INFO] ThirdParty:873 - entering critical section [close project]
2025-06-01 10:13:21,930 [INFO] ThirdParty:883 - exiting critical section [close project]
2025-06-01 10:13:21,935 [INFO] PinOutPanel:1589 - setPackage(No Configuration,No Configuration)
2025-06-01 10:13:21,940 [INFO] UtilMem:75 - Begin LoadConfig() Used Memory: 902988144 Bytes (1073741824)
2025-06-01 10:13:21,943 [INFO] MicroXplorer:468 - Change Database Path : 
2025-06-01 10:13:21,943 [INFO] MicroXplorer:498 - Change Database Version : DB.6.0.140
2025-06-01 10:13:21,943 [INFO] OpenFileManager:354 - Change cursor
2025-06-01 10:13:22,010 [INFO] Mcu:2011 - Initializing MCU STM32F412Z(E-G)Tx STM32F412ZGTx STM32F412ZGT6
2025-06-01 10:13:24,066 [INFO] Context:756 - Trying to add GPIOservice into a context  which must be forbidden
2025-06-01 10:13:24,589 [INFO] ImportTextPane:218 - (OptionalMessage_ERROR) Pin45 (VP_RIF_VS_RIF1) cannot be retrieved for this MCU
2025-06-01 10:13:24,767 [INFO] RtosManager:558 - Registered RTOS mode: class=CMSIS, group=RTOS, mode=CMSIS_V1, owner=FREERTOS
2025-06-01 10:13:24,767 [INFO] RtosManager:558 - Registered RTOS mode: class=CMSIS, group=RTOS2, mode=CMSIS_V2, owner=FREERTOS
2025-06-01 10:13:24,767 [INFO] RtosManager:558 - Registered RTOS mode: class=RTOS, group=Core, mode=CMSIS_V1, owner=FREERTOS
2025-06-01 10:13:24,768 [INFO] RtosManager:558 - Registered RTOS mode: class=RTOS, group=Core, mode=CMSIS_V2, owner=FREERTOS
2025-06-01 10:13:24,768 [WARN] ModelIntegratedComponent:184 - Missing modes for component STMicroelectronics:FreeRTOS:0.0.1:STMicroelectronics:RTOS:FreeRTOS:Core:::10.2.0:
2025-06-01 10:13:24,774 [WARN] ModelIntegratedComponent:63 - No mode defined for component null
2025-06-01 10:13:24,774 [WARN] ModelIntegratedComponent:63 - No mode defined for component null
2025-06-01 10:13:24,774 [WARN] ModelIntegratedComponent:63 - No mode defined for component null
2025-06-01 10:13:24,775 [WARN] ModelIntegratedComponent:63 - No mode defined for component null
2025-06-01 10:13:24,775 [WARN] ModelIntegratedComponent:63 - No mode defined for component null
2025-06-01 10:13:24,775 [WARN] ModelIntegratedComponent:63 - No mode defined for component null
2025-06-01 10:13:24,775 [WARN] ModelIntegratedComponent:63 - No mode defined for component null
2025-06-01 10:13:24,775 [WARN] ModelIntegratedComponent:63 - No mode defined for component null
2025-06-01 10:13:24,775 [WARN] ModelIntegratedComponent:63 - No mode defined for component null
2025-06-01 10:13:24,775 [WARN] ModelIntegratedComponent:63 - No mode defined for component null
2025-06-01 10:13:24,775 [WARN] ModelIntegratedComponent:63 - No mode defined for component null
2025-06-01 10:13:24,775 [WARN] ModelIntegratedComponent:63 - No mode defined for component null
2025-06-01 10:13:24,775 [WARN] ModelIntegratedComponent:63 - No mode defined for component null
2025-06-01 10:13:24,775 [WARN] ModelIntegratedComponent:63 - No mode defined for component null
2025-06-01 10:13:24,775 [WARN] ModelIntegratedComponent:63 - No mode defined for component null
2025-06-01 10:13:24,776 [WARN] ModelIntegratedComponent:63 - No mode defined for component null
2025-06-01 10:13:24,776 [WARN] ModelIntegratedComponent:63 - No mode defined for component null
2025-06-01 10:13:24,776 [WARN] ModelIntegratedComponent:63 - No mode defined for component null
2025-06-01 10:13:24,776 [WARN] ModelIntegratedComponent:63 - No mode defined for component null
2025-06-01 10:13:24,776 [WARN] ModelIntegratedComponent:63 - No mode defined for component null
2025-06-01 10:13:24,776 [WARN] ModelIntegratedComponent:63 - No mode defined for component null
2025-06-01 10:13:24,776 [WARN] ModelIntegratedComponent:63 - No mode defined for component null
2025-06-01 10:13:24,776 [WARN] ModelIntegratedComponent:63 - No mode defined for component null
2025-06-01 10:13:24,776 [WARN] ModelIntegratedComponent:63 - No mode defined for component null
2025-06-01 10:13:24,776 [WARN] ModelIntegratedComponent:63 - No mode defined for component null
2025-06-01 10:13:24,776 [WARN] ModelIntegratedComponent:63 - No mode defined for component null
2025-06-01 10:13:24,777 [WARN] ModelIntegratedComponent:63 - No mode defined for component null
2025-06-01 10:13:24,777 [WARN] ModelIntegratedComponent:63 - No mode defined for component null
2025-06-01 10:13:24,777 [WARN] ModelIntegratedComponent:63 - No mode defined for component null
2025-06-01 10:13:24,777 [WARN] ModelIntegratedComponent:63 - No mode defined for component null
2025-06-01 10:13:24,777 [WARN] ModelIntegratedComponent:63 - No mode defined for component null
2025-06-01 10:13:24,777 [WARN] ModelIntegratedComponent:63 - No mode defined for component null
2025-06-01 10:13:24,777 [WARN] ModelIntegratedComponent:63 - No mode defined for component null
2025-06-01 10:13:24,777 [WARN] ModelIntegratedComponent:63 - No mode defined for component null
2025-06-01 10:13:24,777 [WARN] ModelIntegratedComponent:63 - No mode defined for component null
2025-06-01 10:13:24,777 [WARN] ModelPack:524 - Component already loaded: STMicroelectronics:HAL Drivers:0.0.0:STMicroelectronics:Device:STMicro_Driver:XSPI:HAL::0.0.1:HAL_XSPI
2025-06-01 10:13:24,836 [WARN] ModelIntegratedComponent:182 - Modes not found for component STMicroelectronics:USB_DEVICE:1.0.0:STMicroelectronics:USB::USB Device:Audio HS::1.0:USB_DEVICE_1_0_RESTRICTED_HS
2025-06-01 10:13:24,837 [WARN] ModelIntegratedComponent:188 - Modes not found for component STMicroelectronics:USB_DEVICE:1.0.0:STMicroelectronics:USB::USB Device:Audio HS::1.0:USB_DEVICE_1_0_RESTRICTED_HS
2025-06-01 10:13:24,837 [WARN] ModelIntegratedComponent:182 - Modes not found for component STMicroelectronics:USB_DEVICE:1.0.0:STMicroelectronics:USB::USB Device:CDC HS::1.0:USB_DEVICE_1_0_RESTRICTED_HS
2025-06-01 10:13:24,837 [WARN] ModelIntegratedComponent:188 - Modes not found for component STMicroelectronics:USB_DEVICE:1.0.0:STMicroelectronics:USB::USB Device:CDC HS::1.0:USB_DEVICE_1_0_RESTRICTED_HS
2025-06-01 10:13:24,837 [WARN] ModelIntegratedComponent:182 - Modes not found for component STMicroelectronics:USB_DEVICE:1.0.0:STMicroelectronics:USB::USB Device:DFU HS::1.0:USB_DEVICE_1_0_RESTRICTED_HS
2025-06-01 10:13:24,837 [WARN] ModelIntegratedComponent:188 - Modes not found for component STMicroelectronics:USB_DEVICE:1.0.0:STMicroelectronics:USB::USB Device:DFU HS::1.0:USB_DEVICE_1_0_RESTRICTED_HS
2025-06-01 10:13:24,837 [WARN] ModelIntegratedComponent:182 - Modes not found for component STMicroelectronics:USB_DEVICE:1.0.0:STMicroelectronics:USB::USB Device:HID HS::1.0:USB_DEVICE_1_0_RESTRICTED_HS
2025-06-01 10:13:24,837 [WARN] ModelIntegratedComponent:188 - Modes not found for component STMicroelectronics:USB_DEVICE:1.0.0:STMicroelectronics:USB::USB Device:HID HS::1.0:USB_DEVICE_1_0_RESTRICTED_HS
2025-06-01 10:13:24,837 [WARN] ModelIntegratedComponent:182 - Modes not found for component STMicroelectronics:USB_DEVICE:1.0.0:STMicroelectronics:USB::USB Device:Custom HID HS::1.0:USB_DEVICE_1_0_RESTRICTED_HS
2025-06-01 10:13:24,837 [WARN] ModelIntegratedComponent:188 - Modes not found for component STMicroelectronics:USB_DEVICE:1.0.0:STMicroelectronics:USB::USB Device:Custom HID HS::1.0:USB_DEVICE_1_0_RESTRICTED_HS
2025-06-01 10:13:24,837 [WARN] ModelIntegratedComponent:182 - Modes not found for component STMicroelectronics:USB_DEVICE:1.0.0:STMicroelectronics:USB::USB Device:MSC HS::1.0:USB_DEVICE_1_0_RESTRICTED_HS
2025-06-01 10:13:24,837 [WARN] ModelIntegratedComponent:188 - Modes not found for component STMicroelectronics:USB_DEVICE:1.0.0:STMicroelectronics:USB::USB Device:MSC HS::1.0:USB_DEVICE_1_0_RESTRICTED_HS
2025-06-01 10:13:24,910 [WARN] ModelIntegratedComponent:182 - Modes not found for component STMicroelectronics:USB_HOST:1.0.0:STMicroelectronics:USB::USB Host:Audio HS::1.0:USB_HOST_1_0_RESTRICTED_HS
2025-06-01 10:13:24,910 [WARN] ModelIntegratedComponent:188 - Modes not found for component STMicroelectronics:USB_HOST:1.0.0:STMicroelectronics:USB::USB Host:Audio HS::1.0:USB_HOST_1_0_RESTRICTED_HS
2025-06-01 10:13:24,910 [WARN] ModelIntegratedComponent:182 - Modes not found for component STMicroelectronics:USB_HOST:1.0.0:STMicroelectronics:USB::USB Host:CDC HS::1.0:USB_HOST_1_0_RESTRICTED_HS
2025-06-01 10:13:24,910 [WARN] ModelIntegratedComponent:188 - Modes not found for component STMicroelectronics:USB_HOST:1.0.0:STMicroelectronics:USB::USB Host:CDC HS::1.0:USB_HOST_1_0_RESTRICTED_HS
2025-06-01 10:13:24,910 [WARN] ModelIntegratedComponent:182 - Modes not found for component STMicroelectronics:USB_HOST:1.0.0:STMicroelectronics:USB::USB Host:MSC HS::1.0:USB_HOST_1_0_RESTRICTED_HS
2025-06-01 10:13:24,910 [WARN] ModelIntegratedComponent:188 - Modes not found for component STMicroelectronics:USB_HOST:1.0.0:STMicroelectronics:USB::USB Host:MSC HS::1.0:USB_HOST_1_0_RESTRICTED_HS
2025-06-01 10:13:24,910 [WARN] ModelIntegratedComponent:182 - Modes not found for component STMicroelectronics:USB_HOST:1.0.0:STMicroelectronics:USB::USB Host:HID HS::1.0:USB_HOST_1_0_RESTRICTED_HS
2025-06-01 10:13:24,910 [WARN] ModelIntegratedComponent:188 - Modes not found for component STMicroelectronics:USB_HOST:1.0.0:STMicroelectronics:USB::USB Host:HID HS::1.0:USB_HOST_1_0_RESTRICTED_HS
2025-06-01 10:13:24,910 [WARN] ModelIntegratedComponent:182 - Modes not found for component STMicroelectronics:USB_HOST:1.0.0:STMicroelectronics:USB::USB Host:MTP HS::1.0:USB_HOST_1_0_RESTRICTED_HS
2025-06-01 10:13:24,910 [WARN] ModelIntegratedComponent:188 - Modes not found for component STMicroelectronics:USB_HOST:1.0.0:STMicroelectronics:USB::USB Host:MTP HS::1.0:USB_HOST_1_0_RESTRICTED_HS
2025-06-01 10:13:25,010 [INFO] ThirdPartyModel:298 - Start build external matchings
2025-06-01 10:13:26,565 [INFO] ThirdPartyModel:316 - End build external matchings
2025-06-01 10:13:26,600 [INFO] ImportTextPane:218 - (OptionalMessage_ERROR) IP (RCC) : Invalid parameter (FamilyName)
2025-06-01 10:13:26,608 [WARN] IP:2250 - DEVICE_SERIAL0_CDC_FS not found: check if there is a RefParameter without a condition.
2025-06-01 10:13:26,608 [WARN] IP:2250 - DEVICE_SERIAL1_CDC_FS not found: check if there is a RefParameter without a condition.
2025-06-01 10:13:26,608 [WARN] IP:2250 - DEVICE_SERIAL2_CDC_FS not found: check if there is a RefParameter without a condition.
2025-06-01 10:13:26,985 [INFO] ApiDb:581 - Connected to CubeFinder SQLite database (C:\Users\gagno\.stmcufinder\plugins\mcufinder\mcu\cube-finder-db.db)
2025-06-01 10:13:27,054 [INFO] ApiDb:668 - CubeFinder database Data Model version=2.1
2025-06-01 10:13:27,054 [INFO] ApiDb:669 - CubeFinder database Configuration version=3.0.39
2025-06-01 10:13:27,054 [INFO] ApiDb:670 - CubeFinder database generation date=2025-04-23 (1745419778)
2025-06-01 10:13:27,055 [INFO] ApiDb:671 - CubeFinder database FW Pack versions=[FP-ATR-ASTRA1_V2.0.0, FP-SNS-FLIGHT1_V5.1.0, FP-SNS-MOTENV1_V5.0.0, FP-SNS-MOTENVWB1_V1.4.0, FP-SNS-SMARTAG2_V1.2.0, FP-SNS-STBOX1_V2.0.0, STM32Cube_FW_C0_V1.4.0, STM32Cube_FW_F4_V1.28.1, STM32Cube_FW_F7_V1.17.2, STM32Cube_FW_G0_V1.6.2, STM32Cube_FW_G4_V1.6.1, STM32Cube_FW_H5_V1.5.0, STM32Cube_FW_H7RS_V1.2.0, STM32Cube_FW_H7_V1.12.1, STM32Cube_FW_L0_V1.12.2, STM32Cube_FW_L4_V1.18.1, STM32Cube_FW_L5_V1.5.1, STM32Cube_FW_N6_V1.1.1, STM32Cube_FW_U0_V1.2.0, STM32Cube_FW_U3_V1.1.0, STM32Cube_FW_U5_V1.7.0, STM32Cube_FW_WB0_V1.2.0, STM32Cube_FW_WBA_V1.6.0, STM32Cube_FW_WB_V1.22.0, STM32Cube_FW_WL3_V1.1.0, STM32Cube_FW_WL_V1.3.1, X-CUBE-ALGOBUILD_V1.4.0, X-CUBE-ALS_V1.0.2, X-CUBE-AZRTOS-F4_V1.1.0, X-CUBE-AZRTOS-F7_V1.1.0, X-CUBE-AZRTOS-G0_V1.1.0, X-CUBE-AZRTOS-G4_V2.0.0, X-CUBE-AZRTOS-H7RS_V1.1.0, X-CUBE-AZRTOS-H7_V3.3.0, X-CUBE-AZRTOS-L4_V2.0.0, X-CUBE-AZRTOS-L5_V2.0.0, X-CUBE-AZRTOS-WB_V2.0.0, X-CUBE-AZRTOS-WL_V2.0.0, X-CUBE-BLE1_V7.1.0, X-CUBE-BLE2_V3.3.0, X-CUBE-BLEMGR_V4.0.0, X-CUBE-EEPRMA1_V5.1.0, X-CUBE-FREERTOS_V1.3.0, X-CUBE-GNSS1_V6.0.0, X-CUBE-MEMS1_V11.2.0, X-CUBE-NFC4_V3.0.0, X-CUBE-NFC7_V1.0.1, X-CUBE-SFXS2LP1_V4.0.0, X-CUBE-SUBG2_V5.0.0, X-CUBE-TOF1_V3.4.3]
2025-06-01 10:13:27,113 [INFO] DbBoardsSqlite:226 - include board P-NUCLEO-WB55-NUCLEO as a kit item of type 'Nucleo-64'
2025-06-01 10:13:27,113 [INFO] DbBoardsSqlite:226 - include board P-NUCLEO-WB55-USBDONGLE as a kit item of type 'Nucleo USB Dongle'
2025-06-01 10:13:27,113 [INFO] DbBoardsSqlite:226 - include board STEVAL-IDP005V1 as a kit item of type 'Evaluation Board'
2025-06-01 10:13:27,114 [INFO] DbBoardsSqlite:226 - include board STEVAL-IDP005V2 as a kit item of type 'Evaluation Board'
2025-06-01 10:13:27,182 [INFO] ApiDb:240 - Found 895 in-development CPN: [B-G473E-ZEST1S, B-WB1M-WPAN1, B-WBA5M-WPAN, B-WL5M-SUBG1, NUCLEO-C031C6, NUCLEO-C051C8, NUCLEO-C071RB, NUCLEO-C092RC, NUCLEO-H503RB, NUCLEO-H533RE, NUCLEO-H563ZI, NUCLEO-H7S3L8, NUCLEO-N657X0-Q, NUCLEO-U031R8, NUCLEO-U083RC, NUCLEO-U385RG-Q, NUCLEO-U545RE-Q, NUCLEO-U5A5ZJ-Q, NUCLEO-WB05KZ, NUCLEO-WB07CC, NUCLEO-WB09KE, NUCLEO-WBA52CG, NUCLEO-WBA55CG, NUCLEO-WBA65RI, NUCLEO-WL33CC1, NUCLEO-WL33CC2, STEVAL-PROTEUS1, STEVAL-SMARTAG2, STEVAL-STWINBX1, STM320518-EVAL, STM32C0116-DK, STM32C011D6Y3TR, STM32C011D6Y6TR, STM32C011F4P3, STM32C011F4P6, STM32C011F4U3, STM32C011F4U6TR, STM32C011F6P3, STM32C011F6P6, STM32C011F6U3, STM32C011F6U6TR, STM32C011J4M3, STM32C011J4M6, STM32C011J6M3, STM32C011J6M6, STM32C0316-DK, STM32C031C4T3, STM32C031C4T6, STM32C031C4U3, STM32C031C4U6, STM32C031C6T3, STM32C031C6T6, STM32C031C6U3, STM32C031C6U6, STM32C031F4P3, STM32C031F4P6, STM32C031F6P3, STM32C031F6P6, STM32C031G4U3, STM32C031G4U6, STM32C031G6U3, STM32C031G6U6, STM32C031K4T3, STM32C031K4T6, STM32C031K4U3, STM32C031K4U6, STM32C031K6T3, STM32C031K6T6, STM32C031K6U3, STM32C031K6U6, STM32C051C6T6, STM32C051C6U6, STM32C051C8T6, STM32C051C8U6, STM32C051D8Y6TR, STM32C051F6P6, STM32C051F8P6, STM32C051G6U6, STM32C051G8U6, STM32C051K6T6, STM32C051K6U6, STM32C051K8T6, STM32C071C8T6, STM32C071C8T6N, STM32C071C8U6, STM32C071C8U6N, STM32C071CBT6, STM32C071CBT6N, STM32C071CBU6, STM32C071CBU6N, STM32C071F8P6, STM32C071F8P6N, STM32C071FBP6, STM32C071FBP6N, STM32C071FBY6TR, STM32C071G8U6, STM32C071G8U6N, STM32C071GBU6, STM32C071GBU6N, STM32C071K8T6, STM32C071K8T6N, STM32C071K8U6, STM32C071K8U6N, STM32C071KBT6, STM32C071KBT6N, STM32C071KBU6, STM32C071KBU6N, STM32C071R8T6, STM32C071R8T6N, STM32C071RBI6N, STM32C071RBT6, STM32C071RBT6N, STM32C091CBT6, STM32C091CBU6, STM32C091CCT6, STM32C091CCU6, STM32C091ECY6TR, STM32C091FBP6, STM32C091FCP6, STM32C091GBU6, STM32C091GCU6, STM32C091KBT6, STM32C091KBU6, STM32C091KCT6, STM32C091KCU6, STM32C091RBT6, STM32C091RCI6, STM32C091RCT6, STM32C092CBT6, STM32C092CBU6, STM32C092CCT6, STM32C092CCU6, STM32C092ECY6TR, STM32C092FBP6, STM32C092FCP6, STM32C092GBU6, STM32C092GCU6, STM32C092KBT6, STM32C092KBU6, STM32C092KCT6, STM32C092KCU6, STM32C092RBT6, STM32C092RCI6, STM32C092RCT6, STM32G071K8TXN, STM32G071K8UXN, STM32G081GBU6N, STM32G081KBT6N, STM32G081KBUXN, STM32G0B1CCT6N, STM32G0B1KCT6, STM32G0B1NEY6TR, STM32G0B1RCT6N, STM32G0C1CCT6, STM32G0C1CCT6N, STM32G0C1CCU6N, STM32G0C1CET6N, STM32G0C1CEU6N, STM32G0C1KCT6, STM32G0C1NEY6TR, STM32G0C1RCI6N, STM32G0C1RCT6N, STM32G0C1REI6N, STM32G0C1RET6N, STM32G0C1VCI6, STM32G0C1VEI6, STM32G411C6T3, STM32G411C6T6, STM32G411C6U3, STM32G411C6U6, STM32G411C8T3, STM32G411C8T6, STM32G411C8U3, STM32G411C8U6, STM32G411CBT3, STM32G411CBT6, STM32G411CBU3, STM32G411CBU6, STM32G411CCT3, STM32G411CCT6, STM32G411CCU3, STM32G411CCU6, STM32G411K6T3, STM32G411K6T6, STM32G411K6U3, STM32G411K6U6, STM32G411K8T3, STM32G411K8T6, STM32G411K8U3, STM32G411K8U6, STM32G411KBT3, STM32G411KBT6, STM32G411KBU3, STM32G411KBU6, STM32G411M6T3, STM32G411M6T6, STM32G411M8T3, STM32G411M8T6, STM32G411MBT3, STM32G411MBT6, STM32G411MCT3, STM32G411MCT6, STM32G411R6T3, STM32G411R6T6, STM32G411R8T3, STM32G411R8T6, STM32G411RBT3, STM32G411RBT6, STM32G411RCT3, STM32G411RCT6, STM32G414CBT3, STM32G414CBT6, STM32G414CBU3, STM32G414CBU6, STM32G414CCT3, STM32G414CCT6, STM32G414CCU3, STM32G414CCU6, STM32G414MBT3, STM32G414MBT6, STM32G414MCT3, STM32G414MCT6, STM32G414RBT3, STM32G414RBT6, STM32G414RCT3, STM32G414RCT6, STM32G414VBT3, STM32G414VBT6, STM32G414VCT3, STM32G414VCT6, STM32G431CBT3Z, STM32G431RBT3Z, STM32G471CCT6, STM32G471CCU6, STM32G471CET3, STM32G471CET6, STM32G471CEU3, STM32G471CEU6, STM32G471MCT6, STM32G471MET3, STM32G471MET6, STM32G471MEY6TR, STM32G471QCT6, STM32G471QET3, STM32G471RCT6, STM32G471RET3, STM32G471RET6, STM32G471VCH6, STM32G471VCI6, STM32G471VCT6, STM32G471VEH3, STM32G471VEH6, STM32G471VEI3, STM32G471VEI6, STM32G471VET3, STM32G471VET6, STM32G473QET3Z, STM32G473RET3Z, STM32G474CCT6, STM32G491RET3Z, STM32H503CBT6, STM32H503CBU6, STM32H503EBY6TR, STM32H503KBU6, STM32H503RBT6, STM32H523CCT6, STM32H523CCU6, STM32H523CET6, STM32H523CEU6, STM32H523HEY6TR, STM32H523RCT6, STM32H523RET6, STM32H523VCI6, STM32H523VCT6, STM32H523VEI6, STM32H523VET6, STM32H523ZCJ6, STM32H523ZCT6, STM32H523ZEJ6, STM32H523ZET6, STM32H533CET6, STM32H533CEU6, STM32H533HEY6TR, STM32H533RET6, STM32H533VEI6, STM32H533VET6, STM32H533ZEJ6, STM32H533ZET6, STM32H562AGI6, STM32H562AII6, STM32H562IGK6, STM32H562IGT6, STM32H562IIK6, STM32H562IIT6, STM32H562RGT6, STM32H562RGV6, STM32H562RIT6, STM32H562RIV6, STM32H562VGT6, STM32H562VIT6, STM32H562ZGT6, STM32H562ZIT6, STM32H563AGI6, STM32H563AII3Q, STM32H563AII6, STM32H563IGK6, STM32H563IGT6, STM32H563IIK3Q, STM32H563IIK6, STM32H563IIT3Q, STM32H563IIT6, STM32H563MIY3QTR, STM32H563RGT6, STM32H563RGV6, STM32H563RIT6, STM32H563RIV6, STM32H563VGT6, STM32H563VIT3Q, STM32H563VIT6, STM32H563ZGT6, STM32H563ZIT3Q, STM32H563ZIT6, STM32H573AII3Q, STM32H573AII6, STM32H573I-DK, STM32H573IIK3Q, STM32H573IIK6, STM32H573IIT3Q, STM32H573IIT6, STM32H573MIY3QTR, STM32H573RIT6, STM32H573RIV6, STM32H573VIT3Q, STM32H573VIT6, STM32H573ZIT3Q, STM32H573ZIT6, STM32H7R3A8I6, STM32H7R3I8K6, STM32H7R3I8T6, STM32H7R3L8H6, STM32H7R3L8H6H, STM32H7R3R8V6, STM32H7R3V8H6, STM32H7R3V8T6, STM32H7R3V8Y6TR, STM32H7R3Z8J6, STM32H7R3Z8T6, STM32H7R7A8I6, STM32H7R7I8K6, STM32H7R7I8T6, STM32H7R7L8H6, STM32H7R7L8H6H, STM32H7R7Z8J6, STM32H7S3A8I6, STM32H7S3I8K6, STM32H7S3I8T6, STM32H7S3L8H6, STM32H7S3L8H6H, STM32H7S3R8V6, STM32H7S3V8H6, STM32H7S3V8T6, STM32H7S3V8Y6TR, STM32H7S3Z8J6, STM32H7S3Z8T6, STM32H7S78-DK, STM32H7S7A8I6, STM32H7S7I8K6, STM32H7S7I8T6, STM32H7S7L8H6, STM32H7S7L8H6H, STM32H7S7Z8J6, STM32L4R5QGI6STR, STM32MP131AAE3, STM32MP131AAF3, STM32MP131AAG3, STM32MP131CAE3, STM32MP131CAF3, STM32MP131CAG3, STM32MP131DAE7, STM32MP131DAF7, STM32MP131DAG7, STM32MP131FAE7, STM32MP131FAF7, STM32MP131FAG7, STM32MP133AAE3, STM32MP133AAF3, STM32MP133AAG3, STM32MP133CAE3, STM32MP133CAF3, STM32MP133CAG3, STM32MP133DAE7, STM32MP133DAF7, STM32MP133DAG7, STM32MP133FAE7, STM32MP133FAF7, STM32MP133FAG7, STM32MP135AAE3, STM32MP135AAF3, STM32MP135AAG3, STM32MP135CAE3, STM32MP135CAF3, STM32MP135CAG3, STM32MP135DAE7, STM32MP135DAF7, STM32MP135DAG7, STM32MP135F-DK, STM32MP135FAE7, STM32MP135FAF7, STM32MP135FAF7T, STM32MP135FAF7U, STM32MP135FAG7, STM32MP231AAJ3, STM32MP231AAK3, STM32MP231AAL3, STM32MP231CAJ3, STM32MP231CAK3, STM32MP231CAL3, STM32MP231DAJ3, STM32MP231DAK3, STM32MP231DAL3, STM32MP231FAJ3, STM32MP231FAK3, STM32MP231FAL3, STM32MP233AAJ3, STM32MP233AAK3, STM32MP233AAL3, STM32MP233CAJ3, STM32MP233CAK3, STM32MP233CAL3, STM32MP233DAJ3, STM32MP233DAK3, STM32MP233DAL3, STM32MP233FAJ3, STM32MP233FAK3, STM32MP233FAL3, STM32MP235AAJ3, STM32MP235AAK3, STM32MP235AAL3, STM32MP235CAJ3, STM32MP235CAK3, STM32MP235CAL3, STM32MP235DAJ3, STM32MP235DAK3, STM32MP235DAL3, STM32MP235FAJ3, STM32MP235FAK3, STM32MP235FAL3, STM32MP251AAI3, STM32MP251AAJ3, STM32MP251AAK3, STM32MP251AAL3, STM32MP251CAI3, STM32MP251CAJ3, STM32MP251CAK3, STM32MP251CAL3, STM32MP251DAI3, STM32MP251DAJ3, STM32MP251DAK3, STM32MP251DAL3, STM32MP251FAI3, STM32MP251FAJ3, STM32MP251FAK3, STM32MP251FAL3, STM32MP253AAI3, STM32MP253AAJ3, STM32MP253AAK3, STM32MP253AAL3, STM32MP253CAI3, STM32MP253CAJ3, STM32MP253CAK3, STM32MP253CAL3, STM32MP253DAI3, STM32MP253DAJ3, STM32MP253DAK3, STM32MP253DAL3, STM32MP253FAI3, STM32MP253FAJ3, STM32MP253FAK3, STM32MP253FAL3, STM32MP255AAI3, STM32MP255AAJ3, STM32MP255AAK3, STM32MP255AAL3, STM32MP255CAI3, STM32MP255CAJ3, STM32MP255CAK3, STM32MP255CAL3, STM32MP255DAI3, STM32MP255DAJ3, STM32MP255DAK3, STM32MP255DAL3, STM32MP255FAI3, STM32MP255FAJ3, STM32MP255FAK3, STM32MP255FAL3, STM32MP257AAI3, STM32MP257AAJ3, STM32MP257AAK3, STM32MP257AAL3, STM32MP257CAI3, STM32MP257CAJ3, STM32MP257CAK3, STM32MP257CAL3, STM32MP257DAI3, STM32MP257DAJ3, STM32MP257DAK3, STM32MP257DAL3, STM32MP257F-DK, STM32MP257F-EV1, STM32MP257FAI3, STM32MP257FAJ3, STM32MP257FAK3, STM32MP257FAL3, STM32N645A0H3Q, STM32N645B0H3Q, STM32N645I0H3Q, STM32N645L0H3Q, STM32N645X0H3Q, STM32N645Z0H3Q, STM32N647A0H3Q, STM32N647B0H3Q, STM32N647I0H3Q, STM32N647L0H3Q, STM32N647X0H3Q, STM32N647Z0H3Q, STM32N655A0H3Q, STM32N655B0H3Q, STM32N655I0H3Q, STM32N655L0H3Q, STM32N655X0H3Q, STM32N655Z0H3Q, STM32N6570-DK, STM32N657A0H3Q, STM32N657B0H3Q, STM32N657I0H3Q, STM32N657L0H3Q, STM32N657X0H3Q, STM32N657Z0H3Q, STM32U031C6T6, STM32U031C6U6, STM32U031C8T6, STM32U031C8U6, STM32U031F4P6, STM32U031F6P6, STM32U031F8P6, STM32U031G6Y6TR, STM32U031G8Y6TR, STM32U031K4U6, STM32U031K6U6, STM32U031K8U6, STM32U031R6I6, STM32U031R6T6, STM32U031R8I6, STM32U031R8T6, STM32U073C8T6, STM32U073C8U6, STM32U073CBT6, STM32U073CBU6, STM32U073CCT6, STM32U073CCU6, STM32U073H8Y6TR, STM32U073HBY6TR, STM32U073HCY6TR, STM32U073K8U6, STM32U073KBU6, STM32U073KCU6, STM32U073M8I6, STM32U073M8T6, STM32U073MBI6, STM32U073MBT6, STM32U073MCI6, STM32U073MCT6, STM32U073R8I6, STM32U073R8T6, STM32U073RBI6, STM32U073RBT6, STM32U073RCI6, STM32U073RCT6, STM32U083C-DK, STM32U083CCT6, STM32U083CCU6, STM32U083HCY6TR, STM32U083KCU6, STM32U083MCI6, STM32U083MCT6, STM32U083RCI6, STM32U083RCT6, STM32U375CET6, STM32U375CET6Q, STM32U375CEU6, STM32U375CEU6Q, STM32U375CEY6QTR, STM32U375CGT6, STM32U375CGT6Q, STM32U375CGU6, STM32U375CGU6Q, STM32U375CGY6QTR, STM32U375KEU6, STM32U375KGU6, STM32U375REI6, STM32U375REI6Q, STM32U375RET6, STM32U375RET6Q, STM32U375REY6GTR, STM32U375REY6QTR, STM32U375RGI6, STM32U375RGI6Q, STM32U375RGT6, STM32U375RGT6Q, STM32U375RGY6GTR, STM32U375RGY6QTR, STM32U375VEI6, STM32U375VEI6Q, STM32U375VET6, STM32U375VET6Q, STM32U375VGI6, STM32U375VGI6Q, STM32U375VGT6, STM32U375VGT6Q, STM32U385CGT6, STM32U385CGT6Q, STM32U385CGU6, STM32U385CGU6Q, STM32U385CGY6QTR, STM32U385KGU6, STM32U385RGI6, STM32U385RGI6Q, STM32U385RGT6, STM32U385RGT6Q, STM32U385RGY6GTR, STM32U385RGY6QTR, STM32U385VGI6, STM32U385VGI6Q, STM32U385VGT6, STM32U385VGT6Q, STM32U535CBT6, STM32U535CBT6Q, STM32U535CBU6, STM32U535CBU6Q, STM32U535CCT6, STM32U535CCT6Q, STM32U535CCU6, STM32U535CCU6Q, STM32U535CET6, STM32U535CET6Q, STM32U535CEU6, STM32U535CEU6Q, STM32U535JEY6QTR, STM32U535NCY6QTR, STM32U535NEY6QTR, STM32U535RBI6, STM32U535RBI6Q, STM32U535RBT6, STM32U535RBT6Q, STM32U535RCI6, STM32U535RCI6Q, STM32U535RCT6, STM32U535RCT6Q, STM32U535REI6, STM32U535REI6Q, STM32U535RET6, STM32U535RET6Q, STM32U535VCI6, STM32U535VCI6Q, STM32U535VCT6, STM32U535VCT6Q, STM32U535VEI6, STM32U535VEI6Q, STM32U535VET6, STM32U535VET6Q, STM32U545CET6, STM32U545CET6Q, STM32U545CEU6, STM32U545CEU6Q, STM32U545JEY6QTR, STM32U545NEY6QTR, STM32U545REI6, STM32U545REI6Q, STM32U545RET6, STM32U545RET6Q, STM32U545VEI6, STM32U545VEI6Q, STM32U545VET6, STM32U545VET6Q, STM32U595AIH6, STM32U595AIH6Q, STM32U595AJH6, STM32U595AJH6Q, STM32U595QII6, STM32U595QII6Q, STM32U595QJI6, STM32U595QJI6Q, STM32U595RIT6, STM32U595RIT6Q, STM32U595RJT6, STM32U595RJT6Q, STM32U595VIT6, STM32U595VIT6Q, STM32U595VJT6, STM32U595VJT6Q, STM32U595ZIT6, STM32U595ZIT6Q, STM32U595ZIY6QTR, STM32U595ZJT6, STM32U595ZJT6Q, STM32U595ZJY6QTR, STM32U599BJY6QTR, STM32U599NIH6Q, STM32U599NJH6Q, STM32U599VIT6Q, STM32U599VJT6, STM32U599VJT6Q, STM32U599ZIT6Q, STM32U599ZIY6QTR, STM32U599ZJT6Q, STM32U599ZJY6QTR, STM32U5A5AJH6, STM32U5A5AJH6Q, STM32U5A5QII3Q , STM32U5A5QJI6, STM32U5A5QJI6Q, STM32U5A5RJT6, STM32U5A5RJT6Q, STM32U5A5VJT6, STM32U5A5VJT6Q, STM32U5A5ZJT6, STM32U5A5ZJT6Q, STM32U5A5ZJY6QTR, STM32U5A9BJY6QTR, STM32U5A9J-DK, STM32U5A9NJH6Q, STM32U5A9VJT6Q, STM32U5A9ZJT6Q, STM32U5A9ZJY6QTR, STM32U5F7VIT6, STM32U5F7VIT6Q, STM32U5F7VJT6, STM32U5F7VJT6Q, STM32U5F9BJY6QTR, STM32U5F9NJH6Q, STM32U5F9VIT6Q, STM32U5F9VJT6Q, STM32U5F9ZIJ6QTR, STM32U5F9ZIT6Q, STM32U5F9ZJJ6QTR, STM32U5F9ZJT6Q, STM32U5G7VJT6, STM32U5G7VJT6Q, STM32U5G9BJY6QTR, STM32U5G9J-DK1, STM32U5G9J-DK2, STM32U5G9NJH6Q, STM32U5G9VJT6Q, STM32U5G9ZJJ6QTR, STM32U5G9ZJT6Q, STM32WB05KZV6TR, STM32WB05KZV7TR, STM32WB05TZF6TR, STM32WB05TZF7TR, STM32WB06CCF6TR, STM32WB06CCF7TR, STM32WB06CCV6TR, STM32WB06CCV7TR, STM32WB06KCV6TR, STM32WB06KCV7TR, STM32WB07CCF6TR, STM32WB07CCF7TR, STM32WB07CCV6TR, STM32WB07CCV7TR, STM32WB07KCV6TR, STM32WB07KCV7TR, STM32WB09KEV6TR, STM32WB09KEV7TR, STM32WB09TEF6TR, STM32WB09TEF7TR, STM32WB1MMCH6, STM32WBA50KGU6, STM32WBA50KGU6TR, STM32WBA52CEU6, STM32WBA52CEU6TR, STM32WBA52CEU7, STM32WBA52CEU7TR, STM32WBA52CGU6, STM32WBA52CGU6TR, STM32WBA52CGU6U, STM32WBA52CGU7, STM32WBA52CGU7TR, STM32WBA52KEU6, STM32WBA52KEU6TR, STM32WBA52KGU6, STM32WBA52KGU6TR, STM32WBA54CEU6, STM32WBA54CEU6TR, STM32WBA54CEU7, STM32WBA54CEU7TR, STM32WBA54CGU6, STM32WBA54CGU6TR, STM32WBA54CGU7, STM32WBA54CGU7TR, STM32WBA54KEU6, STM32WBA54KEU6TR, STM32WBA54KEU7, STM32WBA54KEU7TR, STM32WBA54KGU6, STM32WBA54KGU6TR, STM32WBA54KGU7, STM32WBA54KGU7TR, STM32WBA55CEU6, STM32WBA55CEU6TR, STM32WBA55CEU7, STM32WBA55CEU7TR, STM32WBA55CGU6, STM32WBA55CGU6TR, STM32WBA55CGU6U, STM32WBA55CGU7, STM32WBA55CGU7TR, STM32WBA55G-DK1, STM32WBA55HEF6, STM32WBA55HEF7, STM32WBA55HGF6, STM32WBA55HGF7, STM32WBA55UEI6, STM32WBA55UEI6TR, STM32WBA55UEI7, STM32WBA55UEI7TR, STM32WBA55UGI6, STM32WBA55UGI6TR, STM32WBA55UGI7, STM32WBA55UGI7TR, STM32WBA5MJGH6TR, STM32WBA62CGU6, STM32WBA62CIU6, STM32WBA62MGF6, STM32WBA62MIF6, STM32WBA62PGI6, STM32WBA62PII6, STM32WBA63CGU6, STM32WBA63CGU7, STM32WBA63CIU6, STM32WBA63CIU7, STM32WBA64CGU6, STM32WBA64CGU7, STM32WBA64CIU6, STM32WBA64CIU7, STM32WBA65CGU6, STM32WBA65CGU7, STM32WBA65CIU6, STM32WBA65CIU7, STM32WBA65I-DK1, STM32WBA65MGF6, STM32WBA65MGF7, STM32WBA65MIF6, STM32WBA65MIF7, STM32WBA65PGI6, STM32WBA65PGI7, STM32WBA65PII6, STM32WBA65PII7, STM32WBA65RGV6, STM32WBA65RGV7, STM32WBA65RIV6, STM32WBA65RIV7, STM32WL30K8V6, STM32WL30KBV6, STM32WL31C8V6, STM32WL31CBV6, STM32WL31K8V6, STM32WL31KBV6, STM32WL33C8V6, STM32WL33C8V6TR, STM32WL33C8V7, STM32WL33C8V7TR, STM32WL33CBV6, STM32WL33CBV6TR, STM32WL33CBV7, STM32WL33CBV7TR, STM32WL33CCV6, STM32WL33CCV6TR, STM32WL33CCV7, STM32WL33CCV7A, STM32WL33CCV7ATR, STM32WL33CCV7TR, STM32WL33K8V6, STM32WL33K8V6TR, STM32WL33K8V7, STM32WL33K8V7TR, STM32WL33KBV6, STM32WL33KBV6TR, STM32WL33KBV7, STM32WL33KBV7TR, STM32WL33KCV6, STM32WL33KCV6TR, STM32WL33KCV7, STM32WL33KCV7TR, STM32WL5MOCH6, STM32WL5MOCH6TR]
2025-06-01 10:13:27,416 [INFO] BoardInfo:889 - No configuration file found for board P-NUCLEO-WB55
2025-06-01 10:13:27,417 [INFO] DbBoards:161 - Kit is not supported: P-NUCLEO-WB55
2025-06-01 10:13:27,425 [INFO] BoardInfo:889 - No configuration file found for board STEVAL-BFA001V1B
2025-06-01 10:13:27,425 [INFO] DbBoards:161 - Kit is not supported: STEVAL-BFA001V1B
2025-06-01 10:13:27,427 [INFO] BoardInfo:889 - No configuration file found for board STEVAL-BFA001V2B
2025-06-01 10:13:27,428 [INFO] DbBoards:161 - Kit is not supported: STEVAL-BFA001V2B
2025-06-01 10:13:27,664 [INFO] DbBoards:168 - Found 211 boards, 208 are supported
2025-06-01 10:13:27,664 [INFO] DbBoards:169 - Found 211 boards, 43 of them is supported for  Bsp
2025-06-01 10:13:27,667 [INFO] ApiDb:668 - CubeFinder database Data Model version=2.1
2025-06-01 10:13:27,667 [INFO] ApiDb:669 - CubeFinder database Configuration version=3.0.39
2025-06-01 10:13:27,667 [INFO] ApiDb:670 - CubeFinder database generation date=2025-04-23 (1745419778)
2025-06-01 10:13:27,667 [INFO] ApiDb:671 - CubeFinder database FW Pack versions=[FP-ATR-ASTRA1_V2.0.0, FP-SNS-FLIGHT1_V5.1.0, FP-SNS-MOTENV1_V5.0.0, FP-SNS-MOTENVWB1_V1.4.0, FP-SNS-SMARTAG2_V1.2.0, FP-SNS-STBOX1_V2.0.0, STM32Cube_FW_C0_V1.4.0, STM32Cube_FW_F4_V1.28.1, STM32Cube_FW_F7_V1.17.2, STM32Cube_FW_G0_V1.6.2, STM32Cube_FW_G4_V1.6.1, STM32Cube_FW_H5_V1.5.0, STM32Cube_FW_H7RS_V1.2.0, STM32Cube_FW_H7_V1.12.1, STM32Cube_FW_L0_V1.12.2, STM32Cube_FW_L4_V1.18.1, STM32Cube_FW_L5_V1.5.1, STM32Cube_FW_N6_V1.1.1, STM32Cube_FW_U0_V1.2.0, STM32Cube_FW_U3_V1.1.0, STM32Cube_FW_U5_V1.7.0, STM32Cube_FW_WB0_V1.2.0, STM32Cube_FW_WBA_V1.6.0, STM32Cube_FW_WB_V1.22.0, STM32Cube_FW_WL3_V1.1.0, STM32Cube_FW_WL_V1.3.1, X-CUBE-ALGOBUILD_V1.4.0, X-CUBE-ALS_V1.0.2, X-CUBE-AZRTOS-F4_V1.1.0, X-CUBE-AZRTOS-F7_V1.1.0, X-CUBE-AZRTOS-G0_V1.1.0, X-CUBE-AZRTOS-G4_V2.0.0, X-CUBE-AZRTOS-H7RS_V1.1.0, X-CUBE-AZRTOS-H7_V3.3.0, X-CUBE-AZRTOS-L4_V2.0.0, X-CUBE-AZRTOS-L5_V2.0.0, X-CUBE-AZRTOS-WB_V2.0.0, X-CUBE-AZRTOS-WL_V2.0.0, X-CUBE-BLE1_V7.1.0, X-CUBE-BLE2_V3.3.0, X-CUBE-BLEMGR_V4.0.0, X-CUBE-EEPRMA1_V5.1.0, X-CUBE-FREERTOS_V1.3.0, X-CUBE-GNSS1_V6.0.0, X-CUBE-MEMS1_V11.2.0, X-CUBE-NFC4_V3.0.0, X-CUBE-NFC7_V1.0.1, X-CUBE-SFXS2LP1_V4.0.0, X-CUBE-SUBG2_V5.0.0, X-CUBE-TOF1_V3.4.3]
2025-06-01 10:13:29,445 [INFO] ApiDb:240 - Found 895 in-development CPN: [B-G473E-ZEST1S, B-WB1M-WPAN1, B-WBA5M-WPAN, B-WL5M-SUBG1, NUCLEO-C031C6, NUCLEO-C051C8, NUCLEO-C071RB, NUCLEO-C092RC, NUCLEO-H503RB, NUCLEO-H533RE, NUCLEO-H563ZI, NUCLEO-H7S3L8, NUCLEO-N657X0-Q, NUCLEO-U031R8, NUCLEO-U083RC, NUCLEO-U385RG-Q, NUCLEO-U545RE-Q, NUCLEO-U5A5ZJ-Q, NUCLEO-WB05KZ, NUCLEO-WB07CC, NUCLEO-WB09KE, NUCLEO-WBA52CG, NUCLEO-WBA55CG, NUCLEO-WBA65RI, NUCLEO-WL33CC1, NUCLEO-WL33CC2, STEVAL-PROTEUS1, STEVAL-SMARTAG2, STEVAL-STWINBX1, STM320518-EVAL, STM32C0116-DK, STM32C011D6Y3TR, STM32C011D6Y6TR, STM32C011F4P3, STM32C011F4P6, STM32C011F4U3, STM32C011F4U6TR, STM32C011F6P3, STM32C011F6P6, STM32C011F6U3, STM32C011F6U6TR, STM32C011J4M3, STM32C011J4M6, STM32C011J6M3, STM32C011J6M6, STM32C0316-DK, STM32C031C4T3, STM32C031C4T6, STM32C031C4U3, STM32C031C4U6, STM32C031C6T3, STM32C031C6T6, STM32C031C6U3, STM32C031C6U6, STM32C031F4P3, STM32C031F4P6, STM32C031F6P3, STM32C031F6P6, STM32C031G4U3, STM32C031G4U6, STM32C031G6U3, STM32C031G6U6, STM32C031K4T3, STM32C031K4T6, STM32C031K4U3, STM32C031K4U6, STM32C031K6T3, STM32C031K6T6, STM32C031K6U3, STM32C031K6U6, STM32C051C6T6, STM32C051C6U6, STM32C051C8T6, STM32C051C8U6, STM32C051D8Y6TR, STM32C051F6P6, STM32C051F8P6, STM32C051G6U6, STM32C051G8U6, STM32C051K6T6, STM32C051K6U6, STM32C051K8T6, STM32C071C8T6, STM32C071C8T6N, STM32C071C8U6, STM32C071C8U6N, STM32C071CBT6, STM32C071CBT6N, STM32C071CBU6, STM32C071CBU6N, STM32C071F8P6, STM32C071F8P6N, STM32C071FBP6, STM32C071FBP6N, STM32C071FBY6TR, STM32C071G8U6, STM32C071G8U6N, STM32C071GBU6, STM32C071GBU6N, STM32C071K8T6, STM32C071K8T6N, STM32C071K8U6, STM32C071K8U6N, STM32C071KBT6, STM32C071KBT6N, STM32C071KBU6, STM32C071KBU6N, STM32C071R8T6, STM32C071R8T6N, STM32C071RBI6N, STM32C071RBT6, STM32C071RBT6N, STM32C091CBT6, STM32C091CBU6, STM32C091CCT6, STM32C091CCU6, STM32C091ECY6TR, STM32C091FBP6, STM32C091FCP6, STM32C091GBU6, STM32C091GCU6, STM32C091KBT6, STM32C091KBU6, STM32C091KCT6, STM32C091KCU6, STM32C091RBT6, STM32C091RCI6, STM32C091RCT6, STM32C092CBT6, STM32C092CBU6, STM32C092CCT6, STM32C092CCU6, STM32C092ECY6TR, STM32C092FBP6, STM32C092FCP6, STM32C092GBU6, STM32C092GCU6, STM32C092KBT6, STM32C092KBU6, STM32C092KCT6, STM32C092KCU6, STM32C092RBT6, STM32C092RCI6, STM32C092RCT6, STM32G071K8TXN, STM32G071K8UXN, STM32G081GBU6N, STM32G081KBT6N, STM32G081KBUXN, STM32G0B1CCT6N, STM32G0B1KCT6, STM32G0B1NEY6TR, STM32G0B1RCT6N, STM32G0C1CCT6, STM32G0C1CCT6N, STM32G0C1CCU6N, STM32G0C1CET6N, STM32G0C1CEU6N, STM32G0C1KCT6, STM32G0C1NEY6TR, STM32G0C1RCI6N, STM32G0C1RCT6N, STM32G0C1REI6N, STM32G0C1RET6N, STM32G0C1VCI6, STM32G0C1VEI6, STM32G411C6T3, STM32G411C6T6, STM32G411C6U3, STM32G411C6U6, STM32G411C8T3, STM32G411C8T6, STM32G411C8U3, STM32G411C8U6, STM32G411CBT3, STM32G411CBT6, STM32G411CBU3, STM32G411CBU6, STM32G411CCT3, STM32G411CCT6, STM32G411CCU3, STM32G411CCU6, STM32G411K6T3, STM32G411K6T6, STM32G411K6U3, STM32G411K6U6, STM32G411K8T3, STM32G411K8T6, STM32G411K8U3, STM32G411K8U6, STM32G411KBT3, STM32G411KBT6, STM32G411KBU3, STM32G411KBU6, STM32G411M6T3, STM32G411M6T6, STM32G411M8T3, STM32G411M8T6, STM32G411MBT3, STM32G411MBT6, STM32G411MCT3, STM32G411MCT6, STM32G411R6T3, STM32G411R6T6, STM32G411R8T3, STM32G411R8T6, STM32G411RBT3, STM32G411RBT6, STM32G411RCT3, STM32G411RCT6, STM32G414CBT3, STM32G414CBT6, STM32G414CBU3, STM32G414CBU6, STM32G414CCT3, STM32G414CCT6, STM32G414CCU3, STM32G414CCU6, STM32G414MBT3, STM32G414MBT6, STM32G414MCT3, STM32G414MCT6, STM32G414RBT3, STM32G414RBT6, STM32G414RCT3, STM32G414RCT6, STM32G414VBT3, STM32G414VBT6, STM32G414VCT3, STM32G414VCT6, STM32G431CBT3Z, STM32G431RBT3Z, STM32G471CCT6, STM32G471CCU6, STM32G471CET3, STM32G471CET6, STM32G471CEU3, STM32G471CEU6, STM32G471MCT6, STM32G471MET3, STM32G471MET6, STM32G471MEY6TR, STM32G471QCT6, STM32G471QET3, STM32G471RCT6, STM32G471RET3, STM32G471RET6, STM32G471VCH6, STM32G471VCI6, STM32G471VCT6, STM32G471VEH3, STM32G471VEH6, STM32G471VEI3, STM32G471VEI6, STM32G471VET3, STM32G471VET6, STM32G473QET3Z, STM32G473RET3Z, STM32G474CCT6, STM32G491RET3Z, STM32H503CBT6, STM32H503CBU6, STM32H503EBY6TR, STM32H503KBU6, STM32H503RBT6, STM32H523CCT6, STM32H523CCU6, STM32H523CET6, STM32H523CEU6, STM32H523HEY6TR, STM32H523RCT6, STM32H523RET6, STM32H523VCI6, STM32H523VCT6, STM32H523VEI6, STM32H523VET6, STM32H523ZCJ6, STM32H523ZCT6, STM32H523ZEJ6, STM32H523ZET6, STM32H533CET6, STM32H533CEU6, STM32H533HEY6TR, STM32H533RET6, STM32H533VEI6, STM32H533VET6, STM32H533ZEJ6, STM32H533ZET6, STM32H562AGI6, STM32H562AII6, STM32H562IGK6, STM32H562IGT6, STM32H562IIK6, STM32H562IIT6, STM32H562RGT6, STM32H562RGV6, STM32H562RIT6, STM32H562RIV6, STM32H562VGT6, STM32H562VIT6, STM32H562ZGT6, STM32H562ZIT6, STM32H563AGI6, STM32H563AII3Q, STM32H563AII6, STM32H563IGK6, STM32H563IGT6, STM32H563IIK3Q, STM32H563IIK6, STM32H563IIT3Q, STM32H563IIT6, STM32H563MIY3QTR, STM32H563RGT6, STM32H563RGV6, STM32H563RIT6, STM32H563RIV6, STM32H563VGT6, STM32H563VIT3Q, STM32H563VIT6, STM32H563ZGT6, STM32H563ZIT3Q, STM32H563ZIT6, STM32H573AII3Q, STM32H573AII6, STM32H573I-DK, STM32H573IIK3Q, STM32H573IIK6, STM32H573IIT3Q, STM32H573IIT6, STM32H573MIY3QTR, STM32H573RIT6, STM32H573RIV6, STM32H573VIT3Q, STM32H573VIT6, STM32H573ZIT3Q, STM32H573ZIT6, STM32H7R3A8I6, STM32H7R3I8K6, STM32H7R3I8T6, STM32H7R3L8H6, STM32H7R3L8H6H, STM32H7R3R8V6, STM32H7R3V8H6, STM32H7R3V8T6, STM32H7R3V8Y6TR, STM32H7R3Z8J6, STM32H7R3Z8T6, STM32H7R7A8I6, STM32H7R7I8K6, STM32H7R7I8T6, STM32H7R7L8H6, STM32H7R7L8H6H, STM32H7R7Z8J6, STM32H7S3A8I6, STM32H7S3I8K6, STM32H7S3I8T6, STM32H7S3L8H6, STM32H7S3L8H6H, STM32H7S3R8V6, STM32H7S3V8H6, STM32H7S3V8T6, STM32H7S3V8Y6TR, STM32H7S3Z8J6, STM32H7S3Z8T6, STM32H7S78-DK, STM32H7S7A8I6, STM32H7S7I8K6, STM32H7S7I8T6, STM32H7S7L8H6, STM32H7S7L8H6H, STM32H7S7Z8J6, STM32L4R5QGI6STR, STM32MP131AAE3, STM32MP131AAF3, STM32MP131AAG3, STM32MP131CAE3, STM32MP131CAF3, STM32MP131CAG3, STM32MP131DAE7, STM32MP131DAF7, STM32MP131DAG7, STM32MP131FAE7, STM32MP131FAF7, STM32MP131FAG7, STM32MP133AAE3, STM32MP133AAF3, STM32MP133AAG3, STM32MP133CAE3, STM32MP133CAF3, STM32MP133CAG3, STM32MP133DAE7, STM32MP133DAF7, STM32MP133DAG7, STM32MP133FAE7, STM32MP133FAF7, STM32MP133FAG7, STM32MP135AAE3, STM32MP135AAF3, STM32MP135AAG3, STM32MP135CAE3, STM32MP135CAF3, STM32MP135CAG3, STM32MP135DAE7, STM32MP135DAF7, STM32MP135DAG7, STM32MP135F-DK, STM32MP135FAE7, STM32MP135FAF7, STM32MP135FAF7T, STM32MP135FAF7U, STM32MP135FAG7, STM32MP231AAJ3, STM32MP231AAK3, STM32MP231AAL3, STM32MP231CAJ3, STM32MP231CAK3, STM32MP231CAL3, STM32MP231DAJ3, STM32MP231DAK3, STM32MP231DAL3, STM32MP231FAJ3, STM32MP231FAK3, STM32MP231FAL3, STM32MP233AAJ3, STM32MP233AAK3, STM32MP233AAL3, STM32MP233CAJ3, STM32MP233CAK3, STM32MP233CAL3, STM32MP233DAJ3, STM32MP233DAK3, STM32MP233DAL3, STM32MP233FAJ3, STM32MP233FAK3, STM32MP233FAL3, STM32MP235AAJ3, STM32MP235AAK3, STM32MP235AAL3, STM32MP235CAJ3, STM32MP235CAK3, STM32MP235CAL3, STM32MP235DAJ3, STM32MP235DAK3, STM32MP235DAL3, STM32MP235FAJ3, STM32MP235FAK3, STM32MP235FAL3, STM32MP251AAI3, STM32MP251AAJ3, STM32MP251AAK3, STM32MP251AAL3, STM32MP251CAI3, STM32MP251CAJ3, STM32MP251CAK3, STM32MP251CAL3, STM32MP251DAI3, STM32MP251DAJ3, STM32MP251DAK3, STM32MP251DAL3, STM32MP251FAI3, STM32MP251FAJ3, STM32MP251FAK3, STM32MP251FAL3, STM32MP253AAI3, STM32MP253AAJ3, STM32MP253AAK3, STM32MP253AAL3, STM32MP253CAI3, STM32MP253CAJ3, STM32MP253CAK3, STM32MP253CAL3, STM32MP253DAI3, STM32MP253DAJ3, STM32MP253DAK3, STM32MP253DAL3, STM32MP253FAI3, STM32MP253FAJ3, STM32MP253FAK3, STM32MP253FAL3, STM32MP255AAI3, STM32MP255AAJ3, STM32MP255AAK3, STM32MP255AAL3, STM32MP255CAI3, STM32MP255CAJ3, STM32MP255CAK3, STM32MP255CAL3, STM32MP255DAI3, STM32MP255DAJ3, STM32MP255DAK3, STM32MP255DAL3, STM32MP255FAI3, STM32MP255FAJ3, STM32MP255FAK3, STM32MP255FAL3, STM32MP257AAI3, STM32MP257AAJ3, STM32MP257AAK3, STM32MP257AAL3, STM32MP257CAI3, STM32MP257CAJ3, STM32MP257CAK3, STM32MP257CAL3, STM32MP257DAI3, STM32MP257DAJ3, STM32MP257DAK3, STM32MP257DAL3, STM32MP257F-DK, STM32MP257F-EV1, STM32MP257FAI3, STM32MP257FAJ3, STM32MP257FAK3, STM32MP257FAL3, STM32N645A0H3Q, STM32N645B0H3Q, STM32N645I0H3Q, STM32N645L0H3Q, STM32N645X0H3Q, STM32N645Z0H3Q, STM32N647A0H3Q, STM32N647B0H3Q, STM32N647I0H3Q, STM32N647L0H3Q, STM32N647X0H3Q, STM32N647Z0H3Q, STM32N655A0H3Q, STM32N655B0H3Q, STM32N655I0H3Q, STM32N655L0H3Q, STM32N655X0H3Q, STM32N655Z0H3Q, STM32N6570-DK, STM32N657A0H3Q, STM32N657B0H3Q, STM32N657I0H3Q, STM32N657L0H3Q, STM32N657X0H3Q, STM32N657Z0H3Q, STM32U031C6T6, STM32U031C6U6, STM32U031C8T6, STM32U031C8U6, STM32U031F4P6, STM32U031F6P6, STM32U031F8P6, STM32U031G6Y6TR, STM32U031G8Y6TR, STM32U031K4U6, STM32U031K6U6, STM32U031K8U6, STM32U031R6I6, STM32U031R6T6, STM32U031R8I6, STM32U031R8T6, STM32U073C8T6, STM32U073C8U6, STM32U073CBT6, STM32U073CBU6, STM32U073CCT6, STM32U073CCU6, STM32U073H8Y6TR, STM32U073HBY6TR, STM32U073HCY6TR, STM32U073K8U6, STM32U073KBU6, STM32U073KCU6, STM32U073M8I6, STM32U073M8T6, STM32U073MBI6, STM32U073MBT6, STM32U073MCI6, STM32U073MCT6, STM32U073R8I6, STM32U073R8T6, STM32U073RBI6, STM32U073RBT6, STM32U073RCI6, STM32U073RCT6, STM32U083C-DK, STM32U083CCT6, STM32U083CCU6, STM32U083HCY6TR, STM32U083KCU6, STM32U083MCI6, STM32U083MCT6, STM32U083RCI6, STM32U083RCT6, STM32U375CET6, STM32U375CET6Q, STM32U375CEU6, STM32U375CEU6Q, STM32U375CEY6QTR, STM32U375CGT6, STM32U375CGT6Q, STM32U375CGU6, STM32U375CGU6Q, STM32U375CGY6QTR, STM32U375KEU6, STM32U375KGU6, STM32U375REI6, STM32U375REI6Q, STM32U375RET6, STM32U375RET6Q, STM32U375REY6GTR, STM32U375REY6QTR, STM32U375RGI6, STM32U375RGI6Q, STM32U375RGT6, STM32U375RGT6Q, STM32U375RGY6GTR, STM32U375RGY6QTR, STM32U375VEI6, STM32U375VEI6Q, STM32U375VET6, STM32U375VET6Q, STM32U375VGI6, STM32U375VGI6Q, STM32U375VGT6, STM32U375VGT6Q, STM32U385CGT6, STM32U385CGT6Q, STM32U385CGU6, STM32U385CGU6Q, STM32U385CGY6QTR, STM32U385KGU6, STM32U385RGI6, STM32U385RGI6Q, STM32U385RGT6, STM32U385RGT6Q, STM32U385RGY6GTR, STM32U385RGY6QTR, STM32U385VGI6, STM32U385VGI6Q, STM32U385VGT6, STM32U385VGT6Q, STM32U535CBT6, STM32U535CBT6Q, STM32U535CBU6, STM32U535CBU6Q, STM32U535CCT6, STM32U535CCT6Q, STM32U535CCU6, STM32U535CCU6Q, STM32U535CET6, STM32U535CET6Q, STM32U535CEU6, STM32U535CEU6Q, STM32U535JEY6QTR, STM32U535NCY6QTR, STM32U535NEY6QTR, STM32U535RBI6, STM32U535RBI6Q, STM32U535RBT6, STM32U535RBT6Q, STM32U535RCI6, STM32U535RCI6Q, STM32U535RCT6, STM32U535RCT6Q, STM32U535REI6, STM32U535REI6Q, STM32U535RET6, STM32U535RET6Q, STM32U535VCI6, STM32U535VCI6Q, STM32U535VCT6, STM32U535VCT6Q, STM32U535VEI6, STM32U535VEI6Q, STM32U535VET6, STM32U535VET6Q, STM32U545CET6, STM32U545CET6Q, STM32U545CEU6, STM32U545CEU6Q, STM32U545JEY6QTR, STM32U545NEY6QTR, STM32U545REI6, STM32U545REI6Q, STM32U545RET6, STM32U545RET6Q, STM32U545VEI6, STM32U545VEI6Q, STM32U545VET6, STM32U545VET6Q, STM32U595AIH6, STM32U595AIH6Q, STM32U595AJH6, STM32U595AJH6Q, STM32U595QII6, STM32U595QII6Q, STM32U595QJI6, STM32U595QJI6Q, STM32U595RIT6, STM32U595RIT6Q, STM32U595RJT6, STM32U595RJT6Q, STM32U595VIT6, STM32U595VIT6Q, STM32U595VJT6, STM32U595VJT6Q, STM32U595ZIT6, STM32U595ZIT6Q, STM32U595ZIY6QTR, STM32U595ZJT6, STM32U595ZJT6Q, STM32U595ZJY6QTR, STM32U599BJY6QTR, STM32U599NIH6Q, STM32U599NJH6Q, STM32U599VIT6Q, STM32U599VJT6, STM32U599VJT6Q, STM32U599ZIT6Q, STM32U599ZIY6QTR, STM32U599ZJT6Q, STM32U599ZJY6QTR, STM32U5A5AJH6, STM32U5A5AJH6Q, STM32U5A5QII3Q , STM32U5A5QJI6, STM32U5A5QJI6Q, STM32U5A5RJT6, STM32U5A5RJT6Q, STM32U5A5VJT6, STM32U5A5VJT6Q, STM32U5A5ZJT6, STM32U5A5ZJT6Q, STM32U5A5ZJY6QTR, STM32U5A9BJY6QTR, STM32U5A9J-DK, STM32U5A9NJH6Q, STM32U5A9VJT6Q, STM32U5A9ZJT6Q, STM32U5A9ZJY6QTR, STM32U5F7VIT6, STM32U5F7VIT6Q, STM32U5F7VJT6, STM32U5F7VJT6Q, STM32U5F9BJY6QTR, STM32U5F9NJH6Q, STM32U5F9VIT6Q, STM32U5F9VJT6Q, STM32U5F9ZIJ6QTR, STM32U5F9ZIT6Q, STM32U5F9ZJJ6QTR, STM32U5F9ZJT6Q, STM32U5G7VJT6, STM32U5G7VJT6Q, STM32U5G9BJY6QTR, STM32U5G9J-DK1, STM32U5G9J-DK2, STM32U5G9NJH6Q, STM32U5G9VJT6Q, STM32U5G9ZJJ6QTR, STM32U5G9ZJT6Q, STM32WB05KZV6TR, STM32WB05KZV7TR, STM32WB05TZF6TR, STM32WB05TZF7TR, STM32WB06CCF6TR, STM32WB06CCF7TR, STM32WB06CCV6TR, STM32WB06CCV7TR, STM32WB06KCV6TR, STM32WB06KCV7TR, STM32WB07CCF6TR, STM32WB07CCF7TR, STM32WB07CCV6TR, STM32WB07CCV7TR, STM32WB07KCV6TR, STM32WB07KCV7TR, STM32WB09KEV6TR, STM32WB09KEV7TR, STM32WB09TEF6TR, STM32WB09TEF7TR, STM32WB1MMCH6, STM32WBA50KGU6, STM32WBA50KGU6TR, STM32WBA52CEU6, STM32WBA52CEU6TR, STM32WBA52CEU7, STM32WBA52CEU7TR, STM32WBA52CGU6, STM32WBA52CGU6TR, STM32WBA52CGU6U, STM32WBA52CGU7, STM32WBA52CGU7TR, STM32WBA52KEU6, STM32WBA52KEU6TR, STM32WBA52KGU6, STM32WBA52KGU6TR, STM32WBA54CEU6, STM32WBA54CEU6TR, STM32WBA54CEU7, STM32WBA54CEU7TR, STM32WBA54CGU6, STM32WBA54CGU6TR, STM32WBA54CGU7, STM32WBA54CGU7TR, STM32WBA54KEU6, STM32WBA54KEU6TR, STM32WBA54KEU7, STM32WBA54KEU7TR, STM32WBA54KGU6, STM32WBA54KGU6TR, STM32WBA54KGU7, STM32WBA54KGU7TR, STM32WBA55CEU6, STM32WBA55CEU6TR, STM32WBA55CEU7, STM32WBA55CEU7TR, STM32WBA55CGU6, STM32WBA55CGU6TR, STM32WBA55CGU6U, STM32WBA55CGU7, STM32WBA55CGU7TR, STM32WBA55G-DK1, STM32WBA55HEF6, STM32WBA55HEF7, STM32WBA55HGF6, STM32WBA55HGF7, STM32WBA55UEI6, STM32WBA55UEI6TR, STM32WBA55UEI7, STM32WBA55UEI7TR, STM32WBA55UGI6, STM32WBA55UGI6TR, STM32WBA55UGI7, STM32WBA55UGI7TR, STM32WBA5MJGH6TR, STM32WBA62CGU6, STM32WBA62CIU6, STM32WBA62MGF6, STM32WBA62MIF6, STM32WBA62PGI6, STM32WBA62PII6, STM32WBA63CGU6, STM32WBA63CGU7, STM32WBA63CIU6, STM32WBA63CIU7, STM32WBA64CGU6, STM32WBA64CGU7, STM32WBA64CIU6, STM32WBA64CIU7, STM32WBA65CGU6, STM32WBA65CGU7, STM32WBA65CIU6, STM32WBA65CIU7, STM32WBA65I-DK1, STM32WBA65MGF6, STM32WBA65MGF7, STM32WBA65MIF6, STM32WBA65MIF7, STM32WBA65PGI6, STM32WBA65PGI7, STM32WBA65PII6, STM32WBA65PII7, STM32WBA65RGV6, STM32WBA65RGV7, STM32WBA65RIV6, STM32WBA65RIV7, STM32WL30K8V6, STM32WL30KBV6, STM32WL31C8V6, STM32WL31CBV6, STM32WL31K8V6, STM32WL31KBV6, STM32WL33C8V6, STM32WL33C8V6TR, STM32WL33C8V7, STM32WL33C8V7TR, STM32WL33CBV6, STM32WL33CBV6TR, STM32WL33CBV7, STM32WL33CBV7TR, STM32WL33CCV6, STM32WL33CCV6TR, STM32WL33CCV7, STM32WL33CCV7A, STM32WL33CCV7ATR, STM32WL33CCV7TR, STM32WL33K8V6, STM32WL33K8V6TR, STM32WL33K8V7, STM32WL33K8V7TR, STM32WL33KBV6, STM32WL33KBV6TR, STM32WL33KBV7, STM32WL33KBV7TR, STM32WL33KCV6, STM32WL33KCV6TR, STM32WL33KCV7, STM32WL33KCV7TR, STM32WL5MOCH6, STM32WL5MOCH6TR]
2025-06-01 10:13:29,448 [INFO] DbMcus:218 - Found 4686 MCUs, 4686 are supported
2025-06-01 10:13:29,448 [INFO] ApiDb:423 - Load user favorites file C:\Users\gagno/.stm32cubeide/favorites.mcus.txt: 0 item(s)
2025-06-01 10:13:29,448 [INFO] ApiDb:427 - User favorites MCUs=[]
2025-06-01 10:13:29,448 [INFO] DbMcus:224 - Set 0 / 0 favorites MCUs
2025-06-01 10:13:29,879 [INFO] ApiDb:423 - Load user favorites file C:\Users\gagno/.stm32cubeide/favorites.boards.txt: 0 item(s)
2025-06-01 10:13:29,879 [INFO] ApiDb:427 - User favorites Boards=[]
2025-06-01 10:13:29,879 [INFO] DbBoards:198 - Set 0 / 0 favorites Boards
2025-06-01 10:13:29,949 [INFO] UtilMem:75 - End LoadConfig() Used Memory: 862270032 Bytes (1073741824)
2025-06-01 10:13:30,056 [WARN] ThirdParty:833 - waiting for thirdparty lock release [change project]
2025-06-01 10:13:30,056 [INFO] ThirdParty:835 - entering critical section [change project]
2025-06-01 10:13:30,057 [INFO] ThirdParty:1030 - CMSIS Pack Vendor :STMicroelectronics USBPD 4.1
2025-06-01 10:13:30,057 [INFO] ThirdParty:1030 - CMSIS Pack Vendor :STMicroelectronics X-CUBE-GNSS1 6.0.0
2025-06-01 10:13:30,057 [INFO] ThirdParty:1030 - CMSIS Pack Vendor :STMicroelectronics USB_HOST 2.0.0
2025-06-01 10:13:30,057 [INFO] ThirdParty:1030 - CMSIS Pack Vendor :STMicroelectronics FP-SNS-MOTENVWB1 1.4.0
2025-06-01 10:13:30,057 [INFO] ThirdParty:1030 - CMSIS Pack Vendor :STMicroelectronics X-CUBE-AZRTOS-F4 1.1.0
2025-06-01 10:13:30,057 [INFO] ThirdParty:1030 - CMSIS Pack Vendor :STMicroelectronics LIBJPEG 8.0.0
2025-06-01 10:13:30,057 [INFO] ThirdParty:1030 - CMSIS Pack Vendor :STMicroelectronics FP-ATR-ASTRA1 2.0.2
2025-06-01 10:13:30,057 [INFO] ThirdParty:1030 - CMSIS Pack Vendor :STMicroelectronics FP-ATR-ASTRA1 2.0.1
2025-06-01 10:13:30,057 [INFO] ThirdParty:1030 - CMSIS Pack Vendor :Avnet-IotConnect X-CUBE-IoTC-DA16k-PMOD 1.0.0
2025-06-01 10:13:30,057 [INFO] ThirdParty:1030 - CMSIS Pack Vendor :STMicroelectronics X-CUBE-SMBUS 2.1.0
2025-06-01 10:13:30,057 [INFO] ThirdParty:1030 - CMSIS Pack Vendor :STMicroelectronics X-CUBE-WB05N 1.1.0
2025-06-01 10:13:30,058 [INFO] ThirdParty:1030 - CMSIS Pack Vendor :STMicroelectronics X-CUBE-ISPU 2.1.0
2025-06-01 10:13:30,058 [INFO] ThirdParty:1030 - CMSIS Pack Vendor :STMicroelectronics X-CUBE-FREERTOS 1.2.0
2025-06-01 10:13:30,058 [INFO] ThirdParty:1030 - CMSIS Pack Vendor :STMicroelectronics X-CUBE-ST60 1.0.0
2025-06-01 10:13:30,058 [INFO] ThirdParty:1030 - CMSIS Pack Vendor :STMicroelectronics X-CUBE-TOUCHGFX 4.23.2
2025-06-01 10:13:30,058 [INFO] ThirdParty:1030 - CMSIS Pack Vendor :STMicroelectronics X-CUBE-AZRTOS-F7 1.1.0
2025-06-01 10:13:30,058 [INFO] ThirdParty:1030 - CMSIS Pack Vendor :STMicroelectronics X-CUBE-AZRTOS-L5 2.0.0
2025-06-01 10:13:30,058 [INFO] ThirdParty:1030 - CMSIS Pack Vendor :STMicroelectronics USB_DEVICE 2.0.0
2025-06-01 10:13:30,058 [INFO] ThirdParty:1030 - CMSIS Pack Vendor :STMicroelectronics X-CUBE-NFC6 3.1.0
2025-06-01 10:13:30,058 [INFO] ThirdParty:1030 - CMSIS Pack Vendor :STMicroelectronics X-CUBE-MEMS1 11.0.0
2025-06-01 10:13:30,058 [INFO] ThirdParty:1030 - CMSIS Pack Vendor :STMicroelectronics FreeRTOS 0.0.1
2025-06-01 10:13:30,058 [INFO] ThirdParty:1030 - CMSIS Pack Vendor :STMicroelectronics X-CUBE-DPower 1.2.0
2025-06-01 10:13:30,058 [INFO] ThirdParty:1030 - CMSIS Pack Vendor :STMicroelectronics FP-SNS-FLIGHT1 5.0.2
2025-06-01 10:13:30,058 [INFO] ThirdParty:1030 - CMSIS Pack Vendor :STMicroelectronics X-CUBE-AI 9.0.0
2025-06-01 10:13:30,058 [INFO] ThirdParty:1030 - CMSIS Pack Vendor :STMicroelectronics PDM2PCM 3.3.0
2025-06-01 10:13:30,058 [INFO] ThirdParty:1030 - CMSIS Pack Vendor :STMicroelectronics X-CUBE-DISPLAY 3.0.0
2025-06-01 10:13:30,058 [INFO] ThirdParty:1030 - CMSIS Pack Vendor :STMicroelectronics X-CUBE-BLE1 7.0.0
2025-06-01 10:13:30,058 [INFO] ThirdParty:1030 - CMSIS Pack Vendor :STMicroelectronics X-CUBE-NFC10 1.0.0
2025-06-01 10:13:30,059 [INFO] ThirdParty:1030 - CMSIS Pack Vendor :STMicroelectronics X-CUBE-BLEMGR 4.0.0
2025-06-01 10:13:30,059 [INFO] ThirdParty:1030 - CMSIS Pack Vendor :STMicroelectronics X-CUBE-FREERTOS 1.3.1
2025-06-01 10:13:30,059 [INFO] ThirdParty:1030 - CMSIS Pack Vendor :STMicroelectronics HAL Drivers 0.0.0
2025-06-01 10:13:30,059 [INFO] ThirdParty:1030 - CMSIS Pack Vendor :emotas I-CUBE-CANOPEN 1.3.0
2025-06-01 10:13:30,059 [INFO] ThirdParty:1030 - CMSIS Pack Vendor :STMicroelectronics X-CUBE-FREERTOS 1.3.0
2025-06-01 10:13:30,059 [INFO] ThirdParty:1030 - CMSIS Pack Vendor :STMicroelectronics X-CUBE-NFC7 1.0.1
2025-06-01 10:13:30,059 [INFO] ThirdParty:1030 - CMSIS Pack Vendor :STMicroelectronics MBEDTLS 2.14.1
2025-06-01 10:13:30,059 [INFO] ThirdParty:1030 - CMSIS Pack Vendor :wolfSSL I-CUBE-wolfTPM 3.2.0
2025-06-01 10:13:30,059 [INFO] ThirdParty:1030 - CMSIS Pack Vendor :STMicroelectronics X-CUBE-BLEMGR 3.1.0
2025-06-01 10:13:30,059 [INFO] ThirdParty:1030 - CMSIS Pack Vendor :STMicroelectronics X-CUBE-AI 10.0.0
2025-06-01 10:13:30,059 [INFO] ThirdParty:1030 - CMSIS Pack Vendor :STMicroelectronics FP-SNS-SMARTAG2 1.2.0
2025-06-01 10:13:30,059 [INFO] ThirdParty:1030 - CMSIS Pack Vendor :STMicroelectronics FP-SNS-FLIGHT1 5.1.0
2025-06-01 10:13:30,059 [INFO] ThirdParty:1030 - CMSIS Pack Vendor :STMicroelectronics X-CUBE-MEMS1 11.1.0
2025-06-01 10:13:30,059 [INFO] ThirdParty:1030 - CMSIS Pack Vendor :STMicroelectronics X-CUBE-AZRTOS-WL 2.0.0
2025-06-01 10:13:30,060 [INFO] ThirdParty:1030 - CMSIS Pack Vendor :STMicroelectronics X-CUBE-DPower 1.3.0
2025-06-01 10:13:30,060 [INFO] ThirdParty:1030 - CMSIS Pack Vendor :STMicroelectronics FP-SNS-MOTENV1 5.0.0
2025-06-01 10:13:30,060 [INFO] ThirdParty:1030 - CMSIS Pack Vendor :STMicroelectronics USB_DEVICE 1.0.0
2025-06-01 10:13:30,060 [INFO] ThirdParty:1030 - CMSIS Pack Vendor :STMicroelectronics X-CUBE-AI 8.1.0
2025-06-01 10:13:30,060 [INFO] ThirdParty:1030 - CMSIS Pack Vendor :wolfSSL I-CUBE-wolfMQTT 1.19.0
2025-06-01 10:13:30,060 [INFO] ThirdParty:1030 - CMSIS Pack Vendor :STMicroelectronics X-CUBE-AZRTOS-L4 2.0.0
2025-06-01 10:13:30,060 [INFO] ThirdParty:1030 - CMSIS Pack Vendor :STMicroelectronics ThreadX 0.0.2
2025-06-01 10:13:30,060 [INFO] ThirdParty:1030 - CMSIS Pack Vendor :WES I-CUBE-Cesium 1.3.0
2025-06-01 10:13:30,060 [INFO] ThirdParty:1030 - CMSIS Pack Vendor :STMicroelectronics lwIP 2.1.2
2025-06-01 10:13:30,060 [INFO] ThirdParty:1030 - CMSIS Pack Vendor :STMicroelectronics X-CUBE-SFXS2LP1 4.0.0
2025-06-01 10:13:30,060 [INFO] ThirdParty:1030 - CMSIS Pack Vendor :STMicroelectronics X-CUBE-BLE2 3.3.0
2025-06-01 10:13:30,060 [INFO] ThirdParty:1030 - CMSIS Pack Vendor :STMicroelectronics PDM2PCM 3.2.0
2025-06-01 10:13:30,060 [INFO] ThirdParty:1030 - CMSIS Pack Vendor :STMicroelectronics X-CUBE-AZRTOS-H7 3.3.0
2025-06-01 10:13:30,060 [INFO] ThirdParty:1030 - CMSIS Pack Vendor :STMicroelectronics X-CUBE-NFC9 1.0.0
2025-06-01 10:13:30,060 [INFO] ThirdParty:1030 - CMSIS Pack Vendor :STMicroelectronics X-CUBE-BLE1 7.1.0
2025-06-01 10:13:30,060 [INFO] ThirdParty:1030 - CMSIS Pack Vendor :STMicroelectronics USB_DEVICE 3.0.0
2025-06-01 10:13:30,060 [INFO] ThirdParty:1030 - CMSIS Pack Vendor :STMicroelectronics X-CUBE-TCPP 4.1.0
2025-06-01 10:13:30,060 [INFO] ThirdParty:1030 - CMSIS Pack Vendor :STMicroelectronics X-CUBE-IPS 3.0.0
2025-06-01 10:13:30,060 [INFO] ThirdParty:1030 - CMSIS Pack Vendor :STMicroelectronics X-CUBE-AZRTOS-WB 2.0.0
2025-06-01 10:13:30,061 [INFO] ThirdParty:1030 - CMSIS Pack Vendor :STMicroelectronics X-CUBE-GNSS1 7.0.0
2025-06-01 10:13:30,061 [INFO] ThirdParty:1030 - CMSIS Pack Vendor :STMicroelectronics X-CUBE-GNSS1 7.0.1
2025-06-01 10:13:30,061 [INFO] ThirdParty:1030 - CMSIS Pack Vendor :STMicroelectronics X-CUBE-TOUCHGFX 4.25.0
2025-06-01 10:13:30,061 [INFO] ThirdParty:1030 - CMSIS Pack Vendor :STMicroelectronics X-CUBE-AI 10.1.0
2025-06-01 10:13:30,061 [INFO] ThirdParty:1030 - CMSIS Pack Vendor :STMicroelectronics FP-SNS-STBOX1 2.0.0
2025-06-01 10:13:30,061 [INFO] ThirdParty:1030 - CMSIS Pack Vendor :STMicroelectronics X-CUBE-ALGOBUILD 1.3.0
2025-06-01 10:13:30,061 [INFO] ThirdParty:1030 - CMSIS Pack Vendor :STMicroelectronics X-CUBE-MEMS1 11.2.0
2025-06-01 10:13:30,061 [INFO] ThirdParty:1030 - CMSIS Pack Vendor :STMicroelectronics X-CUBE-AZRTOS-G0 1.1.0
2025-06-01 10:13:30,061 [INFO] ThirdParty:1030 - CMSIS Pack Vendor :STMicroelectronics X-CUBE-SAFEA1 1.2.2
2025-06-01 10:13:30,061 [INFO] ThirdParty:1030 - CMSIS Pack Vendor :STMicroelectronics X-CUBE-NFC4 3.0.0
2025-06-01 10:13:30,061 [INFO] ThirdParty:1030 - CMSIS Pack Vendor :STMicroelectronics X-CUBE-SUBG2 5.0.0
2025-06-01 10:13:30,061 [INFO] ThirdParty:1030 - CMSIS Pack Vendor :STMicroelectronics X-CUBE-AZRTOS-H7RS 1.1.0
2025-06-01 10:13:30,061 [INFO] ThirdParty:1030 - CMSIS Pack Vendor :STMicroelectronics STM32_WPAN 1.0.0
2025-06-01 10:13:30,061 [INFO] ThirdParty:1030 - CMSIS Pack Vendor :wolfSSL I-CUBE-wolfMQTT 1.18.0
2025-06-01 10:13:30,061 [INFO] ThirdParty:1030 - CMSIS Pack Vendor :EmbeddedOffice I-CUBE-FS-RTOS 1.0.1
2025-06-01 10:13:30,062 [INFO] ThirdParty:1030 - CMSIS Pack Vendor :STMicroelectronics lwIP 2.0.3
2025-06-01 10:13:30,062 [INFO] ThirdParty:1030 - CMSIS Pack Vendor :STMicroelectronics USB_HOST 1.0.0
2025-06-01 10:13:30,062 [INFO] ThirdParty:1030 - CMSIS Pack Vendor :STMicroelectronics X-CUBE-AZRTOS-G4 2.0.0
2025-06-01 10:13:30,062 [INFO] ThirdParty:1030 - CMSIS Pack Vendor :STMicroelectronics X-CUBE-WB05N 2.0.0
2025-06-01 10:13:30,062 [INFO] ThirdParty:1030 - CMSIS Pack Vendor :STMicroelectronics PDM2PCM 3.1.0
2025-06-01 10:13:30,062 [INFO] ThirdParty:1030 - CMSIS Pack Vendor :STMicroelectronics X-CUBE-NFC7 2.0.0
2025-06-01 10:13:30,062 [INFO] ThirdParty:1030 - CMSIS Pack Vendor :STMicroelectronics X-CUBE-TCPP 4.2.0
2025-06-01 10:13:30,062 [INFO] ThirdParty:1030 - CMSIS Pack Vendor :RealThread X-CUBE-RT-Thread_Nano 4.1.1
2025-06-01 10:13:30,062 [INFO] ThirdParty:1030 - CMSIS Pack Vendor :wolfSSL I-CUBE-wolfSSL 5.7.0
2025-06-01 10:13:30,062 [INFO] ThirdParty:1030 - CMSIS Pack Vendor :STMicroelectronics FP-SNS-MOTENVWB1 1.3.1
2025-06-01 10:13:30,062 [INFO] ThirdParty:1030 - CMSIS Pack Vendor :STMicroelectronics FP-ATR-SIGFOX1 3.2.0
2025-06-01 10:13:30,062 [INFO] ThirdParty:1030 - CMSIS Pack Vendor :quantropi X-CUBE-qispace-sdk-base 1.9.3
2025-06-01 10:13:30,062 [INFO] ThirdParty:1030 - CMSIS Pack Vendor :STMicroelectronics X-CUBE-ISPU 2.0.0
2025-06-01 10:13:30,062 [INFO] ThirdParty:1030 - CMSIS Pack Vendor :STMicroelectronics X-CUBE-EEPRMA1 5.1.0
2025-06-01 10:13:30,062 [INFO] ThirdParty:1030 - CMSIS Pack Vendor :STMicroelectronics MBEDTLS 2.16.2
2025-06-01 10:13:30,062 [INFO] ThirdParty:1030 - CMSIS Pack Vendor :STMicroelectronics X-CUBE-IPS 3.1.0
2025-06-01 10:13:30,062 [INFO] ThirdParty:1030 - CMSIS Pack Vendor :STMicroelectronics X-CUBE-ALS 1.0.2
2025-06-01 10:13:30,062 [INFO] ThirdParty:1030 - CMSIS Pack Vendor :STMicroelectronics X-CUBE-MEMS1 10.0.0
2025-06-01 10:13:30,062 [INFO] ThirdParty:1030 - CMSIS Pack Vendor :STMicroelectronics X-CUBE-FREERTOS 1.1.0
2025-06-01 10:13:30,062 [INFO] ThirdParty:1030 - CMSIS Pack Vendor :STMicroelectronics X-CUBE-TOUCHGFX 4.24.0
2025-06-01 10:13:30,062 [INFO] ThirdParty:1030 - CMSIS Pack Vendor :ITTIA_DB I-CUBE-ITTIADB 8.9.0
2025-06-01 10:13:30,062 [INFO] ThirdParty:1030 - CMSIS Pack Vendor :STMicroelectronics X-CUBE-TOUCHGFX 4.24.2
2025-06-01 10:13:30,063 [INFO] ThirdParty:1030 - CMSIS Pack Vendor :STMicroelectronics X-CUBE-TOUCHGFX 4.24.1
2025-06-01 10:13:30,063 [INFO] ThirdParty:1030 - CMSIS Pack Vendor :portGmbH I-Cube-SoM-uGOAL 1.1.0
2025-06-01 10:13:30,063 [INFO] ThirdParty:1030 - CMSIS Pack Vendor :STMicroelectronics X-CUBE-ALS 1.0.1
2025-06-01 10:13:30,063 [INFO] ThirdParty:1030 - CMSIS Pack Vendor :STMicroelectronics ThreadX 1.0.0
2025-06-01 10:13:30,063 [INFO] ThirdParty:1030 - CMSIS Pack Vendor :SEGGER I-CUBE-embOS 1.3.1
2025-06-01 10:13:30,063 [INFO] ThirdParty:1030 - CMSIS Pack Vendor :STMicroelectronics X-CUBE-ALGOBUILD 1.4.0
2025-06-01 10:13:30,063 [INFO] ThirdParty:1030 - CMSIS Pack Vendor :STMicroelectronics X-CUBE-AZRTOS-H7RS 1.0.0
2025-06-01 10:13:30,063 [INFO] ThirdParty:1030 - CMSIS Pack Vendor :STMicroelectronics FP-ATR-ASTRA1 2.0.0
2025-06-01 10:13:30,063 [INFO] ThirdParty:1030 - CMSIS Pack Vendor :STMicroelectronics X-CUBE-TOF1 3.4.2
2025-06-01 10:13:30,063 [INFO] ThirdParty:1030 - CMSIS Pack Vendor :STMicroelectronics X-CUBE-TOF1 3.4.3
2025-06-01 10:13:30,063 [INFO] ThirdParty:1030 - CMSIS Pack Vendor :STMicroelectronics X-CUBE-AI 9.1.0
2025-06-01 10:13:30,063 [INFO] ThirdParty:1030 - CMSIS Pack Vendor :STMicroelectronics X-CUBE-TOF1 3.4.1
2025-06-01 10:13:30,063 [INFO] ThirdParty:1030 - CMSIS Pack Vendor :STMicroelectronics X-CUBE-AZRTOS-H7 3.2.0
2025-06-01 10:13:30,063 [INFO] ThirdParty:1030 - CMSIS Pack Vendor :Infineon AIROC-Wi-Fi-Bluetooth-STM32 1.6.0
2025-06-01 10:13:30,063 [INFO] ThirdParty:1030 - CMSIS Pack Vendor :wolfSSL I-CUBE-wolfSSH 1.4.17
2025-06-01 10:13:30,063 [INFO] ThirdParty:841 - exiting critical section [change project]
2025-06-01 10:13:30,570 [INFO] PinOutPanel:1589 - setPackage(No Configuration,No Configuration)
2025-06-01 10:13:30,571 [INFO] PinOutPanel:1589 - setPackage(STM32F412ZGTx,LQFP144)
2025-06-01 10:13:31,177 [INFO] UtilMem:75 - Before build in PCC Used Memory: 719473056 Bytes (1073741824)
2025-06-01 10:13:32,102 [INFO] UtilMem:75 - After build in PCC Used Memory: 772461232 Bytes (1073741824)
2025-06-01 10:13:32,264 [INFO] ApiDbMcu:508 - Load IP Config File for USB_DEVICE
2025-06-01 10:13:32,301 [INFO] IPUIPlugin:80 - create IPUIPlugin
2025-06-01 10:13:32,301 [INFO] IPUIPlugin:80 - create IPUIPlugin
2025-06-01 10:13:32,301 [INFO] IPUIPlugin:80 - create IPUIPlugin
2025-06-01 10:13:32,301 [INFO] IPUIPlugin:80 - create IPUIPlugin
2025-06-01 10:13:32,301 [INFO] IPUIPlugin:80 - create IPUIPlugin
2025-06-01 10:13:32,301 [INFO] IPUIPlugin:80 - create IPUIPlugin
2025-06-01 10:13:32,301 [INFO] IPUIPlugin:80 - create IPUIPlugin
2025-06-01 10:13:32,301 [INFO] IPUIPlugin:80 - create IPUIPlugin
2025-06-01 10:13:32,302 [INFO] IPUIPlugin:80 - create IPUIPlugin
2025-06-01 10:13:32,302 [INFO] IPUIPlugin:80 - create IPUIPlugin
2025-06-01 10:13:32,302 [INFO] IPUIPlugin:80 - create IPUIPlugin
2025-06-01 10:13:32,302 [INFO] IPUIPlugin:80 - create IPUIPlugin
2025-06-01 10:13:32,302 [INFO] IPUIPlugin:80 - create IPUIPlugin
2025-06-01 10:13:32,302 [INFO] IPUIPlugin:80 - create IPUIPlugin
2025-06-01 10:13:32,302 [INFO] IPUIPlugin:80 - create IPUIPlugin
2025-06-01 10:13:32,302 [INFO] IPUIPlugin:80 - create IPUIPlugin
2025-06-01 10:13:32,303 [INFO] IPUIPlugin:80 - create IPUIPlugin
2025-06-01 10:13:32,303 [INFO] IPUIPlugin:80 - create IPUIPlugin
2025-06-01 10:13:32,303 [INFO] IPUIPlugin:80 - create IPUIPlugin
2025-06-01 10:13:32,303 [INFO] IPUIPlugin:80 - create IPUIPlugin
2025-06-01 10:13:32,303 [INFO] IPUIPlugin:80 - create IPUIPlugin
2025-06-01 10:13:32,303 [INFO] IPUIPlugin:80 - create IPUIPlugin
2025-06-01 10:13:32,303 [INFO] IPUIPlugin:80 - create IPUIPlugin
2025-06-01 10:13:32,304 [INFO] IPUIPlugin:80 - create IPUIPlugin
2025-06-01 10:13:32,304 [INFO] IPUIPlugin:80 - create IPUIPlugin
2025-06-01 10:13:32,304 [INFO] IPUIPlugin:80 - create IPUIPlugin
2025-06-01 10:13:32,304 [INFO] IPUIPlugin:80 - create IPUIPlugin
2025-06-01 10:13:32,304 [INFO] IPUIPlugin:80 - create IPUIPlugin
2025-06-01 10:13:32,305 [INFO] IPUIPlugin:80 - create IPUIPlugin
2025-06-01 10:13:32,305 [INFO] IPUIPlugin:80 - create IPUIPlugin
2025-06-01 10:13:32,305 [INFO] IPUIPlugin:80 - create IPUIPlugin
2025-06-01 10:13:32,305 [INFO] IPUIPlugin:80 - create IPUIPlugin
2025-06-01 10:13:32,306 [INFO] IPUIPlugin:80 - create IPUIPlugin
2025-06-01 10:13:32,306 [INFO] IPUIPlugin:80 - create IPUIPlugin
2025-06-01 10:13:32,306 [INFO] IPUIPlugin:80 - create IPUIPlugin
2025-06-01 10:13:32,306 [INFO] IPUIPlugin:80 - create IPUIPlugin
2025-06-01 10:13:32,307 [INFO] IPUIPlugin:80 - create IPUIPlugin
2025-06-01 10:13:32,307 [INFO] IPUIPlugin:80 - create IPUIPlugin
2025-06-01 10:13:32,307 [INFO] IPUIPlugin:80 - create IPUIPlugin
2025-06-01 10:13:32,307 [INFO] IPUIPlugin:80 - create IPUIPlugin
2025-06-01 10:13:32,308 [INFO] IPUIPlugin:80 - create IPUIPlugin
2025-06-01 10:13:32,308 [INFO] IPUIPlugin:80 - create IPUIPlugin
2025-06-01 10:13:32,308 [INFO] IPUIPlugin:80 - create IPUIPlugin
2025-06-01 10:13:32,308 [INFO] IPUIPlugin:80 - create IPUIPlugin
2025-06-01 10:13:32,308 [INFO] IPUIPlugin:80 - create IPUIPlugin
2025-06-01 10:13:32,308 [INFO] IPUIPlugin:80 - create IPUIPlugin
2025-06-01 10:13:32,308 [INFO] IPUIPlugin:80 - create IPUIPlugin
2025-06-01 10:13:32,309 [INFO] IPUIPlugin:80 - create IPUIPlugin
2025-06-01 10:13:32,309 [INFO] IPUIPlugin:80 - create IPUIPlugin
2025-06-01 10:13:32,309 [INFO] IPUIPlugin:80 - create IPUIPlugin
2025-06-01 10:13:32,310 [INFO] IPUIPlugin:80 - create IPUIPlugin
2025-06-01 10:13:32,310 [INFO] IPUIPlugin:80 - create IPUIPlugin
2025-06-01 10:13:32,310 [INFO] IPUIPlugin:80 - create IPUIPlugin
2025-06-01 10:13:32,311 [INFO] IPUIPlugin:80 - create IPUIPlugin
2025-06-01 10:13:32,311 [INFO] IPUIPlugin:80 - create IPUIPlugin
2025-06-01 10:13:32,311 [INFO] IPUIPlugin:80 - create IPUIPlugin
2025-06-01 10:13:32,312 [INFO] IPUIPlugin:80 - create IPUIPlugin
2025-06-01 10:13:32,327 [INFO] ApiDbMcu:508 - Load IP Config File for PDM2PCM
2025-06-01 10:13:32,597 [INFO] CADModel:165 - CPN selected for project levelSTM32F412ZGT6
2025-06-01 10:13:32,597 [INFO] CADModel:114 - Register for checkConnection events
2025-06-01 10:13:32,663 [INFO] OpenFileManager:385 - Restore cursor
2025-06-01 10:13:32,902 [WARN] IP:2250 - DEVICE_SERIAL0_CDC_FS not found: check if there is a RefParameter without a condition.
2025-06-01 10:13:32,902 [WARN] IP:2250 - DEVICE_SERIAL1_CDC_FS not found: check if there is a RefParameter without a condition.
2025-06-01 10:13:32,902 [WARN] IP:2250 - DEVICE_SERIAL2_CDC_FS not found: check if there is a RefParameter without a condition.
2025-06-01 10:13:32,903 [WARN] IP:2250 - DEVICE_SERIAL0_CDC_FS not found: check if there is a RefParameter without a condition.
2025-06-01 10:13:32,903 [WARN] IP:2250 - DEVICE_SERIAL1_CDC_FS not found: check if there is a RefParameter without a condition.
2025-06-01 10:13:32,903 [WARN] IP:2250 - DEVICE_SERIAL2_CDC_FS not found: check if there is a RefParameter without a condition.
2025-06-01 10:14:54,868 [INFO] NvicIntPanel:101 - NVIC parent = com.st.microxplorer.plugins.ip.nvic.MultiNvicIntPanel[,0,0,450x161,layout=javax.swing.BoxLayout,alignmentX=0.0,alignmentY=0.0,border=,flags=9,maximumSize=,minimumSize=,preferredSize=]
2025-06-01 15:04:23,773 [INFO] Activator:176 - 


2025-06-01 15:04:23,774 [INFO] Activator:177 - !SESSION log4j initialized
2025-06-01 15:04:31,046 [INFO] LogOutputStream:77 - [STDOUT_REDIRECT] 
2025-06-01 15:04:32,060 [INFO] ApplicationProperties:184 - Using Application install path: C:\ST\STM32CubeIDE_1.15.0\STM32CubeIDE\plugins\com.st.stm32cube.common.mx_6.14.0.202502271554
2025-06-01 15:04:32,078 [INFO] DbMcusXml:78 - Set database path to: C:\ST\STM32CubeIDE_1.15.0\STM32CubeIDE\plugins\com.st.stm32cube.common.mx_6.14.0.202502271554\\db\/mcu/
2025-06-01 15:04:32,079 [INFO] ApiDb:274 - Set plugin database path to: C:\ST\STM32CubeIDE_1.15.0\STM32CubeIDE\plugins\com.st.stm32cube.common.mx_6.14.0.202502271554\\db\/plugins/boardmanager/
2025-06-01 15:04:32,079 [WARN] ApiDb:259 - Overriding images path with different value:  => C:\ST\STM32CubeIDE_1.15.0\STM32CubeIDE\plugins\com.st.stm32cube.common.mx_6.14.0.202502271554\\db\/plugins/mcufinder/images/
2025-06-01 15:04:32,087 [INFO] ApiDb:250 - Set database path to: C:\Users\gagno\.stmcufinder\plugins\mcufinder//mcu/
2025-06-01 15:04:32,089 [INFO] DbMcusAds:125 - Set database path to: C:\Users\gagno\.stmcufinder\plugins\mcufinder//mcu/
2025-06-01 15:04:32,092 [INFO] CrossReferenceDbSqlite:203 - Set database path to: C:\Users\gagno\.stmcufinder\plugins\mcufinder//mcu/cs/
2025-06-01 15:04:32,232 [INFO] RulesReader:64 - Compatibility file has been processed (301 Rules)
2025-06-01 15:04:32,317 [INFO] DbMcusXml:78 - Set database path to: C:\ST\STM32CubeIDE_1.15.0\STM32CubeIDE\plugins\com.st.stm32cube.common.mx_6.14.0.202502271554\\db\/mcu/
2025-06-01 15:04:32,317 [INFO] ApiDb:274 - Set plugin database path to: C:\ST\STM32CubeIDE_1.15.0\STM32CubeIDE\plugins\com.st.stm32cube.common.mx_6.14.0.202502271554\\db\/plugins/boardmanager/
2025-06-01 15:04:32,318 [INFO] ApiDb:261 - Set plugin images path to: C:\ST\STM32CubeIDE_1.15.0\STM32CubeIDE\plugins\com.st.stm32cube.common.mx_6.14.0.202502271554\\db\/plugins/mcufinder/images/
2025-06-01 15:04:32,318 [WARN] DbFile:41 - Overriding database path with different value: C:\Users\gagno\.stmcufinder\plugins\mcufinder/ => C:\Users\gagno\.stmcufinder\plugins\mcufinder
2025-06-01 15:04:32,318 [INFO] ApiDb:250 - Set database path to: C:\Users\gagno\.stmcufinder\plugins\mcufinder//mcu/
2025-06-01 15:04:32,318 [WARN] DbFile:41 - Overriding database path with different value: C:\Users\gagno\.stmcufinder\plugins\mcufinder/ => C:\Users\gagno\.stmcufinder\plugins\mcufinder
2025-06-01 15:04:32,318 [INFO] DbMcusAds:125 - Set database path to: C:\Users\gagno\.stmcufinder\plugins\mcufinder//mcu/
2025-06-01 15:04:32,318 [WARN] DbFile:41 - Overriding database path with different value: C:\Users\gagno\.stmcufinder\plugins\mcufinder/ => C:\Users\gagno\.stmcufinder\plugins\mcufinder
2025-06-01 15:04:32,318 [WARN] DbFile:41 - Overriding database path with different value: C:\Users\gagno\.stmcufinder\plugins\mcufinder/ => C:\Users\gagno\.stmcufinder\plugins\mcufinder
2025-06-01 15:04:32,318 [INFO] CrossReferenceDbSqlite:203 - Set database path to: C:\Users\gagno\.stmcufinder\plugins\mcufinder//mcu/cs/
2025-06-01 15:04:32,406 [INFO] MainPanel:272 - HeapMemory: 268435456
2025-06-01 15:04:32,503 [INFO] DbMcusXml:78 - Set database path to: C:\ST\STM32CubeIDE_1.15.0\STM32CubeIDE\plugins\com.st.stm32cube.common.mx_6.14.0.202502271554\\db\/mcu/
2025-06-01 15:04:32,503 [INFO] ApiDb:274 - Set plugin database path to: C:\ST\STM32CubeIDE_1.15.0\STM32CubeIDE\plugins\com.st.stm32cube.common.mx_6.14.0.202502271554\\db\/plugins/boardmanager/
2025-06-01 15:04:32,503 [INFO] ApiDb:261 - Set plugin images path to: C:\ST\STM32CubeIDE_1.15.0\STM32CubeIDE\plugins\com.st.stm32cube.common.mx_6.14.0.202502271554\\db\/plugins/mcufinder/images/
2025-06-01 15:04:32,503 [WARN] DbFile:41 - Overriding database path with different value: C:\Users\gagno\.stmcufinder\plugins\mcufinder/ => C:\Users\gagno\.stmcufinder\plugins\mcufinder
2025-06-01 15:04:32,504 [INFO] ApiDb:250 - Set database path to: C:\Users\gagno\.stmcufinder\plugins\mcufinder//mcu/
2025-06-01 15:04:32,504 [WARN] DbFile:41 - Overriding database path with different value: C:\Users\gagno\.stmcufinder\plugins\mcufinder/ => C:\Users\gagno\.stmcufinder\plugins\mcufinder
2025-06-01 15:04:32,504 [INFO] DbMcusAds:125 - Set database path to: C:\Users\gagno\.stmcufinder\plugins\mcufinder//mcu/
2025-06-01 15:04:32,504 [WARN] DbFile:41 - Overriding database path with different value: C:\Users\gagno\.stmcufinder\plugins\mcufinder/ => C:\Users\gagno\.stmcufinder\plugins\mcufinder
2025-06-01 15:04:32,504 [WARN] DbFile:41 - Overriding database path with different value: C:\Users\gagno\.stmcufinder\plugins\mcufinder/ => C:\Users\gagno\.stmcufinder\plugins\mcufinder
2025-06-01 15:04:32,504 [INFO] CrossReferenceDbSqlite:203 - Set database path to: C:\Users\gagno\.stmcufinder\plugins\mcufinder//mcu/cs/
2025-06-01 15:04:32,519 [INFO] ApplicationProperties:184 - Using Application install path: C:\ST\STM32CubeIDE_1.15.0\STM32CubeIDE\plugins\com.st.stm32cube.common.mx_6.14.0.202502271554
2025-06-01 15:04:32,520 [INFO] PluginManage:196 - Search for loadable plugins [exclusion list=, ]
2025-06-01 15:04:32,522 [INFO] PluginManage:310 - Check plugin analytics
2025-06-01 15:04:32,744 [INFO] AnalyticsPlugin:253 - Accepted Software Licenses: 
2025-06-01 15:04:32,744 [INFO] AnalyticsPlugin:255 - Accepted CMSIS Pack Licenses: 
2025-06-01 15:04:32,744 [INFO] AnalyticsPlugin:257 - Accepted Firmware Licenses: FW.F4.1.28.0
2025-06-01 15:04:32,748 [INFO] PluginManage:359 - Loaded plugin analytics (category:tool,tabindex:-1)
2025-06-01 15:04:32,748 [INFO] PluginManage:310 - Check plugin cadmodel
2025-06-01 15:04:32,753 [INFO] CADModel:105 - Init CAD model plugin
2025-06-01 15:04:32,753 [INFO] PluginManage:359 - Loaded plugin cadmodel (category:power,tabindex:5)
2025-06-01 15:04:32,753 [INFO] PluginManage:310 - Check plugin clock
2025-06-01 15:04:32,762 [INFO] PluginManage:359 - Loaded plugin clock (category:base,tabindex:2)
2025-06-01 15:04:32,762 [INFO] PluginManage:310 - Check plugin ddr
2025-06-01 15:04:32,769 [INFO] PluginManage:359 - Loaded plugin ddr (category:tool,tabindex:6)
2025-06-01 15:04:32,770 [INFO] PluginManage:310 - Check plugin filemanager
2025-06-01 15:04:32,897 [INFO] PluginManage:359 - Loaded plugin filemanager (category:base,tabindex:10)
2025-06-01 15:04:32,897 [INFO] PluginManage:310 - Check plugin ipmanager
2025-06-01 15:04:32,904 [INFO] PluginManage:359 - Loaded plugin ipmanager (category:base,tabindex:5)
2025-06-01 15:04:32,904 [INFO] PluginManage:310 - Check plugin lpbam
2025-06-01 15:04:32,911 [INFO] PluginManage:359 - Loaded plugin lpbam (category:base,tabindex:0)
2025-06-01 15:04:32,911 [INFO] PluginManage:310 - Check plugin memorymap
2025-06-01 15:04:32,926 [INFO] PluginManage:359 - Loaded plugin memorymap (category:base,tabindex:4)
2025-06-01 15:04:32,926 [INFO] PluginManage:310 - Check plugin pinoutandconfiguration
2025-06-01 15:04:32,933 [INFO] PluginManage:359 - Loaded plugin pinoutandconfiguration (category:base,tabindex:1)
2025-06-01 15:04:32,934 [INFO] PluginManage:310 - Check plugin pinoutconfig
2025-06-01 15:04:33,032 [WARN] SupportedApi:132 - Cannot load RTOS API schema: s4s-elt-must-match.1: The content of 'definitions' must match (annotation?, (simpleType | complexType)?, (unique | key | keyref)*)). A problem was found starting at: attribute.
2025-06-01 15:04:33,189 [INFO] PluginManage:359 - Loaded plugin pinoutconfig (category:base,tabindex:0)
2025-06-01 15:04:33,189 [INFO] PluginManage:310 - Check plugin power
2025-06-01 15:04:33,198 [INFO] PluginManage:359 - Loaded plugin power (category:power,tabindex:4)
2025-06-01 15:04:33,199 [INFO] PluginManage:310 - Check plugin projectmanager
2025-06-01 15:04:33,216 [INFO] PluginManage:359 - Loaded plugin projectmanager (category:projectmanager,tabindex:4)
2025-06-01 15:04:33,216 [INFO] PluginManage:310 - Check plugin rif
2025-06-01 15:04:33,224 [INFO] PluginManage:359 - Loaded plugin rif (category:base,tabindex:3)
2025-06-01 15:04:33,225 [INFO] PluginManage:310 - Check plugin thirdparty
2025-06-01 15:04:33,383 [INFO] PluginManage:359 - Loaded plugin thirdparty (category:base,tabindex:-1)
2025-06-01 15:04:33,383 [INFO] PluginManage:310 - Check plugin tools
2025-06-01 15:04:33,383 [WARN] IntegrityCheckThread:84 - waiting for thirdparty lock release [integrity check]
2025-06-01 15:04:33,383 [INFO] IntegrityCheckThread:86 - entering critical section [integrity check]
2025-06-01 15:04:33,384 [INFO] ThirdPartyUpdaterWithRetryManager:70 - Updater plugin not ready yet. [1/15]
2025-06-01 15:04:33,387 [INFO] PluginManage:359 - Loaded plugin tools (category:base,tabindex:7)
2025-06-01 15:04:33,387 [INFO] PluginManage:310 - Check plugin tutovideos
2025-06-01 15:04:33,666 [INFO] PluginManage:359 - Loaded plugin tutovideos (category:base,tabindex:-1)
2025-06-01 15:04:33,666 [INFO] PluginManage:310 - Check plugin updater
2025-06-01 15:04:33,691 [INFO] PluginManage:359 - Loaded plugin updater (category:base,tabindex:12)
2025-06-01 15:04:33,691 [INFO] PluginManage:310 - Check plugin userauth
2025-06-01 15:04:33,698 [INFO] UserAuth:118 - Init User Auth plugin
2025-06-01 15:04:33,699 [INFO] PluginManage:359 - Loaded plugin userauth (category:base,tabindex:14)
2025-06-01 15:04:33,700 [INFO] PluginManage:283 - PluginManage : Loaded plugins [18]
2025-06-01 15:04:34,088 [INFO] PinOutPanel:1589 - setPackage(No Configuration,No Configuration)
2025-06-01 15:04:34,213 [INFO] CADModel:165 - CPN selected for project level
2025-06-01 15:04:34,213 [INFO] CADModel:114 - Register for checkConnection events
2025-06-01 15:04:34,235 [INFO] IPUIPlugin:80 - create IPUIPlugin
2025-06-01 15:04:34,235 [INFO] PluginManager:220 - loadIPPluginJar : add adc
2025-06-01 15:04:34,238 [INFO] IPUIPlugin:80 - create IPUIPlugin
2025-06-01 15:04:34,238 [INFO] PluginManager:220 - loadIPPluginJar : add aes
2025-06-01 15:04:34,240 [INFO] IPUIPlugin:80 - create IPUIPlugin
2025-06-01 15:04:34,240 [INFO] PluginManager:220 - loadIPPluginJar : add can
2025-06-01 15:04:34,242 [INFO] IPUIPlugin:80 - create IPUIPlugin
2025-06-01 15:04:34,242 [INFO] PluginManager:220 - loadIPPluginJar : add comp
2025-06-01 15:04:34,244 [INFO] IPUIPlugin:80 - create IPUIPlugin
2025-06-01 15:04:34,244 [INFO] PluginManager:220 - loadIPPluginJar : add cryp
2025-06-01 15:04:34,246 [INFO] IPUIPlugin:80 - create IPUIPlugin
2025-06-01 15:04:34,247 [INFO] PluginManager:220 - loadIPPluginJar : add ddr_ctrl_phy
2025-06-01 15:04:34,248 [INFO] IPUIPlugin:80 - create IPUIPlugin
2025-06-01 15:04:34,248 [INFO] PluginManager:220 - loadIPPluginJar : add dfsdm
2025-06-01 15:04:34,253 [INFO] IPUIPlugin:80 - create IPUIPlugin
2025-06-01 15:04:34,253 [INFO] PluginManager:220 - loadIPPluginJar : add dma
2025-06-01 15:04:34,255 [INFO] IPUIPlugin:80 - create IPUIPlugin
2025-06-01 15:04:34,255 [INFO] PluginManager:220 - loadIPPluginJar : add dma3
2025-06-01 15:04:34,257 [INFO] IPUIPlugin:80 - create IPUIPlugin
2025-06-01 15:04:34,257 [INFO] PluginManager:220 - loadIPPluginJar : add extmemmanager
2025-06-01 15:04:34,258 [INFO] IPUIPlugin:80 - create IPUIPlugin
2025-06-01 15:04:34,258 [INFO] PluginManager:220 - loadIPPluginJar : add fatfs
2025-06-01 15:04:34,262 [INFO] IPUIPlugin:80 - create IPUIPlugin
2025-06-01 15:04:34,262 [INFO] PluginManager:220 - loadIPPluginJar : add fmc
2025-06-01 15:04:34,265 [INFO] IPUIPlugin:80 - create IPUIPlugin
2025-06-01 15:04:34,266 [INFO] PluginManager:220 - loadIPPluginJar : add freertos
2025-06-01 15:04:34,267 [INFO] IPUIPlugin:80 - create IPUIPlugin
2025-06-01 15:04:34,267 [INFO] PluginManager:220 - loadIPPluginJar : add genericplugin
2025-06-01 15:04:34,268 [INFO] IPUIPlugin:80 - create IPUIPlugin
2025-06-01 15:04:34,268 [INFO] PluginManager:220 - loadIPPluginJar : add gfxmmu
2025-06-01 15:04:34,271 [INFO] IPUIPlugin:80 - create IPUIPlugin
2025-06-01 15:04:34,271 [INFO] PluginManager:220 - loadIPPluginJar : add gic
2025-06-01 15:04:34,274 [INFO] IPUIPlugin:80 - create IPUIPlugin
2025-06-01 15:04:34,274 [INFO] PluginManager:220 - loadIPPluginJar : add gpio
2025-06-01 15:04:34,276 [INFO] IPUIPlugin:80 - create IPUIPlugin
2025-06-01 15:04:34,276 [INFO] PluginManager:220 - loadIPPluginJar : add gtzc
2025-06-01 15:04:34,278 [INFO] IPUIPlugin:80 - create IPUIPlugin
2025-06-01 15:04:34,278 [INFO] PluginManager:220 - loadIPPluginJar : add hash
2025-06-01 15:04:34,279 [INFO] IPUIPlugin:80 - create IPUIPlugin
2025-06-01 15:04:34,279 [INFO] PluginManager:220 - loadIPPluginJar : add i2c
2025-06-01 15:04:34,281 [INFO] IPUIPlugin:80 - create IPUIPlugin
2025-06-01 15:04:34,281 [INFO] PluginManager:220 - loadIPPluginJar : add i2s
2025-06-01 15:04:34,283 [INFO] IPUIPlugin:80 - create IPUIPlugin
2025-06-01 15:04:34,283 [INFO] PluginManager:220 - loadIPPluginJar : add i3c
2025-06-01 15:04:34,285 [INFO] IPUIPlugin:80 - create IPUIPlugin
2025-06-01 15:04:34,285 [INFO] PluginManager:220 - loadIPPluginJar : add ipddr
2025-06-01 15:04:34,290 [INFO] IPUIPlugin:80 - create IPUIPlugin
2025-06-01 15:04:34,290 [INFO] PluginManager:220 - loadIPPluginJar : add linkedlist
2025-06-01 15:04:34,292 [INFO] IPUIPlugin:80 - create IPUIPlugin
2025-06-01 15:04:34,292 [INFO] PluginManager:220 - loadIPPluginJar : add lorawan
2025-06-01 15:04:34,293 [INFO] IPUIPlugin:80 - create IPUIPlugin
2025-06-01 15:04:34,293 [INFO] PluginManager:220 - loadIPPluginJar : add ltdc
2025-06-01 15:04:34,297 [INFO] IPUIPlugin:80 - create IPUIPlugin
2025-06-01 15:04:34,297 [INFO] PluginManager:220 - loadIPPluginJar : add mdma
2025-06-01 15:04:34,299 [INFO] IPUIPlugin:80 - create IPUIPlugin
2025-06-01 15:04:34,299 [INFO] PluginManager:220 - loadIPPluginJar : add nvic
2025-06-01 15:04:34,301 [INFO] IPUIPlugin:80 - create IPUIPlugin
2025-06-01 15:04:34,301 [INFO] PluginManager:220 - loadIPPluginJar : add opamp
2025-06-01 15:04:34,303 [INFO] IPUIPlugin:80 - create IPUIPlugin
2025-06-01 15:04:34,303 [INFO] PluginManager:220 - loadIPPluginJar : add openamp
2025-06-01 15:04:34,305 [INFO] IPUIPlugin:80 - create IPUIPlugin
2025-06-01 15:04:34,305 [INFO] PluginManager:220 - loadIPPluginJar : add pdm2pcm
2025-06-01 15:04:34,312 [INFO] IPUIPlugin:80 - create IPUIPlugin
2025-06-01 15:04:34,314 [INFO] PluginManager:220 - loadIPPluginJar : add plateformsettings
2025-06-01 15:04:34,315 [INFO] IPUIPlugin:80 - create IPUIPlugin
2025-06-01 15:04:34,315 [INFO] PluginManager:220 - loadIPPluginJar : add quadspi
2025-06-01 15:04:34,317 [INFO] IPUIPlugin:80 - create IPUIPlugin
2025-06-01 15:04:34,318 [INFO] PluginManager:220 - loadIPPluginJar : add radio
2025-06-01 15:04:34,321 [INFO] IPUIPlugin:80 - create IPUIPlugin
2025-06-01 15:04:34,321 [INFO] PluginManager:220 - loadIPPluginJar : add resmgrutility
2025-06-01 15:04:34,324 [INFO] IPUIPlugin:80 - create IPUIPlugin
2025-06-01 15:04:34,324 [INFO] PluginManager:220 - loadIPPluginJar : add sai
2025-06-01 15:04:34,326 [INFO] IPUIPlugin:80 - create IPUIPlugin
2025-06-01 15:04:34,326 [INFO] PluginManager:220 - loadIPPluginJar : add spi
2025-06-01 15:04:34,331 [INFO] IPUIPlugin:80 - create IPUIPlugin
2025-06-01 15:04:34,332 [INFO] PluginManager:220 - loadIPPluginJar : add stm32_wpan
2025-06-01 15:04:34,333 [INFO] IPUIPlugin:80 - create IPUIPlugin
2025-06-01 15:04:34,333 [INFO] PluginManager:220 - loadIPPluginJar : add tim
2025-06-01 15:04:34,336 [INFO] IPUIPlugin:80 - create IPUIPlugin
2025-06-01 15:04:34,336 [INFO] PluginManager:220 - loadIPPluginJar : add touchsensing
2025-06-01 15:04:34,338 [INFO] IPUIPlugin:80 - create IPUIPlugin
2025-06-01 15:04:34,338 [INFO] PluginManager:220 - loadIPPluginJar : add tracer_emb
2025-06-01 15:04:34,340 [INFO] IPUIPlugin:80 - create IPUIPlugin
2025-06-01 15:04:34,340 [INFO] PluginManager:220 - loadIPPluginJar : add ts
2025-06-01 15:04:34,342 [INFO] IPUIPlugin:80 - create IPUIPlugin
2025-06-01 15:04:34,342 [INFO] PluginManager:220 - loadIPPluginJar : add tsc
2025-06-01 15:04:34,344 [INFO] IPUIPlugin:80 - create IPUIPlugin
2025-06-01 15:04:34,345 [INFO] PluginManager:220 - loadIPPluginJar : add ucpd
2025-06-01 15:04:34,347 [INFO] IPUIPlugin:80 - create IPUIPlugin
2025-06-01 15:04:34,347 [INFO] PluginManager:220 - loadIPPluginJar : add usart
2025-06-01 15:04:34,350 [INFO] IPUIPlugin:80 - create IPUIPlugin
2025-06-01 15:04:34,350 [INFO] PluginManager:220 - loadIPPluginJar : add usbx
2025-06-01 15:04:34,480 [FATAL] Updater:351 - Updater called before beeing initialized
2025-06-01 15:04:34,502 [INFO] RulesReader:64 - Compatibility file has been processed (301 Rules)
2025-06-01 15:04:34,511 [INFO] RulesReader:64 - Compatibility file has been processed (301 Rules)
2025-06-01 15:04:34,518 [INFO] CADModel:165 - CPN selected for project level
2025-06-01 15:04:34,518 [INFO] CADModel:114 - Register for checkConnection events
2025-06-01 15:04:34,519 [FATAL] Updater:351 - Updater called before beeing initialized
2025-06-01 15:04:34,519 [ERROR] CADModel:125 - Updater not yet initialized, retry later 
2025-06-01 15:04:34,723 [FATAL] Updater:351 - Updater called before beeing initialized
2025-06-01 15:04:34,724 [INFO] CADModel:165 - CPN selected for project level
2025-06-01 15:04:34,724 [INFO] CADModel:114 - Register for checkConnection events
2025-06-01 15:04:34,724 [FATAL] Updater:351 - Updater called before beeing initialized
2025-06-01 15:04:34,724 [ERROR] CADModel:125 - Updater not yet initialized, retry later 
2025-06-01 15:04:34,728 [FATAL] Updater:351 - Updater called before beeing initialized
2025-06-01 15:04:34,854 [FATAL] Updater:351 - Updater called before beeing initialized
2025-06-01 15:04:34,857 [INFO] DbMcusAds:53 - JSON generation date=Wed May 07 05:07:55 EDT 2025 (1746608875484)
2025-06-01 15:04:34,857 [FATAL] Updater:351 - Updater called before beeing initialized
2025-06-01 15:04:34,890 [WARN] DetailPanel:346 - Failed to get advertising image, set to default
2025-06-01 15:04:35,148 [FATAL] Updater:351 - Updater called before beeing initialized
2025-06-01 15:04:35,152 [FATAL] Updater:351 - Updater called before beeing initialized
2025-06-01 15:04:35,152 [FATAL] Updater:351 - Updater called before beeing initialized
2025-06-01 15:04:35,153 [WARN] DetailPanel:346 - Failed to get advertising image, set to default
2025-06-01 15:04:35,153 [FATAL] Updater:351 - Updater called before beeing initialized
2025-06-01 15:04:35,217 [ERROR] Updater:1198 - MainUpdater not yet initialized. External WinMGr cannot be set.
2025-06-01 15:04:35,220 [INFO] Updater:1134 - Updater Version found : 6.14.0
2025-06-01 15:04:35,248 [INFO] ApplicationProperties:184 - Using Application install path: C:\ST\STM32CubeIDE_1.15.0\STM32CubeIDE\plugins\com.st.stm32cube.common.mx_6.14.0.202502271554
2025-06-01 15:04:35,615 [INFO] MainUpdater:2872 - connection check result : 10
2025-06-01 15:04:35,615 [INFO] MainUpdater:289 - Updater Check For Update Now.
2025-06-01 15:04:35,615 [INFO] MicroXplorer:498 - Change Database Version : DB.6.0.140
2025-06-01 15:04:35,624 [INFO] McuFinderGlobals:63 - Set McuFinder mode to 2 (CubeIDE integrated)
2025-06-01 15:04:35,625 [INFO] UserAuth:486 - Internet connection configuration mode: 1
2025-06-01 15:04:35,641 [INFO] JxBrowserEngine:152 - Initiate JxBrowser Engine with user profile folder
2025-06-01 15:04:35,803 [INFO] CheckServerUpdateThread:120 - End of CheckServer Thread
2025-06-01 15:04:36,758 [WARN] PackLoader:240 - Cannot read IP mode file for STMicroelectronics.FP-SNS-MOTENVWB1.1.4.0
2025-06-01 15:04:36,769 [WARN] PackLoader:240 - Cannot read IP mode file for STMicroelectronics.FP-ATR-ASTRA1.2.0.2
2025-06-01 15:04:36,773 [WARN] PackLoader:240 - Cannot read IP mode file for STMicroelectronics.FP-ATR-ASTRA1.2.0.1
2025-06-01 15:04:36,793 [WARN] PackLoader:240 - Cannot read IP mode file for STMicroelectronics.X-CUBE-SMBUS.2.1.0
2025-06-01 15:04:36,806 [WARN] PackLoader:240 - Cannot read IP mode file for STMicroelectronics.X-CUBE-WB05N.1.1.0
2025-06-01 15:04:36,819 [WARN] PackLoader:240 - Cannot read IP mode file for STMicroelectronics.X-CUBE-ST60.1.0.0
2025-06-01 15:04:36,829 [WARN] PackLoader:240 - Cannot read IP mode file for STMicroelectronics.X-CUBE-TOUCHGFX.4.23.2
2025-06-01 15:04:36,871 [WARN] PackLoader:240 - Cannot read IP mode file for STMicroelectronics.X-CUBE-AZRTOS-F7.1.1.0
2025-06-01 15:04:36,909 [INFO] WebApp:169 - Instantiating new browser for Auth
2025-06-01 15:04:36,999 [WARN] PackLoader:240 - Cannot read IP mode file for STMicroelectronics.X-CUBE-MEMS1.11.0.0
2025-06-01 15:04:37,230 [WARN] PackLoader:240 - Cannot read IP mode file for STMicroelectronics.FP-SNS-FLIGHT1.5.0.2
2025-06-01 15:04:37,238 [WARN] PackLoader:240 - Cannot read IP mode file for STMicroelectronics.X-CUBE-DISPLAY.3.0.0
2025-06-01 15:04:37,249 [WARN] PackLoader:240 - Cannot read IP mode file for STMicroelectronics.X-CUBE-BLE1.7.0.0
2025-06-01 15:04:37,258 [WARN] PackLoader:240 - Cannot read IP mode file for STMicroelectronics.X-CUBE-NFC10.1.0.0
2025-06-01 15:04:37,280 [WARN] PackLoader:240 - Cannot read IP mode file for STMicroelectronics.X-CUBE-BLEMGR.4.0.0
2025-06-01 15:04:37,292 [WARN] PackLoader:240 - Cannot read IP mode file for emotas.I-CUBE-CANOPEN.1.3.0
2025-06-01 15:04:37,299 [WARN] PackLoader:240 - Cannot read IP mode file for STMicroelectronics.X-CUBE-BLEMGR.3.1.0
2025-06-01 15:04:37,308 [WARN] PackLoader:240 - Cannot read IP mode file for STMicroelectronics.X-CUBE-AI.10.0.0
2025-06-01 15:04:37,315 [WARN] PackLoader:240 - Cannot read IP mode file for STMicroelectronics.FP-SNS-SMARTAG2.1.2.0
2025-06-01 15:04:37,319 [WARN] PackLoader:240 - Cannot read IP mode file for STMicroelectronics.FP-SNS-FLIGHT1.5.1.0
2025-06-01 15:04:37,373 [WARN] PackLoader:240 - Cannot read IP mode file for STMicroelectronics.X-CUBE-MEMS1.11.1.0
2025-06-01 15:04:37,513 [INFO] LogOutputStream:77 - [STDOUT_REDIRECT] 1 : Invalid condition id : UX_CORESTACK_Condition cause : null
2025-06-01 15:04:37,514 [INFO] LogOutputStream:77 - [STDOUT_REDIRECT] 1 : Invalid condition id : UX_CORESTACK_Condition cause : null
2025-06-01 15:04:37,515 [INFO] LogOutputStream:77 - [STDOUT_REDIRECT] 1 : Invalid condition id : UX_CORESTACK_Condition cause : null
2025-06-01 15:04:37,517 [INFO] LogOutputStream:77 - [STDOUT_REDIRECT] 1 : Invalid condition id : UX_CORESTACK_Condition cause : null
2025-06-01 15:04:37,518 [INFO] LogOutputStream:77 - [STDOUT_REDIRECT] 1 : Invalid condition id : UX_CORESTACK_Condition cause : null
2025-06-01 15:04:37,521 [WARN] PackLoader:240 - Cannot read IP mode file for STMicroelectronics.X-CUBE-AZRTOS-WL.2.0.0
2025-06-01 15:04:37,527 [WARN] PackLoader:240 - Cannot read IP mode file for STMicroelectronics.FP-SNS-MOTENV1.5.0.0
2025-06-01 15:04:37,533 [WARN] PackLoader:240 - Cannot read IP mode file for wolfSSL.I-CUBE-wolfMQTT.1.19.0
2025-06-01 15:04:37,542 [WARN] PackLoader:240 - Cannot read IP mode file for WES.I-CUBE-Cesium.1.3.0
2025-06-01 15:04:37,546 [WARN] PackLoader:240 - Cannot read IP mode file for STMicroelectronics.X-CUBE-BLE2.3.3.0
2025-06-01 15:04:37,557 [WARN] PackLoader:240 - Cannot read IP mode file for STMicroelectronics.X-CUBE-NFC9.1.0.0
2025-06-01 15:04:37,562 [WARN] PackLoader:240 - Cannot read IP mode file for STMicroelectronics.X-CUBE-BLE1.7.1.0
2025-06-01 15:04:37,566 [WARN] PackLoader:240 - Cannot read IP mode file for STMicroelectronics.X-CUBE-TCPP.4.1.0
2025-06-01 15:04:37,571 [WARN] PackLoader:240 - Cannot read IP mode file for STMicroelectronics.X-CUBE-AI.10.1.0
2025-06-01 15:04:37,578 [WARN] PackLoader:240 - Cannot read IP mode file for STMicroelectronics.X-CUBE-ALGOBUILD.1.3.0
2025-06-01 15:04:37,614 [WARN] PackLoader:240 - Cannot read IP mode file for STMicroelectronics.X-CUBE-MEMS1.11.2.0
2025-06-01 15:04:37,730 [WARN] PackLoader:240 - Cannot read IP mode file for STMicroelectronics.X-CUBE-AZRTOS-G0.1.1.0
2025-06-01 15:04:37,745 [WARN] PackLoader:240 - Cannot read IP mode file for STMicroelectronics.X-CUBE-SAFEA1.1.2.2
2025-06-01 15:04:37,754 [WARN] PackLoader:240 - Cannot read IP mode file for STMicroelectronics.X-CUBE-NFC4.3.0.0
2025-06-01 15:04:37,760 [WARN] PackLoader:240 - Cannot read IP mode file for wolfSSL.I-CUBE-wolfMQTT.1.18.0
2025-06-01 15:04:37,773 [WARN] PackLoader:240 - Cannot read IP mode file for EmbeddedOffice.I-CUBE-FS-RTOS.1.0.1
2025-06-01 15:04:37,781 [WARN] PackLoader:240 - Cannot read IP mode file for STMicroelectronics.X-CUBE-WB05N.2.0.0
2025-06-01 15:04:37,788 [WARN] PackLoader:240 - Cannot read IP mode file for STMicroelectronics.X-CUBE-TCPP.4.2.0
2025-06-01 15:04:37,798 [WARN] PackLoader:240 - Cannot read IP mode file for RealThread.X-CUBE-RT-Thread_Nano.4.1.1
2025-06-01 15:04:37,804 [WARN] PackLoader:240 - Cannot read IP mode file for wolfSSL.I-CUBE-wolfSSL.5.7.0
2025-06-01 15:04:37,812 [WARN] PackLoader:240 - Cannot read IP mode file for STMicroelectronics.FP-ATR-SIGFOX1.3.2.0
2025-06-01 15:04:37,819 [WARN] ConditionMgr:438 - getConditionDescription Invalid condition id : Cortex-A Device cause : null
2025-06-01 15:04:37,875 [WARN] ConditionMgr:1044 - genDependencies : Invalid condition id : Cortex-A Device cause : null
2025-06-01 15:04:37,875 [WARN] ConditionMgr:1044 - genDependencies : Invalid condition id : Cortex-A Device cause : null
2025-06-01 15:04:37,876 [WARN] ConditionMgr:1044 - genDependencies : Invalid condition id : Cortex-A Device cause : null
2025-06-01 15:04:37,884 [WARN] PackLoader:240 - Cannot read IP mode file for STMicroelectronics.X-CUBE-EEPRMA1.5.1.0
2025-06-01 15:04:37,895 [WARN] PackLoader:240 - Cannot read IP mode file for ITTIA_DB.I-CUBE-ITTIADB.8.9.0
2025-06-01 15:04:37,930 [WARN] PackLoader:240 - Cannot read IP mode file for SEGGER.I-CUBE-embOS.1.3.1
2025-06-01 15:04:37,960 [WARN] PackLoader:240 - Cannot read IP mode file for STMicroelectronics.X-CUBE-ALGOBUILD.1.4.0
2025-06-01 15:04:37,964 [WARN] PackLoader:240 - Cannot read IP mode file for STMicroelectronics.X-CUBE-AI.9.1.0
2025-06-01 15:04:37,969 [WARN] PackLoader:240 - Cannot read IP mode file for STMicroelectronics.X-CUBE-GNSS1.6.0.0
2025-06-01 15:04:37,984 [WARN] PackLoader:240 - Cannot read IP mode file for STMicroelectronics.X-CUBE-AZRTOS-F4.1.1.0
2025-06-01 15:04:37,990 [WARN] PackLoader:240 - Cannot read IP mode file for Avnet-IotConnect.X-CUBE-IoTC-DA16k-PMOD.1.0.0
2025-06-01 15:04:37,993 [WARN] PackLoader:240 - Cannot read IP mode file for STMicroelectronics.X-CUBE-ISPU.2.1.0
2025-06-01 15:04:37,998 [WARN] PackLoader:240 - Cannot read IP mode file for STMicroelectronics.X-CUBE-FREERTOS.1.2.0
2025-06-01 15:04:38,013 [WARN] PackLoader:240 - Cannot read IP mode file for STMicroelectronics.X-CUBE-AZRTOS-L5.2.0.0
2025-06-01 15:04:38,020 [WARN] PackLoader:240 - Cannot read IP mode file for STMicroelectronics.X-CUBE-NFC6.3.1.0
2025-06-01 15:04:38,026 [WARN] PackLoader:240 - Cannot read IP mode file for STMicroelectronics.X-CUBE-DPower.1.2.0
2025-06-01 15:04:38,028 [WARN] PackLoader:240 - Cannot read IP mode file for STMicroelectronics.X-CUBE-AI.9.0.0
2025-06-01 15:04:38,032 [WARN] PackLoader:240 - Cannot read IP mode file for STMicroelectronics.X-CUBE-FREERTOS.1.3.1
2025-06-01 15:04:38,035 [WARN] PackLoader:240 - Cannot read IP mode file for STMicroelectronics.X-CUBE-FREERTOS.1.3.0
2025-06-01 15:04:38,039 [WARN] PackLoader:240 - Cannot read IP mode file for STMicroelectronics.X-CUBE-NFC7.1.0.1
2025-06-01 15:04:38,044 [WARN] PackLoader:240 - Cannot read IP mode file for wolfSSL.I-CUBE-wolfTPM.3.2.0
2025-06-01 15:04:38,048 [WARN] PackLoader:240 - Cannot read IP mode file for STMicroelectronics.X-CUBE-DPower.1.3.0
2025-06-01 15:04:38,051 [WARN] PackLoader:240 - Cannot read IP mode file for STMicroelectronics.X-CUBE-AI.8.1.0
2025-06-01 15:04:38,071 [WARN] ConditionMgr:438 - getConditionDescription Invalid condition id : LAN8742 Phy interface Condition cause : null
2025-06-01 15:04:38,071 [WARN] PackLoader:240 - Cannot read IP mode file for STMicroelectronics.X-CUBE-AZRTOS-L4.2.0.0
2025-06-01 15:04:38,072 [WARN] ConditionMgr:1044 - genDependencies : Invalid condition id : LAN8742 Phy interface Condition cause : null
2025-06-01 15:04:38,073 [WARN] ConditionMgr:1044 - genDependencies : Invalid condition id : LAN8742 Phy interface Condition cause : null
2025-06-01 15:04:38,073 [WARN] ConditionMgr:1044 - genDependencies : Invalid condition id : LAN8742 Phy interface Condition cause : null
2025-06-01 15:04:38,079 [WARN] PackLoader:240 - Cannot read IP mode file for STMicroelectronics.X-CUBE-SFXS2LP1.4.0.0
2025-06-01 15:04:38,094 [WARN] PackLoader:240 - Cannot read IP mode file for STMicroelectronics.X-CUBE-AZRTOS-H7.3.3.0
2025-06-01 15:04:38,104 [WARN] PackLoader:240 - Cannot read IP mode file for STMicroelectronics.X-CUBE-IPS.3.0.0
2025-06-01 15:04:38,115 [WARN] ConditionMgr:438 - getConditionDescription Invalid condition id : UX DEVICE CLASS RTOS Condition cause : null
2025-06-01 15:04:38,116 [WARN] ConditionMgr:438 - getConditionDescription Invalid condition id : UX DEVICE CLASS RTOS Condition cause : null
2025-06-01 15:04:38,117 [WARN] PackLoader:240 - Cannot read IP mode file for STMicroelectronics.X-CUBE-AZRTOS-WB.2.0.0
2025-06-01 15:04:38,118 [WARN] ConditionMgr:1044 - genDependencies : Invalid condition id : UX DEVICE CLASS RTOS Condition cause : null
2025-06-01 15:04:38,118 [WARN] ConditionMgr:1044 - genDependencies : Invalid condition id : UX DEVICE CLASS RTOS Condition cause : null
2025-06-01 15:04:38,118 [WARN] ConditionMgr:1044 - genDependencies : Invalid condition id : UX DEVICE CLASS RTOS Condition cause : null
2025-06-01 15:04:38,118 [WARN] ConditionMgr:1044 - genDependencies : Invalid condition id : UX DEVICE CLASS RTOS Condition cause : null
2025-06-01 15:04:38,118 [WARN] ConditionMgr:1044 - genDependencies : Invalid condition id : UX DEVICE CLASS RTOS Condition cause : null
2025-06-01 15:04:38,122 [WARN] PackLoader:240 - Cannot read IP mode file for STMicroelectronics.X-CUBE-GNSS1.7.0.0
2025-06-01 15:04:38,127 [WARN] PackLoader:240 - Cannot read IP mode file for STMicroelectronics.X-CUBE-GNSS1.7.0.1
2025-06-01 15:04:38,131 [WARN] PackLoader:240 - Cannot read IP mode file for STMicroelectronics.X-CUBE-TOUCHGFX.4.25.0
2025-06-01 15:04:38,137 [WARN] PackLoader:240 - Cannot read IP mode file for STMicroelectronics.FP-SNS-STBOX1.2.0.0
2025-06-01 15:04:38,147 [WARN] PackLoader:240 - Cannot read IP mode file for STMicroelectronics.X-CUBE-SUBG2.5.0.0
2025-06-01 15:04:38,175 [WARN] PackLoader:240 - Cannot read IP mode file for STMicroelectronics.X-CUBE-AZRTOS-H7RS.1.1.0
2025-06-01 15:04:38,207 [WARN] PackLoader:240 - Cannot read IP mode file for STMicroelectronics.X-CUBE-AZRTOS-G4.2.0.0
2025-06-01 15:04:38,216 [WARN] PackLoader:240 - Cannot read IP mode file for STMicroelectronics.X-CUBE-NFC7.2.0.0
2025-06-01 15:04:38,222 [WARN] PackLoader:240 - Cannot read IP mode file for STMicroelectronics.FP-SNS-MOTENVWB1.1.3.1
2025-06-01 15:04:38,230 [WARN] PackLoader:240 - Cannot read IP mode file for STMicroelectronics.X-CUBE-ISPU.2.0.0
2025-06-01 15:04:38,248 [WARN] PackLoader:240 - Cannot read IP mode file for STMicroelectronics.X-CUBE-IPS.3.1.0
2025-06-01 15:04:38,266 [WARN] PackLoader:240 - Cannot read IP mode file for STMicroelectronics.X-CUBE-ALS.1.0.2
2025-06-01 15:04:38,303 [WARN] PackLoader:240 - Cannot read IP mode file for STMicroelectronics.X-CUBE-MEMS1.10.0.0
2025-06-01 15:04:38,428 [INFO] WebApp:463 - Apply proxy settings
2025-06-01 15:04:38,429 [INFO] WebApp:548 - Chromium requires no authentication
2025-06-01 15:04:38,439 [INFO] WebApp:491 - Direct internet connection detected
2025-06-01 15:04:38,457 [WARN] PackLoader:240 - Cannot read IP mode file for STMicroelectronics.X-CUBE-FREERTOS.1.1.0
2025-06-01 15:04:38,463 [WARN] PackLoader:240 - Cannot read IP mode file for STMicroelectronics.X-CUBE-TOUCHGFX.4.24.0
2025-06-01 15:04:38,476 [INFO] WebApp:894 - Register for checkConnection events
2025-06-01 15:04:38,476 [INFO] WebApp:463 - Apply proxy settings
2025-06-01 15:04:38,476 [INFO] WebApp:548 - Chromium requires no authentication
2025-06-01 15:04:38,477 [INFO] WebApp:491 - Direct internet connection detected
2025-06-01 15:04:38,479 [WARN] PackLoader:240 - Cannot read IP mode file for STMicroelectronics.X-CUBE-TOUCHGFX.4.24.2
2025-06-01 15:04:38,483 [WARN] PackLoader:240 - Cannot read IP mode file for STMicroelectronics.X-CUBE-TOUCHGFX.4.24.1
2025-06-01 15:04:38,488 [WARN] PackLoader:240 - Cannot read IP mode file for portGmbH.I-Cube-SoM-uGOAL.1.1.0
2025-06-01 15:04:38,492 [WARN] PackLoader:240 - Cannot read IP mode file for STMicroelectronics.X-CUBE-ALS.1.0.1
2025-06-01 15:04:38,504 [WARN] PackLoader:240 - Cannot read IP mode file for STMicroelectronics.X-CUBE-AZRTOS-H7RS.1.0.0
2025-06-01 15:04:38,510 [WARN] PackLoader:240 - Cannot read IP mode file for STMicroelectronics.FP-ATR-ASTRA1.2.0.0
2025-06-01 15:04:38,521 [WARN] PackLoader:240 - Cannot read IP mode file for STMicroelectronics.X-CUBE-TOF1.3.4.2
2025-06-01 15:04:38,535 [WARN] PackLoader:240 - Cannot read IP mode file for STMicroelectronics.X-CUBE-TOF1.3.4.3
2025-06-01 15:04:38,549 [WARN] PackLoader:240 - Cannot read IP mode file for STMicroelectronics.X-CUBE-TOF1.3.4.1
2025-06-01 15:04:38,586 [WARN] PackLoader:240 - Cannot read IP mode file for STMicroelectronics.X-CUBE-AZRTOS-H7.3.2.0
2025-06-01 15:04:38,604 [WARN] PackLoader:240 - Cannot read IP mode file for Infineon.AIROC-Wi-Fi-Bluetooth-STM32.1.6.0
2025-06-01 15:04:38,614 [WARN] PackLoader:240 - Cannot read IP mode file for wolfSSL.I-CUBE-wolfSSH.1.4.17
2025-06-01 15:04:38,615 [INFO] ThirdParty:978 - Integrity check success = true
2025-06-01 15:04:38,615 [INFO] IntegrityCheckThread:100 - exiting critical section [integrity check]
2025-06-01 15:04:38,615 [INFO] IntegrityCheckThread:103 - End integrity checks thread
2025-06-01 15:04:38,685 [INFO] WebApp:191 - Connection restablished
2025-06-01 15:04:38,947 [INFO] WebApp:225 - Starting web application
2025-06-01 15:04:38,947 [INFO] WebApp:593 - Web application path used C:\ST\STM32CubeIDE_1.15.0\STM32CubeIDE\plugins\com.st.stm32cube.common.mx_6.14.0.202502271554\db\plugins\mcufinder\reactClient1\index.html
2025-06-01 15:04:39,115 [INFO] UserAuth:486 - Internet connection configuration mode: 1
2025-06-01 15:58:54,611 [INFO] WebApp:194 - Connection lost
2025-06-01 15:58:54,727 [INFO] WebApp:191 - Connection restablished
2025-06-01 16:24:51,108 [INFO] McuFinderGlobals:63 - Set McuFinder mode to 2 (CubeIDE integrated)
2025-06-01 16:24:51,113 [INFO] MainUpdater:2872 - connection check result : 10
2025-06-01 16:24:51,113 [INFO] MainUpdater:2872 - connection check result : 10
2025-06-01 16:24:51,152 [INFO] MicroXplorer:468 - Change Database Path : 
2025-06-01 16:24:51,152 [INFO] MicroXplorer:498 - Change Database Version : DB.6.0.140
2025-06-01 16:24:51,160 [WARN] ThirdParty:871 - waiting for thirdparty lock release [close project]
2025-06-01 16:24:51,160 [INFO] ThirdParty:873 - entering critical section [close project]
2025-06-01 16:24:51,162 [INFO] ThirdParty:883 - exiting critical section [close project]
2025-06-01 16:24:51,166 [INFO] PinOutPanel:1589 - setPackage(No Configuration,No Configuration)
2025-06-01 16:24:51,176 [INFO] UtilMem:75 - Begin LoadConfig() Used Memory: 649585776 Bytes (1073741824)
2025-06-01 16:24:51,179 [INFO] MicroXplorer:468 - Change Database Path : 
2025-06-01 16:24:51,179 [INFO] MicroXplorer:498 - Change Database Version : DB.6.0.140
2025-06-01 16:24:51,179 [INFO] OpenFileManager:354 - Change cursor
2025-06-01 16:24:51,249 [INFO] Mcu:2011 - Initializing MCU STM32F412Z(E-G)Tx STM32F412ZGTx STM32F412ZGT6
2025-06-01 16:24:53,400 [INFO] Context:756 - Trying to add GPIOservice into a context  which must be forbidden
2025-06-01 16:24:53,945 [INFO] ImportTextPane:218 - (OptionalMessage_ERROR) Pin45 (VP_RIF_VS_RIF1) cannot be retrieved for this MCU
2025-06-01 16:24:54,244 [INFO] RtosManager:558 - Registered RTOS mode: class=CMSIS, group=RTOS, mode=CMSIS_V1, owner=FREERTOS
2025-06-01 16:24:54,245 [INFO] RtosManager:558 - Registered RTOS mode: class=CMSIS, group=RTOS2, mode=CMSIS_V2, owner=FREERTOS
2025-06-01 16:24:54,245 [INFO] RtosManager:558 - Registered RTOS mode: class=RTOS, group=Core, mode=CMSIS_V1, owner=FREERTOS
2025-06-01 16:24:54,245 [INFO] RtosManager:558 - Registered RTOS mode: class=RTOS, group=Core, mode=CMSIS_V2, owner=FREERTOS
2025-06-01 16:24:54,245 [WARN] ModelIntegratedComponent:184 - Missing modes for component STMicroelectronics:FreeRTOS:0.0.1:STMicroelectronics:RTOS:FreeRTOS:Core:::10.2.0:
2025-06-01 16:24:54,251 [WARN] ModelIntegratedComponent:63 - No mode defined for component null
2025-06-01 16:24:54,251 [WARN] ModelIntegratedComponent:63 - No mode defined for component null
2025-06-01 16:24:54,251 [WARN] ModelIntegratedComponent:63 - No mode defined for component null
2025-06-01 16:24:54,251 [WARN] ModelIntegratedComponent:63 - No mode defined for component null
2025-06-01 16:24:54,252 [WARN] ModelIntegratedComponent:63 - No mode defined for component null
2025-06-01 16:24:54,252 [WARN] ModelIntegratedComponent:63 - No mode defined for component null
2025-06-01 16:24:54,252 [WARN] ModelIntegratedComponent:63 - No mode defined for component null
2025-06-01 16:24:54,252 [WARN] ModelIntegratedComponent:63 - No mode defined for component null
2025-06-01 16:24:54,252 [WARN] ModelIntegratedComponent:63 - No mode defined for component null
2025-06-01 16:24:54,252 [WARN] ModelIntegratedComponent:63 - No mode defined for component null
2025-06-01 16:24:54,252 [WARN] ModelIntegratedComponent:63 - No mode defined for component null
2025-06-01 16:24:54,252 [WARN] ModelIntegratedComponent:63 - No mode defined for component null
2025-06-01 16:24:54,252 [WARN] ModelIntegratedComponent:63 - No mode defined for component null
2025-06-01 16:24:54,252 [WARN] ModelIntegratedComponent:63 - No mode defined for component null
2025-06-01 16:24:54,252 [WARN] ModelIntegratedComponent:63 - No mode defined for component null
2025-06-01 16:24:54,253 [WARN] ModelIntegratedComponent:63 - No mode defined for component null
2025-06-01 16:24:54,253 [WARN] ModelIntegratedComponent:63 - No mode defined for component null
2025-06-01 16:24:54,253 [WARN] ModelIntegratedComponent:63 - No mode defined for component null
2025-06-01 16:24:54,253 [WARN] ModelIntegratedComponent:63 - No mode defined for component null
2025-06-01 16:24:54,253 [WARN] ModelIntegratedComponent:63 - No mode defined for component null
2025-06-01 16:24:54,253 [WARN] ModelIntegratedComponent:63 - No mode defined for component null
2025-06-01 16:24:54,253 [WARN] ModelIntegratedComponent:63 - No mode defined for component null
2025-06-01 16:24:54,253 [WARN] ModelIntegratedComponent:63 - No mode defined for component null
2025-06-01 16:24:54,253 [WARN] ModelIntegratedComponent:63 - No mode defined for component null
2025-06-01 16:24:54,253 [WARN] ModelIntegratedComponent:63 - No mode defined for component null
2025-06-01 16:24:54,253 [WARN] ModelIntegratedComponent:63 - No mode defined for component null
2025-06-01 16:24:54,254 [WARN] ModelIntegratedComponent:63 - No mode defined for component null
2025-06-01 16:24:54,254 [WARN] ModelIntegratedComponent:63 - No mode defined for component null
2025-06-01 16:24:54,254 [WARN] ModelIntegratedComponent:63 - No mode defined for component null
2025-06-01 16:24:54,254 [WARN] ModelIntegratedComponent:63 - No mode defined for component null
2025-06-01 16:24:54,254 [WARN] ModelIntegratedComponent:63 - No mode defined for component null
2025-06-01 16:24:54,254 [WARN] ModelIntegratedComponent:63 - No mode defined for component null
2025-06-01 16:24:54,254 [WARN] ModelIntegratedComponent:63 - No mode defined for component null
2025-06-01 16:24:54,254 [WARN] ModelIntegratedComponent:63 - No mode defined for component null
2025-06-01 16:24:54,254 [WARN] ModelIntegratedComponent:63 - No mode defined for component null
2025-06-01 16:24:54,254 [WARN] ModelPack:524 - Component already loaded: STMicroelectronics:HAL Drivers:0.0.0:STMicroelectronics:Device:STMicro_Driver:XSPI:HAL::0.0.1:HAL_XSPI
2025-06-01 16:24:54,323 [WARN] ModelIntegratedComponent:182 - Modes not found for component STMicroelectronics:USB_DEVICE:1.0.0:STMicroelectronics:USB::USB Device:Audio HS::1.0:USB_DEVICE_1_0_RESTRICTED_HS
2025-06-01 16:24:54,324 [WARN] ModelIntegratedComponent:188 - Modes not found for component STMicroelectronics:USB_DEVICE:1.0.0:STMicroelectronics:USB::USB Device:Audio HS::1.0:USB_DEVICE_1_0_RESTRICTED_HS
2025-06-01 16:24:54,324 [WARN] ModelIntegratedComponent:182 - Modes not found for component STMicroelectronics:USB_DEVICE:1.0.0:STMicroelectronics:USB::USB Device:CDC HS::1.0:USB_DEVICE_1_0_RESTRICTED_HS
2025-06-01 16:24:54,324 [WARN] ModelIntegratedComponent:188 - Modes not found for component STMicroelectronics:USB_DEVICE:1.0.0:STMicroelectronics:USB::USB Device:CDC HS::1.0:USB_DEVICE_1_0_RESTRICTED_HS
2025-06-01 16:24:54,324 [WARN] ModelIntegratedComponent:182 - Modes not found for component STMicroelectronics:USB_DEVICE:1.0.0:STMicroelectronics:USB::USB Device:DFU HS::1.0:USB_DEVICE_1_0_RESTRICTED_HS
2025-06-01 16:24:54,324 [WARN] ModelIntegratedComponent:188 - Modes not found for component STMicroelectronics:USB_DEVICE:1.0.0:STMicroelectronics:USB::USB Device:DFU HS::1.0:USB_DEVICE_1_0_RESTRICTED_HS
2025-06-01 16:24:54,324 [WARN] ModelIntegratedComponent:182 - Modes not found for component STMicroelectronics:USB_DEVICE:1.0.0:STMicroelectronics:USB::USB Device:HID HS::1.0:USB_DEVICE_1_0_RESTRICTED_HS
2025-06-01 16:24:54,324 [WARN] ModelIntegratedComponent:188 - Modes not found for component STMicroelectronics:USB_DEVICE:1.0.0:STMicroelectronics:USB::USB Device:HID HS::1.0:USB_DEVICE_1_0_RESTRICTED_HS
2025-06-01 16:24:54,325 [WARN] ModelIntegratedComponent:182 - Modes not found for component STMicroelectronics:USB_DEVICE:1.0.0:STMicroelectronics:USB::USB Device:Custom HID HS::1.0:USB_DEVICE_1_0_RESTRICTED_HS
2025-06-01 16:24:54,325 [WARN] ModelIntegratedComponent:188 - Modes not found for component STMicroelectronics:USB_DEVICE:1.0.0:STMicroelectronics:USB::USB Device:Custom HID HS::1.0:USB_DEVICE_1_0_RESTRICTED_HS
2025-06-01 16:24:54,325 [WARN] ModelIntegratedComponent:182 - Modes not found for component STMicroelectronics:USB_DEVICE:1.0.0:STMicroelectronics:USB::USB Device:MSC HS::1.0:USB_DEVICE_1_0_RESTRICTED_HS
2025-06-01 16:24:54,325 [WARN] ModelIntegratedComponent:188 - Modes not found for component STMicroelectronics:USB_DEVICE:1.0.0:STMicroelectronics:USB::USB Device:MSC HS::1.0:USB_DEVICE_1_0_RESTRICTED_HS
2025-06-01 16:24:54,396 [WARN] ModelIntegratedComponent:182 - Modes not found for component STMicroelectronics:USB_HOST:1.0.0:STMicroelectronics:USB::USB Host:Audio HS::1.0:USB_HOST_1_0_RESTRICTED_HS
2025-06-01 16:24:54,396 [WARN] ModelIntegratedComponent:188 - Modes not found for component STMicroelectronics:USB_HOST:1.0.0:STMicroelectronics:USB::USB Host:Audio HS::1.0:USB_HOST_1_0_RESTRICTED_HS
2025-06-01 16:24:54,396 [WARN] ModelIntegratedComponent:182 - Modes not found for component STMicroelectronics:USB_HOST:1.0.0:STMicroelectronics:USB::USB Host:CDC HS::1.0:USB_HOST_1_0_RESTRICTED_HS
2025-06-01 16:24:54,396 [WARN] ModelIntegratedComponent:188 - Modes not found for component STMicroelectronics:USB_HOST:1.0.0:STMicroelectronics:USB::USB Host:CDC HS::1.0:USB_HOST_1_0_RESTRICTED_HS
2025-06-01 16:24:54,396 [WARN] ModelIntegratedComponent:182 - Modes not found for component STMicroelectronics:USB_HOST:1.0.0:STMicroelectronics:USB::USB Host:MSC HS::1.0:USB_HOST_1_0_RESTRICTED_HS
2025-06-01 16:24:54,396 [WARN] ModelIntegratedComponent:188 - Modes not found for component STMicroelectronics:USB_HOST:1.0.0:STMicroelectronics:USB::USB Host:MSC HS::1.0:USB_HOST_1_0_RESTRICTED_HS
2025-06-01 16:24:54,396 [WARN] ModelIntegratedComponent:182 - Modes not found for component STMicroelectronics:USB_HOST:1.0.0:STMicroelectronics:USB::USB Host:HID HS::1.0:USB_HOST_1_0_RESTRICTED_HS
2025-06-01 16:24:54,396 [WARN] ModelIntegratedComponent:188 - Modes not found for component STMicroelectronics:USB_HOST:1.0.0:STMicroelectronics:USB::USB Host:HID HS::1.0:USB_HOST_1_0_RESTRICTED_HS
2025-06-01 16:24:54,396 [WARN] ModelIntegratedComponent:182 - Modes not found for component STMicroelectronics:USB_HOST:1.0.0:STMicroelectronics:USB::USB Host:MTP HS::1.0:USB_HOST_1_0_RESTRICTED_HS
2025-06-01 16:24:54,396 [WARN] ModelIntegratedComponent:188 - Modes not found for component STMicroelectronics:USB_HOST:1.0.0:STMicroelectronics:USB::USB Host:MTP HS::1.0:USB_HOST_1_0_RESTRICTED_HS
2025-06-01 16:24:54,500 [INFO] ThirdPartyModel:298 - Start build external matchings
2025-06-01 16:24:55,980 [INFO] ThirdPartyModel:316 - End build external matchings
2025-06-01 16:24:56,024 [INFO] ImportTextPane:218 - (OptionalMessage_ERROR) IP (RCC) : Invalid parameter (FamilyName)
2025-06-01 16:24:56,036 [WARN] IP:2250 - DEVICE_SERIAL0_CDC_FS not found: check if there is a RefParameter without a condition.
2025-06-01 16:24:56,036 [WARN] IP:2250 - DEVICE_SERIAL1_CDC_FS not found: check if there is a RefParameter without a condition.
2025-06-01 16:24:56,036 [WARN] IP:2250 - DEVICE_SERIAL2_CDC_FS not found: check if there is a RefParameter without a condition.
2025-06-01 16:24:56,404 [INFO] ApiDb:581 - Connected to CubeFinder SQLite database (C:\Users\gagno\.stmcufinder\plugins\mcufinder\mcu\cube-finder-db.db)
2025-06-01 16:24:56,502 [INFO] ApiDb:668 - CubeFinder database Data Model version=2.1
2025-06-01 16:24:56,502 [INFO] ApiDb:669 - CubeFinder database Configuration version=3.0.39
2025-06-01 16:24:56,503 [INFO] ApiDb:670 - CubeFinder database generation date=2025-04-23 (1745419778)
2025-06-01 16:24:56,503 [INFO] ApiDb:671 - CubeFinder database FW Pack versions=[FP-ATR-ASTRA1_V2.0.0, FP-SNS-FLIGHT1_V5.1.0, FP-SNS-MOTENV1_V5.0.0, FP-SNS-MOTENVWB1_V1.4.0, FP-SNS-SMARTAG2_V1.2.0, FP-SNS-STBOX1_V2.0.0, STM32Cube_FW_C0_V1.4.0, STM32Cube_FW_F4_V1.28.1, STM32Cube_FW_F7_V1.17.2, STM32Cube_FW_G0_V1.6.2, STM32Cube_FW_G4_V1.6.1, STM32Cube_FW_H5_V1.5.0, STM32Cube_FW_H7RS_V1.2.0, STM32Cube_FW_H7_V1.12.1, STM32Cube_FW_L0_V1.12.2, STM32Cube_FW_L4_V1.18.1, STM32Cube_FW_L5_V1.5.1, STM32Cube_FW_N6_V1.1.1, STM32Cube_FW_U0_V1.2.0, STM32Cube_FW_U3_V1.1.0, STM32Cube_FW_U5_V1.7.0, STM32Cube_FW_WB0_V1.2.0, STM32Cube_FW_WBA_V1.6.0, STM32Cube_FW_WB_V1.22.0, STM32Cube_FW_WL3_V1.1.0, STM32Cube_FW_WL_V1.3.1, X-CUBE-ALGOBUILD_V1.4.0, X-CUBE-ALS_V1.0.2, X-CUBE-AZRTOS-F4_V1.1.0, X-CUBE-AZRTOS-F7_V1.1.0, X-CUBE-AZRTOS-G0_V1.1.0, X-CUBE-AZRTOS-G4_V2.0.0, X-CUBE-AZRTOS-H7RS_V1.1.0, X-CUBE-AZRTOS-H7_V3.3.0, X-CUBE-AZRTOS-L4_V2.0.0, X-CUBE-AZRTOS-L5_V2.0.0, X-CUBE-AZRTOS-WB_V2.0.0, X-CUBE-AZRTOS-WL_V2.0.0, X-CUBE-BLE1_V7.1.0, X-CUBE-BLE2_V3.3.0, X-CUBE-BLEMGR_V4.0.0, X-CUBE-EEPRMA1_V5.1.0, X-CUBE-FREERTOS_V1.3.0, X-CUBE-GNSS1_V6.0.0, X-CUBE-MEMS1_V11.2.0, X-CUBE-NFC4_V3.0.0, X-CUBE-NFC7_V1.0.1, X-CUBE-SFXS2LP1_V4.0.0, X-CUBE-SUBG2_V5.0.0, X-CUBE-TOF1_V3.4.3]
2025-06-01 16:24:56,652 [INFO] DbBoardsSqlite:226 - include board P-NUCLEO-WB55-NUCLEO as a kit item of type 'Nucleo-64'
2025-06-01 16:24:56,652 [INFO] DbBoardsSqlite:226 - include board P-NUCLEO-WB55-USBDONGLE as a kit item of type 'Nucleo USB Dongle'
2025-06-01 16:24:56,654 [INFO] DbBoardsSqlite:226 - include board STEVAL-IDP005V1 as a kit item of type 'Evaluation Board'
2025-06-01 16:24:56,654 [INFO] DbBoardsSqlite:226 - include board STEVAL-IDP005V2 as a kit item of type 'Evaluation Board'
2025-06-01 16:24:57,164 [INFO] ApiDb:240 - Found 895 in-development CPN: [B-G473E-ZEST1S, B-WB1M-WPAN1, B-WBA5M-WPAN, B-WL5M-SUBG1, NUCLEO-C031C6, NUCLEO-C051C8, NUCLEO-C071RB, NUCLEO-C092RC, NUCLEO-H503RB, NUCLEO-H533RE, NUCLEO-H563ZI, NUCLEO-H7S3L8, NUCLEO-N657X0-Q, NUCLEO-U031R8, NUCLEO-U083RC, NUCLEO-U385RG-Q, NUCLEO-U545RE-Q, NUCLEO-U5A5ZJ-Q, NUCLEO-WB05KZ, NUCLEO-WB07CC, NUCLEO-WB09KE, NUCLEO-WBA52CG, NUCLEO-WBA55CG, NUCLEO-WBA65RI, NUCLEO-WL33CC1, NUCLEO-WL33CC2, STEVAL-PROTEUS1, STEVAL-SMARTAG2, STEVAL-STWINBX1, STM320518-EVAL, STM32C0116-DK, STM32C011D6Y3TR, STM32C011D6Y6TR, STM32C011F4P3, STM32C011F4P6, STM32C011F4U3, STM32C011F4U6TR, STM32C011F6P3, STM32C011F6P6, STM32C011F6U3, STM32C011F6U6TR, STM32C011J4M3, STM32C011J4M6, STM32C011J6M3, STM32C011J6M6, STM32C0316-DK, STM32C031C4T3, STM32C031C4T6, STM32C031C4U3, STM32C031C4U6, STM32C031C6T3, STM32C031C6T6, STM32C031C6U3, STM32C031C6U6, STM32C031F4P3, STM32C031F4P6, STM32C031F6P3, STM32C031F6P6, STM32C031G4U3, STM32C031G4U6, STM32C031G6U3, STM32C031G6U6, STM32C031K4T3, STM32C031K4T6, STM32C031K4U3, STM32C031K4U6, STM32C031K6T3, STM32C031K6T6, STM32C031K6U3, STM32C031K6U6, STM32C051C6T6, STM32C051C6U6, STM32C051C8T6, STM32C051C8U6, STM32C051D8Y6TR, STM32C051F6P6, STM32C051F8P6, STM32C051G6U6, STM32C051G8U6, STM32C051K6T6, STM32C051K6U6, STM32C051K8T6, STM32C071C8T6, STM32C071C8T6N, STM32C071C8U6, STM32C071C8U6N, STM32C071CBT6, STM32C071CBT6N, STM32C071CBU6, STM32C071CBU6N, STM32C071F8P6, STM32C071F8P6N, STM32C071FBP6, STM32C071FBP6N, STM32C071FBY6TR, STM32C071G8U6, STM32C071G8U6N, STM32C071GBU6, STM32C071GBU6N, STM32C071K8T6, STM32C071K8T6N, STM32C071K8U6, STM32C071K8U6N, STM32C071KBT6, STM32C071KBT6N, STM32C071KBU6, STM32C071KBU6N, STM32C071R8T6, STM32C071R8T6N, STM32C071RBI6N, STM32C071RBT6, STM32C071RBT6N, STM32C091CBT6, STM32C091CBU6, STM32C091CCT6, STM32C091CCU6, STM32C091ECY6TR, STM32C091FBP6, STM32C091FCP6, STM32C091GBU6, STM32C091GCU6, STM32C091KBT6, STM32C091KBU6, STM32C091KCT6, STM32C091KCU6, STM32C091RBT6, STM32C091RCI6, STM32C091RCT6, STM32C092CBT6, STM32C092CBU6, STM32C092CCT6, STM32C092CCU6, STM32C092ECY6TR, STM32C092FBP6, STM32C092FCP6, STM32C092GBU6, STM32C092GCU6, STM32C092KBT6, STM32C092KBU6, STM32C092KCT6, STM32C092KCU6, STM32C092RBT6, STM32C092RCI6, STM32C092RCT6, STM32G071K8TXN, STM32G071K8UXN, STM32G081GBU6N, STM32G081KBT6N, STM32G081KBUXN, STM32G0B1CCT6N, STM32G0B1KCT6, STM32G0B1NEY6TR, STM32G0B1RCT6N, STM32G0C1CCT6, STM32G0C1CCT6N, STM32G0C1CCU6N, STM32G0C1CET6N, STM32G0C1CEU6N, STM32G0C1KCT6, STM32G0C1NEY6TR, STM32G0C1RCI6N, STM32G0C1RCT6N, STM32G0C1REI6N, STM32G0C1RET6N, STM32G0C1VCI6, STM32G0C1VEI6, STM32G411C6T3, STM32G411C6T6, STM32G411C6U3, STM32G411C6U6, STM32G411C8T3, STM32G411C8T6, STM32G411C8U3, STM32G411C8U6, STM32G411CBT3, STM32G411CBT6, STM32G411CBU3, STM32G411CBU6, STM32G411CCT3, STM32G411CCT6, STM32G411CCU3, STM32G411CCU6, STM32G411K6T3, STM32G411K6T6, STM32G411K6U3, STM32G411K6U6, STM32G411K8T3, STM32G411K8T6, STM32G411K8U3, STM32G411K8U6, STM32G411KBT3, STM32G411KBT6, STM32G411KBU3, STM32G411KBU6, STM32G411M6T3, STM32G411M6T6, STM32G411M8T3, STM32G411M8T6, STM32G411MBT3, STM32G411MBT6, STM32G411MCT3, STM32G411MCT6, STM32G411R6T3, STM32G411R6T6, STM32G411R8T3, STM32G411R8T6, STM32G411RBT3, STM32G411RBT6, STM32G411RCT3, STM32G411RCT6, STM32G414CBT3, STM32G414CBT6, STM32G414CBU3, STM32G414CBU6, STM32G414CCT3, STM32G414CCT6, STM32G414CCU3, STM32G414CCU6, STM32G414MBT3, STM32G414MBT6, STM32G414MCT3, STM32G414MCT6, STM32G414RBT3, STM32G414RBT6, STM32G414RCT3, STM32G414RCT6, STM32G414VBT3, STM32G414VBT6, STM32G414VCT3, STM32G414VCT6, STM32G431CBT3Z, STM32G431RBT3Z, STM32G471CCT6, STM32G471CCU6, STM32G471CET3, STM32G471CET6, STM32G471CEU3, STM32G471CEU6, STM32G471MCT6, STM32G471MET3, STM32G471MET6, STM32G471MEY6TR, STM32G471QCT6, STM32G471QET3, STM32G471RCT6, STM32G471RET3, STM32G471RET6, STM32G471VCH6, STM32G471VCI6, STM32G471VCT6, STM32G471VEH3, STM32G471VEH6, STM32G471VEI3, STM32G471VEI6, STM32G471VET3, STM32G471VET6, STM32G473QET3Z, STM32G473RET3Z, STM32G474CCT6, STM32G491RET3Z, STM32H503CBT6, STM32H503CBU6, STM32H503EBY6TR, STM32H503KBU6, STM32H503RBT6, STM32H523CCT6, STM32H523CCU6, STM32H523CET6, STM32H523CEU6, STM32H523HEY6TR, STM32H523RCT6, STM32H523RET6, STM32H523VCI6, STM32H523VCT6, STM32H523VEI6, STM32H523VET6, STM32H523ZCJ6, STM32H523ZCT6, STM32H523ZEJ6, STM32H523ZET6, STM32H533CET6, STM32H533CEU6, STM32H533HEY6TR, STM32H533RET6, STM32H533VEI6, STM32H533VET6, STM32H533ZEJ6, STM32H533ZET6, STM32H562AGI6, STM32H562AII6, STM32H562IGK6, STM32H562IGT6, STM32H562IIK6, STM32H562IIT6, STM32H562RGT6, STM32H562RGV6, STM32H562RIT6, STM32H562RIV6, STM32H562VGT6, STM32H562VIT6, STM32H562ZGT6, STM32H562ZIT6, STM32H563AGI6, STM32H563AII3Q, STM32H563AII6, STM32H563IGK6, STM32H563IGT6, STM32H563IIK3Q, STM32H563IIK6, STM32H563IIT3Q, STM32H563IIT6, STM32H563MIY3QTR, STM32H563RGT6, STM32H563RGV6, STM32H563RIT6, STM32H563RIV6, STM32H563VGT6, STM32H563VIT3Q, STM32H563VIT6, STM32H563ZGT6, STM32H563ZIT3Q, STM32H563ZIT6, STM32H573AII3Q, STM32H573AII6, STM32H573I-DK, STM32H573IIK3Q, STM32H573IIK6, STM32H573IIT3Q, STM32H573IIT6, STM32H573MIY3QTR, STM32H573RIT6, STM32H573RIV6, STM32H573VIT3Q, STM32H573VIT6, STM32H573ZIT3Q, STM32H573ZIT6, STM32H7R3A8I6, STM32H7R3I8K6, STM32H7R3I8T6, STM32H7R3L8H6, STM32H7R3L8H6H, STM32H7R3R8V6, STM32H7R3V8H6, STM32H7R3V8T6, STM32H7R3V8Y6TR, STM32H7R3Z8J6, STM32H7R3Z8T6, STM32H7R7A8I6, STM32H7R7I8K6, STM32H7R7I8T6, STM32H7R7L8H6, STM32H7R7L8H6H, STM32H7R7Z8J6, STM32H7S3A8I6, STM32H7S3I8K6, STM32H7S3I8T6, STM32H7S3L8H6, STM32H7S3L8H6H, STM32H7S3R8V6, STM32H7S3V8H6, STM32H7S3V8T6, STM32H7S3V8Y6TR, STM32H7S3Z8J6, STM32H7S3Z8T6, STM32H7S78-DK, STM32H7S7A8I6, STM32H7S7I8K6, STM32H7S7I8T6, STM32H7S7L8H6, STM32H7S7L8H6H, STM32H7S7Z8J6, STM32L4R5QGI6STR, STM32MP131AAE3, STM32MP131AAF3, STM32MP131AAG3, STM32MP131CAE3, STM32MP131CAF3, STM32MP131CAG3, STM32MP131DAE7, STM32MP131DAF7, STM32MP131DAG7, STM32MP131FAE7, STM32MP131FAF7, STM32MP131FAG7, STM32MP133AAE3, STM32MP133AAF3, STM32MP133AAG3, STM32MP133CAE3, STM32MP133CAF3, STM32MP133CAG3, STM32MP133DAE7, STM32MP133DAF7, STM32MP133DAG7, STM32MP133FAE7, STM32MP133FAF7, STM32MP133FAG7, STM32MP135AAE3, STM32MP135AAF3, STM32MP135AAG3, STM32MP135CAE3, STM32MP135CAF3, STM32MP135CAG3, STM32MP135DAE7, STM32MP135DAF7, STM32MP135DAG7, STM32MP135F-DK, STM32MP135FAE7, STM32MP135FAF7, STM32MP135FAF7T, STM32MP135FAF7U, STM32MP135FAG7, STM32MP231AAJ3, STM32MP231AAK3, STM32MP231AAL3, STM32MP231CAJ3, STM32MP231CAK3, STM32MP231CAL3, STM32MP231DAJ3, STM32MP231DAK3, STM32MP231DAL3, STM32MP231FAJ3, STM32MP231FAK3, STM32MP231FAL3, STM32MP233AAJ3, STM32MP233AAK3, STM32MP233AAL3, STM32MP233CAJ3, STM32MP233CAK3, STM32MP233CAL3, STM32MP233DAJ3, STM32MP233DAK3, STM32MP233DAL3, STM32MP233FAJ3, STM32MP233FAK3, STM32MP233FAL3, STM32MP235AAJ3, STM32MP235AAK3, STM32MP235AAL3, STM32MP235CAJ3, STM32MP235CAK3, STM32MP235CAL3, STM32MP235DAJ3, STM32MP235DAK3, STM32MP235DAL3, STM32MP235FAJ3, STM32MP235FAK3, STM32MP235FAL3, STM32MP251AAI3, STM32MP251AAJ3, STM32MP251AAK3, STM32MP251AAL3, STM32MP251CAI3, STM32MP251CAJ3, STM32MP251CAK3, STM32MP251CAL3, STM32MP251DAI3, STM32MP251DAJ3, STM32MP251DAK3, STM32MP251DAL3, STM32MP251FAI3, STM32MP251FAJ3, STM32MP251FAK3, STM32MP251FAL3, STM32MP253AAI3, STM32MP253AAJ3, STM32MP253AAK3, STM32MP253AAL3, STM32MP253CAI3, STM32MP253CAJ3, STM32MP253CAK3, STM32MP253CAL3, STM32MP253DAI3, STM32MP253DAJ3, STM32MP253DAK3, STM32MP253DAL3, STM32MP253FAI3, STM32MP253FAJ3, STM32MP253FAK3, STM32MP253FAL3, STM32MP255AAI3, STM32MP255AAJ3, STM32MP255AAK3, STM32MP255AAL3, STM32MP255CAI3, STM32MP255CAJ3, STM32MP255CAK3, STM32MP255CAL3, STM32MP255DAI3, STM32MP255DAJ3, STM32MP255DAK3, STM32MP255DAL3, STM32MP255FAI3, STM32MP255FAJ3, STM32MP255FAK3, STM32MP255FAL3, STM32MP257AAI3, STM32MP257AAJ3, STM32MP257AAK3, STM32MP257AAL3, STM32MP257CAI3, STM32MP257CAJ3, STM32MP257CAK3, STM32MP257CAL3, STM32MP257DAI3, STM32MP257DAJ3, STM32MP257DAK3, STM32MP257DAL3, STM32MP257F-DK, STM32MP257F-EV1, STM32MP257FAI3, STM32MP257FAJ3, STM32MP257FAK3, STM32MP257FAL3, STM32N645A0H3Q, STM32N645B0H3Q, STM32N645I0H3Q, STM32N645L0H3Q, STM32N645X0H3Q, STM32N645Z0H3Q, STM32N647A0H3Q, STM32N647B0H3Q, STM32N647I0H3Q, STM32N647L0H3Q, STM32N647X0H3Q, STM32N647Z0H3Q, STM32N655A0H3Q, STM32N655B0H3Q, STM32N655I0H3Q, STM32N655L0H3Q, STM32N655X0H3Q, STM32N655Z0H3Q, STM32N6570-DK, STM32N657A0H3Q, STM32N657B0H3Q, STM32N657I0H3Q, STM32N657L0H3Q, STM32N657X0H3Q, STM32N657Z0H3Q, STM32U031C6T6, STM32U031C6U6, STM32U031C8T6, STM32U031C8U6, STM32U031F4P6, STM32U031F6P6, STM32U031F8P6, STM32U031G6Y6TR, STM32U031G8Y6TR, STM32U031K4U6, STM32U031K6U6, STM32U031K8U6, STM32U031R6I6, STM32U031R6T6, STM32U031R8I6, STM32U031R8T6, STM32U073C8T6, STM32U073C8U6, STM32U073CBT6, STM32U073CBU6, STM32U073CCT6, STM32U073CCU6, STM32U073H8Y6TR, STM32U073HBY6TR, STM32U073HCY6TR, STM32U073K8U6, STM32U073KBU6, STM32U073KCU6, STM32U073M8I6, STM32U073M8T6, STM32U073MBI6, STM32U073MBT6, STM32U073MCI6, STM32U073MCT6, STM32U073R8I6, STM32U073R8T6, STM32U073RBI6, STM32U073RBT6, STM32U073RCI6, STM32U073RCT6, STM32U083C-DK, STM32U083CCT6, STM32U083CCU6, STM32U083HCY6TR, STM32U083KCU6, STM32U083MCI6, STM32U083MCT6, STM32U083RCI6, STM32U083RCT6, STM32U375CET6, STM32U375CET6Q, STM32U375CEU6, STM32U375CEU6Q, STM32U375CEY6QTR, STM32U375CGT6, STM32U375CGT6Q, STM32U375CGU6, STM32U375CGU6Q, STM32U375CGY6QTR, STM32U375KEU6, STM32U375KGU6, STM32U375REI6, STM32U375REI6Q, STM32U375RET6, STM32U375RET6Q, STM32U375REY6GTR, STM32U375REY6QTR, STM32U375RGI6, STM32U375RGI6Q, STM32U375RGT6, STM32U375RGT6Q, STM32U375RGY6GTR, STM32U375RGY6QTR, STM32U375VEI6, STM32U375VEI6Q, STM32U375VET6, STM32U375VET6Q, STM32U375VGI6, STM32U375VGI6Q, STM32U375VGT6, STM32U375VGT6Q, STM32U385CGT6, STM32U385CGT6Q, STM32U385CGU6, STM32U385CGU6Q, STM32U385CGY6QTR, STM32U385KGU6, STM32U385RGI6, STM32U385RGI6Q, STM32U385RGT6, STM32U385RGT6Q, STM32U385RGY6GTR, STM32U385RGY6QTR, STM32U385VGI6, STM32U385VGI6Q, STM32U385VGT6, STM32U385VGT6Q, STM32U535CBT6, STM32U535CBT6Q, STM32U535CBU6, STM32U535CBU6Q, STM32U535CCT6, STM32U535CCT6Q, STM32U535CCU6, STM32U535CCU6Q, STM32U535CET6, STM32U535CET6Q, STM32U535CEU6, STM32U535CEU6Q, STM32U535JEY6QTR, STM32U535NCY6QTR, STM32U535NEY6QTR, STM32U535RBI6, STM32U535RBI6Q, STM32U535RBT6, STM32U535RBT6Q, STM32U535RCI6, STM32U535RCI6Q, STM32U535RCT6, STM32U535RCT6Q, STM32U535REI6, STM32U535REI6Q, STM32U535RET6, STM32U535RET6Q, STM32U535VCI6, STM32U535VCI6Q, STM32U535VCT6, STM32U535VCT6Q, STM32U535VEI6, STM32U535VEI6Q, STM32U535VET6, STM32U535VET6Q, STM32U545CET6, STM32U545CET6Q, STM32U545CEU6, STM32U545CEU6Q, STM32U545JEY6QTR, STM32U545NEY6QTR, STM32U545REI6, STM32U545REI6Q, STM32U545RET6, STM32U545RET6Q, STM32U545VEI6, STM32U545VEI6Q, STM32U545VET6, STM32U545VET6Q, STM32U595AIH6, STM32U595AIH6Q, STM32U595AJH6, STM32U595AJH6Q, STM32U595QII6, STM32U595QII6Q, STM32U595QJI6, STM32U595QJI6Q, STM32U595RIT6, STM32U595RIT6Q, STM32U595RJT6, STM32U595RJT6Q, STM32U595VIT6, STM32U595VIT6Q, STM32U595VJT6, STM32U595VJT6Q, STM32U595ZIT6, STM32U595ZIT6Q, STM32U595ZIY6QTR, STM32U595ZJT6, STM32U595ZJT6Q, STM32U595ZJY6QTR, STM32U599BJY6QTR, STM32U599NIH6Q, STM32U599NJH6Q, STM32U599VIT6Q, STM32U599VJT6, STM32U599VJT6Q, STM32U599ZIT6Q, STM32U599ZIY6QTR, STM32U599ZJT6Q, STM32U599ZJY6QTR, STM32U5A5AJH6, STM32U5A5AJH6Q, STM32U5A5QII3Q , STM32U5A5QJI6, STM32U5A5QJI6Q, STM32U5A5RJT6, STM32U5A5RJT6Q, STM32U5A5VJT6, STM32U5A5VJT6Q, STM32U5A5ZJT6, STM32U5A5ZJT6Q, STM32U5A5ZJY6QTR, STM32U5A9BJY6QTR, STM32U5A9J-DK, STM32U5A9NJH6Q, STM32U5A9VJT6Q, STM32U5A9ZJT6Q, STM32U5A9ZJY6QTR, STM32U5F7VIT6, STM32U5F7VIT6Q, STM32U5F7VJT6, STM32U5F7VJT6Q, STM32U5F9BJY6QTR, STM32U5F9NJH6Q, STM32U5F9VIT6Q, STM32U5F9VJT6Q, STM32U5F9ZIJ6QTR, STM32U5F9ZIT6Q, STM32U5F9ZJJ6QTR, STM32U5F9ZJT6Q, STM32U5G7VJT6, STM32U5G7VJT6Q, STM32U5G9BJY6QTR, STM32U5G9J-DK1, STM32U5G9J-DK2, STM32U5G9NJH6Q, STM32U5G9VJT6Q, STM32U5G9ZJJ6QTR, STM32U5G9ZJT6Q, STM32WB05KZV6TR, STM32WB05KZV7TR, STM32WB05TZF6TR, STM32WB05TZF7TR, STM32WB06CCF6TR, STM32WB06CCF7TR, STM32WB06CCV6TR, STM32WB06CCV7TR, STM32WB06KCV6TR, STM32WB06KCV7TR, STM32WB07CCF6TR, STM32WB07CCF7TR, STM32WB07CCV6TR, STM32WB07CCV7TR, STM32WB07KCV6TR, STM32WB07KCV7TR, STM32WB09KEV6TR, STM32WB09KEV7TR, STM32WB09TEF6TR, STM32WB09TEF7TR, STM32WB1MMCH6, STM32WBA50KGU6, STM32WBA50KGU6TR, STM32WBA52CEU6, STM32WBA52CEU6TR, STM32WBA52CEU7, STM32WBA52CEU7TR, STM32WBA52CGU6, STM32WBA52CGU6TR, STM32WBA52CGU6U, STM32WBA52CGU7, STM32WBA52CGU7TR, STM32WBA52KEU6, STM32WBA52KEU6TR, STM32WBA52KGU6, STM32WBA52KGU6TR, STM32WBA54CEU6, STM32WBA54CEU6TR, STM32WBA54CEU7, STM32WBA54CEU7TR, STM32WBA54CGU6, STM32WBA54CGU6TR, STM32WBA54CGU7, STM32WBA54CGU7TR, STM32WBA54KEU6, STM32WBA54KEU6TR, STM32WBA54KEU7, STM32WBA54KEU7TR, STM32WBA54KGU6, STM32WBA54KGU6TR, STM32WBA54KGU7, STM32WBA54KGU7TR, STM32WBA55CEU6, STM32WBA55CEU6TR, STM32WBA55CEU7, STM32WBA55CEU7TR, STM32WBA55CGU6, STM32WBA55CGU6TR, STM32WBA55CGU6U, STM32WBA55CGU7, STM32WBA55CGU7TR, STM32WBA55G-DK1, STM32WBA55HEF6, STM32WBA55HEF7, STM32WBA55HGF6, STM32WBA55HGF7, STM32WBA55UEI6, STM32WBA55UEI6TR, STM32WBA55UEI7, STM32WBA55UEI7TR, STM32WBA55UGI6, STM32WBA55UGI6TR, STM32WBA55UGI7, STM32WBA55UGI7TR, STM32WBA5MJGH6TR, STM32WBA62CGU6, STM32WBA62CIU6, STM32WBA62MGF6, STM32WBA62MIF6, STM32WBA62PGI6, STM32WBA62PII6, STM32WBA63CGU6, STM32WBA63CGU7, STM32WBA63CIU6, STM32WBA63CIU7, STM32WBA64CGU6, STM32WBA64CGU7, STM32WBA64CIU6, STM32WBA64CIU7, STM32WBA65CGU6, STM32WBA65CGU7, STM32WBA65CIU6, STM32WBA65CIU7, STM32WBA65I-DK1, STM32WBA65MGF6, STM32WBA65MGF7, STM32WBA65MIF6, STM32WBA65MIF7, STM32WBA65PGI6, STM32WBA65PGI7, STM32WBA65PII6, STM32WBA65PII7, STM32WBA65RGV6, STM32WBA65RGV7, STM32WBA65RIV6, STM32WBA65RIV7, STM32WL30K8V6, STM32WL30KBV6, STM32WL31C8V6, STM32WL31CBV6, STM32WL31K8V6, STM32WL31KBV6, STM32WL33C8V6, STM32WL33C8V6TR, STM32WL33C8V7, STM32WL33C8V7TR, STM32WL33CBV6, STM32WL33CBV6TR, STM32WL33CBV7, STM32WL33CBV7TR, STM32WL33CCV6, STM32WL33CCV6TR, STM32WL33CCV7, STM32WL33CCV7A, STM32WL33CCV7ATR, STM32WL33CCV7TR, STM32WL33K8V6, STM32WL33K8V6TR, STM32WL33K8V7, STM32WL33K8V7TR, STM32WL33KBV6, STM32WL33KBV6TR, STM32WL33KBV7, STM32WL33KBV7TR, STM32WL33KCV6, STM32WL33KCV6TR, STM32WL33KCV7, STM32WL33KCV7TR, STM32WL5MOCH6, STM32WL5MOCH6TR]
2025-06-01 16:24:57,401 [INFO] BoardInfo:889 - No configuration file found for board P-NUCLEO-WB55
2025-06-01 16:24:57,402 [INFO] DbBoards:161 - Kit is not supported: P-NUCLEO-WB55
2025-06-01 16:24:57,410 [INFO] BoardInfo:889 - No configuration file found for board STEVAL-BFA001V1B
2025-06-01 16:24:57,412 [INFO] DbBoards:161 - Kit is not supported: STEVAL-BFA001V1B
2025-06-01 16:24:57,417 [INFO] BoardInfo:889 - No configuration file found for board STEVAL-BFA001V2B
2025-06-01 16:24:57,419 [INFO] DbBoards:161 - Kit is not supported: STEVAL-BFA001V2B
2025-06-01 16:24:57,746 [INFO] DbBoards:168 - Found 211 boards, 208 are supported
2025-06-01 16:24:57,747 [INFO] DbBoards:169 - Found 211 boards, 43 of them is supported for  Bsp
2025-06-01 16:24:57,751 [INFO] ApiDb:668 - CubeFinder database Data Model version=2.1
2025-06-01 16:24:57,751 [INFO] ApiDb:669 - CubeFinder database Configuration version=3.0.39
2025-06-01 16:24:57,751 [INFO] ApiDb:670 - CubeFinder database generation date=2025-04-23 (1745419778)
2025-06-01 16:24:57,751 [INFO] ApiDb:671 - CubeFinder database FW Pack versions=[FP-ATR-ASTRA1_V2.0.0, FP-SNS-FLIGHT1_V5.1.0, FP-SNS-MOTENV1_V5.0.0, FP-SNS-MOTENVWB1_V1.4.0, FP-SNS-SMARTAG2_V1.2.0, FP-SNS-STBOX1_V2.0.0, STM32Cube_FW_C0_V1.4.0, STM32Cube_FW_F4_V1.28.1, STM32Cube_FW_F7_V1.17.2, STM32Cube_FW_G0_V1.6.2, STM32Cube_FW_G4_V1.6.1, STM32Cube_FW_H5_V1.5.0, STM32Cube_FW_H7RS_V1.2.0, STM32Cube_FW_H7_V1.12.1, STM32Cube_FW_L0_V1.12.2, STM32Cube_FW_L4_V1.18.1, STM32Cube_FW_L5_V1.5.1, STM32Cube_FW_N6_V1.1.1, STM32Cube_FW_U0_V1.2.0, STM32Cube_FW_U3_V1.1.0, STM32Cube_FW_U5_V1.7.0, STM32Cube_FW_WB0_V1.2.0, STM32Cube_FW_WBA_V1.6.0, STM32Cube_FW_WB_V1.22.0, STM32Cube_FW_WL3_V1.1.0, STM32Cube_FW_WL_V1.3.1, X-CUBE-ALGOBUILD_V1.4.0, X-CUBE-ALS_V1.0.2, X-CUBE-AZRTOS-F4_V1.1.0, X-CUBE-AZRTOS-F7_V1.1.0, X-CUBE-AZRTOS-G0_V1.1.0, X-CUBE-AZRTOS-G4_V2.0.0, X-CUBE-AZRTOS-H7RS_V1.1.0, X-CUBE-AZRTOS-H7_V3.3.0, X-CUBE-AZRTOS-L4_V2.0.0, X-CUBE-AZRTOS-L5_V2.0.0, X-CUBE-AZRTOS-WB_V2.0.0, X-CUBE-AZRTOS-WL_V2.0.0, X-CUBE-BLE1_V7.1.0, X-CUBE-BLE2_V3.3.0, X-CUBE-BLEMGR_V4.0.0, X-CUBE-EEPRMA1_V5.1.0, X-CUBE-FREERTOS_V1.3.0, X-CUBE-GNSS1_V6.0.0, X-CUBE-MEMS1_V11.2.0, X-CUBE-NFC4_V3.0.0, X-CUBE-NFC7_V1.0.1, X-CUBE-SFXS2LP1_V4.0.0, X-CUBE-SUBG2_V5.0.0, X-CUBE-TOF1_V3.4.3]
2025-06-01 16:24:59,813 [INFO] ApiDb:240 - Found 895 in-development CPN: [B-G473E-ZEST1S, B-WB1M-WPAN1, B-WBA5M-WPAN, B-WL5M-SUBG1, NUCLEO-C031C6, NUCLEO-C051C8, NUCLEO-C071RB, NUCLEO-C092RC, NUCLEO-H503RB, NUCLEO-H533RE, NUCLEO-H563ZI, NUCLEO-H7S3L8, NUCLEO-N657X0-Q, NUCLEO-U031R8, NUCLEO-U083RC, NUCLEO-U385RG-Q, NUCLEO-U545RE-Q, NUCLEO-U5A5ZJ-Q, NUCLEO-WB05KZ, NUCLEO-WB07CC, NUCLEO-WB09KE, NUCLEO-WBA52CG, NUCLEO-WBA55CG, NUCLEO-WBA65RI, NUCLEO-WL33CC1, NUCLEO-WL33CC2, STEVAL-PROTEUS1, STEVAL-SMARTAG2, STEVAL-STWINBX1, STM320518-EVAL, STM32C0116-DK, STM32C011D6Y3TR, STM32C011D6Y6TR, STM32C011F4P3, STM32C011F4P6, STM32C011F4U3, STM32C011F4U6TR, STM32C011F6P3, STM32C011F6P6, STM32C011F6U3, STM32C011F6U6TR, STM32C011J4M3, STM32C011J4M6, STM32C011J6M3, STM32C011J6M6, STM32C0316-DK, STM32C031C4T3, STM32C031C4T6, STM32C031C4U3, STM32C031C4U6, STM32C031C6T3, STM32C031C6T6, STM32C031C6U3, STM32C031C6U6, STM32C031F4P3, STM32C031F4P6, STM32C031F6P3, STM32C031F6P6, STM32C031G4U3, STM32C031G4U6, STM32C031G6U3, STM32C031G6U6, STM32C031K4T3, STM32C031K4T6, STM32C031K4U3, STM32C031K4U6, STM32C031K6T3, STM32C031K6T6, STM32C031K6U3, STM32C031K6U6, STM32C051C6T6, STM32C051C6U6, STM32C051C8T6, STM32C051C8U6, STM32C051D8Y6TR, STM32C051F6P6, STM32C051F8P6, STM32C051G6U6, STM32C051G8U6, STM32C051K6T6, STM32C051K6U6, STM32C051K8T6, STM32C071C8T6, STM32C071C8T6N, STM32C071C8U6, STM32C071C8U6N, STM32C071CBT6, STM32C071CBT6N, STM32C071CBU6, STM32C071CBU6N, STM32C071F8P6, STM32C071F8P6N, STM32C071FBP6, STM32C071FBP6N, STM32C071FBY6TR, STM32C071G8U6, STM32C071G8U6N, STM32C071GBU6, STM32C071GBU6N, STM32C071K8T6, STM32C071K8T6N, STM32C071K8U6, STM32C071K8U6N, STM32C071KBT6, STM32C071KBT6N, STM32C071KBU6, STM32C071KBU6N, STM32C071R8T6, STM32C071R8T6N, STM32C071RBI6N, STM32C071RBT6, STM32C071RBT6N, STM32C091CBT6, STM32C091CBU6, STM32C091CCT6, STM32C091CCU6, STM32C091ECY6TR, STM32C091FBP6, STM32C091FCP6, STM32C091GBU6, STM32C091GCU6, STM32C091KBT6, STM32C091KBU6, STM32C091KCT6, STM32C091KCU6, STM32C091RBT6, STM32C091RCI6, STM32C091RCT6, STM32C092CBT6, STM32C092CBU6, STM32C092CCT6, STM32C092CCU6, STM32C092ECY6TR, STM32C092FBP6, STM32C092FCP6, STM32C092GBU6, STM32C092GCU6, STM32C092KBT6, STM32C092KBU6, STM32C092KCT6, STM32C092KCU6, STM32C092RBT6, STM32C092RCI6, STM32C092RCT6, STM32G071K8TXN, STM32G071K8UXN, STM32G081GBU6N, STM32G081KBT6N, STM32G081KBUXN, STM32G0B1CCT6N, STM32G0B1KCT6, STM32G0B1NEY6TR, STM32G0B1RCT6N, STM32G0C1CCT6, STM32G0C1CCT6N, STM32G0C1CCU6N, STM32G0C1CET6N, STM32G0C1CEU6N, STM32G0C1KCT6, STM32G0C1NEY6TR, STM32G0C1RCI6N, STM32G0C1RCT6N, STM32G0C1REI6N, STM32G0C1RET6N, STM32G0C1VCI6, STM32G0C1VEI6, STM32G411C6T3, STM32G411C6T6, STM32G411C6U3, STM32G411C6U6, STM32G411C8T3, STM32G411C8T6, STM32G411C8U3, STM32G411C8U6, STM32G411CBT3, STM32G411CBT6, STM32G411CBU3, STM32G411CBU6, STM32G411CCT3, STM32G411CCT6, STM32G411CCU3, STM32G411CCU6, STM32G411K6T3, STM32G411K6T6, STM32G411K6U3, STM32G411K6U6, STM32G411K8T3, STM32G411K8T6, STM32G411K8U3, STM32G411K8U6, STM32G411KBT3, STM32G411KBT6, STM32G411KBU3, STM32G411KBU6, STM32G411M6T3, STM32G411M6T6, STM32G411M8T3, STM32G411M8T6, STM32G411MBT3, STM32G411MBT6, STM32G411MCT3, STM32G411MCT6, STM32G411R6T3, STM32G411R6T6, STM32G411R8T3, STM32G411R8T6, STM32G411RBT3, STM32G411RBT6, STM32G411RCT3, STM32G411RCT6, STM32G414CBT3, STM32G414CBT6, STM32G414CBU3, STM32G414CBU6, STM32G414CCT3, STM32G414CCT6, STM32G414CCU3, STM32G414CCU6, STM32G414MBT3, STM32G414MBT6, STM32G414MCT3, STM32G414MCT6, STM32G414RBT3, STM32G414RBT6, STM32G414RCT3, STM32G414RCT6, STM32G414VBT3, STM32G414VBT6, STM32G414VCT3, STM32G414VCT6, STM32G431CBT3Z, STM32G431RBT3Z, STM32G471CCT6, STM32G471CCU6, STM32G471CET3, STM32G471CET6, STM32G471CEU3, STM32G471CEU6, STM32G471MCT6, STM32G471MET3, STM32G471MET6, STM32G471MEY6TR, STM32G471QCT6, STM32G471QET3, STM32G471RCT6, STM32G471RET3, STM32G471RET6, STM32G471VCH6, STM32G471VCI6, STM32G471VCT6, STM32G471VEH3, STM32G471VEH6, STM32G471VEI3, STM32G471VEI6, STM32G471VET3, STM32G471VET6, STM32G473QET3Z, STM32G473RET3Z, STM32G474CCT6, STM32G491RET3Z, STM32H503CBT6, STM32H503CBU6, STM32H503EBY6TR, STM32H503KBU6, STM32H503RBT6, STM32H523CCT6, STM32H523CCU6, STM32H523CET6, STM32H523CEU6, STM32H523HEY6TR, STM32H523RCT6, STM32H523RET6, STM32H523VCI6, STM32H523VCT6, STM32H523VEI6, STM32H523VET6, STM32H523ZCJ6, STM32H523ZCT6, STM32H523ZEJ6, STM32H523ZET6, STM32H533CET6, STM32H533CEU6, STM32H533HEY6TR, STM32H533RET6, STM32H533VEI6, STM32H533VET6, STM32H533ZEJ6, STM32H533ZET6, STM32H562AGI6, STM32H562AII6, STM32H562IGK6, STM32H562IGT6, STM32H562IIK6, STM32H562IIT6, STM32H562RGT6, STM32H562RGV6, STM32H562RIT6, STM32H562RIV6, STM32H562VGT6, STM32H562VIT6, STM32H562ZGT6, STM32H562ZIT6, STM32H563AGI6, STM32H563AII3Q, STM32H563AII6, STM32H563IGK6, STM32H563IGT6, STM32H563IIK3Q, STM32H563IIK6, STM32H563IIT3Q, STM32H563IIT6, STM32H563MIY3QTR, STM32H563RGT6, STM32H563RGV6, STM32H563RIT6, STM32H563RIV6, STM32H563VGT6, STM32H563VIT3Q, STM32H563VIT6, STM32H563ZGT6, STM32H563ZIT3Q, STM32H563ZIT6, STM32H573AII3Q, STM32H573AII6, STM32H573I-DK, STM32H573IIK3Q, STM32H573IIK6, STM32H573IIT3Q, STM32H573IIT6, STM32H573MIY3QTR, STM32H573RIT6, STM32H573RIV6, STM32H573VIT3Q, STM32H573VIT6, STM32H573ZIT3Q, STM32H573ZIT6, STM32H7R3A8I6, STM32H7R3I8K6, STM32H7R3I8T6, STM32H7R3L8H6, STM32H7R3L8H6H, STM32H7R3R8V6, STM32H7R3V8H6, STM32H7R3V8T6, STM32H7R3V8Y6TR, STM32H7R3Z8J6, STM32H7R3Z8T6, STM32H7R7A8I6, STM32H7R7I8K6, STM32H7R7I8T6, STM32H7R7L8H6, STM32H7R7L8H6H, STM32H7R7Z8J6, STM32H7S3A8I6, STM32H7S3I8K6, STM32H7S3I8T6, STM32H7S3L8H6, STM32H7S3L8H6H, STM32H7S3R8V6, STM32H7S3V8H6, STM32H7S3V8T6, STM32H7S3V8Y6TR, STM32H7S3Z8J6, STM32H7S3Z8T6, STM32H7S78-DK, STM32H7S7A8I6, STM32H7S7I8K6, STM32H7S7I8T6, STM32H7S7L8H6, STM32H7S7L8H6H, STM32H7S7Z8J6, STM32L4R5QGI6STR, STM32MP131AAE3, STM32MP131AAF3, STM32MP131AAG3, STM32MP131CAE3, STM32MP131CAF3, STM32MP131CAG3, STM32MP131DAE7, STM32MP131DAF7, STM32MP131DAG7, STM32MP131FAE7, STM32MP131FAF7, STM32MP131FAG7, STM32MP133AAE3, STM32MP133AAF3, STM32MP133AAG3, STM32MP133CAE3, STM32MP133CAF3, STM32MP133CAG3, STM32MP133DAE7, STM32MP133DAF7, STM32MP133DAG7, STM32MP133FAE7, STM32MP133FAF7, STM32MP133FAG7, STM32MP135AAE3, STM32MP135AAF3, STM32MP135AAG3, STM32MP135CAE3, STM32MP135CAF3, STM32MP135CAG3, STM32MP135DAE7, STM32MP135DAF7, STM32MP135DAG7, STM32MP135F-DK, STM32MP135FAE7, STM32MP135FAF7, STM32MP135FAF7T, STM32MP135FAF7U, STM32MP135FAG7, STM32MP231AAJ3, STM32MP231AAK3, STM32MP231AAL3, STM32MP231CAJ3, STM32MP231CAK3, STM32MP231CAL3, STM32MP231DAJ3, STM32MP231DAK3, STM32MP231DAL3, STM32MP231FAJ3, STM32MP231FAK3, STM32MP231FAL3, STM32MP233AAJ3, STM32MP233AAK3, STM32MP233AAL3, STM32MP233CAJ3, STM32MP233CAK3, STM32MP233CAL3, STM32MP233DAJ3, STM32MP233DAK3, STM32MP233DAL3, STM32MP233FAJ3, STM32MP233FAK3, STM32MP233FAL3, STM32MP235AAJ3, STM32MP235AAK3, STM32MP235AAL3, STM32MP235CAJ3, STM32MP235CAK3, STM32MP235CAL3, STM32MP235DAJ3, STM32MP235DAK3, STM32MP235DAL3, STM32MP235FAJ3, STM32MP235FAK3, STM32MP235FAL3, STM32MP251AAI3, STM32MP251AAJ3, STM32MP251AAK3, STM32MP251AAL3, STM32MP251CAI3, STM32MP251CAJ3, STM32MP251CAK3, STM32MP251CAL3, STM32MP251DAI3, STM32MP251DAJ3, STM32MP251DAK3, STM32MP251DAL3, STM32MP251FAI3, STM32MP251FAJ3, STM32MP251FAK3, STM32MP251FAL3, STM32MP253AAI3, STM32MP253AAJ3, STM32MP253AAK3, STM32MP253AAL3, STM32MP253CAI3, STM32MP253CAJ3, STM32MP253CAK3, STM32MP253CAL3, STM32MP253DAI3, STM32MP253DAJ3, STM32MP253DAK3, STM32MP253DAL3, STM32MP253FAI3, STM32MP253FAJ3, STM32MP253FAK3, STM32MP253FAL3, STM32MP255AAI3, STM32MP255AAJ3, STM32MP255AAK3, STM32MP255AAL3, STM32MP255CAI3, STM32MP255CAJ3, STM32MP255CAK3, STM32MP255CAL3, STM32MP255DAI3, STM32MP255DAJ3, STM32MP255DAK3, STM32MP255DAL3, STM32MP255FAI3, STM32MP255FAJ3, STM32MP255FAK3, STM32MP255FAL3, STM32MP257AAI3, STM32MP257AAJ3, STM32MP257AAK3, STM32MP257AAL3, STM32MP257CAI3, STM32MP257CAJ3, STM32MP257CAK3, STM32MP257CAL3, STM32MP257DAI3, STM32MP257DAJ3, STM32MP257DAK3, STM32MP257DAL3, STM32MP257F-DK, STM32MP257F-EV1, STM32MP257FAI3, STM32MP257FAJ3, STM32MP257FAK3, STM32MP257FAL3, STM32N645A0H3Q, STM32N645B0H3Q, STM32N645I0H3Q, STM32N645L0H3Q, STM32N645X0H3Q, STM32N645Z0H3Q, STM32N647A0H3Q, STM32N647B0H3Q, STM32N647I0H3Q, STM32N647L0H3Q, STM32N647X0H3Q, STM32N647Z0H3Q, STM32N655A0H3Q, STM32N655B0H3Q, STM32N655I0H3Q, STM32N655L0H3Q, STM32N655X0H3Q, STM32N655Z0H3Q, STM32N6570-DK, STM32N657A0H3Q, STM32N657B0H3Q, STM32N657I0H3Q, STM32N657L0H3Q, STM32N657X0H3Q, STM32N657Z0H3Q, STM32U031C6T6, STM32U031C6U6, STM32U031C8T6, STM32U031C8U6, STM32U031F4P6, STM32U031F6P6, STM32U031F8P6, STM32U031G6Y6TR, STM32U031G8Y6TR, STM32U031K4U6, STM32U031K6U6, STM32U031K8U6, STM32U031R6I6, STM32U031R6T6, STM32U031R8I6, STM32U031R8T6, STM32U073C8T6, STM32U073C8U6, STM32U073CBT6, STM32U073CBU6, STM32U073CCT6, STM32U073CCU6, STM32U073H8Y6TR, STM32U073HBY6TR, STM32U073HCY6TR, STM32U073K8U6, STM32U073KBU6, STM32U073KCU6, STM32U073M8I6, STM32U073M8T6, STM32U073MBI6, STM32U073MBT6, STM32U073MCI6, STM32U073MCT6, STM32U073R8I6, STM32U073R8T6, STM32U073RBI6, STM32U073RBT6, STM32U073RCI6, STM32U073RCT6, STM32U083C-DK, STM32U083CCT6, STM32U083CCU6, STM32U083HCY6TR, STM32U083KCU6, STM32U083MCI6, STM32U083MCT6, STM32U083RCI6, STM32U083RCT6, STM32U375CET6, STM32U375CET6Q, STM32U375CEU6, STM32U375CEU6Q, STM32U375CEY6QTR, STM32U375CGT6, STM32U375CGT6Q, STM32U375CGU6, STM32U375CGU6Q, STM32U375CGY6QTR, STM32U375KEU6, STM32U375KGU6, STM32U375REI6, STM32U375REI6Q, STM32U375RET6, STM32U375RET6Q, STM32U375REY6GTR, STM32U375REY6QTR, STM32U375RGI6, STM32U375RGI6Q, STM32U375RGT6, STM32U375RGT6Q, STM32U375RGY6GTR, STM32U375RGY6QTR, STM32U375VEI6, STM32U375VEI6Q, STM32U375VET6, STM32U375VET6Q, STM32U375VGI6, STM32U375VGI6Q, STM32U375VGT6, STM32U375VGT6Q, STM32U385CGT6, STM32U385CGT6Q, STM32U385CGU6, STM32U385CGU6Q, STM32U385CGY6QTR, STM32U385KGU6, STM32U385RGI6, STM32U385RGI6Q, STM32U385RGT6, STM32U385RGT6Q, STM32U385RGY6GTR, STM32U385RGY6QTR, STM32U385VGI6, STM32U385VGI6Q, STM32U385VGT6, STM32U385VGT6Q, STM32U535CBT6, STM32U535CBT6Q, STM32U535CBU6, STM32U535CBU6Q, STM32U535CCT6, STM32U535CCT6Q, STM32U535CCU6, STM32U535CCU6Q, STM32U535CET6, STM32U535CET6Q, STM32U535CEU6, STM32U535CEU6Q, STM32U535JEY6QTR, STM32U535NCY6QTR, STM32U535NEY6QTR, STM32U535RBI6, STM32U535RBI6Q, STM32U535RBT6, STM32U535RBT6Q, STM32U535RCI6, STM32U535RCI6Q, STM32U535RCT6, STM32U535RCT6Q, STM32U535REI6, STM32U535REI6Q, STM32U535RET6, STM32U535RET6Q, STM32U535VCI6, STM32U535VCI6Q, STM32U535VCT6, STM32U535VCT6Q, STM32U535VEI6, STM32U535VEI6Q, STM32U535VET6, STM32U535VET6Q, STM32U545CET6, STM32U545CET6Q, STM32U545CEU6, STM32U545CEU6Q, STM32U545JEY6QTR, STM32U545NEY6QTR, STM32U545REI6, STM32U545REI6Q, STM32U545RET6, STM32U545RET6Q, STM32U545VEI6, STM32U545VEI6Q, STM32U545VET6, STM32U545VET6Q, STM32U595AIH6, STM32U595AIH6Q, STM32U595AJH6, STM32U595AJH6Q, STM32U595QII6, STM32U595QII6Q, STM32U595QJI6, STM32U595QJI6Q, STM32U595RIT6, STM32U595RIT6Q, STM32U595RJT6, STM32U595RJT6Q, STM32U595VIT6, STM32U595VIT6Q, STM32U595VJT6, STM32U595VJT6Q, STM32U595ZIT6, STM32U595ZIT6Q, STM32U595ZIY6QTR, STM32U595ZJT6, STM32U595ZJT6Q, STM32U595ZJY6QTR, STM32U599BJY6QTR, STM32U599NIH6Q, STM32U599NJH6Q, STM32U599VIT6Q, STM32U599VJT6, STM32U599VJT6Q, STM32U599ZIT6Q, STM32U599ZIY6QTR, STM32U599ZJT6Q, STM32U599ZJY6QTR, STM32U5A5AJH6, STM32U5A5AJH6Q, STM32U5A5QII3Q , STM32U5A5QJI6, STM32U5A5QJI6Q, STM32U5A5RJT6, STM32U5A5RJT6Q, STM32U5A5VJT6, STM32U5A5VJT6Q, STM32U5A5ZJT6, STM32U5A5ZJT6Q, STM32U5A5ZJY6QTR, STM32U5A9BJY6QTR, STM32U5A9J-DK, STM32U5A9NJH6Q, STM32U5A9VJT6Q, STM32U5A9ZJT6Q, STM32U5A9ZJY6QTR, STM32U5F7VIT6, STM32U5F7VIT6Q, STM32U5F7VJT6, STM32U5F7VJT6Q, STM32U5F9BJY6QTR, STM32U5F9NJH6Q, STM32U5F9VIT6Q, STM32U5F9VJT6Q, STM32U5F9ZIJ6QTR, STM32U5F9ZIT6Q, STM32U5F9ZJJ6QTR, STM32U5F9ZJT6Q, STM32U5G7VJT6, STM32U5G7VJT6Q, STM32U5G9BJY6QTR, STM32U5G9J-DK1, STM32U5G9J-DK2, STM32U5G9NJH6Q, STM32U5G9VJT6Q, STM32U5G9ZJJ6QTR, STM32U5G9ZJT6Q, STM32WB05KZV6TR, STM32WB05KZV7TR, STM32WB05TZF6TR, STM32WB05TZF7TR, STM32WB06CCF6TR, STM32WB06CCF7TR, STM32WB06CCV6TR, STM32WB06CCV7TR, STM32WB06KCV6TR, STM32WB06KCV7TR, STM32WB07CCF6TR, STM32WB07CCF7TR, STM32WB07CCV6TR, STM32WB07CCV7TR, STM32WB07KCV6TR, STM32WB07KCV7TR, STM32WB09KEV6TR, STM32WB09KEV7TR, STM32WB09TEF6TR, STM32WB09TEF7TR, STM32WB1MMCH6, STM32WBA50KGU6, STM32WBA50KGU6TR, STM32WBA52CEU6, STM32WBA52CEU6TR, STM32WBA52CEU7, STM32WBA52CEU7TR, STM32WBA52CGU6, STM32WBA52CGU6TR, STM32WBA52CGU6U, STM32WBA52CGU7, STM32WBA52CGU7TR, STM32WBA52KEU6, STM32WBA52KEU6TR, STM32WBA52KGU6, STM32WBA52KGU6TR, STM32WBA54CEU6, STM32WBA54CEU6TR, STM32WBA54CEU7, STM32WBA54CEU7TR, STM32WBA54CGU6, STM32WBA54CGU6TR, STM32WBA54CGU7, STM32WBA54CGU7TR, STM32WBA54KEU6, STM32WBA54KEU6TR, STM32WBA54KEU7, STM32WBA54KEU7TR, STM32WBA54KGU6, STM32WBA54KGU6TR, STM32WBA54KGU7, STM32WBA54KGU7TR, STM32WBA55CEU6, STM32WBA55CEU6TR, STM32WBA55CEU7, STM32WBA55CEU7TR, STM32WBA55CGU6, STM32WBA55CGU6TR, STM32WBA55CGU6U, STM32WBA55CGU7, STM32WBA55CGU7TR, STM32WBA55G-DK1, STM32WBA55HEF6, STM32WBA55HEF7, STM32WBA55HGF6, STM32WBA55HGF7, STM32WBA55UEI6, STM32WBA55UEI6TR, STM32WBA55UEI7, STM32WBA55UEI7TR, STM32WBA55UGI6, STM32WBA55UGI6TR, STM32WBA55UGI7, STM32WBA55UGI7TR, STM32WBA5MJGH6TR, STM32WBA62CGU6, STM32WBA62CIU6, STM32WBA62MGF6, STM32WBA62MIF6, STM32WBA62PGI6, STM32WBA62PII6, STM32WBA63CGU6, STM32WBA63CGU7, STM32WBA63CIU6, STM32WBA63CIU7, STM32WBA64CGU6, STM32WBA64CGU7, STM32WBA64CIU6, STM32WBA64CIU7, STM32WBA65CGU6, STM32WBA65CGU7, STM32WBA65CIU6, STM32WBA65CIU7, STM32WBA65I-DK1, STM32WBA65MGF6, STM32WBA65MGF7, STM32WBA65MIF6, STM32WBA65MIF7, STM32WBA65PGI6, STM32WBA65PGI7, STM32WBA65PII6, STM32WBA65PII7, STM32WBA65RGV6, STM32WBA65RGV7, STM32WBA65RIV6, STM32WBA65RIV7, STM32WL30K8V6, STM32WL30KBV6, STM32WL31C8V6, STM32WL31CBV6, STM32WL31K8V6, STM32WL31KBV6, STM32WL33C8V6, STM32WL33C8V6TR, STM32WL33C8V7, STM32WL33C8V7TR, STM32WL33CBV6, STM32WL33CBV6TR, STM32WL33CBV7, STM32WL33CBV7TR, STM32WL33CCV6, STM32WL33CCV6TR, STM32WL33CCV7, STM32WL33CCV7A, STM32WL33CCV7ATR, STM32WL33CCV7TR, STM32WL33K8V6, STM32WL33K8V6TR, STM32WL33K8V7, STM32WL33K8V7TR, STM32WL33KBV6, STM32WL33KBV6TR, STM32WL33KBV7, STM32WL33KBV7TR, STM32WL33KCV6, STM32WL33KCV6TR, STM32WL33KCV7, STM32WL33KCV7TR, STM32WL5MOCH6, STM32WL5MOCH6TR]
2025-06-01 16:24:59,816 [INFO] DbMcus:218 - Found 4686 MCUs, 4686 are supported
2025-06-01 16:24:59,817 [INFO] ApiDb:423 - Load user favorites file C:\Users\gagno/.stm32cubeide/favorites.mcus.txt: 0 item(s)
2025-06-01 16:24:59,817 [INFO] ApiDb:427 - User favorites MCUs=[]
2025-06-01 16:24:59,817 [INFO] DbMcus:224 - Set 0 / 0 favorites MCUs
2025-06-01 16:25:00,268 [INFO] ApiDb:423 - Load user favorites file C:\Users\gagno/.stm32cubeide/favorites.boards.txt: 0 item(s)
2025-06-01 16:25:00,268 [INFO] ApiDb:427 - User favorites Boards=[]
2025-06-01 16:25:00,269 [INFO] DbBoards:198 - Set 0 / 0 favorites Boards
2025-06-01 16:25:00,340 [INFO] UtilMem:75 - End LoadConfig() Used Memory: 821855472 Bytes (1073741824)
2025-06-01 16:25:00,509 [WARN] ThirdParty:833 - waiting for thirdparty lock release [change project]
2025-06-01 16:25:00,509 [INFO] ThirdParty:835 - entering critical section [change project]
2025-06-01 16:25:00,509 [INFO] ThirdParty:1030 - CMSIS Pack Vendor :STMicroelectronics USBPD 4.1
2025-06-01 16:25:00,509 [INFO] ThirdParty:1030 - CMSIS Pack Vendor :STMicroelectronics X-CUBE-GNSS1 6.0.0
2025-06-01 16:25:00,509 [INFO] ThirdParty:1030 - CMSIS Pack Vendor :STMicroelectronics USB_HOST 2.0.0
2025-06-01 16:25:00,509 [INFO] ThirdParty:1030 - CMSIS Pack Vendor :STMicroelectronics FP-SNS-MOTENVWB1 1.4.0
2025-06-01 16:25:00,510 [INFO] ThirdParty:1030 - CMSIS Pack Vendor :STMicroelectronics X-CUBE-AZRTOS-F4 1.1.0
2025-06-01 16:25:00,510 [INFO] ThirdParty:1030 - CMSIS Pack Vendor :STMicroelectronics LIBJPEG 8.0.0
2025-06-01 16:25:00,510 [INFO] ThirdParty:1030 - CMSIS Pack Vendor :STMicroelectronics FP-ATR-ASTRA1 2.0.2
2025-06-01 16:25:00,510 [INFO] ThirdParty:1030 - CMSIS Pack Vendor :STMicroelectronics FP-ATR-ASTRA1 2.0.1
2025-06-01 16:25:00,510 [INFO] ThirdParty:1030 - CMSIS Pack Vendor :Avnet-IotConnect X-CUBE-IoTC-DA16k-PMOD 1.0.0
2025-06-01 16:25:00,510 [INFO] ThirdParty:1030 - CMSIS Pack Vendor :STMicroelectronics X-CUBE-SMBUS 2.1.0
2025-06-01 16:25:00,510 [INFO] ThirdParty:1030 - CMSIS Pack Vendor :STMicroelectronics X-CUBE-WB05N 1.1.0
2025-06-01 16:25:00,510 [INFO] ThirdParty:1030 - CMSIS Pack Vendor :STMicroelectronics X-CUBE-ISPU 2.1.0
2025-06-01 16:25:00,510 [INFO] ThirdParty:1030 - CMSIS Pack Vendor :STMicroelectronics X-CUBE-FREERTOS 1.2.0
2025-06-01 16:25:00,510 [INFO] ThirdParty:1030 - CMSIS Pack Vendor :STMicroelectronics X-CUBE-ST60 1.0.0
2025-06-01 16:25:00,510 [INFO] ThirdParty:1030 - CMSIS Pack Vendor :STMicroelectronics X-CUBE-TOUCHGFX 4.23.2
2025-06-01 16:25:00,510 [INFO] ThirdParty:1030 - CMSIS Pack Vendor :STMicroelectronics X-CUBE-AZRTOS-F7 1.1.0
2025-06-01 16:25:00,510 [INFO] ThirdParty:1030 - CMSIS Pack Vendor :STMicroelectronics X-CUBE-AZRTOS-L5 2.0.0
2025-06-01 16:25:00,510 [INFO] ThirdParty:1030 - CMSIS Pack Vendor :STMicroelectronics USB_DEVICE 2.0.0
2025-06-01 16:25:00,510 [INFO] ThirdParty:1030 - CMSIS Pack Vendor :STMicroelectronics X-CUBE-NFC6 3.1.0
2025-06-01 16:25:00,511 [INFO] ThirdParty:1030 - CMSIS Pack Vendor :STMicroelectronics X-CUBE-MEMS1 11.0.0
2025-06-01 16:25:00,511 [INFO] ThirdParty:1030 - CMSIS Pack Vendor :STMicroelectronics FreeRTOS 0.0.1
2025-06-01 16:25:00,511 [INFO] ThirdParty:1030 - CMSIS Pack Vendor :STMicroelectronics X-CUBE-DPower 1.2.0
2025-06-01 16:25:00,511 [INFO] ThirdParty:1030 - CMSIS Pack Vendor :STMicroelectronics FP-SNS-FLIGHT1 5.0.2
2025-06-01 16:25:00,511 [INFO] ThirdParty:1030 - CMSIS Pack Vendor :STMicroelectronics X-CUBE-AI 9.0.0
2025-06-01 16:25:00,511 [INFO] ThirdParty:1030 - CMSIS Pack Vendor :STMicroelectronics PDM2PCM 3.3.0
2025-06-01 16:25:00,511 [INFO] ThirdParty:1030 - CMSIS Pack Vendor :STMicroelectronics X-CUBE-DISPLAY 3.0.0
2025-06-01 16:25:00,511 [INFO] ThirdParty:1030 - CMSIS Pack Vendor :STMicroelectronics X-CUBE-BLE1 7.0.0
2025-06-01 16:25:00,511 [INFO] ThirdParty:1030 - CMSIS Pack Vendor :STMicroelectronics X-CUBE-NFC10 1.0.0
2025-06-01 16:25:00,511 [INFO] ThirdParty:1030 - CMSIS Pack Vendor :STMicroelectronics X-CUBE-BLEMGR 4.0.0
2025-06-01 16:25:00,511 [INFO] ThirdParty:1030 - CMSIS Pack Vendor :STMicroelectronics X-CUBE-FREERTOS 1.3.1
2025-06-01 16:25:00,511 [INFO] ThirdParty:1030 - CMSIS Pack Vendor :STMicroelectronics HAL Drivers 0.0.0
2025-06-01 16:25:00,511 [INFO] ThirdParty:1030 - CMSIS Pack Vendor :emotas I-CUBE-CANOPEN 1.3.0
2025-06-01 16:25:00,511 [INFO] ThirdParty:1030 - CMSIS Pack Vendor :STMicroelectronics X-CUBE-FREERTOS 1.3.0
2025-06-01 16:25:00,511 [INFO] ThirdParty:1030 - CMSIS Pack Vendor :STMicroelectronics X-CUBE-NFC7 1.0.1
2025-06-01 16:25:00,511 [INFO] ThirdParty:1030 - CMSIS Pack Vendor :STMicroelectronics MBEDTLS 2.14.1
2025-06-01 16:25:00,511 [INFO] ThirdParty:1030 - CMSIS Pack Vendor :wolfSSL I-CUBE-wolfTPM 3.2.0
2025-06-01 16:25:00,511 [INFO] ThirdParty:1030 - CMSIS Pack Vendor :STMicroelectronics X-CUBE-BLEMGR 3.1.0
2025-06-01 16:25:00,512 [INFO] ThirdParty:1030 - CMSIS Pack Vendor :STMicroelectronics X-CUBE-AI 10.0.0
2025-06-01 16:25:00,512 [INFO] ThirdParty:1030 - CMSIS Pack Vendor :STMicroelectronics FP-SNS-SMARTAG2 1.2.0
2025-06-01 16:25:00,512 [INFO] ThirdParty:1030 - CMSIS Pack Vendor :STMicroelectronics FP-SNS-FLIGHT1 5.1.0
2025-06-01 16:25:00,512 [INFO] ThirdParty:1030 - CMSIS Pack Vendor :STMicroelectronics X-CUBE-MEMS1 11.1.0
2025-06-01 16:25:00,512 [INFO] ThirdParty:1030 - CMSIS Pack Vendor :STMicroelectronics X-CUBE-AZRTOS-WL 2.0.0
2025-06-01 16:25:00,512 [INFO] ThirdParty:1030 - CMSIS Pack Vendor :STMicroelectronics X-CUBE-DPower 1.3.0
2025-06-01 16:25:00,512 [INFO] ThirdParty:1030 - CMSIS Pack Vendor :STMicroelectronics FP-SNS-MOTENV1 5.0.0
2025-06-01 16:25:00,512 [INFO] ThirdParty:1030 - CMSIS Pack Vendor :STMicroelectronics USB_DEVICE 1.0.0
2025-06-01 16:25:00,512 [INFO] ThirdParty:1030 - CMSIS Pack Vendor :STMicroelectronics X-CUBE-AI 8.1.0
2025-06-01 16:25:00,512 [INFO] ThirdParty:1030 - CMSIS Pack Vendor :wolfSSL I-CUBE-wolfMQTT 1.19.0
2025-06-01 16:25:00,512 [INFO] ThirdParty:1030 - CMSIS Pack Vendor :STMicroelectronics X-CUBE-AZRTOS-L4 2.0.0
2025-06-01 16:25:00,512 [INFO] ThirdParty:1030 - CMSIS Pack Vendor :STMicroelectronics ThreadX 0.0.2
2025-06-01 16:25:00,512 [INFO] ThirdParty:1030 - CMSIS Pack Vendor :WES I-CUBE-Cesium 1.3.0
2025-06-01 16:25:00,512 [INFO] ThirdParty:1030 - CMSIS Pack Vendor :STMicroelectronics lwIP 2.1.2
2025-06-01 16:25:00,512 [INFO] ThirdParty:1030 - CMSIS Pack Vendor :STMicroelectronics X-CUBE-SFXS2LP1 4.0.0
2025-06-01 16:25:00,512 [INFO] ThirdParty:1030 - CMSIS Pack Vendor :STMicroelectronics X-CUBE-BLE2 3.3.0
2025-06-01 16:25:00,512 [INFO] ThirdParty:1030 - CMSIS Pack Vendor :STMicroelectronics PDM2PCM 3.2.0
2025-06-01 16:25:00,512 [INFO] ThirdParty:1030 - CMSIS Pack Vendor :STMicroelectronics X-CUBE-AZRTOS-H7 3.3.0
2025-06-01 16:25:00,513 [INFO] ThirdParty:1030 - CMSIS Pack Vendor :STMicroelectronics X-CUBE-NFC9 1.0.0
2025-06-01 16:25:00,513 [INFO] ThirdParty:1030 - CMSIS Pack Vendor :STMicroelectronics X-CUBE-BLE1 7.1.0
2025-06-01 16:25:00,513 [INFO] ThirdParty:1030 - CMSIS Pack Vendor :STMicroelectronics USB_DEVICE 3.0.0
2025-06-01 16:25:00,513 [INFO] ThirdParty:1030 - CMSIS Pack Vendor :STMicroelectronics X-CUBE-TCPP 4.1.0
2025-06-01 16:25:00,513 [INFO] ThirdParty:1030 - CMSIS Pack Vendor :STMicroelectronics X-CUBE-IPS 3.0.0
2025-06-01 16:25:00,513 [INFO] ThirdParty:1030 - CMSIS Pack Vendor :STMicroelectronics X-CUBE-AZRTOS-WB 2.0.0
2025-06-01 16:25:00,513 [INFO] ThirdParty:1030 - CMSIS Pack Vendor :STMicroelectronics X-CUBE-GNSS1 7.0.0
2025-06-01 16:25:00,513 [INFO] ThirdParty:1030 - CMSIS Pack Vendor :STMicroelectronics X-CUBE-GNSS1 7.0.1
2025-06-01 16:25:00,513 [INFO] ThirdParty:1030 - CMSIS Pack Vendor :STMicroelectronics X-CUBE-TOUCHGFX 4.25.0
2025-06-01 16:25:00,513 [INFO] ThirdParty:1030 - CMSIS Pack Vendor :STMicroelectronics X-CUBE-AI 10.1.0
2025-06-01 16:25:00,513 [INFO] ThirdParty:1030 - CMSIS Pack Vendor :STMicroelectronics FP-SNS-STBOX1 2.0.0
2025-06-01 16:25:00,513 [INFO] ThirdParty:1030 - CMSIS Pack Vendor :STMicroelectronics X-CUBE-ALGOBUILD 1.3.0
2025-06-01 16:25:00,513 [INFO] ThirdParty:1030 - CMSIS Pack Vendor :STMicroelectronics X-CUBE-MEMS1 11.2.0
2025-06-01 16:25:00,514 [INFO] ThirdParty:1030 - CMSIS Pack Vendor :STMicroelectronics X-CUBE-AZRTOS-G0 1.1.0
2025-06-01 16:25:00,514 [INFO] ThirdParty:1030 - CMSIS Pack Vendor :STMicroelectronics X-CUBE-SAFEA1 1.2.2
2025-06-01 16:25:00,514 [INFO] ThirdParty:1030 - CMSIS Pack Vendor :STMicroelectronics X-CUBE-NFC4 3.0.0
2025-06-01 16:25:00,514 [INFO] ThirdParty:1030 - CMSIS Pack Vendor :STMicroelectronics X-CUBE-SUBG2 5.0.0
2025-06-01 16:25:00,514 [INFO] ThirdParty:1030 - CMSIS Pack Vendor :STMicroelectronics X-CUBE-AZRTOS-H7RS 1.1.0
2025-06-01 16:25:00,514 [INFO] ThirdParty:1030 - CMSIS Pack Vendor :STMicroelectronics STM32_WPAN 1.0.0
2025-06-01 16:25:00,514 [INFO] ThirdParty:1030 - CMSIS Pack Vendor :wolfSSL I-CUBE-wolfMQTT 1.18.0
2025-06-01 16:25:00,514 [INFO] ThirdParty:1030 - CMSIS Pack Vendor :EmbeddedOffice I-CUBE-FS-RTOS 1.0.1
2025-06-01 16:25:00,514 [INFO] ThirdParty:1030 - CMSIS Pack Vendor :STMicroelectronics lwIP 2.0.3
2025-06-01 16:25:00,514 [INFO] ThirdParty:1030 - CMSIS Pack Vendor :STMicroelectronics USB_HOST 1.0.0
2025-06-01 16:25:00,514 [INFO] ThirdParty:1030 - CMSIS Pack Vendor :STMicroelectronics X-CUBE-AZRTOS-G4 2.0.0
2025-06-01 16:25:00,514 [INFO] ThirdParty:1030 - CMSIS Pack Vendor :STMicroelectronics X-CUBE-WB05N 2.0.0
2025-06-01 16:25:00,514 [INFO] ThirdParty:1030 - CMSIS Pack Vendor :STMicroelectronics PDM2PCM 3.1.0
2025-06-01 16:25:00,514 [INFO] ThirdParty:1030 - CMSIS Pack Vendor :STMicroelectronics X-CUBE-NFC7 2.0.0
2025-06-01 16:25:00,514 [INFO] ThirdParty:1030 - CMSIS Pack Vendor :STMicroelectronics X-CUBE-TCPP 4.2.0
2025-06-01 16:25:00,514 [INFO] ThirdParty:1030 - CMSIS Pack Vendor :RealThread X-CUBE-RT-Thread_Nano 4.1.1
2025-06-01 16:25:00,514 [INFO] ThirdParty:1030 - CMSIS Pack Vendor :wolfSSL I-CUBE-wolfSSL 5.7.0
2025-06-01 16:25:00,515 [INFO] ThirdParty:1030 - CMSIS Pack Vendor :STMicroelectronics FP-SNS-MOTENVWB1 1.3.1
2025-06-01 16:25:00,515 [INFO] ThirdParty:1030 - CMSIS Pack Vendor :STMicroelectronics FP-ATR-SIGFOX1 3.2.0
2025-06-01 16:25:00,515 [INFO] ThirdParty:1030 - CMSIS Pack Vendor :quantropi X-CUBE-qispace-sdk-base 1.9.3
2025-06-01 16:25:00,515 [INFO] ThirdParty:1030 - CMSIS Pack Vendor :STMicroelectronics X-CUBE-ISPU 2.0.0
2025-06-01 16:25:00,515 [INFO] ThirdParty:1030 - CMSIS Pack Vendor :STMicroelectronics X-CUBE-EEPRMA1 5.1.0
2025-06-01 16:25:00,515 [INFO] ThirdParty:1030 - CMSIS Pack Vendor :STMicroelectronics MBEDTLS 2.16.2
2025-06-01 16:25:00,515 [INFO] ThirdParty:1030 - CMSIS Pack Vendor :STMicroelectronics X-CUBE-IPS 3.1.0
2025-06-01 16:25:00,515 [INFO] ThirdParty:1030 - CMSIS Pack Vendor :STMicroelectronics X-CUBE-ALS 1.0.2
2025-06-01 16:25:00,515 [INFO] ThirdParty:1030 - CMSIS Pack Vendor :STMicroelectronics X-CUBE-MEMS1 10.0.0
2025-06-01 16:25:00,515 [INFO] ThirdParty:1030 - CMSIS Pack Vendor :STMicroelectronics X-CUBE-FREERTOS 1.1.0
2025-06-01 16:25:00,515 [INFO] ThirdParty:1030 - CMSIS Pack Vendor :STMicroelectronics X-CUBE-TOUCHGFX 4.24.0
2025-06-01 16:25:00,515 [INFO] ThirdParty:1030 - CMSIS Pack Vendor :ITTIA_DB I-CUBE-ITTIADB 8.9.0
2025-06-01 16:25:00,515 [INFO] ThirdParty:1030 - CMSIS Pack Vendor :STMicroelectronics X-CUBE-TOUCHGFX 4.24.2
2025-06-01 16:25:00,515 [INFO] ThirdParty:1030 - CMSIS Pack Vendor :STMicroelectronics X-CUBE-TOUCHGFX 4.24.1
2025-06-01 16:25:00,515 [INFO] ThirdParty:1030 - CMSIS Pack Vendor :portGmbH I-Cube-SoM-uGOAL 1.1.0
2025-06-01 16:25:00,515 [INFO] ThirdParty:1030 - CMSIS Pack Vendor :STMicroelectronics X-CUBE-ALS 1.0.1
2025-06-01 16:25:00,515 [INFO] ThirdParty:1030 - CMSIS Pack Vendor :STMicroelectronics ThreadX 1.0.0
2025-06-01 16:25:00,515 [INFO] ThirdParty:1030 - CMSIS Pack Vendor :SEGGER I-CUBE-embOS 1.3.1
2025-06-01 16:25:00,515 [INFO] ThirdParty:1030 - CMSIS Pack Vendor :STMicroelectronics X-CUBE-ALGOBUILD 1.4.0
2025-06-01 16:25:00,515 [INFO] ThirdParty:1030 - CMSIS Pack Vendor :STMicroelectronics X-CUBE-AZRTOS-H7RS 1.0.0
2025-06-01 16:25:00,516 [INFO] ThirdParty:1030 - CMSIS Pack Vendor :STMicroelectronics FP-ATR-ASTRA1 2.0.0
2025-06-01 16:25:00,516 [INFO] ThirdParty:1030 - CMSIS Pack Vendor :STMicroelectronics X-CUBE-TOF1 3.4.2
2025-06-01 16:25:00,516 [INFO] ThirdParty:1030 - CMSIS Pack Vendor :STMicroelectronics X-CUBE-TOF1 3.4.3
2025-06-01 16:25:00,516 [INFO] ThirdParty:1030 - CMSIS Pack Vendor :STMicroelectronics X-CUBE-AI 9.1.0
2025-06-01 16:25:00,516 [INFO] ThirdParty:1030 - CMSIS Pack Vendor :STMicroelectronics X-CUBE-TOF1 3.4.1
2025-06-01 16:25:00,516 [INFO] ThirdParty:1030 - CMSIS Pack Vendor :STMicroelectronics X-CUBE-AZRTOS-H7 3.2.0
2025-06-01 16:25:00,516 [INFO] ThirdParty:1030 - CMSIS Pack Vendor :Infineon AIROC-Wi-Fi-Bluetooth-STM32 1.6.0
2025-06-01 16:25:00,516 [INFO] ThirdParty:1030 - CMSIS Pack Vendor :wolfSSL I-CUBE-wolfSSH 1.4.17
2025-06-01 16:25:00,516 [INFO] ThirdParty:841 - exiting critical section [change project]
2025-06-01 16:25:01,119 [INFO] PinOutPanel:1589 - setPackage(No Configuration,No Configuration)
2025-06-01 16:25:01,121 [INFO] PinOutPanel:1589 - setPackage(STM32F412ZGTx,LQFP144)
2025-06-01 16:25:01,779 [INFO] UtilMem:75 - Before build in PCC Used Memory: 689876632 Bytes (1073741824)
2025-06-01 16:25:02,757 [INFO] UtilMem:75 - After build in PCC Used Memory: 758034160 Bytes (1073741824)
2025-06-01 16:25:02,939 [INFO] ApiDbMcu:508 - Load IP Config File for USB_DEVICE
2025-06-01 16:25:02,984 [INFO] IPUIPlugin:80 - create IPUIPlugin
2025-06-01 16:25:02,985 [INFO] IPUIPlugin:80 - create IPUIPlugin
2025-06-01 16:25:02,985 [INFO] IPUIPlugin:80 - create IPUIPlugin
2025-06-01 16:25:02,985 [INFO] IPUIPlugin:80 - create IPUIPlugin
2025-06-01 16:25:02,985 [INFO] IPUIPlugin:80 - create IPUIPlugin
2025-06-01 16:25:02,985 [INFO] IPUIPlugin:80 - create IPUIPlugin
2025-06-01 16:25:02,986 [INFO] IPUIPlugin:80 - create IPUIPlugin
2025-06-01 16:25:02,986 [INFO] IPUIPlugin:80 - create IPUIPlugin
2025-06-01 16:25:02,986 [INFO] IPUIPlugin:80 - create IPUIPlugin
2025-06-01 16:25:02,986 [INFO] IPUIPlugin:80 - create IPUIPlugin
2025-06-01 16:25:02,986 [INFO] IPUIPlugin:80 - create IPUIPlugin
2025-06-01 16:25:02,986 [INFO] IPUIPlugin:80 - create IPUIPlugin
2025-06-01 16:25:02,986 [INFO] IPUIPlugin:80 - create IPUIPlugin
2025-06-01 16:25:02,986 [INFO] IPUIPlugin:80 - create IPUIPlugin
2025-06-01 16:25:02,987 [INFO] IPUIPlugin:80 - create IPUIPlugin
2025-06-01 16:25:02,987 [INFO] IPUIPlugin:80 - create IPUIPlugin
2025-06-01 16:25:02,987 [INFO] IPUIPlugin:80 - create IPUIPlugin
2025-06-01 16:25:02,987 [INFO] IPUIPlugin:80 - create IPUIPlugin
2025-06-01 16:25:02,987 [INFO] IPUIPlugin:80 - create IPUIPlugin
2025-06-01 16:25:02,987 [INFO] IPUIPlugin:80 - create IPUIPlugin
2025-06-01 16:25:02,988 [INFO] IPUIPlugin:80 - create IPUIPlugin
2025-06-01 16:25:02,988 [INFO] IPUIPlugin:80 - create IPUIPlugin
2025-06-01 16:25:02,988 [INFO] IPUIPlugin:80 - create IPUIPlugin
2025-06-01 16:25:02,988 [INFO] IPUIPlugin:80 - create IPUIPlugin
2025-06-01 16:25:02,988 [INFO] IPUIPlugin:80 - create IPUIPlugin
2025-06-01 16:25:02,989 [INFO] IPUIPlugin:80 - create IPUIPlugin
2025-06-01 16:25:02,989 [INFO] IPUIPlugin:80 - create IPUIPlugin
2025-06-01 16:25:02,989 [INFO] IPUIPlugin:80 - create IPUIPlugin
2025-06-01 16:25:02,990 [INFO] IPUIPlugin:80 - create IPUIPlugin
2025-06-01 16:25:02,990 [INFO] IPUIPlugin:80 - create IPUIPlugin
2025-06-01 16:25:02,990 [INFO] IPUIPlugin:80 - create IPUIPlugin
2025-06-01 16:25:02,990 [INFO] IPUIPlugin:80 - create IPUIPlugin
2025-06-01 16:25:02,990 [INFO] IPUIPlugin:80 - create IPUIPlugin
2025-06-01 16:25:02,991 [INFO] IPUIPlugin:80 - create IPUIPlugin
2025-06-01 16:25:02,991 [INFO] IPUIPlugin:80 - create IPUIPlugin
2025-06-01 16:25:02,991 [INFO] IPUIPlugin:80 - create IPUIPlugin
2025-06-01 16:25:02,992 [INFO] IPUIPlugin:80 - create IPUIPlugin
2025-06-01 16:25:02,992 [INFO] IPUIPlugin:80 - create IPUIPlugin
2025-06-01 16:25:02,992 [INFO] IPUIPlugin:80 - create IPUIPlugin
2025-06-01 16:25:02,992 [INFO] IPUIPlugin:80 - create IPUIPlugin
2025-06-01 16:25:02,993 [INFO] IPUIPlugin:80 - create IPUIPlugin
2025-06-01 16:25:02,993 [INFO] IPUIPlugin:80 - create IPUIPlugin
2025-06-01 16:25:02,993 [INFO] IPUIPlugin:80 - create IPUIPlugin
2025-06-01 16:25:02,993 [INFO] IPUIPlugin:80 - create IPUIPlugin
2025-06-01 16:25:02,994 [INFO] IPUIPlugin:80 - create IPUIPlugin
2025-06-01 16:25:02,994 [INFO] IPUIPlugin:80 - create IPUIPlugin
2025-06-01 16:25:02,994 [INFO] IPUIPlugin:80 - create IPUIPlugin
2025-06-01 16:25:02,995 [INFO] IPUIPlugin:80 - create IPUIPlugin
2025-06-01 16:25:02,995 [INFO] IPUIPlugin:80 - create IPUIPlugin
2025-06-01 16:25:02,995 [INFO] IPUIPlugin:80 - create IPUIPlugin
2025-06-01 16:25:02,996 [INFO] IPUIPlugin:80 - create IPUIPlugin
2025-06-01 16:25:02,996 [INFO] IPUIPlugin:80 - create IPUIPlugin
2025-06-01 16:25:02,996 [INFO] IPUIPlugin:80 - create IPUIPlugin
2025-06-01 16:25:02,997 [INFO] IPUIPlugin:80 - create IPUIPlugin
2025-06-01 16:25:02,997 [INFO] IPUIPlugin:80 - create IPUIPlugin
2025-06-01 16:25:02,997 [INFO] IPUIPlugin:80 - create IPUIPlugin
2025-06-01 16:25:02,998 [INFO] IPUIPlugin:80 - create IPUIPlugin
2025-06-01 16:25:03,019 [INFO] ApiDbMcu:508 - Load IP Config File for PDM2PCM
2025-06-01 16:25:03,356 [INFO] CADModel:165 - CPN selected for project levelSTM32F412ZGT6
2025-06-01 16:25:03,357 [INFO] CADModel:114 - Register for checkConnection events
2025-06-01 16:25:03,423 [INFO] OpenFileManager:385 - Restore cursor
2025-06-01 16:25:03,672 [WARN] IP:2250 - DEVICE_SERIAL0_CDC_FS not found: check if there is a RefParameter without a condition.
2025-06-01 16:25:03,673 [WARN] IP:2250 - DEVICE_SERIAL1_CDC_FS not found: check if there is a RefParameter without a condition.
2025-06-01 16:25:03,673 [WARN] IP:2250 - DEVICE_SERIAL2_CDC_FS not found: check if there is a RefParameter without a condition.
2025-06-01 16:25:03,674 [WARN] IP:2250 - DEVICE_SERIAL0_CDC_FS not found: check if there is a RefParameter without a condition.
2025-06-01 16:25:03,674 [WARN] IP:2250 - DEVICE_SERIAL1_CDC_FS not found: check if there is a RefParameter without a condition.
2025-06-01 16:25:03,674 [WARN] IP:2250 - DEVICE_SERIAL2_CDC_FS not found: check if there is a RefParameter without a condition.
2025-06-01 19:09:25,375 [INFO] WebApp:194 - Connection lost
2025-06-01 19:09:25,512 [INFO] WebApp:191 - Connection restablished
2025-06-01 19:42:17,285 [INFO] UtilMem:75 - End SaveConfig() Used Memory: 887743888 Bytes (1073741824)
2025-06-01 19:42:30,819 [INFO] Gpio:277 - dependency for GPIO [ADC1, RCC, SPI1, SPI4, SPI5, SYS, TIM1, USART1, USART2, USART6, USB_OTG_FS]
2025-06-01 19:44:40,228 [INFO] UtilMem:75 - End SaveConfig() Used Memory: 635211632 Bytes (1073741824)
2025-06-01 19:44:42,018 [INFO] UtilMem:75 - End SaveConfig() Used Memory: 715951984 Bytes (1073741824)
2025-06-01 19:44:42,394 [INFO] UtilMem:75 - End SaveConfig() Used Memory: 787781488 Bytes (1073741824)
2025-06-01 19:44:43,165 [INFO] BlockDiagram:2775 - set Specific Code input for plugin: SPI
2025-06-01 19:44:43,165 [INFO] BlockDiagram:2775 - set Specific Code input for plugin: SPI
2025-06-01 19:44:43,165 [INFO] BlockDiagram:2775 - set Specific Code input for plugin: SPI
2025-06-01 19:44:43,165 [INFO] BlockDiagram:2775 - set Specific Code input for plugin: TIM1_8
2025-06-01 19:44:43,165 [INFO] BlockDiagram:2775 - set Specific Code input for plugin: USB_DEVICE
2025-06-01 19:44:43,165 [INFO] BlockDiagram:2775 - set Specific Code input for plugin: SYS
2025-06-01 19:44:43,166 [INFO] BlockDiagram:2775 - set Specific Code input for plugin: ADC
2025-06-01 19:44:43,166 [INFO] BlockDiagram:2775 - set Specific Code input for plugin: RCC
2025-06-01 19:44:43,166 [INFO] BlockDiagram:2775 - set Specific Code input for plugin: USB_OTG_FS
2025-06-01 19:44:43,166 [INFO] BlockDiagram:2775 - set Specific Code input for plugin: NVIC
2025-06-01 19:44:43,166 [INFO] BlockDiagram:2775 - set Specific Code input for plugin: USART
2025-06-01 19:44:43,166 [INFO] BlockDiagram:2775 - set Specific Code input for plugin: USART
2025-06-01 19:44:43,166 [INFO] BlockDiagram:2775 - set Specific Code input for plugin: USART
2025-06-01 19:44:43,167 [INFO] BlockDiagram:2775 - set Specific Code input for plugin: GPIO
2025-06-01 19:44:43,169 [INFO] CodeGenerator:882 - code generatio: config db path: C:\ST\STM32CubeIDE_1.15.0\STM32CubeIDE\plugins\com.st.stm32cube.common.mx_6.14.0.202502271554\\db\
2025-06-01 19:44:43,225 [WARN] IP:2250 - DEVICE_SERIAL0_CDC_FS not found: check if there is a RefParameter without a condition.
2025-06-01 19:44:43,226 [WARN] IP:2250 - DEVICE_SERIAL1_CDC_FS not found: check if there is a RefParameter without a condition.
2025-06-01 19:44:43,226 [WARN] IP:2250 - DEVICE_SERIAL2_CDC_FS not found: check if there is a RefParameter without a condition.
2025-06-01 19:44:43,574 [INFO] CodeEngine:263 - oldGeneratedFile, C:\Users\gagno\OneDrive\Documents\GitHub\Ordinateur-de-bord\STM32CubeIDE\ODB2\MXTmpFiles\license.tmp_save
2025-06-01 19:44:44,046 [INFO] CodeEngine:287 - Generated code: C:\Users\gagno\OneDrive\Documents\GitHub\Ordinateur-de-bord\STM32CubeIDE\ODB2\MXTmpFiles\license.tmp
2025-06-01 19:44:44,267 [INFO] CodeEngine:263 - oldGeneratedFile, C:\Users\gagno\OneDrive\Documents\GitHub\Ordinateur-de-bord\STM32CubeIDE\ODB2\MXTmpFiles\gpio.tmp_save
2025-06-01 19:44:44,426 [INFO] CodeEngine:287 - Generated code: C:\Users\gagno\OneDrive\Documents\GitHub\Ordinateur-de-bord\STM32CubeIDE\ODB2\MXTmpFiles\gpio.tmp
2025-06-01 19:44:44,725 [WARN] IPConfigManager:3174 - Warning: the RefConfig PWREx_EnableUSBVoltageDetector is not available in your config.xml file
2025-06-01 19:44:44,740 [INFO] CodeEngine:263 - oldGeneratedFile, C:\Users\gagno\OneDrive\Documents\GitHub\Ordinateur-de-bord\STM32CubeIDE\ODB2\MXTmpFiles\usb_otg_fs_vars.tmp_save
2025-06-01 19:44:44,860 [INFO] CodeEngine:287 - Generated code: C:\Users\gagno\OneDrive\Documents\GitHub\Ordinateur-de-bord\STM32CubeIDE\ODB2\MXTmpFiles\usb_otg_fs_vars.tmp
2025-06-01 19:44:44,866 [INFO] CodeEngine:263 - oldGeneratedFile, C:\Users\gagno\OneDrive\Documents\GitHub\Ordinateur-de-bord\STM32CubeIDE\ODB2\MXTmpFiles\usb_otg_fs_inc.tmp_save
2025-06-01 19:44:44,950 [INFO] CodeEngine:287 - Generated code: C:\Users\gagno\OneDrive\Documents\GitHub\Ordinateur-de-bord\STM32CubeIDE\ODB2\MXTmpFiles\usb_otg_fs_inc.tmp
2025-06-01 19:44:44,961 [INFO] CodeEngine:263 - oldGeneratedFile, C:\Users\gagno\OneDrive\Documents\GitHub\Ordinateur-de-bord\STM32CubeIDE\ODB2\MXTmpFiles\usb_otg_fs_HalInit.tmp_save
2025-06-01 19:44:45,077 [INFO] CodeEngine:287 - Generated code: C:\Users\gagno\OneDrive\Documents\GitHub\Ordinateur-de-bord\STM32CubeIDE\ODB2\MXTmpFiles\usb_otg_fs_HalInit.tmp
2025-06-01 19:44:45,084 [INFO] CodeEngine:263 - oldGeneratedFile, C:\Users\gagno\OneDrive\Documents\GitHub\Ordinateur-de-bord\STM32CubeIDE\ODB2\MXTmpFiles\usb_otg_fs_Msp.tmp_save
2025-06-01 19:44:45,213 [INFO] CodeEngine:287 - Generated code: C:\Users\gagno\OneDrive\Documents\GitHub\Ordinateur-de-bord\STM32CubeIDE\ODB2\MXTmpFiles\usb_otg_fs_Msp.tmp
2025-06-01 19:44:46,482 [INFO] Middleware:1452 - No code input for Bsp Dependency
2025-06-01 19:44:46,514 [INFO] Middleware:1452 - No code input for Bsp Dependency
2025-06-01 19:44:46,533 [INFO] CodeEngine:263 - oldGeneratedFile, C:\Users\gagno\OneDrive\Documents\GitHub\Ordinateur-de-bord\STM32CubeIDE\ODB2\USB_DEVICE\App\usb_device.c_save
2025-06-01 19:44:46,638 [INFO] CodeEngine:287 - Generated code: C:\Users\gagno\OneDrive\Documents\GitHub\Ordinateur-de-bord\STM32CubeIDE\ODB2\USB_DEVICE\App\usb_device.c
2025-06-01 19:44:46,651 [INFO] CodeEngine:263 - oldGeneratedFile, C:\Users\gagno\OneDrive\Documents\GitHub\Ordinateur-de-bord\STM32CubeIDE\ODB2\USB_DEVICE\App\usb_device.h_save
2025-06-01 19:44:46,732 [INFO] CodeEngine:287 - Generated code: C:\Users\gagno\OneDrive\Documents\GitHub\Ordinateur-de-bord\STM32CubeIDE\ODB2\USB_DEVICE\App\usb_device.h
2025-06-01 19:44:46,748 [INFO] CodeEngine:263 - oldGeneratedFile, C:\Users\gagno\OneDrive\Documents\GitHub\Ordinateur-de-bord\STM32CubeIDE\ODB2\USB_DEVICE\Target\usbd_conf.h_save
2025-06-01 19:44:46,829 [INFO] CodeEngine:287 - Generated code: C:\Users\gagno\OneDrive\Documents\GitHub\Ordinateur-de-bord\STM32CubeIDE\ODB2\USB_DEVICE\Target\usbd_conf.h
2025-06-01 19:44:46,843 [INFO] CodeEngine:263 - oldGeneratedFile, C:\Users\gagno\OneDrive\Documents\GitHub\Ordinateur-de-bord\STM32CubeIDE\ODB2\USB_DEVICE\Target\usbd_conf.c_save
2025-06-01 19:44:46,957 [INFO] CodeEngine:287 - Generated code: C:\Users\gagno\OneDrive\Documents\GitHub\Ordinateur-de-bord\STM32CubeIDE\ODB2\USB_DEVICE\Target\usbd_conf.c
2025-06-01 19:44:46,966 [INFO] CodeEngine:263 - oldGeneratedFile, C:\Users\gagno\OneDrive\Documents\GitHub\Ordinateur-de-bord\STM32CubeIDE\ODB2\USB_DEVICE\App\usbd_desc.h_save
2025-06-01 19:44:47,050 [INFO] CodeEngine:287 - Generated code: C:\Users\gagno\OneDrive\Documents\GitHub\Ordinateur-de-bord\STM32CubeIDE\ODB2\USB_DEVICE\App\usbd_desc.h
2025-06-01 19:44:47,059 [INFO] CodeEngine:263 - oldGeneratedFile, C:\Users\gagno\OneDrive\Documents\GitHub\Ordinateur-de-bord\STM32CubeIDE\ODB2\USB_DEVICE\App\usbd_desc.c_save
2025-06-01 19:44:47,138 [INFO] CodeEngine:287 - Generated code: C:\Users\gagno\OneDrive\Documents\GitHub\Ordinateur-de-bord\STM32CubeIDE\ODB2\USB_DEVICE\App\usbd_desc.c
2025-06-01 19:44:47,154 [INFO] CodeEngine:263 - oldGeneratedFile, C:\Users\gagno\OneDrive\Documents\GitHub\Ordinateur-de-bord\STM32CubeIDE\ODB2\USB_DEVICE\App\usbd_cdc_if.h_save
2025-06-01 19:44:47,226 [INFO] CodeEngine:287 - Generated code: C:\Users\gagno\OneDrive\Documents\GitHub\Ordinateur-de-bord\STM32CubeIDE\ODB2\USB_DEVICE\App\usbd_cdc_if.h
2025-06-01 19:44:47,241 [INFO] CodeEngine:263 - oldGeneratedFile, C:\Users\gagno\OneDrive\Documents\GitHub\Ordinateur-de-bord\STM32CubeIDE\ODB2\USB_DEVICE\App\usbd_cdc_if.c_save
2025-06-01 19:44:47,322 [INFO] CodeEngine:287 - Generated code: C:\Users\gagno\OneDrive\Documents\GitHub\Ordinateur-de-bord\STM32CubeIDE\ODB2\USB_DEVICE\App\usbd_cdc_if.c
2025-06-01 19:44:47,350 [INFO] CodeEngine:263 - oldGeneratedFile, C:\Users\gagno\OneDrive\Documents\GitHub\Ordinateur-de-bord\STM32CubeIDE\ODB2\Core\Src\stm32f4xx_it.c_save
2025-06-01 19:44:47,462 [INFO] CodeEngine:287 - Generated code: C:\Users\gagno\OneDrive\Documents\GitHub\Ordinateur-de-bord\STM32CubeIDE\ODB2\Core\Src\stm32f4xx_it.c
2025-06-01 19:44:47,475 [INFO] CodeEngine:263 - oldGeneratedFile, C:\Users\gagno\OneDrive\Documents\GitHub\Ordinateur-de-bord\STM32CubeIDE\ODB2\Core\Inc\stm32f4xx_it.h_save
2025-06-01 19:44:47,546 [INFO] CodeEngine:287 - Generated code: C:\Users\gagno\OneDrive\Documents\GitHub\Ordinateur-de-bord\STM32CubeIDE\ODB2\Core\Inc\stm32f4xx_it.h
2025-06-01 19:44:47,580 [INFO] CodeEngine:263 - oldGeneratedFile, C:\Users\gagno\OneDrive\Documents\GitHub\Ordinateur-de-bord\STM32CubeIDE\ODB2\Core\Src\stm32f4xx_hal_msp.c_save
2025-06-01 19:44:47,701 [INFO] CodeEngine:287 - Generated code: C:\Users\gagno\OneDrive\Documents\GitHub\Ordinateur-de-bord\STM32CubeIDE\ODB2\Core\Src\stm32f4xx_hal_msp.c
2025-06-01 19:44:47,713 [INFO] CodeEngine:263 - oldGeneratedFile, C:\Users\gagno\OneDrive\Documents\GitHub\Ordinateur-de-bord\STM32CubeIDE\ODB2\MXTmpFiles\system.tmp_save
2025-06-01 19:44:47,790 [INFO] CodeEngine:287 - Generated code: C:\Users\gagno\OneDrive\Documents\GitHub\Ordinateur-de-bord\STM32CubeIDE\ODB2\MXTmpFiles\system.tmp
2025-06-01 19:44:47,804 [INFO] CodeEngine:263 - oldGeneratedFile, C:\Users\gagno\OneDrive\Documents\GitHub\Ordinateur-de-bord\STM32CubeIDE\ODB2\Core\Inc\stm32_assert.h_save
2025-06-01 19:44:47,870 [INFO] CodeEngine:287 - Generated code: C:\Users\gagno\OneDrive\Documents\GitHub\Ordinateur-de-bord\STM32CubeIDE\ODB2\Core\Inc\stm32_assert.h
2025-06-01 19:44:47,893 [INFO] CodeEngine:319 - oldGeneratedFile, C:\Users\gagno\OneDrive\Documents\GitHub\Ordinateur-de-bord\STM32CubeIDE\ODB2\Core\Inc\stm32f4xx_hal_conf.h_save
2025-06-01 19:44:47,971 [INFO] CodeEngine:343 - Generated code: C:\Users\gagno\OneDrive\Documents\GitHub\Ordinateur-de-bord\STM32CubeIDE\ODB2\Core\Inc\stm32f4xx_hal_conf.h
2025-06-01 19:44:48,030 [INFO] ApiDbMcu:508 - Load IP Config File for ADC1
2025-06-01 19:44:48,035 [INFO] ApiDbMcu:508 - Load IP Config File for SPI1
2025-06-01 19:44:48,038 [INFO] ApiDbMcu:508 - Load IP Config File for SPI4
2025-06-01 19:44:48,041 [INFO] ApiDbMcu:508 - Load IP Config File for SPI5
2025-06-01 19:44:48,054 [INFO] ApiDbMcu:508 - Load IP Config File for TIM1
2025-06-01 19:44:48,057 [INFO] ApiDbMcu:508 - Load IP Config File for USART1
2025-06-01 19:44:48,061 [INFO] ApiDbMcu:508 - Load IP Config File for USART2
2025-06-01 19:44:48,063 [INFO] ApiDbMcu:508 - Load IP Config File for USART6
2025-06-01 19:44:48,067 [INFO] ApiDbMcu:508 - Load IP Config File for RCC
2025-06-01 19:44:48,073 [WARN] IPConfigManager:3747 - IP not found : TIM
2025-06-01 19:44:48,075 [WARN] CodeGenerator:4198 - IP not found : null
2025-06-01 19:44:48,088 [INFO] CodeEngine:263 - oldGeneratedFile, C:\Users\gagno\OneDrive\Documents\GitHub\Ordinateur-de-bord\STM32CubeIDE\ODB2\Core\Inc\main.h_save
2025-06-01 19:44:48,181 [INFO] CodeEngine:287 - Generated code: C:\Users\gagno\OneDrive\Documents\GitHub\Ordinateur-de-bord\STM32CubeIDE\ODB2\Core\Inc\main.h
2025-06-01 19:44:48,195 [INFO] CodeEngine:263 - oldGeneratedFile, C:\Users\gagno\OneDrive\Documents\GitHub\Ordinateur-de-bord\STM32CubeIDE\ODB2\Core\Src\main.c_save
2025-06-01 19:44:48,389 [INFO] CodeEngine:287 - Generated code: C:\Users\gagno\OneDrive\Documents\GitHub\Ordinateur-de-bord\STM32CubeIDE\ODB2\Core\Src\main.c
2025-06-01 19:44:49,009 [INFO] ProjectBuilder:3324 - Time for Copy HAL[1] : 344mS.
2025-06-01 19:44:49,029 [INFO] ProjectBuilder:4912 - Project Generator version: 4.6.0-B36
2025-06-01 19:44:49,132 [INFO] ConfigFileManager:1590 - The Die is : DIE441
2025-06-01 19:44:49,144 [INFO] ApiDbMcu:508 - Load IP Config File for FATFS
2025-06-01 19:44:49,149 [INFO] ApiDbMcu:508 - Load IP Config File for FREERTOS
2025-06-01 19:44:49,155 [INFO] ApiDbMcu:508 - Load IP Config File for LIBJPEG
2025-06-01 19:44:49,165 [INFO] ApiDbMcu:508 - Load IP Config File for MBEDTLS
2025-06-01 19:44:49,182 [INFO] ApiDbMcu:508 - Load IP Config File for USB_HOST
2025-06-01 19:44:49,792 [INFO] LogOutputStream:77 - [STDOUT_REDIRECT] 
2025-06-01 19:44:51,554 [INFO] ProjectBuilder:5191 - Time for Generating toolchain IDE Files: 2522mS.
2025-06-01 19:44:51,556 [INFO] ProjectBuilder:3181 - Time for Copy CMSIS : 0mS.
2025-06-01 19:44:51,568 [INFO] ProjectBuilder:3181 - Time for Copy CMSIS : 0mS.
2025-06-01 20:03:13,280 [INFO] Gpio:277 - dependency for GPIO [ADC1, RCC, SPI1, SPI4, SPI5, SYS, TIM1, USART1, USART2, USART6, USB_OTG_FS]
2025-06-01 20:03:49,857 [INFO] WebApp:194 - Connection lost
2025-06-01 20:03:49,992 [INFO] WebApp:191 - Connection restablished
2025-06-01 20:05:32,888 [INFO] UtilMem:75 - End SaveConfig() Used Memory: 900347816 Bytes (1073741824)
2025-06-01 20:05:33,950 [INFO] UtilMem:75 - End SaveConfig() Used Memory: 953298856 Bytes (1073741824)
2025-06-01 20:05:34,273 [INFO] UtilMem:75 - End SaveConfig() Used Memory: 726349536 Bytes (1073741824)
2025-06-01 20:05:34,603 [INFO] BlockDiagram:2775 - set Specific Code input for plugin: SPI
2025-06-01 20:05:34,604 [INFO] BlockDiagram:2775 - set Specific Code input for plugin: SPI
2025-06-01 20:05:34,604 [INFO] BlockDiagram:2775 - set Specific Code input for plugin: SPI
2025-06-01 20:05:34,604 [INFO] BlockDiagram:2775 - set Specific Code input for plugin: TIM1_8
2025-06-01 20:05:34,604 [INFO] BlockDiagram:2775 - set Specific Code input for plugin: USB_DEVICE
2025-06-01 20:05:34,604 [INFO] BlockDiagram:2775 - set Specific Code input for plugin: SYS
2025-06-01 20:05:34,604 [INFO] BlockDiagram:2775 - set Specific Code input for plugin: ADC
2025-06-01 20:05:34,604 [INFO] BlockDiagram:2775 - set Specific Code input for plugin: RCC
2025-06-01 20:05:34,605 [INFO] BlockDiagram:2775 - set Specific Code input for plugin: USB_OTG_FS
2025-06-01 20:05:34,605 [INFO] BlockDiagram:2775 - set Specific Code input for plugin: NVIC
2025-06-01 20:05:34,605 [INFO] BlockDiagram:2775 - set Specific Code input for plugin: USART
2025-06-01 20:05:34,605 [INFO] BlockDiagram:2775 - set Specific Code input for plugin: USART
2025-06-01 20:05:34,605 [INFO] BlockDiagram:2775 - set Specific Code input for plugin: USART
2025-06-01 20:05:34,606 [INFO] BlockDiagram:2775 - set Specific Code input for plugin: GPIO
2025-06-01 20:05:34,607 [INFO] CodeGenerator:882 - code generatio: config db path: C:\ST\STM32CubeIDE_1.15.0\STM32CubeIDE\plugins\com.st.stm32cube.common.mx_6.14.0.202502271554\\db\
2025-06-01 20:05:34,673 [WARN] IP:2250 - DEVICE_SERIAL0_CDC_FS not found: check if there is a RefParameter without a condition.
2025-06-01 20:05:34,674 [WARN] IP:2250 - DEVICE_SERIAL1_CDC_FS not found: check if there is a RefParameter without a condition.
2025-06-01 20:05:34,674 [WARN] IP:2250 - DEVICE_SERIAL2_CDC_FS not found: check if there is a RefParameter without a condition.
2025-06-01 20:05:34,816 [INFO] CodeEngine:263 - oldGeneratedFile, C:\Users\gagno\OneDrive\Documents\GitHub\Ordinateur-de-bord\STM32CubeIDE\ODB2\MXTmpFiles\license.tmp_save
2025-06-01 20:05:35,167 [INFO] CodeEngine:287 - Generated code: C:\Users\gagno\OneDrive\Documents\GitHub\Ordinateur-de-bord\STM32CubeIDE\ODB2\MXTmpFiles\license.tmp
2025-06-01 20:05:35,449 [INFO] CodeEngine:263 - oldGeneratedFile, C:\Users\gagno\OneDrive\Documents\GitHub\Ordinateur-de-bord\STM32CubeIDE\ODB2\MXTmpFiles\gpio.tmp_save
2025-06-01 20:05:35,607 [INFO] CodeEngine:287 - Generated code: C:\Users\gagno\OneDrive\Documents\GitHub\Ordinateur-de-bord\STM32CubeIDE\ODB2\MXTmpFiles\gpio.tmp
2025-06-01 20:05:35,808 [WARN] IPConfigManager:3174 - Warning: the RefConfig PWREx_EnableUSBVoltageDetector is not available in your config.xml file
2025-06-01 20:05:35,822 [INFO] CodeEngine:263 - oldGeneratedFile, C:\Users\gagno\OneDrive\Documents\GitHub\Ordinateur-de-bord\STM32CubeIDE\ODB2\MXTmpFiles\usb_otg_fs_vars.tmp_save
2025-06-01 20:05:35,964 [INFO] CodeEngine:287 - Generated code: C:\Users\gagno\OneDrive\Documents\GitHub\Ordinateur-de-bord\STM32CubeIDE\ODB2\MXTmpFiles\usb_otg_fs_vars.tmp
2025-06-01 20:05:35,969 [INFO] CodeEngine:263 - oldGeneratedFile, C:\Users\gagno\OneDrive\Documents\GitHub\Ordinateur-de-bord\STM32CubeIDE\ODB2\MXTmpFiles\usb_otg_fs_inc.tmp_save
2025-06-01 20:05:36,082 [INFO] CodeEngine:287 - Generated code: C:\Users\gagno\OneDrive\Documents\GitHub\Ordinateur-de-bord\STM32CubeIDE\ODB2\MXTmpFiles\usb_otg_fs_inc.tmp
2025-06-01 20:05:36,089 [INFO] CodeEngine:263 - oldGeneratedFile, C:\Users\gagno\OneDrive\Documents\GitHub\Ordinateur-de-bord\STM32CubeIDE\ODB2\MXTmpFiles\usb_otg_fs_HalInit.tmp_save
2025-06-01 20:05:36,207 [INFO] CodeEngine:287 - Generated code: C:\Users\gagno\OneDrive\Documents\GitHub\Ordinateur-de-bord\STM32CubeIDE\ODB2\MXTmpFiles\usb_otg_fs_HalInit.tmp
2025-06-01 20:05:36,215 [INFO] CodeEngine:263 - oldGeneratedFile, C:\Users\gagno\OneDrive\Documents\GitHub\Ordinateur-de-bord\STM32CubeIDE\ODB2\MXTmpFiles\usb_otg_fs_Msp.tmp_save
2025-06-01 20:05:36,323 [INFO] CodeEngine:287 - Generated code: C:\Users\gagno\OneDrive\Documents\GitHub\Ordinateur-de-bord\STM32CubeIDE\ODB2\MXTmpFiles\usb_otg_fs_Msp.tmp
2025-06-01 20:05:37,440 [INFO] Middleware:1452 - No code input for Bsp Dependency
2025-06-01 20:05:37,474 [INFO] Middleware:1452 - No code input for Bsp Dependency
2025-06-01 20:05:37,488 [INFO] CodeEngine:263 - oldGeneratedFile, C:\Users\gagno\OneDrive\Documents\GitHub\Ordinateur-de-bord\STM32CubeIDE\ODB2\USB_DEVICE\App\usb_device.c_save
2025-06-01 20:05:37,567 [INFO] CodeEngine:287 - Generated code: C:\Users\gagno\OneDrive\Documents\GitHub\Ordinateur-de-bord\STM32CubeIDE\ODB2\USB_DEVICE\App\usb_device.c
2025-06-01 20:05:37,576 [INFO] CodeEngine:263 - oldGeneratedFile, C:\Users\gagno\OneDrive\Documents\GitHub\Ordinateur-de-bord\STM32CubeIDE\ODB2\USB_DEVICE\App\usb_device.h_save
2025-06-01 20:05:37,646 [INFO] CodeEngine:287 - Generated code: C:\Users\gagno\OneDrive\Documents\GitHub\Ordinateur-de-bord\STM32CubeIDE\ODB2\USB_DEVICE\App\usb_device.h
2025-06-01 20:05:37,655 [INFO] CodeEngine:263 - oldGeneratedFile, C:\Users\gagno\OneDrive\Documents\GitHub\Ordinateur-de-bord\STM32CubeIDE\ODB2\USB_DEVICE\Target\usbd_conf.h_save
2025-06-01 20:05:37,725 [INFO] CodeEngine:287 - Generated code: C:\Users\gagno\OneDrive\Documents\GitHub\Ordinateur-de-bord\STM32CubeIDE\ODB2\USB_DEVICE\Target\usbd_conf.h
2025-06-01 20:05:37,734 [INFO] CodeEngine:263 - oldGeneratedFile, C:\Users\gagno\OneDrive\Documents\GitHub\Ordinateur-de-bord\STM32CubeIDE\ODB2\USB_DEVICE\Target\usbd_conf.c_save
2025-06-01 20:05:37,832 [INFO] CodeEngine:287 - Generated code: C:\Users\gagno\OneDrive\Documents\GitHub\Ordinateur-de-bord\STM32CubeIDE\ODB2\USB_DEVICE\Target\usbd_conf.c
2025-06-01 20:05:37,841 [INFO] CodeEngine:263 - oldGeneratedFile, C:\Users\gagno\OneDrive\Documents\GitHub\Ordinateur-de-bord\STM32CubeIDE\ODB2\USB_DEVICE\App\usbd_desc.h_save
2025-06-01 20:05:37,906 [INFO] CodeEngine:287 - Generated code: C:\Users\gagno\OneDrive\Documents\GitHub\Ordinateur-de-bord\STM32CubeIDE\ODB2\USB_DEVICE\App\usbd_desc.h
2025-06-01 20:05:37,915 [INFO] CodeEngine:263 - oldGeneratedFile, C:\Users\gagno\OneDrive\Documents\GitHub\Ordinateur-de-bord\STM32CubeIDE\ODB2\USB_DEVICE\App\usbd_desc.c_save
2025-06-01 20:05:37,988 [INFO] CodeEngine:287 - Generated code: C:\Users\gagno\OneDrive\Documents\GitHub\Ordinateur-de-bord\STM32CubeIDE\ODB2\USB_DEVICE\App\usbd_desc.c
2025-06-01 20:05:37,997 [INFO] CodeEngine:263 - oldGeneratedFile, C:\Users\gagno\OneDrive\Documents\GitHub\Ordinateur-de-bord\STM32CubeIDE\ODB2\USB_DEVICE\App\usbd_cdc_if.h_save
2025-06-01 20:05:38,063 [INFO] CodeEngine:287 - Generated code: C:\Users\gagno\OneDrive\Documents\GitHub\Ordinateur-de-bord\STM32CubeIDE\ODB2\USB_DEVICE\App\usbd_cdc_if.h
2025-06-01 20:05:38,070 [INFO] CodeEngine:263 - oldGeneratedFile, C:\Users\gagno\OneDrive\Documents\GitHub\Ordinateur-de-bord\STM32CubeIDE\ODB2\USB_DEVICE\App\usbd_cdc_if.c_save
2025-06-01 20:05:38,140 [INFO] CodeEngine:287 - Generated code: C:\Users\gagno\OneDrive\Documents\GitHub\Ordinateur-de-bord\STM32CubeIDE\ODB2\USB_DEVICE\App\usbd_cdc_if.c
2025-06-01 20:05:38,159 [INFO] CodeEngine:263 - oldGeneratedFile, C:\Users\gagno\OneDrive\Documents\GitHub\Ordinateur-de-bord\STM32CubeIDE\ODB2\Core\Src\stm32f4xx_it.c_save
2025-06-01 20:05:38,340 [INFO] CodeEngine:287 - Generated code: C:\Users\gagno\OneDrive\Documents\GitHub\Ordinateur-de-bord\STM32CubeIDE\ODB2\Core\Src\stm32f4xx_it.c
2025-06-01 20:05:38,349 [INFO] CodeEngine:263 - oldGeneratedFile, C:\Users\gagno\OneDrive\Documents\GitHub\Ordinateur-de-bord\STM32CubeIDE\ODB2\Core\Inc\stm32f4xx_it.h_save
2025-06-01 20:05:38,409 [INFO] CodeEngine:287 - Generated code: C:\Users\gagno\OneDrive\Documents\GitHub\Ordinateur-de-bord\STM32CubeIDE\ODB2\Core\Inc\stm32f4xx_it.h
2025-06-01 20:05:38,432 [INFO] CodeEngine:263 - oldGeneratedFile, C:\Users\gagno\OneDrive\Documents\GitHub\Ordinateur-de-bord\STM32CubeIDE\ODB2\Core\Src\stm32f4xx_hal_msp.c_save
2025-06-01 20:05:38,532 [INFO] CodeEngine:287 - Generated code: C:\Users\gagno\OneDrive\Documents\GitHub\Ordinateur-de-bord\STM32CubeIDE\ODB2\Core\Src\stm32f4xx_hal_msp.c
2025-06-01 20:05:38,537 [INFO] CodeEngine:263 - oldGeneratedFile, C:\Users\gagno\OneDrive\Documents\GitHub\Ordinateur-de-bord\STM32CubeIDE\ODB2\MXTmpFiles\system.tmp_save
2025-06-01 20:05:38,594 [INFO] CodeEngine:287 - Generated code: C:\Users\gagno\OneDrive\Documents\GitHub\Ordinateur-de-bord\STM32CubeIDE\ODB2\MXTmpFiles\system.tmp
2025-06-01 20:05:38,600 [INFO] CodeEngine:263 - oldGeneratedFile, C:\Users\gagno\OneDrive\Documents\GitHub\Ordinateur-de-bord\STM32CubeIDE\ODB2\Core\Inc\stm32_assert.h_save
2025-06-01 20:05:38,658 [INFO] CodeEngine:287 - Generated code: C:\Users\gagno\OneDrive\Documents\GitHub\Ordinateur-de-bord\STM32CubeIDE\ODB2\Core\Inc\stm32_assert.h
2025-06-01 20:05:38,672 [INFO] CodeEngine:319 - oldGeneratedFile, C:\Users\gagno\OneDrive\Documents\GitHub\Ordinateur-de-bord\STM32CubeIDE\ODB2\Core\Inc\stm32f4xx_hal_conf.h_save
2025-06-01 20:05:38,737 [INFO] CodeEngine:343 - Generated code: C:\Users\gagno\OneDrive\Documents\GitHub\Ordinateur-de-bord\STM32CubeIDE\ODB2\Core\Inc\stm32f4xx_hal_conf.h
2025-06-01 20:05:38,771 [WARN] IPConfigManager:3747 - IP not found : TIM
2025-06-01 20:05:38,772 [WARN] CodeGenerator:4198 - IP not found : null
2025-06-01 20:05:38,783 [INFO] CodeEngine:263 - oldGeneratedFile, C:\Users\gagno\OneDrive\Documents\GitHub\Ordinateur-de-bord\STM32CubeIDE\ODB2\Core\Inc\main.h_save
2025-06-01 20:05:38,848 [INFO] CodeEngine:287 - Generated code: C:\Users\gagno\OneDrive\Documents\GitHub\Ordinateur-de-bord\STM32CubeIDE\ODB2\Core\Inc\main.h
2025-06-01 20:05:38,855 [INFO] CodeEngine:263 - oldGeneratedFile, C:\Users\gagno\OneDrive\Documents\GitHub\Ordinateur-de-bord\STM32CubeIDE\ODB2\Core\Src\main.c_save
2025-06-01 20:05:38,983 [INFO] CodeEngine:287 - Generated code: C:\Users\gagno\OneDrive\Documents\GitHub\Ordinateur-de-bord\STM32CubeIDE\ODB2\Core\Src\main.c
2025-06-01 20:05:39,522 [INFO] ProjectBuilder:3324 - Time for Copy HAL[1] : 313mS.
2025-06-01 20:05:39,533 [INFO] ProjectBuilder:4912 - Project Generator version: 4.6.0-B36
2025-06-01 20:05:39,623 [INFO] ConfigFileManager:1590 - The Die is : DIE441
2025-06-01 20:05:41,195 [INFO] ProjectBuilder:5191 - Time for Generating toolchain IDE Files: 1662mS.
2025-06-01 20:05:41,197 [INFO] ProjectBuilder:3181 - Time for Copy CMSIS : 1mS.
2025-06-01 20:05:41,217 [INFO] ProjectBuilder:3181 - Time for Copy CMSIS : 0mS.
2025-06-01 21:37:33,212 [INFO] Activator:176 - 


2025-06-01 21:37:33,213 [INFO] Activator:177 - !SESSION log4j initialized
2025-06-01 21:37:39,709 [INFO] LogOutputStream:77 - [STDOUT_REDIRECT] 
2025-06-01 21:37:40,662 [INFO] ApplicationProperties:184 - Using Application install path: C:\ST\STM32CubeIDE_1.15.0\STM32CubeIDE\plugins\com.st.stm32cube.common.mx_6.14.0.202502271554
2025-06-01 21:37:40,678 [INFO] DbMcusXml:78 - Set database path to: C:\ST\STM32CubeIDE_1.15.0\STM32CubeIDE\plugins\com.st.stm32cube.common.mx_6.14.0.202502271554\\db\/mcu/
2025-06-01 21:37:40,679 [INFO] ApiDb:274 - Set plugin database path to: C:\ST\STM32CubeIDE_1.15.0\STM32CubeIDE\plugins\com.st.stm32cube.common.mx_6.14.0.202502271554\\db\/plugins/boardmanager/
2025-06-01 21:37:40,679 [WARN] ApiDb:259 - Overriding images path with different value:  => C:\ST\STM32CubeIDE_1.15.0\STM32CubeIDE\plugins\com.st.stm32cube.common.mx_6.14.0.202502271554\\db\/plugins/mcufinder/images/
2025-06-01 21:37:40,685 [INFO] ApiDb:250 - Set database path to: C:\Users\gagno\.stmcufinder\plugins\mcufinder//mcu/
2025-06-01 21:37:40,686 [INFO] DbMcusAds:125 - Set database path to: C:\Users\gagno\.stmcufinder\plugins\mcufinder//mcu/
2025-06-01 21:37:40,688 [INFO] CrossReferenceDbSqlite:203 - Set database path to: C:\Users\gagno\.stmcufinder\plugins\mcufinder//mcu/cs/
2025-06-01 21:37:40,824 [INFO] RulesReader:64 - Compatibility file has been processed (301 Rules)
2025-06-01 21:37:40,940 [INFO] DbMcusXml:78 - Set database path to: C:\ST\STM32CubeIDE_1.15.0\STM32CubeIDE\plugins\com.st.stm32cube.common.mx_6.14.0.202502271554\\db\/mcu/
2025-06-01 21:37:40,940 [INFO] ApiDb:274 - Set plugin database path to: C:\ST\STM32CubeIDE_1.15.0\STM32CubeIDE\plugins\com.st.stm32cube.common.mx_6.14.0.202502271554\\db\/plugins/boardmanager/
2025-06-01 21:37:40,940 [INFO] ApiDb:261 - Set plugin images path to: C:\ST\STM32CubeIDE_1.15.0\STM32CubeIDE\plugins\com.st.stm32cube.common.mx_6.14.0.202502271554\\db\/plugins/mcufinder/images/
2025-06-01 21:37:40,940 [WARN] DbFile:41 - Overriding database path with different value: C:\Users\gagno\.stmcufinder\plugins\mcufinder/ => C:\Users\gagno\.stmcufinder\plugins\mcufinder
2025-06-01 21:37:40,940 [INFO] ApiDb:250 - Set database path to: C:\Users\gagno\.stmcufinder\plugins\mcufinder//mcu/
2025-06-01 21:37:40,940 [WARN] DbFile:41 - Overriding database path with different value: C:\Users\gagno\.stmcufinder\plugins\mcufinder/ => C:\Users\gagno\.stmcufinder\plugins\mcufinder
2025-06-01 21:37:40,941 [INFO] DbMcusAds:125 - Set database path to: C:\Users\gagno\.stmcufinder\plugins\mcufinder//mcu/
2025-06-01 21:37:40,941 [WARN] DbFile:41 - Overriding database path with different value: C:\Users\gagno\.stmcufinder\plugins\mcufinder/ => C:\Users\gagno\.stmcufinder\plugins\mcufinder
2025-06-01 21:37:40,941 [WARN] DbFile:41 - Overriding database path with different value: C:\Users\gagno\.stmcufinder\plugins\mcufinder/ => C:\Users\gagno\.stmcufinder\plugins\mcufinder
2025-06-01 21:37:40,941 [INFO] CrossReferenceDbSqlite:203 - Set database path to: C:\Users\gagno\.stmcufinder\plugins\mcufinder//mcu/cs/
2025-06-01 21:37:41,048 [INFO] MainPanel:272 - HeapMemory: 268435456
2025-06-01 21:37:41,185 [INFO] DbMcusXml:78 - Set database path to: C:\ST\STM32CubeIDE_1.15.0\STM32CubeIDE\plugins\com.st.stm32cube.common.mx_6.14.0.202502271554\\db\/mcu/
2025-06-01 21:37:41,185 [INFO] ApiDb:274 - Set plugin database path to: C:\ST\STM32CubeIDE_1.15.0\STM32CubeIDE\plugins\com.st.stm32cube.common.mx_6.14.0.202502271554\\db\/plugins/boardmanager/
2025-06-01 21:37:41,185 [INFO] ApiDb:261 - Set plugin images path to: C:\ST\STM32CubeIDE_1.15.0\STM32CubeIDE\plugins\com.st.stm32cube.common.mx_6.14.0.202502271554\\db\/plugins/mcufinder/images/
2025-06-01 21:37:41,185 [WARN] DbFile:41 - Overriding database path with different value: C:\Users\gagno\.stmcufinder\plugins\mcufinder/ => C:\Users\gagno\.stmcufinder\plugins\mcufinder
2025-06-01 21:37:41,185 [INFO] ApiDb:250 - Set database path to: C:\Users\gagno\.stmcufinder\plugins\mcufinder//mcu/
2025-06-01 21:37:41,185 [WARN] DbFile:41 - Overriding database path with different value: C:\Users\gagno\.stmcufinder\plugins\mcufinder/ => C:\Users\gagno\.stmcufinder\plugins\mcufinder
2025-06-01 21:37:41,185 [INFO] DbMcusAds:125 - Set database path to: C:\Users\gagno\.stmcufinder\plugins\mcufinder//mcu/
2025-06-01 21:37:41,186 [WARN] DbFile:41 - Overriding database path with different value: C:\Users\gagno\.stmcufinder\plugins\mcufinder/ => C:\Users\gagno\.stmcufinder\plugins\mcufinder
2025-06-01 21:37:41,186 [WARN] DbFile:41 - Overriding database path with different value: C:\Users\gagno\.stmcufinder\plugins\mcufinder/ => C:\Users\gagno\.stmcufinder\plugins\mcufinder
2025-06-01 21:37:41,186 [INFO] CrossReferenceDbSqlite:203 - Set database path to: C:\Users\gagno\.stmcufinder\plugins\mcufinder//mcu/cs/
2025-06-01 21:37:41,205 [INFO] ApplicationProperties:184 - Using Application install path: C:\ST\STM32CubeIDE_1.15.0\STM32CubeIDE\plugins\com.st.stm32cube.common.mx_6.14.0.202502271554
2025-06-01 21:37:41,207 [INFO] PluginManage:196 - Search for loadable plugins [exclusion list=, ]
2025-06-01 21:37:41,209 [INFO] PluginManage:310 - Check plugin analytics
2025-06-01 21:37:41,420 [INFO] AnalyticsPlugin:253 - Accepted Software Licenses: 
2025-06-01 21:37:41,420 [INFO] AnalyticsPlugin:255 - Accepted CMSIS Pack Licenses: 
2025-06-01 21:37:41,420 [INFO] AnalyticsPlugin:257 - Accepted Firmware Licenses: FW.F4.1.28.0
2025-06-01 21:37:41,424 [INFO] PluginManage:359 - Loaded plugin analytics (category:tool,tabindex:-1)
2025-06-01 21:37:41,425 [INFO] PluginManage:310 - Check plugin cadmodel
2025-06-01 21:37:41,435 [INFO] CADModel:105 - Init CAD model plugin
2025-06-01 21:37:41,435 [INFO] PluginManage:359 - Loaded plugin cadmodel (category:power,tabindex:5)
2025-06-01 21:37:41,435 [INFO] PluginManage:310 - Check plugin clock
2025-06-01 21:37:41,442 [INFO] PluginManage:359 - Loaded plugin clock (category:base,tabindex:2)
2025-06-01 21:37:41,442 [INFO] PluginManage:310 - Check plugin ddr
2025-06-01 21:37:41,443 [INFO] PluginManage:359 - Loaded plugin ddr (category:tool,tabindex:6)
2025-06-01 21:37:41,443 [INFO] PluginManage:310 - Check plugin filemanager
2025-06-01 21:37:41,568 [INFO] PluginManage:359 - Loaded plugin filemanager (category:base,tabindex:10)
2025-06-01 21:37:41,568 [INFO] PluginManage:310 - Check plugin ipmanager
2025-06-01 21:37:41,575 [INFO] PluginManage:359 - Loaded plugin ipmanager (category:base,tabindex:5)
2025-06-01 21:37:41,575 [INFO] PluginManage:310 - Check plugin lpbam
2025-06-01 21:37:41,583 [INFO] PluginManage:359 - Loaded plugin lpbam (category:base,tabindex:0)
2025-06-01 21:37:41,583 [INFO] PluginManage:310 - Check plugin memorymap
2025-06-01 21:37:41,601 [INFO] PluginManage:359 - Loaded plugin memorymap (category:base,tabindex:4)
2025-06-01 21:37:41,601 [INFO] PluginManage:310 - Check plugin pinoutandconfiguration
2025-06-01 21:37:41,609 [INFO] PluginManage:359 - Loaded plugin pinoutandconfiguration (category:base,tabindex:1)
2025-06-01 21:37:41,609 [INFO] PluginManage:310 - Check plugin pinoutconfig
2025-06-01 21:37:41,691 [WARN] SupportedApi:132 - Cannot load RTOS API schema: s4s-elt-must-match.1: The content of 'definitions' must match (annotation?, (simpleType | complexType)?, (unique | key | keyref)*)). A problem was found starting at: attribute.
2025-06-01 21:37:41,818 [INFO] PluginManage:359 - Loaded plugin pinoutconfig (category:base,tabindex:0)
2025-06-01 21:37:41,818 [INFO] PluginManage:310 - Check plugin power
2025-06-01 21:37:41,826 [INFO] PluginManage:359 - Loaded plugin power (category:power,tabindex:4)
2025-06-01 21:37:41,826 [INFO] PluginManage:310 - Check plugin projectmanager
2025-06-01 21:37:41,843 [INFO] PluginManage:359 - Loaded plugin projectmanager (category:projectmanager,tabindex:4)
2025-06-01 21:37:41,843 [INFO] PluginManage:310 - Check plugin rif
2025-06-01 21:37:41,854 [INFO] PluginManage:359 - Loaded plugin rif (category:base,tabindex:3)
2025-06-01 21:37:41,854 [INFO] PluginManage:310 - Check plugin thirdparty
2025-06-01 21:37:41,979 [INFO] PluginManage:359 - Loaded plugin thirdparty (category:base,tabindex:-1)
2025-06-01 21:37:41,979 [WARN] IntegrityCheckThread:84 - waiting for thirdparty lock release [integrity check]
2025-06-01 21:37:41,979 [INFO] PluginManage:310 - Check plugin tools
2025-06-01 21:37:41,979 [INFO] IntegrityCheckThread:86 - entering critical section [integrity check]
2025-06-01 21:37:41,980 [INFO] ThirdPartyUpdaterWithRetryManager:70 - Updater plugin not ready yet. [1/15]
2025-06-01 21:37:41,982 [INFO] PluginManage:359 - Loaded plugin tools (category:base,tabindex:7)
2025-06-01 21:37:41,982 [INFO] PluginManage:310 - Check plugin tutovideos
2025-06-01 21:37:42,167 [INFO] PluginManage:359 - Loaded plugin tutovideos (category:base,tabindex:-1)
2025-06-01 21:37:42,168 [INFO] PluginManage:310 - Check plugin updater
2025-06-01 21:37:42,189 [INFO] PluginManage:359 - Loaded plugin updater (category:base,tabindex:12)
2025-06-01 21:37:42,190 [INFO] PluginManage:310 - Check plugin userauth
2025-06-01 21:37:42,196 [INFO] UserAuth:118 - Init User Auth plugin
2025-06-01 21:37:42,197 [INFO] PluginManage:359 - Loaded plugin userauth (category:base,tabindex:14)
2025-06-01 21:37:42,197 [INFO] PluginManage:283 - PluginManage : Loaded plugins [18]
2025-06-01 21:37:42,399 [INFO] PinOutPanel:1589 - setPackage(No Configuration,No Configuration)
2025-06-01 21:37:42,474 [INFO] CADModel:165 - CPN selected for project level
2025-06-01 21:37:42,474 [INFO] CADModel:114 - Register for checkConnection events
2025-06-01 21:37:42,488 [INFO] IPUIPlugin:80 - create IPUIPlugin
2025-06-01 21:37:42,488 [INFO] PluginManager:220 - loadIPPluginJar : add adc
2025-06-01 21:37:42,490 [INFO] IPUIPlugin:80 - create IPUIPlugin
2025-06-01 21:37:42,491 [INFO] PluginManager:220 - loadIPPluginJar : add aes
2025-06-01 21:37:42,492 [INFO] IPUIPlugin:80 - create IPUIPlugin
2025-06-01 21:37:42,493 [INFO] PluginManager:220 - loadIPPluginJar : add can
2025-06-01 21:37:42,495 [INFO] IPUIPlugin:80 - create IPUIPlugin
2025-06-01 21:37:42,495 [INFO] PluginManager:220 - loadIPPluginJar : add comp
2025-06-01 21:37:42,497 [INFO] IPUIPlugin:80 - create IPUIPlugin
2025-06-01 21:37:42,497 [INFO] PluginManager:220 - loadIPPluginJar : add cryp
2025-06-01 21:37:42,500 [INFO] IPUIPlugin:80 - create IPUIPlugin
2025-06-01 21:37:42,500 [INFO] PluginManager:220 - loadIPPluginJar : add ddr_ctrl_phy
2025-06-01 21:37:42,502 [INFO] IPUIPlugin:80 - create IPUIPlugin
2025-06-01 21:37:42,502 [INFO] PluginManager:220 - loadIPPluginJar : add dfsdm
2025-06-01 21:37:42,506 [INFO] IPUIPlugin:80 - create IPUIPlugin
2025-06-01 21:37:42,506 [INFO] PluginManager:220 - loadIPPluginJar : add dma
2025-06-01 21:37:42,509 [INFO] IPUIPlugin:80 - create IPUIPlugin
2025-06-01 21:37:42,509 [INFO] PluginManager:220 - loadIPPluginJar : add dma3
2025-06-01 21:37:42,511 [INFO] IPUIPlugin:80 - create IPUIPlugin
2025-06-01 21:37:42,511 [INFO] PluginManager:220 - loadIPPluginJar : add extmemmanager
2025-06-01 21:37:42,512 [INFO] IPUIPlugin:80 - create IPUIPlugin
2025-06-01 21:37:42,512 [INFO] PluginManager:220 - loadIPPluginJar : add fatfs
2025-06-01 21:37:42,515 [INFO] IPUIPlugin:80 - create IPUIPlugin
2025-06-01 21:37:42,515 [INFO] PluginManager:220 - loadIPPluginJar : add fmc
2025-06-01 21:37:42,519 [INFO] IPUIPlugin:80 - create IPUIPlugin
2025-06-01 21:37:42,519 [INFO] PluginManager:220 - loadIPPluginJar : add freertos
2025-06-01 21:37:42,520 [INFO] IPUIPlugin:80 - create IPUIPlugin
2025-06-01 21:37:42,520 [INFO] PluginManager:220 - loadIPPluginJar : add genericplugin
2025-06-01 21:37:42,522 [INFO] IPUIPlugin:80 - create IPUIPlugin
2025-06-01 21:37:42,522 [INFO] PluginManager:220 - loadIPPluginJar : add gfxmmu
2025-06-01 21:37:42,527 [INFO] IPUIPlugin:80 - create IPUIPlugin
2025-06-01 21:37:42,527 [INFO] PluginManager:220 - loadIPPluginJar : add gic
2025-06-01 21:37:42,531 [INFO] IPUIPlugin:80 - create IPUIPlugin
2025-06-01 21:37:42,531 [INFO] PluginManager:220 - loadIPPluginJar : add gpio
2025-06-01 21:37:42,533 [INFO] IPUIPlugin:80 - create IPUIPlugin
2025-06-01 21:37:42,533 [INFO] PluginManager:220 - loadIPPluginJar : add gtzc
2025-06-01 21:37:42,535 [INFO] IPUIPlugin:80 - create IPUIPlugin
2025-06-01 21:37:42,535 [INFO] PluginManager:220 - loadIPPluginJar : add hash
2025-06-01 21:37:42,538 [INFO] IPUIPlugin:80 - create IPUIPlugin
2025-06-01 21:37:42,538 [INFO] PluginManager:220 - loadIPPluginJar : add i2c
2025-06-01 21:37:42,540 [INFO] IPUIPlugin:80 - create IPUIPlugin
2025-06-01 21:37:42,540 [INFO] PluginManager:220 - loadIPPluginJar : add i2s
2025-06-01 21:37:42,543 [INFO] IPUIPlugin:80 - create IPUIPlugin
2025-06-01 21:37:42,544 [INFO] PluginManager:220 - loadIPPluginJar : add i3c
2025-06-01 21:37:42,548 [INFO] IPUIPlugin:80 - create IPUIPlugin
2025-06-01 21:37:42,548 [INFO] PluginManager:220 - loadIPPluginJar : add ipddr
2025-06-01 21:37:42,556 [INFO] IPUIPlugin:80 - create IPUIPlugin
2025-06-01 21:37:42,556 [INFO] PluginManager:220 - loadIPPluginJar : add linkedlist
2025-06-01 21:37:42,560 [INFO] IPUIPlugin:80 - create IPUIPlugin
2025-06-01 21:37:42,560 [INFO] PluginManager:220 - loadIPPluginJar : add lorawan
2025-06-01 21:37:42,561 [INFO] IPUIPlugin:80 - create IPUIPlugin
2025-06-01 21:37:42,561 [INFO] PluginManager:220 - loadIPPluginJar : add ltdc
2025-06-01 21:37:42,566 [INFO] IPUIPlugin:80 - create IPUIPlugin
2025-06-01 21:37:42,566 [INFO] PluginManager:220 - loadIPPluginJar : add mdma
2025-06-01 21:37:42,570 [INFO] IPUIPlugin:80 - create IPUIPlugin
2025-06-01 21:37:42,570 [INFO] PluginManager:220 - loadIPPluginJar : add nvic
2025-06-01 21:37:42,572 [INFO] IPUIPlugin:80 - create IPUIPlugin
2025-06-01 21:37:42,572 [INFO] PluginManager:220 - loadIPPluginJar : add opamp
2025-06-01 21:37:42,576 [INFO] IPUIPlugin:80 - create IPUIPlugin
2025-06-01 21:37:42,576 [INFO] PluginManager:220 - loadIPPluginJar : add openamp
2025-06-01 21:37:42,580 [INFO] IPUIPlugin:80 - create IPUIPlugin
2025-06-01 21:37:42,580 [INFO] PluginManager:220 - loadIPPluginJar : add pdm2pcm
2025-06-01 21:37:42,587 [INFO] IPUIPlugin:80 - create IPUIPlugin
2025-06-01 21:37:42,589 [INFO] PluginManager:220 - loadIPPluginJar : add plateformsettings
2025-06-01 21:37:42,590 [INFO] IPUIPlugin:80 - create IPUIPlugin
2025-06-01 21:37:42,591 [INFO] PluginManager:220 - loadIPPluginJar : add quadspi
2025-06-01 21:37:42,593 [INFO] IPUIPlugin:80 - create IPUIPlugin
2025-06-01 21:37:42,594 [INFO] PluginManager:220 - loadIPPluginJar : add radio
2025-06-01 21:37:42,598 [INFO] IPUIPlugin:80 - create IPUIPlugin
2025-06-01 21:37:42,598 [INFO] PluginManager:220 - loadIPPluginJar : add resmgrutility
2025-06-01 21:37:42,600 [INFO] IPUIPlugin:80 - create IPUIPlugin
2025-06-01 21:37:42,600 [INFO] PluginManager:220 - loadIPPluginJar : add sai
2025-06-01 21:37:42,602 [INFO] IPUIPlugin:80 - create IPUIPlugin
2025-06-01 21:37:42,602 [INFO] PluginManager:220 - loadIPPluginJar : add spi
2025-06-01 21:37:42,610 [INFO] IPUIPlugin:80 - create IPUIPlugin
2025-06-01 21:37:42,610 [INFO] PluginManager:220 - loadIPPluginJar : add stm32_wpan
2025-06-01 21:37:42,611 [INFO] IPUIPlugin:80 - create IPUIPlugin
2025-06-01 21:37:42,611 [INFO] PluginManager:220 - loadIPPluginJar : add tim
2025-06-01 21:37:42,614 [INFO] IPUIPlugin:80 - create IPUIPlugin
2025-06-01 21:37:42,615 [INFO] PluginManager:220 - loadIPPluginJar : add touchsensing
2025-06-01 21:37:42,617 [INFO] IPUIPlugin:80 - create IPUIPlugin
2025-06-01 21:37:42,617 [INFO] PluginManager:220 - loadIPPluginJar : add tracer_emb
2025-06-01 21:37:42,618 [INFO] IPUIPlugin:80 - create IPUIPlugin
2025-06-01 21:37:42,618 [INFO] PluginManager:220 - loadIPPluginJar : add ts
2025-06-01 21:37:42,620 [INFO] IPUIPlugin:80 - create IPUIPlugin
2025-06-01 21:37:42,620 [INFO] PluginManager:220 - loadIPPluginJar : add tsc
2025-06-01 21:37:42,622 [INFO] IPUIPlugin:80 - create IPUIPlugin
2025-06-01 21:37:42,623 [INFO] PluginManager:220 - loadIPPluginJar : add ucpd
2025-06-01 21:37:42,625 [INFO] IPUIPlugin:80 - create IPUIPlugin
2025-06-01 21:37:42,625 [INFO] PluginManager:220 - loadIPPluginJar : add usart
2025-06-01 21:37:42,629 [INFO] IPUIPlugin:80 - create IPUIPlugin
2025-06-01 21:37:42,629 [INFO] PluginManager:220 - loadIPPluginJar : add usbx
2025-06-01 21:37:42,755 [FATAL] Updater:351 - Updater called before beeing initialized
2025-06-01 21:37:42,780 [INFO] RulesReader:64 - Compatibility file has been processed (301 Rules)
2025-06-01 21:37:42,790 [INFO] RulesReader:64 - Compatibility file has been processed (301 Rules)
2025-06-01 21:37:42,797 [INFO] CADModel:165 - CPN selected for project level
2025-06-01 21:37:42,797 [INFO] CADModel:114 - Register for checkConnection events
2025-06-01 21:37:42,797 [FATAL] Updater:351 - Updater called before beeing initialized
2025-06-01 21:37:42,797 [ERROR] CADModel:125 - Updater not yet initialized, retry later 
2025-06-01 21:37:42,956 [FATAL] Updater:351 - Updater called before beeing initialized
2025-06-01 21:37:42,958 [INFO] CADModel:165 - CPN selected for project level
2025-06-01 21:37:42,959 [INFO] CADModel:114 - Register for checkConnection events
2025-06-01 21:37:42,959 [FATAL] Updater:351 - Updater called before beeing initialized
2025-06-01 21:37:42,959 [ERROR] CADModel:125 - Updater not yet initialized, retry later 
2025-06-01 21:37:42,963 [FATAL] Updater:351 - Updater called before beeing initialized
2025-06-01 21:37:43,082 [FATAL] Updater:351 - Updater called before beeing initialized
2025-06-01 21:37:43,085 [INFO] DbMcusAds:53 - JSON generation date=Wed May 07 05:07:55 EDT 2025 (1746608875484)
2025-06-01 21:37:43,086 [FATAL] Updater:351 - Updater called before beeing initialized
2025-06-01 21:37:43,116 [WARN] DetailPanel:346 - Failed to get advertising image, set to default
2025-06-01 21:37:43,344 [FATAL] Updater:351 - Updater called before beeing initialized
2025-06-01 21:37:43,346 [FATAL] Updater:351 - Updater called before beeing initialized
2025-06-01 21:37:43,346 [FATAL] Updater:351 - Updater called before beeing initialized
2025-06-01 21:37:43,347 [WARN] DetailPanel:346 - Failed to get advertising image, set to default
2025-06-01 21:37:43,347 [FATAL] Updater:351 - Updater called before beeing initialized
2025-06-01 21:37:43,403 [ERROR] Updater:1198 - MainUpdater not yet initialized. External WinMGr cannot be set.
2025-06-01 21:37:43,405 [INFO] Updater:1134 - Updater Version found : 6.14.0
2025-06-01 21:37:43,423 [INFO] ApplicationProperties:184 - Using Application install path: C:\ST\STM32CubeIDE_1.15.0\STM32CubeIDE\plugins\com.st.stm32cube.common.mx_6.14.0.202502271554
2025-06-01 21:37:43,792 [INFO] MainUpdater:2872 - connection check result : 10
2025-06-01 21:37:43,793 [INFO] MainUpdater:289 - Updater Check For Update Now.
2025-06-01 21:37:43,793 [INFO] MicroXplorer:498 - Change Database Version : DB.6.0.140
2025-06-01 21:37:43,800 [INFO] McuFinderGlobals:63 - Set McuFinder mode to 2 (CubeIDE integrated)
2025-06-01 21:37:43,801 [INFO] UserAuth:486 - Internet connection configuration mode: 1
2025-06-01 21:37:43,829 [INFO] JxBrowserEngine:152 - Initiate JxBrowser Engine with user profile folder
2025-06-01 21:37:43,971 [INFO] CheckServerUpdateThread:120 - End of CheckServer Thread
2025-06-01 21:37:44,597 [INFO] WebApp:169 - Instantiating new browser for Auth
2025-06-01 21:37:45,255 [WARN] PackLoader:240 - Cannot read IP mode file for STMicroelectronics.FP-SNS-MOTENVWB1.1.4.0
2025-06-01 21:37:45,272 [WARN] PackLoader:240 - Cannot read IP mode file for STMicroelectronics.FP-ATR-ASTRA1.2.0.2
2025-06-01 21:37:45,284 [WARN] PackLoader:240 - Cannot read IP mode file for STMicroelectronics.FP-ATR-ASTRA1.2.0.1
2025-06-01 21:37:45,310 [WARN] PackLoader:240 - Cannot read IP mode file for STMicroelectronics.X-CUBE-SMBUS.2.1.0
2025-06-01 21:37:45,325 [WARN] PackLoader:240 - Cannot read IP mode file for STMicroelectronics.X-CUBE-WB05N.1.1.0
2025-06-01 21:37:45,335 [WARN] PackLoader:240 - Cannot read IP mode file for STMicroelectronics.X-CUBE-ST60.1.0.0
2025-06-01 21:37:45,345 [WARN] PackLoader:240 - Cannot read IP mode file for STMicroelectronics.X-CUBE-TOUCHGFX.4.23.2
2025-06-01 21:37:45,392 [WARN] PackLoader:240 - Cannot read IP mode file for STMicroelectronics.X-CUBE-AZRTOS-F7.1.1.0
2025-06-01 21:37:45,486 [WARN] PackLoader:240 - Cannot read IP mode file for STMicroelectronics.X-CUBE-MEMS1.11.0.0
2025-06-01 21:37:45,498 [INFO] WebApp:463 - Apply proxy settings
2025-06-01 21:37:45,499 [INFO] WebApp:548 - Chromium requires no authentication
2025-06-01 21:37:45,524 [INFO] WebApp:491 - Direct internet connection detected
2025-06-01 21:37:45,582 [INFO] WebApp:894 - Register for checkConnection events
2025-06-01 21:37:45,583 [INFO] WebApp:463 - Apply proxy settings
2025-06-01 21:37:45,583 [INFO] WebApp:548 - Chromium requires no authentication
2025-06-01 21:37:45,584 [INFO] WebApp:491 - Direct internet connection detected
2025-06-01 21:37:45,637 [WARN] PackLoader:240 - Cannot read IP mode file for STMicroelectronics.FP-SNS-FLIGHT1.5.0.2
2025-06-01 21:37:45,643 [WARN] PackLoader:240 - Cannot read IP mode file for STMicroelectronics.X-CUBE-DISPLAY.3.0.0
2025-06-01 21:37:45,651 [WARN] PackLoader:240 - Cannot read IP mode file for STMicroelectronics.X-CUBE-BLE1.7.0.0
2025-06-01 21:37:45,658 [WARN] PackLoader:240 - Cannot read IP mode file for STMicroelectronics.X-CUBE-NFC10.1.0.0
2025-06-01 21:37:45,668 [WARN] PackLoader:240 - Cannot read IP mode file for STMicroelectronics.X-CUBE-BLEMGR.4.0.0
2025-06-01 21:37:45,678 [WARN] PackLoader:240 - Cannot read IP mode file for emotas.I-CUBE-CANOPEN.1.3.0
2025-06-01 21:37:45,698 [WARN] PackLoader:240 - Cannot read IP mode file for STMicroelectronics.X-CUBE-BLEMGR.3.1.0
2025-06-01 21:37:45,713 [WARN] PackLoader:240 - Cannot read IP mode file for STMicroelectronics.X-CUBE-AI.10.0.0
2025-06-01 21:37:45,721 [WARN] PackLoader:240 - Cannot read IP mode file for STMicroelectronics.FP-SNS-SMARTAG2.1.2.0
2025-06-01 21:37:45,728 [WARN] PackLoader:240 - Cannot read IP mode file for STMicroelectronics.FP-SNS-FLIGHT1.5.1.0
2025-06-01 21:37:45,750 [INFO] WebApp:191 - Connection restablished
2025-06-01 21:37:45,845 [WARN] PackLoader:240 - Cannot read IP mode file for STMicroelectronics.X-CUBE-MEMS1.11.1.0
2025-06-01 21:37:46,067 [INFO] LogOutputStream:77 - [STDOUT_REDIRECT] 1 : Invalid condition id : UX_CORESTACK_Condition cause : null
2025-06-01 21:37:46,069 [INFO] LogOutputStream:77 - [STDOUT_REDIRECT] 1 : Invalid condition id : UX_CORESTACK_Condition cause : null
2025-06-01 21:37:46,071 [INFO] LogOutputStream:77 - [STDOUT_REDIRECT] 1 : Invalid condition id : UX_CORESTACK_Condition cause : null
2025-06-01 21:37:46,073 [INFO] LogOutputStream:77 - [STDOUT_REDIRECT] 1 : Invalid condition id : UX_CORESTACK_Condition cause : null
2025-06-01 21:37:46,075 [INFO] LogOutputStream:77 - [STDOUT_REDIRECT] 1 : Invalid condition id : UX_CORESTACK_Condition cause : null
2025-06-01 21:37:46,079 [WARN] PackLoader:240 - Cannot read IP mode file for STMicroelectronics.X-CUBE-AZRTOS-WL.2.0.0
2025-06-01 21:37:46,090 [WARN] PackLoader:240 - Cannot read IP mode file for STMicroelectronics.FP-SNS-MOTENV1.5.0.0
2025-06-01 21:37:46,100 [WARN] PackLoader:240 - Cannot read IP mode file for wolfSSL.I-CUBE-wolfMQTT.1.19.0
2025-06-01 21:37:46,114 [WARN] PackLoader:240 - Cannot read IP mode file for WES.I-CUBE-Cesium.1.3.0
2025-06-01 21:37:46,121 [WARN] PackLoader:240 - Cannot read IP mode file for STMicroelectronics.X-CUBE-BLE2.3.3.0
2025-06-01 21:37:46,132 [WARN] PackLoader:240 - Cannot read IP mode file for STMicroelectronics.X-CUBE-NFC9.1.0.0
2025-06-01 21:37:46,140 [WARN] PackLoader:240 - Cannot read IP mode file for STMicroelectronics.X-CUBE-BLE1.7.1.0
2025-06-01 21:37:46,148 [WARN] PackLoader:240 - Cannot read IP mode file for STMicroelectronics.X-CUBE-TCPP.4.1.0
2025-06-01 21:37:46,153 [WARN] PackLoader:240 - Cannot read IP mode file for STMicroelectronics.X-CUBE-AI.10.1.0
2025-06-01 21:37:46,161 [WARN] PackLoader:240 - Cannot read IP mode file for STMicroelectronics.X-CUBE-ALGOBUILD.1.3.0
2025-06-01 21:37:46,204 [WARN] PackLoader:240 - Cannot read IP mode file for STMicroelectronics.X-CUBE-MEMS1.11.2.0
2025-06-01 21:37:46,261 [INFO] WebApp:225 - Starting web application
2025-06-01 21:37:46,261 [INFO] WebApp:593 - Web application path used C:\ST\STM32CubeIDE_1.15.0\STM32CubeIDE\plugins\com.st.stm32cube.common.mx_6.14.0.202502271554\db\plugins\mcufinder\reactClient1\index.html
2025-06-01 21:37:46,359 [WARN] PackLoader:240 - Cannot read IP mode file for STMicroelectronics.X-CUBE-AZRTOS-G0.1.1.0
2025-06-01 21:37:46,369 [WARN] PackLoader:240 - Cannot read IP mode file for STMicroelectronics.X-CUBE-SAFEA1.1.2.2
2025-06-01 21:37:46,378 [WARN] PackLoader:240 - Cannot read IP mode file for STMicroelectronics.X-CUBE-NFC4.3.0.0
2025-06-01 21:37:46,384 [WARN] PackLoader:240 - Cannot read IP mode file for wolfSSL.I-CUBE-wolfMQTT.1.18.0
2025-06-01 21:37:46,396 [WARN] PackLoader:240 - Cannot read IP mode file for EmbeddedOffice.I-CUBE-FS-RTOS.1.0.1
2025-06-01 21:37:46,401 [WARN] PackLoader:240 - Cannot read IP mode file for STMicroelectronics.X-CUBE-WB05N.2.0.0
2025-06-01 21:37:46,407 [WARN] PackLoader:240 - Cannot read IP mode file for STMicroelectronics.X-CUBE-TCPP.4.2.0
2025-06-01 21:37:46,416 [WARN] PackLoader:240 - Cannot read IP mode file for RealThread.X-CUBE-RT-Thread_Nano.4.1.1
2025-06-01 21:37:46,422 [WARN] PackLoader:240 - Cannot read IP mode file for wolfSSL.I-CUBE-wolfSSL.5.7.0
2025-06-01 21:37:46,429 [WARN] PackLoader:240 - Cannot read IP mode file for STMicroelectronics.FP-ATR-SIGFOX1.3.2.0
2025-06-01 21:37:46,431 [INFO] UserAuth:486 - Internet connection configuration mode: 1
2025-06-01 21:37:46,436 [WARN] ConditionMgr:438 - getConditionDescription Invalid condition id : Cortex-A Device cause : null
2025-06-01 21:37:46,455 [WARN] ConditionMgr:1044 - genDependencies : Invalid condition id : Cortex-A Device cause : null
2025-06-01 21:37:46,455 [WARN] ConditionMgr:1044 - genDependencies : Invalid condition id : Cortex-A Device cause : null
2025-06-01 21:37:46,456 [WARN] ConditionMgr:1044 - genDependencies : Invalid condition id : Cortex-A Device cause : null
2025-06-01 21:37:46,468 [WARN] PackLoader:240 - Cannot read IP mode file for STMicroelectronics.X-CUBE-EEPRMA1.5.1.0
2025-06-01 21:37:46,476 [WARN] PackLoader:240 - Cannot read IP mode file for ITTIA_DB.I-CUBE-ITTIADB.8.9.0
2025-06-01 21:37:46,505 [WARN] PackLoader:240 - Cannot read IP mode file for SEGGER.I-CUBE-embOS.1.3.1
2025-06-01 21:37:46,547 [WARN] PackLoader:240 - Cannot read IP mode file for STMicroelectronics.X-CUBE-ALGOBUILD.1.4.0
2025-06-01 21:37:46,553 [WARN] PackLoader:240 - Cannot read IP mode file for STMicroelectronics.X-CUBE-AI.9.1.0
2025-06-01 21:37:46,559 [WARN] PackLoader:240 - Cannot read IP mode file for STMicroelectronics.X-CUBE-GNSS1.6.0.0
2025-06-01 21:37:46,578 [WARN] PackLoader:240 - Cannot read IP mode file for STMicroelectronics.X-CUBE-AZRTOS-F4.1.1.0
2025-06-01 21:37:46,585 [WARN] PackLoader:240 - Cannot read IP mode file for Avnet-IotConnect.X-CUBE-IoTC-DA16k-PMOD.1.0.0
2025-06-01 21:37:46,591 [WARN] PackLoader:240 - Cannot read IP mode file for STMicroelectronics.X-CUBE-ISPU.2.1.0
2025-06-01 21:37:46,598 [WARN] PackLoader:240 - Cannot read IP mode file for STMicroelectronics.X-CUBE-FREERTOS.1.2.0
2025-06-01 21:37:46,628 [WARN] PackLoader:240 - Cannot read IP mode file for STMicroelectronics.X-CUBE-AZRTOS-L5.2.0.0
2025-06-01 21:37:46,641 [WARN] PackLoader:240 - Cannot read IP mode file for STMicroelectronics.X-CUBE-NFC6.3.1.0
2025-06-01 21:37:46,649 [WARN] PackLoader:240 - Cannot read IP mode file for STMicroelectronics.X-CUBE-DPower.1.2.0
2025-06-01 21:37:46,655 [WARN] PackLoader:240 - Cannot read IP mode file for STMicroelectronics.X-CUBE-AI.9.0.0
2025-06-01 21:37:46,661 [WARN] PackLoader:240 - Cannot read IP mode file for STMicroelectronics.X-CUBE-FREERTOS.1.3.1
2025-06-01 21:37:46,667 [WARN] PackLoader:240 - Cannot read IP mode file for STMicroelectronics.X-CUBE-FREERTOS.1.3.0
2025-06-01 21:37:46,674 [WARN] PackLoader:240 - Cannot read IP mode file for STMicroelectronics.X-CUBE-NFC7.1.0.1
2025-06-01 21:37:46,680 [WARN] PackLoader:240 - Cannot read IP mode file for wolfSSL.I-CUBE-wolfTPM.3.2.0
2025-06-01 21:37:46,684 [WARN] PackLoader:240 - Cannot read IP mode file for STMicroelectronics.X-CUBE-DPower.1.3.0
2025-06-01 21:37:46,688 [WARN] PackLoader:240 - Cannot read IP mode file for STMicroelectronics.X-CUBE-AI.8.1.0
2025-06-01 21:37:46,702 [WARN] ConditionMgr:438 - getConditionDescription Invalid condition id : LAN8742 Phy interface Condition cause : null
2025-06-01 21:37:46,703 [WARN] PackLoader:240 - Cannot read IP mode file for STMicroelectronics.X-CUBE-AZRTOS-L4.2.0.0
2025-06-01 21:37:46,703 [WARN] ConditionMgr:1044 - genDependencies : Invalid condition id : LAN8742 Phy interface Condition cause : null
2025-06-01 21:37:46,704 [WARN] ConditionMgr:1044 - genDependencies : Invalid condition id : LAN8742 Phy interface Condition cause : null
2025-06-01 21:37:46,704 [WARN] ConditionMgr:1044 - genDependencies : Invalid condition id : LAN8742 Phy interface Condition cause : null
2025-06-01 21:37:46,712 [WARN] PackLoader:240 - Cannot read IP mode file for STMicroelectronics.X-CUBE-SFXS2LP1.4.0.0
2025-06-01 21:37:46,731 [WARN] PackLoader:240 - Cannot read IP mode file for STMicroelectronics.X-CUBE-AZRTOS-H7.3.3.0
2025-06-01 21:37:46,742 [WARN] PackLoader:240 - Cannot read IP mode file for STMicroelectronics.X-CUBE-IPS.3.0.0
2025-06-01 21:37:46,755 [WARN] ConditionMgr:438 - getConditionDescription Invalid condition id : UX DEVICE CLASS RTOS Condition cause : null
2025-06-01 21:37:46,755 [WARN] ConditionMgr:438 - getConditionDescription Invalid condition id : UX DEVICE CLASS RTOS Condition cause : null
2025-06-01 21:37:46,756 [WARN] PackLoader:240 - Cannot read IP mode file for STMicroelectronics.X-CUBE-AZRTOS-WB.2.0.0
2025-06-01 21:37:46,757 [WARN] ConditionMgr:1044 - genDependencies : Invalid condition id : UX DEVICE CLASS RTOS Condition cause : null
2025-06-01 21:37:46,757 [WARN] ConditionMgr:1044 - genDependencies : Invalid condition id : UX DEVICE CLASS RTOS Condition cause : null
2025-06-01 21:37:46,757 [WARN] ConditionMgr:1044 - genDependencies : Invalid condition id : UX DEVICE CLASS RTOS Condition cause : null
2025-06-01 21:37:46,757 [WARN] ConditionMgr:1044 - genDependencies : Invalid condition id : UX DEVICE CLASS RTOS Condition cause : null
2025-06-01 21:37:46,758 [WARN] ConditionMgr:1044 - genDependencies : Invalid condition id : UX DEVICE CLASS RTOS Condition cause : null
2025-06-01 21:37:46,763 [WARN] PackLoader:240 - Cannot read IP mode file for STMicroelectronics.X-CUBE-GNSS1.7.0.0
2025-06-01 21:37:46,767 [WARN] PackLoader:240 - Cannot read IP mode file for STMicroelectronics.X-CUBE-GNSS1.7.0.1
2025-06-01 21:37:46,771 [WARN] PackLoader:240 - Cannot read IP mode file for STMicroelectronics.X-CUBE-TOUCHGFX.4.25.0
2025-06-01 21:37:46,777 [WARN] PackLoader:240 - Cannot read IP mode file for STMicroelectronics.FP-SNS-STBOX1.2.0.0
2025-06-01 21:37:46,787 [WARN] PackLoader:240 - Cannot read IP mode file for STMicroelectronics.X-CUBE-SUBG2.5.0.0
2025-06-01 21:37:46,807 [WARN] PackLoader:240 - Cannot read IP mode file for STMicroelectronics.X-CUBE-AZRTOS-H7RS.1.1.0
2025-06-01 21:37:46,819 [WARN] PackLoader:240 - Cannot read IP mode file for STMicroelectronics.X-CUBE-AZRTOS-G4.2.0.0
2025-06-01 21:37:46,824 [WARN] PackLoader:240 - Cannot read IP mode file for STMicroelectronics.X-CUBE-NFC7.2.0.0
2025-06-01 21:37:46,828 [WARN] PackLoader:240 - Cannot read IP mode file for STMicroelectronics.FP-SNS-MOTENVWB1.1.3.1
2025-06-01 21:37:46,831 [WARN] PackLoader:240 - Cannot read IP mode file for STMicroelectronics.X-CUBE-ISPU.2.0.0
2025-06-01 21:37:46,839 [WARN] PackLoader:240 - Cannot read IP mode file for STMicroelectronics.X-CUBE-IPS.3.1.0
2025-06-01 21:37:46,848 [WARN] PackLoader:240 - Cannot read IP mode file for STMicroelectronics.X-CUBE-ALS.1.0.2
2025-06-01 21:37:46,872 [WARN] PackLoader:240 - Cannot read IP mode file for STMicroelectronics.X-CUBE-MEMS1.10.0.0
2025-06-01 21:37:46,959 [WARN] PackLoader:240 - Cannot read IP mode file for STMicroelectronics.X-CUBE-FREERTOS.1.1.0
2025-06-01 21:37:46,963 [WARN] PackLoader:240 - Cannot read IP mode file for STMicroelectronics.X-CUBE-TOUCHGFX.4.24.0
2025-06-01 21:37:46,964 [WARN] PackLoader:240 - Cannot read IP mode file for STMicroelectronics.X-CUBE-TOUCHGFX.4.24.2
2025-06-01 21:37:46,968 [WARN] PackLoader:240 - Cannot read IP mode file for STMicroelectronics.X-CUBE-TOUCHGFX.4.24.1
2025-06-01 21:37:46,973 [WARN] PackLoader:240 - Cannot read IP mode file for portGmbH.I-Cube-SoM-uGOAL.1.1.0
2025-06-01 21:37:46,976 [WARN] PackLoader:240 - Cannot read IP mode file for STMicroelectronics.X-CUBE-ALS.1.0.1
2025-06-01 21:37:46,987 [WARN] PackLoader:240 - Cannot read IP mode file for STMicroelectronics.X-CUBE-AZRTOS-H7RS.1.0.0
2025-06-01 21:37:47,005 [WARN] PackLoader:240 - Cannot read IP mode file for STMicroelectronics.FP-ATR-ASTRA1.2.0.0
2025-06-01 21:37:47,021 [WARN] PackLoader:240 - Cannot read IP mode file for STMicroelectronics.X-CUBE-TOF1.3.4.2
2025-06-01 21:37:47,045 [WARN] PackLoader:240 - Cannot read IP mode file for STMicroelectronics.X-CUBE-TOF1.3.4.3
2025-06-01 21:37:47,061 [WARN] PackLoader:240 - Cannot read IP mode file for STMicroelectronics.X-CUBE-TOF1.3.4.1
2025-06-01 21:37:47,082 [WARN] PackLoader:240 - Cannot read IP mode file for STMicroelectronics.X-CUBE-AZRTOS-H7.3.2.0
2025-06-01 21:37:47,096 [WARN] PackLoader:240 - Cannot read IP mode file for Infineon.AIROC-Wi-Fi-Bluetooth-STM32.1.6.0
2025-06-01 21:37:47,103 [WARN] PackLoader:240 - Cannot read IP mode file for wolfSSL.I-CUBE-wolfSSH.1.4.17
2025-06-01 21:37:47,103 [INFO] ThirdParty:978 - Integrity check success = true
2025-06-01 21:37:47,103 [INFO] IntegrityCheckThread:100 - exiting critical section [integrity check]
2025-06-01 21:37:47,104 [INFO] IntegrityCheckThread:103 - End integrity checks thread
2025-06-01 21:47:14,154 [INFO] McuFinderGlobals:63 - Set McuFinder mode to 2 (CubeIDE integrated)
2025-06-01 21:47:14,157 [INFO] MainUpdater:2872 - connection check result : 10
2025-06-01 21:47:14,158 [INFO] MainUpdater:2872 - connection check result : 10
2025-06-01 21:47:14,192 [INFO] MicroXplorer:468 - Change Database Path : 
2025-06-01 21:47:14,192 [INFO] MicroXplorer:498 - Change Database Version : DB.6.0.140
2025-06-01 21:47:14,200 [WARN] ThirdParty:871 - waiting for thirdparty lock release [close project]
2025-06-01 21:47:14,200 [INFO] ThirdParty:873 - entering critical section [close project]
2025-06-01 21:47:14,203 [INFO] ThirdParty:883 - exiting critical section [close project]
2025-06-01 21:47:14,208 [INFO] PinOutPanel:1589 - setPackage(No Configuration,No Configuration)
2025-06-01 21:47:14,216 [INFO] UtilMem:75 - Begin LoadConfig() Used Memory: 741319760 Bytes (1073741824)
2025-06-01 21:47:14,218 [INFO] MicroXplorer:468 - Change Database Path : 
2025-06-01 21:47:14,218 [INFO] MicroXplorer:498 - Change Database Version : DB.6.0.140
2025-06-01 21:47:14,218 [INFO] OpenFileManager:354 - Change cursor
2025-06-01 21:47:14,303 [INFO] Mcu:2011 - Initializing MCU STM32F412Z(E-G)Tx STM32F412ZGTx STM32F412ZGT6
2025-06-01 21:47:16,426 [INFO] Context:756 - Trying to add GPIOservice into a context  which must be forbidden
2025-06-01 21:47:17,056 [INFO] ImportTextPane:218 - (OptionalMessage_ERROR) Pin45 (VP_RIF_VS_RIF1) cannot be retrieved for this MCU
2025-06-01 21:47:17,338 [INFO] RtosManager:558 - Registered RTOS mode: class=CMSIS, group=RTOS, mode=CMSIS_V1, owner=FREERTOS
2025-06-01 21:47:17,338 [INFO] RtosManager:558 - Registered RTOS mode: class=CMSIS, group=RTOS2, mode=CMSIS_V2, owner=FREERTOS
2025-06-01 21:47:17,338 [INFO] RtosManager:558 - Registered RTOS mode: class=RTOS, group=Core, mode=CMSIS_V1, owner=FREERTOS
2025-06-01 21:47:17,339 [INFO] RtosManager:558 - Registered RTOS mode: class=RTOS, group=Core, mode=CMSIS_V2, owner=FREERTOS
2025-06-01 21:47:17,339 [WARN] ModelIntegratedComponent:184 - Missing modes for component STMicroelectronics:FreeRTOS:0.0.1:STMicroelectronics:RTOS:FreeRTOS:Core:::10.2.0:
2025-06-01 21:47:17,346 [WARN] ModelIntegratedComponent:63 - No mode defined for component null
2025-06-01 21:47:17,346 [WARN] ModelIntegratedComponent:63 - No mode defined for component null
2025-06-01 21:47:17,346 [WARN] ModelIntegratedComponent:63 - No mode defined for component null
2025-06-01 21:47:17,346 [WARN] ModelIntegratedComponent:63 - No mode defined for component null
2025-06-01 21:47:17,346 [WARN] ModelIntegratedComponent:63 - No mode defined for component null
2025-06-01 21:47:17,346 [WARN] ModelIntegratedComponent:63 - No mode defined for component null
2025-06-01 21:47:17,346 [WARN] ModelIntegratedComponent:63 - No mode defined for component null
2025-06-01 21:47:17,347 [WARN] ModelIntegratedComponent:63 - No mode defined for component null
2025-06-01 21:47:17,347 [WARN] ModelIntegratedComponent:63 - No mode defined for component null
2025-06-01 21:47:17,347 [WARN] ModelIntegratedComponent:63 - No mode defined for component null
2025-06-01 21:47:17,347 [WARN] ModelIntegratedComponent:63 - No mode defined for component null
2025-06-01 21:47:17,347 [WARN] ModelIntegratedComponent:63 - No mode defined for component null
2025-06-01 21:47:17,347 [WARN] ModelIntegratedComponent:63 - No mode defined for component null
2025-06-01 21:47:17,347 [WARN] ModelIntegratedComponent:63 - No mode defined for component null
2025-06-01 21:47:17,347 [WARN] ModelIntegratedComponent:63 - No mode defined for component null
2025-06-01 21:47:17,347 [WARN] ModelIntegratedComponent:63 - No mode defined for component null
2025-06-01 21:47:17,347 [WARN] ModelIntegratedComponent:63 - No mode defined for component null
2025-06-01 21:47:17,347 [WARN] ModelIntegratedComponent:63 - No mode defined for component null
2025-06-01 21:47:17,348 [WARN] ModelIntegratedComponent:63 - No mode defined for component null
2025-06-01 21:47:17,348 [WARN] ModelIntegratedComponent:63 - No mode defined for component null
2025-06-01 21:47:17,348 [WARN] ModelIntegratedComponent:63 - No mode defined for component null
2025-06-01 21:47:17,348 [WARN] ModelIntegratedComponent:63 - No mode defined for component null
2025-06-01 21:47:17,348 [WARN] ModelIntegratedComponent:63 - No mode defined for component null
2025-06-01 21:47:17,348 [WARN] ModelIntegratedComponent:63 - No mode defined for component null
2025-06-01 21:47:17,348 [WARN] ModelIntegratedComponent:63 - No mode defined for component null
2025-06-01 21:47:17,348 [WARN] ModelIntegratedComponent:63 - No mode defined for component null
2025-06-01 21:47:17,348 [WARN] ModelIntegratedComponent:63 - No mode defined for component null
2025-06-01 21:47:17,348 [WARN] ModelIntegratedComponent:63 - No mode defined for component null
2025-06-01 21:47:17,348 [WARN] ModelIntegratedComponent:63 - No mode defined for component null
2025-06-01 21:47:17,348 [WARN] ModelIntegratedComponent:63 - No mode defined for component null
2025-06-01 21:47:17,348 [WARN] ModelIntegratedComponent:63 - No mode defined for component null
2025-06-01 21:47:17,349 [WARN] ModelIntegratedComponent:63 - No mode defined for component null
2025-06-01 21:47:17,349 [WARN] ModelIntegratedComponent:63 - No mode defined for component null
2025-06-01 21:47:17,349 [WARN] ModelIntegratedComponent:63 - No mode defined for component null
2025-06-01 21:47:17,349 [WARN] ModelIntegratedComponent:63 - No mode defined for component null
2025-06-01 21:47:17,349 [WARN] ModelPack:524 - Component already loaded: STMicroelectronics:HAL Drivers:0.0.0:STMicroelectronics:Device:STMicro_Driver:XSPI:HAL::0.0.1:HAL_XSPI
2025-06-01 21:47:17,441 [WARN] ModelIntegratedComponent:182 - Modes not found for component STMicroelectronics:USB_DEVICE:1.0.0:STMicroelectronics:USB::USB Device:Audio HS::1.0:USB_DEVICE_1_0_RESTRICTED_HS
2025-06-01 21:47:17,442 [WARN] ModelIntegratedComponent:188 - Modes not found for component STMicroelectronics:USB_DEVICE:1.0.0:STMicroelectronics:USB::USB Device:Audio HS::1.0:USB_DEVICE_1_0_RESTRICTED_HS
2025-06-01 21:47:17,442 [WARN] ModelIntegratedComponent:182 - Modes not found for component STMicroelectronics:USB_DEVICE:1.0.0:STMicroelectronics:USB::USB Device:CDC HS::1.0:USB_DEVICE_1_0_RESTRICTED_HS
2025-06-01 21:47:17,442 [WARN] ModelIntegratedComponent:188 - Modes not found for component STMicroelectronics:USB_DEVICE:1.0.0:STMicroelectronics:USB::USB Device:CDC HS::1.0:USB_DEVICE_1_0_RESTRICTED_HS
2025-06-01 21:47:17,442 [WARN] ModelIntegratedComponent:182 - Modes not found for component STMicroelectronics:USB_DEVICE:1.0.0:STMicroelectronics:USB::USB Device:DFU HS::1.0:USB_DEVICE_1_0_RESTRICTED_HS
2025-06-01 21:47:17,442 [WARN] ModelIntegratedComponent:188 - Modes not found for component STMicroelectronics:USB_DEVICE:1.0.0:STMicroelectronics:USB::USB Device:DFU HS::1.0:USB_DEVICE_1_0_RESTRICTED_HS
2025-06-01 21:47:17,442 [WARN] ModelIntegratedComponent:182 - Modes not found for component STMicroelectronics:USB_DEVICE:1.0.0:STMicroelectronics:USB::USB Device:HID HS::1.0:USB_DEVICE_1_0_RESTRICTED_HS
2025-06-01 21:47:17,442 [WARN] ModelIntegratedComponent:188 - Modes not found for component STMicroelectronics:USB_DEVICE:1.0.0:STMicroelectronics:USB::USB Device:HID HS::1.0:USB_DEVICE_1_0_RESTRICTED_HS
2025-06-01 21:47:17,442 [WARN] ModelIntegratedComponent:182 - Modes not found for component STMicroelectronics:USB_DEVICE:1.0.0:STMicroelectronics:USB::USB Device:Custom HID HS::1.0:USB_DEVICE_1_0_RESTRICTED_HS
2025-06-01 21:47:17,443 [WARN] ModelIntegratedComponent:188 - Modes not found for component STMicroelectronics:USB_DEVICE:1.0.0:STMicroelectronics:USB::USB Device:Custom HID HS::1.0:USB_DEVICE_1_0_RESTRICTED_HS
2025-06-01 21:47:17,443 [WARN] ModelIntegratedComponent:182 - Modes not found for component STMicroelectronics:USB_DEVICE:1.0.0:STMicroelectronics:USB::USB Device:MSC HS::1.0:USB_DEVICE_1_0_RESTRICTED_HS
2025-06-01 21:47:17,443 [WARN] ModelIntegratedComponent:188 - Modes not found for component STMicroelectronics:USB_DEVICE:1.0.0:STMicroelectronics:USB::USB Device:MSC HS::1.0:USB_DEVICE_1_0_RESTRICTED_HS
2025-06-01 21:47:17,517 [WARN] ModelIntegratedComponent:182 - Modes not found for component STMicroelectronics:USB_HOST:1.0.0:STMicroelectronics:USB::USB Host:Audio HS::1.0:USB_HOST_1_0_RESTRICTED_HS
2025-06-01 21:47:17,517 [WARN] ModelIntegratedComponent:188 - Modes not found for component STMicroelectronics:USB_HOST:1.0.0:STMicroelectronics:USB::USB Host:Audio HS::1.0:USB_HOST_1_0_RESTRICTED_HS
2025-06-01 21:47:17,517 [WARN] ModelIntegratedComponent:182 - Modes not found for component STMicroelectronics:USB_HOST:1.0.0:STMicroelectronics:USB::USB Host:CDC HS::1.0:USB_HOST_1_0_RESTRICTED_HS
2025-06-01 21:47:17,517 [WARN] ModelIntegratedComponent:188 - Modes not found for component STMicroelectronics:USB_HOST:1.0.0:STMicroelectronics:USB::USB Host:CDC HS::1.0:USB_HOST_1_0_RESTRICTED_HS
2025-06-01 21:47:17,517 [WARN] ModelIntegratedComponent:182 - Modes not found for component STMicroelectronics:USB_HOST:1.0.0:STMicroelectronics:USB::USB Host:MSC HS::1.0:USB_HOST_1_0_RESTRICTED_HS
2025-06-01 21:47:17,517 [WARN] ModelIntegratedComponent:188 - Modes not found for component STMicroelectronics:USB_HOST:1.0.0:STMicroelectronics:USB::USB Host:MSC HS::1.0:USB_HOST_1_0_RESTRICTED_HS
2025-06-01 21:47:17,517 [WARN] ModelIntegratedComponent:182 - Modes not found for component STMicroelectronics:USB_HOST:1.0.0:STMicroelectronics:USB::USB Host:HID HS::1.0:USB_HOST_1_0_RESTRICTED_HS
2025-06-01 21:47:17,518 [WARN] ModelIntegratedComponent:188 - Modes not found for component STMicroelectronics:USB_HOST:1.0.0:STMicroelectronics:USB::USB Host:HID HS::1.0:USB_HOST_1_0_RESTRICTED_HS
2025-06-01 21:47:17,518 [WARN] ModelIntegratedComponent:182 - Modes not found for component STMicroelectronics:USB_HOST:1.0.0:STMicroelectronics:USB::USB Host:MTP HS::1.0:USB_HOST_1_0_RESTRICTED_HS
2025-06-01 21:47:17,518 [WARN] ModelIntegratedComponent:188 - Modes not found for component STMicroelectronics:USB_HOST:1.0.0:STMicroelectronics:USB::USB Host:MTP HS::1.0:USB_HOST_1_0_RESTRICTED_HS
2025-06-01 21:47:17,620 [INFO] ThirdPartyModel:298 - Start build external matchings
2025-06-01 21:47:19,191 [INFO] ThirdPartyModel:316 - End build external matchings
2025-06-01 21:47:19,229 [INFO] ImportTextPane:218 - (OptionalMessage_ERROR) IP (RCC) : Invalid parameter (FamilyName)
2025-06-01 21:47:19,237 [WARN] IP:2250 - DEVICE_SERIAL0_CDC_FS not found: check if there is a RefParameter without a condition.
2025-06-01 21:47:19,237 [WARN] IP:2250 - DEVICE_SERIAL1_CDC_FS not found: check if there is a RefParameter without a condition.
2025-06-01 21:47:19,237 [WARN] IP:2250 - DEVICE_SERIAL2_CDC_FS not found: check if there is a RefParameter without a condition.
2025-06-01 21:47:19,596 [INFO] ApiDb:581 - Connected to CubeFinder SQLite database (C:\Users\gagno\.stmcufinder\plugins\mcufinder\mcu\cube-finder-db.db)
2025-06-01 21:47:19,669 [INFO] ApiDb:668 - CubeFinder database Data Model version=2.1
2025-06-01 21:47:19,669 [INFO] ApiDb:669 - CubeFinder database Configuration version=3.0.39
2025-06-01 21:47:19,670 [INFO] ApiDb:670 - CubeFinder database generation date=2025-04-23 (1745419778)
2025-06-01 21:47:19,670 [INFO] ApiDb:671 - CubeFinder database FW Pack versions=[FP-ATR-ASTRA1_V2.0.0, FP-SNS-FLIGHT1_V5.1.0, FP-SNS-MOTENV1_V5.0.0, FP-SNS-MOTENVWB1_V1.4.0, FP-SNS-SMARTAG2_V1.2.0, FP-SNS-STBOX1_V2.0.0, STM32Cube_FW_C0_V1.4.0, STM32Cube_FW_F4_V1.28.1, STM32Cube_FW_F7_V1.17.2, STM32Cube_FW_G0_V1.6.2, STM32Cube_FW_G4_V1.6.1, STM32Cube_FW_H5_V1.5.0, STM32Cube_FW_H7RS_V1.2.0, STM32Cube_FW_H7_V1.12.1, STM32Cube_FW_L0_V1.12.2, STM32Cube_FW_L4_V1.18.1, STM32Cube_FW_L5_V1.5.1, STM32Cube_FW_N6_V1.1.1, STM32Cube_FW_U0_V1.2.0, STM32Cube_FW_U3_V1.1.0, STM32Cube_FW_U5_V1.7.0, STM32Cube_FW_WB0_V1.2.0, STM32Cube_FW_WBA_V1.6.0, STM32Cube_FW_WB_V1.22.0, STM32Cube_FW_WL3_V1.1.0, STM32Cube_FW_WL_V1.3.1, X-CUBE-ALGOBUILD_V1.4.0, X-CUBE-ALS_V1.0.2, X-CUBE-AZRTOS-F4_V1.1.0, X-CUBE-AZRTOS-F7_V1.1.0, X-CUBE-AZRTOS-G0_V1.1.0, X-CUBE-AZRTOS-G4_V2.0.0, X-CUBE-AZRTOS-H7RS_V1.1.0, X-CUBE-AZRTOS-H7_V3.3.0, X-CUBE-AZRTOS-L4_V2.0.0, X-CUBE-AZRTOS-L5_V2.0.0, X-CUBE-AZRTOS-WB_V2.0.0, X-CUBE-AZRTOS-WL_V2.0.0, X-CUBE-BLE1_V7.1.0, X-CUBE-BLE2_V3.3.0, X-CUBE-BLEMGR_V4.0.0, X-CUBE-EEPRMA1_V5.1.0, X-CUBE-FREERTOS_V1.3.0, X-CUBE-GNSS1_V6.0.0, X-CUBE-MEMS1_V11.2.0, X-CUBE-NFC4_V3.0.0, X-CUBE-NFC7_V1.0.1, X-CUBE-SFXS2LP1_V4.0.0, X-CUBE-SUBG2_V5.0.0, X-CUBE-TOF1_V3.4.3]
2025-06-01 21:47:19,760 [INFO] DbBoardsSqlite:226 - include board P-NUCLEO-WB55-NUCLEO as a kit item of type 'Nucleo-64'
2025-06-01 21:47:19,760 [INFO] DbBoardsSqlite:226 - include board P-NUCLEO-WB55-USBDONGLE as a kit item of type 'Nucleo USB Dongle'
2025-06-01 21:47:19,760 [INFO] DbBoardsSqlite:226 - include board STEVAL-IDP005V1 as a kit item of type 'Evaluation Board'
2025-06-01 21:47:19,760 [INFO] DbBoardsSqlite:226 - include board STEVAL-IDP005V2 as a kit item of type 'Evaluation Board'
2025-06-01 21:47:19,841 [INFO] ApiDb:240 - Found 895 in-development CPN: [B-G473E-ZEST1S, B-WB1M-WPAN1, B-WBA5M-WPAN, B-WL5M-SUBG1, NUCLEO-C031C6, NUCLEO-C051C8, NUCLEO-C071RB, NUCLEO-C092RC, NUCLEO-H503RB, NUCLEO-H533RE, NUCLEO-H563ZI, NUCLEO-H7S3L8, NUCLEO-N657X0-Q, NUCLEO-U031R8, NUCLEO-U083RC, NUCLEO-U385RG-Q, NUCLEO-U545RE-Q, NUCLEO-U5A5ZJ-Q, NUCLEO-WB05KZ, NUCLEO-WB07CC, NUCLEO-WB09KE, NUCLEO-WBA52CG, NUCLEO-WBA55CG, NUCLEO-WBA65RI, NUCLEO-WL33CC1, NUCLEO-WL33CC2, STEVAL-PROTEUS1, STEVAL-SMARTAG2, STEVAL-STWINBX1, STM320518-EVAL, STM32C0116-DK, STM32C011D6Y3TR, STM32C011D6Y6TR, STM32C011F4P3, STM32C011F4P6, STM32C011F4U3, STM32C011F4U6TR, STM32C011F6P3, STM32C011F6P6, STM32C011F6U3, STM32C011F6U6TR, STM32C011J4M3, STM32C011J4M6, STM32C011J6M3, STM32C011J6M6, STM32C0316-DK, STM32C031C4T3, STM32C031C4T6, STM32C031C4U3, STM32C031C4U6, STM32C031C6T3, STM32C031C6T6, STM32C031C6U3, STM32C031C6U6, STM32C031F4P3, STM32C031F4P6, STM32C031F6P3, STM32C031F6P6, STM32C031G4U3, STM32C031G4U6, STM32C031G6U3, STM32C031G6U6, STM32C031K4T3, STM32C031K4T6, STM32C031K4U3, STM32C031K4U6, STM32C031K6T3, STM32C031K6T6, STM32C031K6U3, STM32C031K6U6, STM32C051C6T6, STM32C051C6U6, STM32C051C8T6, STM32C051C8U6, STM32C051D8Y6TR, STM32C051F6P6, STM32C051F8P6, STM32C051G6U6, STM32C051G8U6, STM32C051K6T6, STM32C051K6U6, STM32C051K8T6, STM32C071C8T6, STM32C071C8T6N, STM32C071C8U6, STM32C071C8U6N, STM32C071CBT6, STM32C071CBT6N, STM32C071CBU6, STM32C071CBU6N, STM32C071F8P6, STM32C071F8P6N, STM32C071FBP6, STM32C071FBP6N, STM32C071FBY6TR, STM32C071G8U6, STM32C071G8U6N, STM32C071GBU6, STM32C071GBU6N, STM32C071K8T6, STM32C071K8T6N, STM32C071K8U6, STM32C071K8U6N, STM32C071KBT6, STM32C071KBT6N, STM32C071KBU6, STM32C071KBU6N, STM32C071R8T6, STM32C071R8T6N, STM32C071RBI6N, STM32C071RBT6, STM32C071RBT6N, STM32C091CBT6, STM32C091CBU6, STM32C091CCT6, STM32C091CCU6, STM32C091ECY6TR, STM32C091FBP6, STM32C091FCP6, STM32C091GBU6, STM32C091GCU6, STM32C091KBT6, STM32C091KBU6, STM32C091KCT6, STM32C091KCU6, STM32C091RBT6, STM32C091RCI6, STM32C091RCT6, STM32C092CBT6, STM32C092CBU6, STM32C092CCT6, STM32C092CCU6, STM32C092ECY6TR, STM32C092FBP6, STM32C092FCP6, STM32C092GBU6, STM32C092GCU6, STM32C092KBT6, STM32C092KBU6, STM32C092KCT6, STM32C092KCU6, STM32C092RBT6, STM32C092RCI6, STM32C092RCT6, STM32G071K8TXN, STM32G071K8UXN, STM32G081GBU6N, STM32G081KBT6N, STM32G081KBUXN, STM32G0B1CCT6N, STM32G0B1KCT6, STM32G0B1NEY6TR, STM32G0B1RCT6N, STM32G0C1CCT6, STM32G0C1CCT6N, STM32G0C1CCU6N, STM32G0C1CET6N, STM32G0C1CEU6N, STM32G0C1KCT6, STM32G0C1NEY6TR, STM32G0C1RCI6N, STM32G0C1RCT6N, STM32G0C1REI6N, STM32G0C1RET6N, STM32G0C1VCI6, STM32G0C1VEI6, STM32G411C6T3, STM32G411C6T6, STM32G411C6U3, STM32G411C6U6, STM32G411C8T3, STM32G411C8T6, STM32G411C8U3, STM32G411C8U6, STM32G411CBT3, STM32G411CBT6, STM32G411CBU3, STM32G411CBU6, STM32G411CCT3, STM32G411CCT6, STM32G411CCU3, STM32G411CCU6, STM32G411K6T3, STM32G411K6T6, STM32G411K6U3, STM32G411K6U6, STM32G411K8T3, STM32G411K8T6, STM32G411K8U3, STM32G411K8U6, STM32G411KBT3, STM32G411KBT6, STM32G411KBU3, STM32G411KBU6, STM32G411M6T3, STM32G411M6T6, STM32G411M8T3, STM32G411M8T6, STM32G411MBT3, STM32G411MBT6, STM32G411MCT3, STM32G411MCT6, STM32G411R6T3, STM32G411R6T6, STM32G411R8T3, STM32G411R8T6, STM32G411RBT3, STM32G411RBT6, STM32G411RCT3, STM32G411RCT6, STM32G414CBT3, STM32G414CBT6, STM32G414CBU3, STM32G414CBU6, STM32G414CCT3, STM32G414CCT6, STM32G414CCU3, STM32G414CCU6, STM32G414MBT3, STM32G414MBT6, STM32G414MCT3, STM32G414MCT6, STM32G414RBT3, STM32G414RBT6, STM32G414RCT3, STM32G414RCT6, STM32G414VBT3, STM32G414VBT6, STM32G414VCT3, STM32G414VCT6, STM32G431CBT3Z, STM32G431RBT3Z, STM32G471CCT6, STM32G471CCU6, STM32G471CET3, STM32G471CET6, STM32G471CEU3, STM32G471CEU6, STM32G471MCT6, STM32G471MET3, STM32G471MET6, STM32G471MEY6TR, STM32G471QCT6, STM32G471QET3, STM32G471RCT6, STM32G471RET3, STM32G471RET6, STM32G471VCH6, STM32G471VCI6, STM32G471VCT6, STM32G471VEH3, STM32G471VEH6, STM32G471VEI3, STM32G471VEI6, STM32G471VET3, STM32G471VET6, STM32G473QET3Z, STM32G473RET3Z, STM32G474CCT6, STM32G491RET3Z, STM32H503CBT6, STM32H503CBU6, STM32H503EBY6TR, STM32H503KBU6, STM32H503RBT6, STM32H523CCT6, STM32H523CCU6, STM32H523CET6, STM32H523CEU6, STM32H523HEY6TR, STM32H523RCT6, STM32H523RET6, STM32H523VCI6, STM32H523VCT6, STM32H523VEI6, STM32H523VET6, STM32H523ZCJ6, STM32H523ZCT6, STM32H523ZEJ6, STM32H523ZET6, STM32H533CET6, STM32H533CEU6, STM32H533HEY6TR, STM32H533RET6, STM32H533VEI6, STM32H533VET6, STM32H533ZEJ6, STM32H533ZET6, STM32H562AGI6, STM32H562AII6, STM32H562IGK6, STM32H562IGT6, STM32H562IIK6, STM32H562IIT6, STM32H562RGT6, STM32H562RGV6, STM32H562RIT6, STM32H562RIV6, STM32H562VGT6, STM32H562VIT6, STM32H562ZGT6, STM32H562ZIT6, STM32H563AGI6, STM32H563AII3Q, STM32H563AII6, STM32H563IGK6, STM32H563IGT6, STM32H563IIK3Q, STM32H563IIK6, STM32H563IIT3Q, STM32H563IIT6, STM32H563MIY3QTR, STM32H563RGT6, STM32H563RGV6, STM32H563RIT6, STM32H563RIV6, STM32H563VGT6, STM32H563VIT3Q, STM32H563VIT6, STM32H563ZGT6, STM32H563ZIT3Q, STM32H563ZIT6, STM32H573AII3Q, STM32H573AII6, STM32H573I-DK, STM32H573IIK3Q, STM32H573IIK6, STM32H573IIT3Q, STM32H573IIT6, STM32H573MIY3QTR, STM32H573RIT6, STM32H573RIV6, STM32H573VIT3Q, STM32H573VIT6, STM32H573ZIT3Q, STM32H573ZIT6, STM32H7R3A8I6, STM32H7R3I8K6, STM32H7R3I8T6, STM32H7R3L8H6, STM32H7R3L8H6H, STM32H7R3R8V6, STM32H7R3V8H6, STM32H7R3V8T6, STM32H7R3V8Y6TR, STM32H7R3Z8J6, STM32H7R3Z8T6, STM32H7R7A8I6, STM32H7R7I8K6, STM32H7R7I8T6, STM32H7R7L8H6, STM32H7R7L8H6H, STM32H7R7Z8J6, STM32H7S3A8I6, STM32H7S3I8K6, STM32H7S3I8T6, STM32H7S3L8H6, STM32H7S3L8H6H, STM32H7S3R8V6, STM32H7S3V8H6, STM32H7S3V8T6, STM32H7S3V8Y6TR, STM32H7S3Z8J6, STM32H7S3Z8T6, STM32H7S78-DK, STM32H7S7A8I6, STM32H7S7I8K6, STM32H7S7I8T6, STM32H7S7L8H6, STM32H7S7L8H6H, STM32H7S7Z8J6, STM32L4R5QGI6STR, STM32MP131AAE3, STM32MP131AAF3, STM32MP131AAG3, STM32MP131CAE3, STM32MP131CAF3, STM32MP131CAG3, STM32MP131DAE7, STM32MP131DAF7, STM32MP131DAG7, STM32MP131FAE7, STM32MP131FAF7, STM32MP131FAG7, STM32MP133AAE3, STM32MP133AAF3, STM32MP133AAG3, STM32MP133CAE3, STM32MP133CAF3, STM32MP133CAG3, STM32MP133DAE7, STM32MP133DAF7, STM32MP133DAG7, STM32MP133FAE7, STM32MP133FAF7, STM32MP133FAG7, STM32MP135AAE3, STM32MP135AAF3, STM32MP135AAG3, STM32MP135CAE3, STM32MP135CAF3, STM32MP135CAG3, STM32MP135DAE7, STM32MP135DAF7, STM32MP135DAG7, STM32MP135F-DK, STM32MP135FAE7, STM32MP135FAF7, STM32MP135FAF7T, STM32MP135FAF7U, STM32MP135FAG7, STM32MP231AAJ3, STM32MP231AAK3, STM32MP231AAL3, STM32MP231CAJ3, STM32MP231CAK3, STM32MP231CAL3, STM32MP231DAJ3, STM32MP231DAK3, STM32MP231DAL3, STM32MP231FAJ3, STM32MP231FAK3, STM32MP231FAL3, STM32MP233AAJ3, STM32MP233AAK3, STM32MP233AAL3, STM32MP233CAJ3, STM32MP233CAK3, STM32MP233CAL3, STM32MP233DAJ3, STM32MP233DAK3, STM32MP233DAL3, STM32MP233FAJ3, STM32MP233FAK3, STM32MP233FAL3, STM32MP235AAJ3, STM32MP235AAK3, STM32MP235AAL3, STM32MP235CAJ3, STM32MP235CAK3, STM32MP235CAL3, STM32MP235DAJ3, STM32MP235DAK3, STM32MP235DAL3, STM32MP235FAJ3, STM32MP235FAK3, STM32MP235FAL3, STM32MP251AAI3, STM32MP251AAJ3, STM32MP251AAK3, STM32MP251AAL3, STM32MP251CAI3, STM32MP251CAJ3, STM32MP251CAK3, STM32MP251CAL3, STM32MP251DAI3, STM32MP251DAJ3, STM32MP251DAK3, STM32MP251DAL3, STM32MP251FAI3, STM32MP251FAJ3, STM32MP251FAK3, STM32MP251FAL3, STM32MP253AAI3, STM32MP253AAJ3, STM32MP253AAK3, STM32MP253AAL3, STM32MP253CAI3, STM32MP253CAJ3, STM32MP253CAK3, STM32MP253CAL3, STM32MP253DAI3, STM32MP253DAJ3, STM32MP253DAK3, STM32MP253DAL3, STM32MP253FAI3, STM32MP253FAJ3, STM32MP253FAK3, STM32MP253FAL3, STM32MP255AAI3, STM32MP255AAJ3, STM32MP255AAK3, STM32MP255AAL3, STM32MP255CAI3, STM32MP255CAJ3, STM32MP255CAK3, STM32MP255CAL3, STM32MP255DAI3, STM32MP255DAJ3, STM32MP255DAK3, STM32MP255DAL3, STM32MP255FAI3, STM32MP255FAJ3, STM32MP255FAK3, STM32MP255FAL3, STM32MP257AAI3, STM32MP257AAJ3, STM32MP257AAK3, STM32MP257AAL3, STM32MP257CAI3, STM32MP257CAJ3, STM32MP257CAK3, STM32MP257CAL3, STM32MP257DAI3, STM32MP257DAJ3, STM32MP257DAK3, STM32MP257DAL3, STM32MP257F-DK, STM32MP257F-EV1, STM32MP257FAI3, STM32MP257FAJ3, STM32MP257FAK3, STM32MP257FAL3, STM32N645A0H3Q, STM32N645B0H3Q, STM32N645I0H3Q, STM32N645L0H3Q, STM32N645X0H3Q, STM32N645Z0H3Q, STM32N647A0H3Q, STM32N647B0H3Q, STM32N647I0H3Q, STM32N647L0H3Q, STM32N647X0H3Q, STM32N647Z0H3Q, STM32N655A0H3Q, STM32N655B0H3Q, STM32N655I0H3Q, STM32N655L0H3Q, STM32N655X0H3Q, STM32N655Z0H3Q, STM32N6570-DK, STM32N657A0H3Q, STM32N657B0H3Q, STM32N657I0H3Q, STM32N657L0H3Q, STM32N657X0H3Q, STM32N657Z0H3Q, STM32U031C6T6, STM32U031C6U6, STM32U031C8T6, STM32U031C8U6, STM32U031F4P6, STM32U031F6P6, STM32U031F8P6, STM32U031G6Y6TR, STM32U031G8Y6TR, STM32U031K4U6, STM32U031K6U6, STM32U031K8U6, STM32U031R6I6, STM32U031R6T6, STM32U031R8I6, STM32U031R8T6, STM32U073C8T6, STM32U073C8U6, STM32U073CBT6, STM32U073CBU6, STM32U073CCT6, STM32U073CCU6, STM32U073H8Y6TR, STM32U073HBY6TR, STM32U073HCY6TR, STM32U073K8U6, STM32U073KBU6, STM32U073KCU6, STM32U073M8I6, STM32U073M8T6, STM32U073MBI6, STM32U073MBT6, STM32U073MCI6, STM32U073MCT6, STM32U073R8I6, STM32U073R8T6, STM32U073RBI6, STM32U073RBT6, STM32U073RCI6, STM32U073RCT6, STM32U083C-DK, STM32U083CCT6, STM32U083CCU6, STM32U083HCY6TR, STM32U083KCU6, STM32U083MCI6, STM32U083MCT6, STM32U083RCI6, STM32U083RCT6, STM32U375CET6, STM32U375CET6Q, STM32U375CEU6, STM32U375CEU6Q, STM32U375CEY6QTR, STM32U375CGT6, STM32U375CGT6Q, STM32U375CGU6, STM32U375CGU6Q, STM32U375CGY6QTR, STM32U375KEU6, STM32U375KGU6, STM32U375REI6, STM32U375REI6Q, STM32U375RET6, STM32U375RET6Q, STM32U375REY6GTR, STM32U375REY6QTR, STM32U375RGI6, STM32U375RGI6Q, STM32U375RGT6, STM32U375RGT6Q, STM32U375RGY6GTR, STM32U375RGY6QTR, STM32U375VEI6, STM32U375VEI6Q, STM32U375VET6, STM32U375VET6Q, STM32U375VGI6, STM32U375VGI6Q, STM32U375VGT6, STM32U375VGT6Q, STM32U385CGT6, STM32U385CGT6Q, STM32U385CGU6, STM32U385CGU6Q, STM32U385CGY6QTR, STM32U385KGU6, STM32U385RGI6, STM32U385RGI6Q, STM32U385RGT6, STM32U385RGT6Q, STM32U385RGY6GTR, STM32U385RGY6QTR, STM32U385VGI6, STM32U385VGI6Q, STM32U385VGT6, STM32U385VGT6Q, STM32U535CBT6, STM32U535CBT6Q, STM32U535CBU6, STM32U535CBU6Q, STM32U535CCT6, STM32U535CCT6Q, STM32U535CCU6, STM32U535CCU6Q, STM32U535CET6, STM32U535CET6Q, STM32U535CEU6, STM32U535CEU6Q, STM32U535JEY6QTR, STM32U535NCY6QTR, STM32U535NEY6QTR, STM32U535RBI6, STM32U535RBI6Q, STM32U535RBT6, STM32U535RBT6Q, STM32U535RCI6, STM32U535RCI6Q, STM32U535RCT6, STM32U535RCT6Q, STM32U535REI6, STM32U535REI6Q, STM32U535RET6, STM32U535RET6Q, STM32U535VCI6, STM32U535VCI6Q, STM32U535VCT6, STM32U535VCT6Q, STM32U535VEI6, STM32U535VEI6Q, STM32U535VET6, STM32U535VET6Q, STM32U545CET6, STM32U545CET6Q, STM32U545CEU6, STM32U545CEU6Q, STM32U545JEY6QTR, STM32U545NEY6QTR, STM32U545REI6, STM32U545REI6Q, STM32U545RET6, STM32U545RET6Q, STM32U545VEI6, STM32U545VEI6Q, STM32U545VET6, STM32U545VET6Q, STM32U595AIH6, STM32U595AIH6Q, STM32U595AJH6, STM32U595AJH6Q, STM32U595QII6, STM32U595QII6Q, STM32U595QJI6, STM32U595QJI6Q, STM32U595RIT6, STM32U595RIT6Q, STM32U595RJT6, STM32U595RJT6Q, STM32U595VIT6, STM32U595VIT6Q, STM32U595VJT6, STM32U595VJT6Q, STM32U595ZIT6, STM32U595ZIT6Q, STM32U595ZIY6QTR, STM32U595ZJT6, STM32U595ZJT6Q, STM32U595ZJY6QTR, STM32U599BJY6QTR, STM32U599NIH6Q, STM32U599NJH6Q, STM32U599VIT6Q, STM32U599VJT6, STM32U599VJT6Q, STM32U599ZIT6Q, STM32U599ZIY6QTR, STM32U599ZJT6Q, STM32U599ZJY6QTR, STM32U5A5AJH6, STM32U5A5AJH6Q, STM32U5A5QII3Q , STM32U5A5QJI6, STM32U5A5QJI6Q, STM32U5A5RJT6, STM32U5A5RJT6Q, STM32U5A5VJT6, STM32U5A5VJT6Q, STM32U5A5ZJT6, STM32U5A5ZJT6Q, STM32U5A5ZJY6QTR, STM32U5A9BJY6QTR, STM32U5A9J-DK, STM32U5A9NJH6Q, STM32U5A9VJT6Q, STM32U5A9ZJT6Q, STM32U5A9ZJY6QTR, STM32U5F7VIT6, STM32U5F7VIT6Q, STM32U5F7VJT6, STM32U5F7VJT6Q, STM32U5F9BJY6QTR, STM32U5F9NJH6Q, STM32U5F9VIT6Q, STM32U5F9VJT6Q, STM32U5F9ZIJ6QTR, STM32U5F9ZIT6Q, STM32U5F9ZJJ6QTR, STM32U5F9ZJT6Q, STM32U5G7VJT6, STM32U5G7VJT6Q, STM32U5G9BJY6QTR, STM32U5G9J-DK1, STM32U5G9J-DK2, STM32U5G9NJH6Q, STM32U5G9VJT6Q, STM32U5G9ZJJ6QTR, STM32U5G9ZJT6Q, STM32WB05KZV6TR, STM32WB05KZV7TR, STM32WB05TZF6TR, STM32WB05TZF7TR, STM32WB06CCF6TR, STM32WB06CCF7TR, STM32WB06CCV6TR, STM32WB06CCV7TR, STM32WB06KCV6TR, STM32WB06KCV7TR, STM32WB07CCF6TR, STM32WB07CCF7TR, STM32WB07CCV6TR, STM32WB07CCV7TR, STM32WB07KCV6TR, STM32WB07KCV7TR, STM32WB09KEV6TR, STM32WB09KEV7TR, STM32WB09TEF6TR, STM32WB09TEF7TR, STM32WB1MMCH6, STM32WBA50KGU6, STM32WBA50KGU6TR, STM32WBA52CEU6, STM32WBA52CEU6TR, STM32WBA52CEU7, STM32WBA52CEU7TR, STM32WBA52CGU6, STM32WBA52CGU6TR, STM32WBA52CGU6U, STM32WBA52CGU7, STM32WBA52CGU7TR, STM32WBA52KEU6, STM32WBA52KEU6TR, STM32WBA52KGU6, STM32WBA52KGU6TR, STM32WBA54CEU6, STM32WBA54CEU6TR, STM32WBA54CEU7, STM32WBA54CEU7TR, STM32WBA54CGU6, STM32WBA54CGU6TR, STM32WBA54CGU7, STM32WBA54CGU7TR, STM32WBA54KEU6, STM32WBA54KEU6TR, STM32WBA54KEU7, STM32WBA54KEU7TR, STM32WBA54KGU6, STM32WBA54KGU6TR, STM32WBA54KGU7, STM32WBA54KGU7TR, STM32WBA55CEU6, STM32WBA55CEU6TR, STM32WBA55CEU7, STM32WBA55CEU7TR, STM32WBA55CGU6, STM32WBA55CGU6TR, STM32WBA55CGU6U, STM32WBA55CGU7, STM32WBA55CGU7TR, STM32WBA55G-DK1, STM32WBA55HEF6, STM32WBA55HEF7, STM32WBA55HGF6, STM32WBA55HGF7, STM32WBA55UEI6, STM32WBA55UEI6TR, STM32WBA55UEI7, STM32WBA55UEI7TR, STM32WBA55UGI6, STM32WBA55UGI6TR, STM32WBA55UGI7, STM32WBA55UGI7TR, STM32WBA5MJGH6TR, STM32WBA62CGU6, STM32WBA62CIU6, STM32WBA62MGF6, STM32WBA62MIF6, STM32WBA62PGI6, STM32WBA62PII6, STM32WBA63CGU6, STM32WBA63CGU7, STM32WBA63CIU6, STM32WBA63CIU7, STM32WBA64CGU6, STM32WBA64CGU7, STM32WBA64CIU6, STM32WBA64CIU7, STM32WBA65CGU6, STM32WBA65CGU7, STM32WBA65CIU6, STM32WBA65CIU7, STM32WBA65I-DK1, STM32WBA65MGF6, STM32WBA65MGF7, STM32WBA65MIF6, STM32WBA65MIF7, STM32WBA65PGI6, STM32WBA65PGI7, STM32WBA65PII6, STM32WBA65PII7, STM32WBA65RGV6, STM32WBA65RGV7, STM32WBA65RIV6, STM32WBA65RIV7, STM32WL30K8V6, STM32WL30KBV6, STM32WL31C8V6, STM32WL31CBV6, STM32WL31K8V6, STM32WL31KBV6, STM32WL33C8V6, STM32WL33C8V6TR, STM32WL33C8V7, STM32WL33C8V7TR, STM32WL33CBV6, STM32WL33CBV6TR, STM32WL33CBV7, STM32WL33CBV7TR, STM32WL33CCV6, STM32WL33CCV6TR, STM32WL33CCV7, STM32WL33CCV7A, STM32WL33CCV7ATR, STM32WL33CCV7TR, STM32WL33K8V6, STM32WL33K8V6TR, STM32WL33K8V7, STM32WL33K8V7TR, STM32WL33KBV6, STM32WL33KBV6TR, STM32WL33KBV7, STM32WL33KBV7TR, STM32WL33KCV6, STM32WL33KCV6TR, STM32WL33KCV7, STM32WL33KCV7TR, STM32WL5MOCH6, STM32WL5MOCH6TR]
2025-06-01 21:47:20,075 [INFO] BoardInfo:889 - No configuration file found for board P-NUCLEO-WB55
2025-06-01 21:47:20,076 [INFO] DbBoards:161 - Kit is not supported: P-NUCLEO-WB55
2025-06-01 21:47:20,084 [INFO] BoardInfo:889 - No configuration file found for board STEVAL-BFA001V1B
2025-06-01 21:47:20,085 [INFO] DbBoards:161 - Kit is not supported: STEVAL-BFA001V1B
2025-06-01 21:47:20,086 [INFO] BoardInfo:889 - No configuration file found for board STEVAL-BFA001V2B
2025-06-01 21:47:20,087 [INFO] DbBoards:161 - Kit is not supported: STEVAL-BFA001V2B
2025-06-01 21:47:20,319 [INFO] DbBoards:168 - Found 211 boards, 208 are supported
2025-06-01 21:47:20,319 [INFO] DbBoards:169 - Found 211 boards, 43 of them is supported for  Bsp
2025-06-01 21:47:20,323 [INFO] ApiDb:668 - CubeFinder database Data Model version=2.1
2025-06-01 21:47:20,323 [INFO] ApiDb:669 - CubeFinder database Configuration version=3.0.39
2025-06-01 21:47:20,323 [INFO] ApiDb:670 - CubeFinder database generation date=2025-04-23 (1745419778)
2025-06-01 21:47:20,324 [INFO] ApiDb:671 - CubeFinder database FW Pack versions=[FP-ATR-ASTRA1_V2.0.0, FP-SNS-FLIGHT1_V5.1.0, FP-SNS-MOTENV1_V5.0.0, FP-SNS-MOTENVWB1_V1.4.0, FP-SNS-SMARTAG2_V1.2.0, FP-SNS-STBOX1_V2.0.0, STM32Cube_FW_C0_V1.4.0, STM32Cube_FW_F4_V1.28.1, STM32Cube_FW_F7_V1.17.2, STM32Cube_FW_G0_V1.6.2, STM32Cube_FW_G4_V1.6.1, STM32Cube_FW_H5_V1.5.0, STM32Cube_FW_H7RS_V1.2.0, STM32Cube_FW_H7_V1.12.1, STM32Cube_FW_L0_V1.12.2, STM32Cube_FW_L4_V1.18.1, STM32Cube_FW_L5_V1.5.1, STM32Cube_FW_N6_V1.1.1, STM32Cube_FW_U0_V1.2.0, STM32Cube_FW_U3_V1.1.0, STM32Cube_FW_U5_V1.7.0, STM32Cube_FW_WB0_V1.2.0, STM32Cube_FW_WBA_V1.6.0, STM32Cube_FW_WB_V1.22.0, STM32Cube_FW_WL3_V1.1.0, STM32Cube_FW_WL_V1.3.1, X-CUBE-ALGOBUILD_V1.4.0, X-CUBE-ALS_V1.0.2, X-CUBE-AZRTOS-F4_V1.1.0, X-CUBE-AZRTOS-F7_V1.1.0, X-CUBE-AZRTOS-G0_V1.1.0, X-CUBE-AZRTOS-G4_V2.0.0, X-CUBE-AZRTOS-H7RS_V1.1.0, X-CUBE-AZRTOS-H7_V3.3.0, X-CUBE-AZRTOS-L4_V2.0.0, X-CUBE-AZRTOS-L5_V2.0.0, X-CUBE-AZRTOS-WB_V2.0.0, X-CUBE-AZRTOS-WL_V2.0.0, X-CUBE-BLE1_V7.1.0, X-CUBE-BLE2_V3.3.0, X-CUBE-BLEMGR_V4.0.0, X-CUBE-EEPRMA1_V5.1.0, X-CUBE-FREERTOS_V1.3.0, X-CUBE-GNSS1_V6.0.0, X-CUBE-MEMS1_V11.2.0, X-CUBE-NFC4_V3.0.0, X-CUBE-NFC7_V1.0.1, X-CUBE-SFXS2LP1_V4.0.0, X-CUBE-SUBG2_V5.0.0, X-CUBE-TOF1_V3.4.3]
2025-06-01 21:47:22,408 [INFO] ApiDb:240 - Found 895 in-development CPN: [B-G473E-ZEST1S, B-WB1M-WPAN1, B-WBA5M-WPAN, B-WL5M-SUBG1, NUCLEO-C031C6, NUCLEO-C051C8, NUCLEO-C071RB, NUCLEO-C092RC, NUCLEO-H503RB, NUCLEO-H533RE, NUCLEO-H563ZI, NUCLEO-H7S3L8, NUCLEO-N657X0-Q, NUCLEO-U031R8, NUCLEO-U083RC, NUCLEO-U385RG-Q, NUCLEO-U545RE-Q, NUCLEO-U5A5ZJ-Q, NUCLEO-WB05KZ, NUCLEO-WB07CC, NUCLEO-WB09KE, NUCLEO-WBA52CG, NUCLEO-WBA55CG, NUCLEO-WBA65RI, NUCLEO-WL33CC1, NUCLEO-WL33CC2, STEVAL-PROTEUS1, STEVAL-SMARTAG2, STEVAL-STWINBX1, STM320518-EVAL, STM32C0116-DK, STM32C011D6Y3TR, STM32C011D6Y6TR, STM32C011F4P3, STM32C011F4P6, STM32C011F4U3, STM32C011F4U6TR, STM32C011F6P3, STM32C011F6P6, STM32C011F6U3, STM32C011F6U6TR, STM32C011J4M3, STM32C011J4M6, STM32C011J6M3, STM32C011J6M6, STM32C0316-DK, STM32C031C4T3, STM32C031C4T6, STM32C031C4U3, STM32C031C4U6, STM32C031C6T3, STM32C031C6T6, STM32C031C6U3, STM32C031C6U6, STM32C031F4P3, STM32C031F4P6, STM32C031F6P3, STM32C031F6P6, STM32C031G4U3, STM32C031G4U6, STM32C031G6U3, STM32C031G6U6, STM32C031K4T3, STM32C031K4T6, STM32C031K4U3, STM32C031K4U6, STM32C031K6T3, STM32C031K6T6, STM32C031K6U3, STM32C031K6U6, STM32C051C6T6, STM32C051C6U6, STM32C051C8T6, STM32C051C8U6, STM32C051D8Y6TR, STM32C051F6P6, STM32C051F8P6, STM32C051G6U6, STM32C051G8U6, STM32C051K6T6, STM32C051K6U6, STM32C051K8T6, STM32C071C8T6, STM32C071C8T6N, STM32C071C8U6, STM32C071C8U6N, STM32C071CBT6, STM32C071CBT6N, STM32C071CBU6, STM32C071CBU6N, STM32C071F8P6, STM32C071F8P6N, STM32C071FBP6, STM32C071FBP6N, STM32C071FBY6TR, STM32C071G8U6, STM32C071G8U6N, STM32C071GBU6, STM32C071GBU6N, STM32C071K8T6, STM32C071K8T6N, STM32C071K8U6, STM32C071K8U6N, STM32C071KBT6, STM32C071KBT6N, STM32C071KBU6, STM32C071KBU6N, STM32C071R8T6, STM32C071R8T6N, STM32C071RBI6N, STM32C071RBT6, STM32C071RBT6N, STM32C091CBT6, STM32C091CBU6, STM32C091CCT6, STM32C091CCU6, STM32C091ECY6TR, STM32C091FBP6, STM32C091FCP6, STM32C091GBU6, STM32C091GCU6, STM32C091KBT6, STM32C091KBU6, STM32C091KCT6, STM32C091KCU6, STM32C091RBT6, STM32C091RCI6, STM32C091RCT6, STM32C092CBT6, STM32C092CBU6, STM32C092CCT6, STM32C092CCU6, STM32C092ECY6TR, STM32C092FBP6, STM32C092FCP6, STM32C092GBU6, STM32C092GCU6, STM32C092KBT6, STM32C092KBU6, STM32C092KCT6, STM32C092KCU6, STM32C092RBT6, STM32C092RCI6, STM32C092RCT6, STM32G071K8TXN, STM32G071K8UXN, STM32G081GBU6N, STM32G081KBT6N, STM32G081KBUXN, STM32G0B1CCT6N, STM32G0B1KCT6, STM32G0B1NEY6TR, STM32G0B1RCT6N, STM32G0C1CCT6, STM32G0C1CCT6N, STM32G0C1CCU6N, STM32G0C1CET6N, STM32G0C1CEU6N, STM32G0C1KCT6, STM32G0C1NEY6TR, STM32G0C1RCI6N, STM32G0C1RCT6N, STM32G0C1REI6N, STM32G0C1RET6N, STM32G0C1VCI6, STM32G0C1VEI6, STM32G411C6T3, STM32G411C6T6, STM32G411C6U3, STM32G411C6U6, STM32G411C8T3, STM32G411C8T6, STM32G411C8U3, STM32G411C8U6, STM32G411CBT3, STM32G411CBT6, STM32G411CBU3, STM32G411CBU6, STM32G411CCT3, STM32G411CCT6, STM32G411CCU3, STM32G411CCU6, STM32G411K6T3, STM32G411K6T6, STM32G411K6U3, STM32G411K6U6, STM32G411K8T3, STM32G411K8T6, STM32G411K8U3, STM32G411K8U6, STM32G411KBT3, STM32G411KBT6, STM32G411KBU3, STM32G411KBU6, STM32G411M6T3, STM32G411M6T6, STM32G411M8T3, STM32G411M8T6, STM32G411MBT3, STM32G411MBT6, STM32G411MCT3, STM32G411MCT6, STM32G411R6T3, STM32G411R6T6, STM32G411R8T3, STM32G411R8T6, STM32G411RBT3, STM32G411RBT6, STM32G411RCT3, STM32G411RCT6, STM32G414CBT3, STM32G414CBT6, STM32G414CBU3, STM32G414CBU6, STM32G414CCT3, STM32G414CCT6, STM32G414CCU3, STM32G414CCU6, STM32G414MBT3, STM32G414MBT6, STM32G414MCT3, STM32G414MCT6, STM32G414RBT3, STM32G414RBT6, STM32G414RCT3, STM32G414RCT6, STM32G414VBT3, STM32G414VBT6, STM32G414VCT3, STM32G414VCT6, STM32G431CBT3Z, STM32G431RBT3Z, STM32G471CCT6, STM32G471CCU6, STM32G471CET3, STM32G471CET6, STM32G471CEU3, STM32G471CEU6, STM32G471MCT6, STM32G471MET3, STM32G471MET6, STM32G471MEY6TR, STM32G471QCT6, STM32G471QET3, STM32G471RCT6, STM32G471RET3, STM32G471RET6, STM32G471VCH6, STM32G471VCI6, STM32G471VCT6, STM32G471VEH3, STM32G471VEH6, STM32G471VEI3, STM32G471VEI6, STM32G471VET3, STM32G471VET6, STM32G473QET3Z, STM32G473RET3Z, STM32G474CCT6, STM32G491RET3Z, STM32H503CBT6, STM32H503CBU6, STM32H503EBY6TR, STM32H503KBU6, STM32H503RBT6, STM32H523CCT6, STM32H523CCU6, STM32H523CET6, STM32H523CEU6, STM32H523HEY6TR, STM32H523RCT6, STM32H523RET6, STM32H523VCI6, STM32H523VCT6, STM32H523VEI6, STM32H523VET6, STM32H523ZCJ6, STM32H523ZCT6, STM32H523ZEJ6, STM32H523ZET6, STM32H533CET6, STM32H533CEU6, STM32H533HEY6TR, STM32H533RET6, STM32H533VEI6, STM32H533VET6, STM32H533ZEJ6, STM32H533ZET6, STM32H562AGI6, STM32H562AII6, STM32H562IGK6, STM32H562IGT6, STM32H562IIK6, STM32H562IIT6, STM32H562RGT6, STM32H562RGV6, STM32H562RIT6, STM32H562RIV6, STM32H562VGT6, STM32H562VIT6, STM32H562ZGT6, STM32H562ZIT6, STM32H563AGI6, STM32H563AII3Q, STM32H563AII6, STM32H563IGK6, STM32H563IGT6, STM32H563IIK3Q, STM32H563IIK6, STM32H563IIT3Q, STM32H563IIT6, STM32H563MIY3QTR, STM32H563RGT6, STM32H563RGV6, STM32H563RIT6, STM32H563RIV6, STM32H563VGT6, STM32H563VIT3Q, STM32H563VIT6, STM32H563ZGT6, STM32H563ZIT3Q, STM32H563ZIT6, STM32H573AII3Q, STM32H573AII6, STM32H573I-DK, STM32H573IIK3Q, STM32H573IIK6, STM32H573IIT3Q, STM32H573IIT6, STM32H573MIY3QTR, STM32H573RIT6, STM32H573RIV6, STM32H573VIT3Q, STM32H573VIT6, STM32H573ZIT3Q, STM32H573ZIT6, STM32H7R3A8I6, STM32H7R3I8K6, STM32H7R3I8T6, STM32H7R3L8H6, STM32H7R3L8H6H, STM32H7R3R8V6, STM32H7R3V8H6, STM32H7R3V8T6, STM32H7R3V8Y6TR, STM32H7R3Z8J6, STM32H7R3Z8T6, STM32H7R7A8I6, STM32H7R7I8K6, STM32H7R7I8T6, STM32H7R7L8H6, STM32H7R7L8H6H, STM32H7R7Z8J6, STM32H7S3A8I6, STM32H7S3I8K6, STM32H7S3I8T6, STM32H7S3L8H6, STM32H7S3L8H6H, STM32H7S3R8V6, STM32H7S3V8H6, STM32H7S3V8T6, STM32H7S3V8Y6TR, STM32H7S3Z8J6, STM32H7S3Z8T6, STM32H7S78-DK, STM32H7S7A8I6, STM32H7S7I8K6, STM32H7S7I8T6, STM32H7S7L8H6, STM32H7S7L8H6H, STM32H7S7Z8J6, STM32L4R5QGI6STR, STM32MP131AAE3, STM32MP131AAF3, STM32MP131AAG3, STM32MP131CAE3, STM32MP131CAF3, STM32MP131CAG3, STM32MP131DAE7, STM32MP131DAF7, STM32MP131DAG7, STM32MP131FAE7, STM32MP131FAF7, STM32MP131FAG7, STM32MP133AAE3, STM32MP133AAF3, STM32MP133AAG3, STM32MP133CAE3, STM32MP133CAF3, STM32MP133CAG3, STM32MP133DAE7, STM32MP133DAF7, STM32MP133DAG7, STM32MP133FAE7, STM32MP133FAF7, STM32MP133FAG7, STM32MP135AAE3, STM32MP135AAF3, STM32MP135AAG3, STM32MP135CAE3, STM32MP135CAF3, STM32MP135CAG3, STM32MP135DAE7, STM32MP135DAF7, STM32MP135DAG7, STM32MP135F-DK, STM32MP135FAE7, STM32MP135FAF7, STM32MP135FAF7T, STM32MP135FAF7U, STM32MP135FAG7, STM32MP231AAJ3, STM32MP231AAK3, STM32MP231AAL3, STM32MP231CAJ3, STM32MP231CAK3, STM32MP231CAL3, STM32MP231DAJ3, STM32MP231DAK3, STM32MP231DAL3, STM32MP231FAJ3, STM32MP231FAK3, STM32MP231FAL3, STM32MP233AAJ3, STM32MP233AAK3, STM32MP233AAL3, STM32MP233CAJ3, STM32MP233CAK3, STM32MP233CAL3, STM32MP233DAJ3, STM32MP233DAK3, STM32MP233DAL3, STM32MP233FAJ3, STM32MP233FAK3, STM32MP233FAL3, STM32MP235AAJ3, STM32MP235AAK3, STM32MP235AAL3, STM32MP235CAJ3, STM32MP235CAK3, STM32MP235CAL3, STM32MP235DAJ3, STM32MP235DAK3, STM32MP235DAL3, STM32MP235FAJ3, STM32MP235FAK3, STM32MP235FAL3, STM32MP251AAI3, STM32MP251AAJ3, STM32MP251AAK3, STM32MP251AAL3, STM32MP251CAI3, STM32MP251CAJ3, STM32MP251CAK3, STM32MP251CAL3, STM32MP251DAI3, STM32MP251DAJ3, STM32MP251DAK3, STM32MP251DAL3, STM32MP251FAI3, STM32MP251FAJ3, STM32MP251FAK3, STM32MP251FAL3, STM32MP253AAI3, STM32MP253AAJ3, STM32MP253AAK3, STM32MP253AAL3, STM32MP253CAI3, STM32MP253CAJ3, STM32MP253CAK3, STM32MP253CAL3, STM32MP253DAI3, STM32MP253DAJ3, STM32MP253DAK3, STM32MP253DAL3, STM32MP253FAI3, STM32MP253FAJ3, STM32MP253FAK3, STM32MP253FAL3, STM32MP255AAI3, STM32MP255AAJ3, STM32MP255AAK3, STM32MP255AAL3, STM32MP255CAI3, STM32MP255CAJ3, STM32MP255CAK3, STM32MP255CAL3, STM32MP255DAI3, STM32MP255DAJ3, STM32MP255DAK3, STM32MP255DAL3, STM32MP255FAI3, STM32MP255FAJ3, STM32MP255FAK3, STM32MP255FAL3, STM32MP257AAI3, STM32MP257AAJ3, STM32MP257AAK3, STM32MP257AAL3, STM32MP257CAI3, STM32MP257CAJ3, STM32MP257CAK3, STM32MP257CAL3, STM32MP257DAI3, STM32MP257DAJ3, STM32MP257DAK3, STM32MP257DAL3, STM32MP257F-DK, STM32MP257F-EV1, STM32MP257FAI3, STM32MP257FAJ3, STM32MP257FAK3, STM32MP257FAL3, STM32N645A0H3Q, STM32N645B0H3Q, STM32N645I0H3Q, STM32N645L0H3Q, STM32N645X0H3Q, STM32N645Z0H3Q, STM32N647A0H3Q, STM32N647B0H3Q, STM32N647I0H3Q, STM32N647L0H3Q, STM32N647X0H3Q, STM32N647Z0H3Q, STM32N655A0H3Q, STM32N655B0H3Q, STM32N655I0H3Q, STM32N655L0H3Q, STM32N655X0H3Q, STM32N655Z0H3Q, STM32N6570-DK, STM32N657A0H3Q, STM32N657B0H3Q, STM32N657I0H3Q, STM32N657L0H3Q, STM32N657X0H3Q, STM32N657Z0H3Q, STM32U031C6T6, STM32U031C6U6, STM32U031C8T6, STM32U031C8U6, STM32U031F4P6, STM32U031F6P6, STM32U031F8P6, STM32U031G6Y6TR, STM32U031G8Y6TR, STM32U031K4U6, STM32U031K6U6, STM32U031K8U6, STM32U031R6I6, STM32U031R6T6, STM32U031R8I6, STM32U031R8T6, STM32U073C8T6, STM32U073C8U6, STM32U073CBT6, STM32U073CBU6, STM32U073CCT6, STM32U073CCU6, STM32U073H8Y6TR, STM32U073HBY6TR, STM32U073HCY6TR, STM32U073K8U6, STM32U073KBU6, STM32U073KCU6, STM32U073M8I6, STM32U073M8T6, STM32U073MBI6, STM32U073MBT6, STM32U073MCI6, STM32U073MCT6, STM32U073R8I6, STM32U073R8T6, STM32U073RBI6, STM32U073RBT6, STM32U073RCI6, STM32U073RCT6, STM32U083C-DK, STM32U083CCT6, STM32U083CCU6, STM32U083HCY6TR, STM32U083KCU6, STM32U083MCI6, STM32U083MCT6, STM32U083RCI6, STM32U083RCT6, STM32U375CET6, STM32U375CET6Q, STM32U375CEU6, STM32U375CEU6Q, STM32U375CEY6QTR, STM32U375CGT6, STM32U375CGT6Q, STM32U375CGU6, STM32U375CGU6Q, STM32U375CGY6QTR, STM32U375KEU6, STM32U375KGU6, STM32U375REI6, STM32U375REI6Q, STM32U375RET6, STM32U375RET6Q, STM32U375REY6GTR, STM32U375REY6QTR, STM32U375RGI6, STM32U375RGI6Q, STM32U375RGT6, STM32U375RGT6Q, STM32U375RGY6GTR, STM32U375RGY6QTR, STM32U375VEI6, STM32U375VEI6Q, STM32U375VET6, STM32U375VET6Q, STM32U375VGI6, STM32U375VGI6Q, STM32U375VGT6, STM32U375VGT6Q, STM32U385CGT6, STM32U385CGT6Q, STM32U385CGU6, STM32U385CGU6Q, STM32U385CGY6QTR, STM32U385KGU6, STM32U385RGI6, STM32U385RGI6Q, STM32U385RGT6, STM32U385RGT6Q, STM32U385RGY6GTR, STM32U385RGY6QTR, STM32U385VGI6, STM32U385VGI6Q, STM32U385VGT6, STM32U385VGT6Q, STM32U535CBT6, STM32U535CBT6Q, STM32U535CBU6, STM32U535CBU6Q, STM32U535CCT6, STM32U535CCT6Q, STM32U535CCU6, STM32U535CCU6Q, STM32U535CET6, STM32U535CET6Q, STM32U535CEU6, STM32U535CEU6Q, STM32U535JEY6QTR, STM32U535NCY6QTR, STM32U535NEY6QTR, STM32U535RBI6, STM32U535RBI6Q, STM32U535RBT6, STM32U535RBT6Q, STM32U535RCI6, STM32U535RCI6Q, STM32U535RCT6, STM32U535RCT6Q, STM32U535REI6, STM32U535REI6Q, STM32U535RET6, STM32U535RET6Q, STM32U535VCI6, STM32U535VCI6Q, STM32U535VCT6, STM32U535VCT6Q, STM32U535VEI6, STM32U535VEI6Q, STM32U535VET6, STM32U535VET6Q, STM32U545CET6, STM32U545CET6Q, STM32U545CEU6, STM32U545CEU6Q, STM32U545JEY6QTR, STM32U545NEY6QTR, STM32U545REI6, STM32U545REI6Q, STM32U545RET6, STM32U545RET6Q, STM32U545VEI6, STM32U545VEI6Q, STM32U545VET6, STM32U545VET6Q, STM32U595AIH6, STM32U595AIH6Q, STM32U595AJH6, STM32U595AJH6Q, STM32U595QII6, STM32U595QII6Q, STM32U595QJI6, STM32U595QJI6Q, STM32U595RIT6, STM32U595RIT6Q, STM32U595RJT6, STM32U595RJT6Q, STM32U595VIT6, STM32U595VIT6Q, STM32U595VJT6, STM32U595VJT6Q, STM32U595ZIT6, STM32U595ZIT6Q, STM32U595ZIY6QTR, STM32U595ZJT6, STM32U595ZJT6Q, STM32U595ZJY6QTR, STM32U599BJY6QTR, STM32U599NIH6Q, STM32U599NJH6Q, STM32U599VIT6Q, STM32U599VJT6, STM32U599VJT6Q, STM32U599ZIT6Q, STM32U599ZIY6QTR, STM32U599ZJT6Q, STM32U599ZJY6QTR, STM32U5A5AJH6, STM32U5A5AJH6Q, STM32U5A5QII3Q , STM32U5A5QJI6, STM32U5A5QJI6Q, STM32U5A5RJT6, STM32U5A5RJT6Q, STM32U5A5VJT6, STM32U5A5VJT6Q, STM32U5A5ZJT6, STM32U5A5ZJT6Q, STM32U5A5ZJY6QTR, STM32U5A9BJY6QTR, STM32U5A9J-DK, STM32U5A9NJH6Q, STM32U5A9VJT6Q, STM32U5A9ZJT6Q, STM32U5A9ZJY6QTR, STM32U5F7VIT6, STM32U5F7VIT6Q, STM32U5F7VJT6, STM32U5F7VJT6Q, STM32U5F9BJY6QTR, STM32U5F9NJH6Q, STM32U5F9VIT6Q, STM32U5F9VJT6Q, STM32U5F9ZIJ6QTR, STM32U5F9ZIT6Q, STM32U5F9ZJJ6QTR, STM32U5F9ZJT6Q, STM32U5G7VJT6, STM32U5G7VJT6Q, STM32U5G9BJY6QTR, STM32U5G9J-DK1, STM32U5G9J-DK2, STM32U5G9NJH6Q, STM32U5G9VJT6Q, STM32U5G9ZJJ6QTR, STM32U5G9ZJT6Q, STM32WB05KZV6TR, STM32WB05KZV7TR, STM32WB05TZF6TR, STM32WB05TZF7TR, STM32WB06CCF6TR, STM32WB06CCF7TR, STM32WB06CCV6TR, STM32WB06CCV7TR, STM32WB06KCV6TR, STM32WB06KCV7TR, STM32WB07CCF6TR, STM32WB07CCF7TR, STM32WB07CCV6TR, STM32WB07CCV7TR, STM32WB07KCV6TR, STM32WB07KCV7TR, STM32WB09KEV6TR, STM32WB09KEV7TR, STM32WB09TEF6TR, STM32WB09TEF7TR, STM32WB1MMCH6, STM32WBA50KGU6, STM32WBA50KGU6TR, STM32WBA52CEU6, STM32WBA52CEU6TR, STM32WBA52CEU7, STM32WBA52CEU7TR, STM32WBA52CGU6, STM32WBA52CGU6TR, STM32WBA52CGU6U, STM32WBA52CGU7, STM32WBA52CGU7TR, STM32WBA52KEU6, STM32WBA52KEU6TR, STM32WBA52KGU6, STM32WBA52KGU6TR, STM32WBA54CEU6, STM32WBA54CEU6TR, STM32WBA54CEU7, STM32WBA54CEU7TR, STM32WBA54CGU6, STM32WBA54CGU6TR, STM32WBA54CGU7, STM32WBA54CGU7TR, STM32WBA54KEU6, STM32WBA54KEU6TR, STM32WBA54KEU7, STM32WBA54KEU7TR, STM32WBA54KGU6, STM32WBA54KGU6TR, STM32WBA54KGU7, STM32WBA54KGU7TR, STM32WBA55CEU6, STM32WBA55CEU6TR, STM32WBA55CEU7, STM32WBA55CEU7TR, STM32WBA55CGU6, STM32WBA55CGU6TR, STM32WBA55CGU6U, STM32WBA55CGU7, STM32WBA55CGU7TR, STM32WBA55G-DK1, STM32WBA55HEF6, STM32WBA55HEF7, STM32WBA55HGF6, STM32WBA55HGF7, STM32WBA55UEI6, STM32WBA55UEI6TR, STM32WBA55UEI7, STM32WBA55UEI7TR, STM32WBA55UGI6, STM32WBA55UGI6TR, STM32WBA55UGI7, STM32WBA55UGI7TR, STM32WBA5MJGH6TR, STM32WBA62CGU6, STM32WBA62CIU6, STM32WBA62MGF6, STM32WBA62MIF6, STM32WBA62PGI6, STM32WBA62PII6, STM32WBA63CGU6, STM32WBA63CGU7, STM32WBA63CIU6, STM32WBA63CIU7, STM32WBA64CGU6, STM32WBA64CGU7, STM32WBA64CIU6, STM32WBA64CIU7, STM32WBA65CGU6, STM32WBA65CGU7, STM32WBA65CIU6, STM32WBA65CIU7, STM32WBA65I-DK1, STM32WBA65MGF6, STM32WBA65MGF7, STM32WBA65MIF6, STM32WBA65MIF7, STM32WBA65PGI6, STM32WBA65PGI7, STM32WBA65PII6, STM32WBA65PII7, STM32WBA65RGV6, STM32WBA65RGV7, STM32WBA65RIV6, STM32WBA65RIV7, STM32WL30K8V6, STM32WL30KBV6, STM32WL31C8V6, STM32WL31CBV6, STM32WL31K8V6, STM32WL31KBV6, STM32WL33C8V6, STM32WL33C8V6TR, STM32WL33C8V7, STM32WL33C8V7TR, STM32WL33CBV6, STM32WL33CBV6TR, STM32WL33CBV7, STM32WL33CBV7TR, STM32WL33CCV6, STM32WL33CCV6TR, STM32WL33CCV7, STM32WL33CCV7A, STM32WL33CCV7ATR, STM32WL33CCV7TR, STM32WL33K8V6, STM32WL33K8V6TR, STM32WL33K8V7, STM32WL33K8V7TR, STM32WL33KBV6, STM32WL33KBV6TR, STM32WL33KBV7, STM32WL33KBV7TR, STM32WL33KCV6, STM32WL33KCV6TR, STM32WL33KCV7, STM32WL33KCV7TR, STM32WL5MOCH6, STM32WL5MOCH6TR]
2025-06-01 21:47:22,411 [INFO] DbMcus:218 - Found 4686 MCUs, 4686 are supported
2025-06-01 21:47:22,412 [INFO] ApiDb:423 - Load user favorites file C:\Users\gagno/.stm32cubeide/favorites.mcus.txt: 0 item(s)
2025-06-01 21:47:22,412 [INFO] ApiDb:427 - User favorites MCUs=[]
2025-06-01 21:47:22,412 [INFO] DbMcus:224 - Set 0 / 0 favorites MCUs
2025-06-01 21:47:22,874 [INFO] ApiDb:423 - Load user favorites file C:\Users\gagno/.stm32cubeide/favorites.boards.txt: 0 item(s)
2025-06-01 21:47:22,874 [INFO] ApiDb:427 - User favorites Boards=[]
2025-06-01 21:47:22,874 [INFO] DbBoards:198 - Set 0 / 0 favorites Boards
2025-06-01 21:47:22,916 [INFO] UtilMem:75 - End LoadConfig() Used Memory: 901022176 Bytes (1073741824)
2025-06-01 21:47:23,032 [WARN] ThirdParty:833 - waiting for thirdparty lock release [change project]
2025-06-01 21:47:23,032 [INFO] ThirdParty:835 - entering critical section [change project]
2025-06-01 21:47:23,032 [INFO] ThirdParty:1030 - CMSIS Pack Vendor :STMicroelectronics USBPD 4.1
2025-06-01 21:47:23,032 [INFO] ThirdParty:1030 - CMSIS Pack Vendor :STMicroelectronics X-CUBE-GNSS1 6.0.0
2025-06-01 21:47:23,032 [INFO] ThirdParty:1030 - CMSIS Pack Vendor :STMicroelectronics USB_HOST 2.0.0
2025-06-01 21:47:23,032 [INFO] ThirdParty:1030 - CMSIS Pack Vendor :STMicroelectronics FP-SNS-MOTENVWB1 1.4.0
2025-06-01 21:47:23,032 [INFO] ThirdParty:1030 - CMSIS Pack Vendor :STMicroelectronics X-CUBE-AZRTOS-F4 1.1.0
2025-06-01 21:47:23,032 [INFO] ThirdParty:1030 - CMSIS Pack Vendor :STMicroelectronics LIBJPEG 8.0.0
2025-06-01 21:47:23,032 [INFO] ThirdParty:1030 - CMSIS Pack Vendor :STMicroelectronics FP-ATR-ASTRA1 2.0.2
2025-06-01 21:47:23,032 [INFO] ThirdParty:1030 - CMSIS Pack Vendor :STMicroelectronics FP-ATR-ASTRA1 2.0.1
2025-06-01 21:47:23,032 [INFO] ThirdParty:1030 - CMSIS Pack Vendor :Avnet-IotConnect X-CUBE-IoTC-DA16k-PMOD 1.0.0
2025-06-01 21:47:23,032 [INFO] ThirdParty:1030 - CMSIS Pack Vendor :STMicroelectronics X-CUBE-SMBUS 2.1.0
2025-06-01 21:47:23,033 [INFO] ThirdParty:1030 - CMSIS Pack Vendor :STMicroelectronics X-CUBE-WB05N 1.1.0
2025-06-01 21:47:23,033 [INFO] ThirdParty:1030 - CMSIS Pack Vendor :STMicroelectronics X-CUBE-ISPU 2.1.0
2025-06-01 21:47:23,033 [INFO] ThirdParty:1030 - CMSIS Pack Vendor :STMicroelectronics X-CUBE-FREERTOS 1.2.0
2025-06-01 21:47:23,033 [INFO] ThirdParty:1030 - CMSIS Pack Vendor :STMicroelectronics X-CUBE-ST60 1.0.0
2025-06-01 21:47:23,033 [INFO] ThirdParty:1030 - CMSIS Pack Vendor :STMicroelectronics X-CUBE-TOUCHGFX 4.23.2
2025-06-01 21:47:23,033 [INFO] ThirdParty:1030 - CMSIS Pack Vendor :STMicroelectronics X-CUBE-AZRTOS-F7 1.1.0
2025-06-01 21:47:23,033 [INFO] ThirdParty:1030 - CMSIS Pack Vendor :STMicroelectronics X-CUBE-AZRTOS-L5 2.0.0
2025-06-01 21:47:23,033 [INFO] ThirdParty:1030 - CMSIS Pack Vendor :STMicroelectronics USB_DEVICE 2.0.0
2025-06-01 21:47:23,033 [INFO] ThirdParty:1030 - CMSIS Pack Vendor :STMicroelectronics X-CUBE-NFC6 3.1.0
2025-06-01 21:47:23,033 [INFO] ThirdParty:1030 - CMSIS Pack Vendor :STMicroelectronics X-CUBE-MEMS1 11.0.0
2025-06-01 21:47:23,033 [INFO] ThirdParty:1030 - CMSIS Pack Vendor :STMicroelectronics FreeRTOS 0.0.1
2025-06-01 21:47:23,033 [INFO] ThirdParty:1030 - CMSIS Pack Vendor :STMicroelectronics X-CUBE-DPower 1.2.0
2025-06-01 21:47:23,033 [INFO] ThirdParty:1030 - CMSIS Pack Vendor :STMicroelectronics FP-SNS-FLIGHT1 5.0.2
2025-06-01 21:47:23,033 [INFO] ThirdParty:1030 - CMSIS Pack Vendor :STMicroelectronics X-CUBE-AI 9.0.0
2025-06-01 21:47:23,033 [INFO] ThirdParty:1030 - CMSIS Pack Vendor :STMicroelectronics PDM2PCM 3.3.0
2025-06-01 21:47:23,033 [INFO] ThirdParty:1030 - CMSIS Pack Vendor :STMicroelectronics X-CUBE-DISPLAY 3.0.0
2025-06-01 21:47:23,033 [INFO] ThirdParty:1030 - CMSIS Pack Vendor :STMicroelectronics X-CUBE-BLE1 7.0.0
2025-06-01 21:47:23,033 [INFO] ThirdParty:1030 - CMSIS Pack Vendor :STMicroelectronics X-CUBE-NFC10 1.0.0
2025-06-01 21:47:23,033 [INFO] ThirdParty:1030 - CMSIS Pack Vendor :STMicroelectronics X-CUBE-BLEMGR 4.0.0
2025-06-01 21:47:23,033 [INFO] ThirdParty:1030 - CMSIS Pack Vendor :STMicroelectronics X-CUBE-FREERTOS 1.3.1
2025-06-01 21:47:23,033 [INFO] ThirdParty:1030 - CMSIS Pack Vendor :STMicroelectronics HAL Drivers 0.0.0
2025-06-01 21:47:23,033 [INFO] ThirdParty:1030 - CMSIS Pack Vendor :emotas I-CUBE-CANOPEN 1.3.0
2025-06-01 21:47:23,033 [INFO] ThirdParty:1030 - CMSIS Pack Vendor :STMicroelectronics X-CUBE-FREERTOS 1.3.0
2025-06-01 21:47:23,034 [INFO] ThirdParty:1030 - CMSIS Pack Vendor :STMicroelectronics X-CUBE-NFC7 1.0.1
2025-06-01 21:47:23,034 [INFO] ThirdParty:1030 - CMSIS Pack Vendor :STMicroelectronics MBEDTLS 2.14.1
2025-06-01 21:47:23,034 [INFO] ThirdParty:1030 - CMSIS Pack Vendor :wolfSSL I-CUBE-wolfTPM 3.2.0
2025-06-01 21:47:23,034 [INFO] ThirdParty:1030 - CMSIS Pack Vendor :STMicroelectronics X-CUBE-BLEMGR 3.1.0
2025-06-01 21:47:23,034 [INFO] ThirdParty:1030 - CMSIS Pack Vendor :STMicroelectronics X-CUBE-AI 10.0.0
2025-06-01 21:47:23,034 [INFO] ThirdParty:1030 - CMSIS Pack Vendor :STMicroelectronics FP-SNS-SMARTAG2 1.2.0
2025-06-01 21:47:23,034 [INFO] ThirdParty:1030 - CMSIS Pack Vendor :STMicroelectronics FP-SNS-FLIGHT1 5.1.0
2025-06-01 21:47:23,034 [INFO] ThirdParty:1030 - CMSIS Pack Vendor :STMicroelectronics X-CUBE-MEMS1 11.1.0
2025-06-01 21:47:23,034 [INFO] ThirdParty:1030 - CMSIS Pack Vendor :STMicroelectronics X-CUBE-AZRTOS-WL 2.0.0
2025-06-01 21:47:23,034 [INFO] ThirdParty:1030 - CMSIS Pack Vendor :STMicroelectronics X-CUBE-DPower 1.3.0
2025-06-01 21:47:23,034 [INFO] ThirdParty:1030 - CMSIS Pack Vendor :STMicroelectronics FP-SNS-MOTENV1 5.0.0
2025-06-01 21:47:23,034 [INFO] ThirdParty:1030 - CMSIS Pack Vendor :STMicroelectronics USB_DEVICE 1.0.0
2025-06-01 21:47:23,034 [INFO] ThirdParty:1030 - CMSIS Pack Vendor :STMicroelectronics X-CUBE-AI 8.1.0
2025-06-01 21:47:23,034 [INFO] ThirdParty:1030 - CMSIS Pack Vendor :wolfSSL I-CUBE-wolfMQTT 1.19.0
2025-06-01 21:47:23,034 [INFO] ThirdParty:1030 - CMSIS Pack Vendor :STMicroelectronics X-CUBE-AZRTOS-L4 2.0.0
2025-06-01 21:47:23,034 [INFO] ThirdParty:1030 - CMSIS Pack Vendor :STMicroelectronics ThreadX 0.0.2
2025-06-01 21:47:23,034 [INFO] ThirdParty:1030 - CMSIS Pack Vendor :WES I-CUBE-Cesium 1.3.0
2025-06-01 21:47:23,034 [INFO] ThirdParty:1030 - CMSIS Pack Vendor :STMicroelectronics lwIP 2.1.2
2025-06-01 21:47:23,034 [INFO] ThirdParty:1030 - CMSIS Pack Vendor :STMicroelectronics X-CUBE-SFXS2LP1 4.0.0
2025-06-01 21:47:23,034 [INFO] ThirdParty:1030 - CMSIS Pack Vendor :STMicroelectronics X-CUBE-BLE2 3.3.0
2025-06-01 21:47:23,034 [INFO] ThirdParty:1030 - CMSIS Pack Vendor :STMicroelectronics PDM2PCM 3.2.0
2025-06-01 21:47:23,034 [INFO] ThirdParty:1030 - CMSIS Pack Vendor :STMicroelectronics X-CUBE-AZRTOS-H7 3.3.0
2025-06-01 21:47:23,034 [INFO] ThirdParty:1030 - CMSIS Pack Vendor :STMicroelectronics X-CUBE-NFC9 1.0.0
2025-06-01 21:47:23,035 [INFO] ThirdParty:1030 - CMSIS Pack Vendor :STMicroelectronics X-CUBE-BLE1 7.1.0
2025-06-01 21:47:23,035 [INFO] ThirdParty:1030 - CMSIS Pack Vendor :STMicroelectronics USB_DEVICE 3.0.0
2025-06-01 21:47:23,035 [INFO] ThirdParty:1030 - CMSIS Pack Vendor :STMicroelectronics X-CUBE-TCPP 4.1.0
2025-06-01 21:47:23,035 [INFO] ThirdParty:1030 - CMSIS Pack Vendor :STMicroelectronics X-CUBE-IPS 3.0.0
2025-06-01 21:47:23,035 [INFO] ThirdParty:1030 - CMSIS Pack Vendor :STMicroelectronics X-CUBE-AZRTOS-WB 2.0.0
2025-06-01 21:47:23,035 [INFO] ThirdParty:1030 - CMSIS Pack Vendor :STMicroelectronics X-CUBE-GNSS1 7.0.0
2025-06-01 21:47:23,035 [INFO] ThirdParty:1030 - CMSIS Pack Vendor :STMicroelectronics X-CUBE-GNSS1 7.0.1
2025-06-01 21:47:23,035 [INFO] ThirdParty:1030 - CMSIS Pack Vendor :STMicroelectronics X-CUBE-TOUCHGFX 4.25.0
2025-06-01 21:47:23,035 [INFO] ThirdParty:1030 - CMSIS Pack Vendor :STMicroelectronics X-CUBE-AI 10.1.0
2025-06-01 21:47:23,035 [INFO] ThirdParty:1030 - CMSIS Pack Vendor :STMicroelectronics FP-SNS-STBOX1 2.0.0
2025-06-01 21:47:23,035 [INFO] ThirdParty:1030 - CMSIS Pack Vendor :STMicroelectronics X-CUBE-ALGOBUILD 1.3.0
2025-06-01 21:47:23,035 [INFO] ThirdParty:1030 - CMSIS Pack Vendor :STMicroelectronics X-CUBE-MEMS1 11.2.0
2025-06-01 21:47:23,035 [INFO] ThirdParty:1030 - CMSIS Pack Vendor :STMicroelectronics X-CUBE-AZRTOS-G0 1.1.0
2025-06-01 21:47:23,035 [INFO] ThirdParty:1030 - CMSIS Pack Vendor :STMicroelectronics X-CUBE-SAFEA1 1.2.2
2025-06-01 21:47:23,035 [INFO] ThirdParty:1030 - CMSIS Pack Vendor :STMicroelectronics X-CUBE-NFC4 3.0.0
2025-06-01 21:47:23,035 [INFO] ThirdParty:1030 - CMSIS Pack Vendor :STMicroelectronics X-CUBE-SUBG2 5.0.0
2025-06-01 21:47:23,035 [INFO] ThirdParty:1030 - CMSIS Pack Vendor :STMicroelectronics X-CUBE-AZRTOS-H7RS 1.1.0
2025-06-01 21:47:23,036 [INFO] ThirdParty:1030 - CMSIS Pack Vendor :STMicroelectronics STM32_WPAN 1.0.0
2025-06-01 21:47:23,036 [INFO] ThirdParty:1030 - CMSIS Pack Vendor :wolfSSL I-CUBE-wolfMQTT 1.18.0
2025-06-01 21:47:23,036 [INFO] ThirdParty:1030 - CMSIS Pack Vendor :EmbeddedOffice I-CUBE-FS-RTOS 1.0.1
2025-06-01 21:47:23,036 [INFO] ThirdParty:1030 - CMSIS Pack Vendor :STMicroelectronics lwIP 2.0.3
2025-06-01 21:47:23,036 [INFO] ThirdParty:1030 - CMSIS Pack Vendor :STMicroelectronics USB_HOST 1.0.0
2025-06-01 21:47:23,036 [INFO] ThirdParty:1030 - CMSIS Pack Vendor :STMicroelectronics X-CUBE-AZRTOS-G4 2.0.0
2025-06-01 21:47:23,036 [INFO] ThirdParty:1030 - CMSIS Pack Vendor :STMicroelectronics X-CUBE-WB05N 2.0.0
2025-06-01 21:47:23,036 [INFO] ThirdParty:1030 - CMSIS Pack Vendor :STMicroelectronics PDM2PCM 3.1.0
2025-06-01 21:47:23,036 [INFO] ThirdParty:1030 - CMSIS Pack Vendor :STMicroelectronics X-CUBE-NFC7 2.0.0
2025-06-01 21:47:23,036 [INFO] ThirdParty:1030 - CMSIS Pack Vendor :STMicroelectronics X-CUBE-TCPP 4.2.0
2025-06-01 21:47:23,036 [INFO] ThirdParty:1030 - CMSIS Pack Vendor :RealThread X-CUBE-RT-Thread_Nano 4.1.1
2025-06-01 21:47:23,036 [INFO] ThirdParty:1030 - CMSIS Pack Vendor :wolfSSL I-CUBE-wolfSSL 5.7.0
2025-06-01 21:47:23,036 [INFO] ThirdParty:1030 - CMSIS Pack Vendor :STMicroelectronics FP-SNS-MOTENVWB1 1.3.1
2025-06-01 21:47:23,036 [INFO] ThirdParty:1030 - CMSIS Pack Vendor :STMicroelectronics FP-ATR-SIGFOX1 3.2.0
2025-06-01 21:47:23,036 [INFO] ThirdParty:1030 - CMSIS Pack Vendor :quantropi X-CUBE-qispace-sdk-base 1.9.3
2025-06-01 21:47:23,036 [INFO] ThirdParty:1030 - CMSIS Pack Vendor :STMicroelectronics X-CUBE-ISPU 2.0.0
2025-06-01 21:47:23,036 [INFO] ThirdParty:1030 - CMSIS Pack Vendor :STMicroelectronics X-CUBE-EEPRMA1 5.1.0
2025-06-01 21:47:23,036 [INFO] ThirdParty:1030 - CMSIS Pack Vendor :STMicroelectronics MBEDTLS 2.16.2
2025-06-01 21:47:23,036 [INFO] ThirdParty:1030 - CMSIS Pack Vendor :STMicroelectronics X-CUBE-IPS 3.1.0
2025-06-01 21:47:23,036 [INFO] ThirdParty:1030 - CMSIS Pack Vendor :STMicroelectronics X-CUBE-ALS 1.0.2
2025-06-01 21:47:23,036 [INFO] ThirdParty:1030 - CMSIS Pack Vendor :STMicroelectronics X-CUBE-MEMS1 10.0.0
2025-06-01 21:47:23,037 [INFO] ThirdParty:1030 - CMSIS Pack Vendor :STMicroelectronics X-CUBE-FREERTOS 1.1.0
2025-06-01 21:47:23,037 [INFO] ThirdParty:1030 - CMSIS Pack Vendor :STMicroelectronics X-CUBE-TOUCHGFX 4.24.0
2025-06-01 21:47:23,037 [INFO] ThirdParty:1030 - CMSIS Pack Vendor :ITTIA_DB I-CUBE-ITTIADB 8.9.0
2025-06-01 21:47:23,037 [INFO] ThirdParty:1030 - CMSIS Pack Vendor :STMicroelectronics X-CUBE-TOUCHGFX 4.24.2
2025-06-01 21:47:23,037 [INFO] ThirdParty:1030 - CMSIS Pack Vendor :STMicroelectronics X-CUBE-TOUCHGFX 4.24.1
2025-06-01 21:47:23,037 [INFO] ThirdParty:1030 - CMSIS Pack Vendor :portGmbH I-Cube-SoM-uGOAL 1.1.0
2025-06-01 21:47:23,037 [INFO] ThirdParty:1030 - CMSIS Pack Vendor :STMicroelectronics X-CUBE-ALS 1.0.1
2025-06-01 21:47:23,037 [INFO] ThirdParty:1030 - CMSIS Pack Vendor :STMicroelectronics ThreadX 1.0.0
2025-06-01 21:47:23,037 [INFO] ThirdParty:1030 - CMSIS Pack Vendor :SEGGER I-CUBE-embOS 1.3.1
2025-06-01 21:47:23,037 [INFO] ThirdParty:1030 - CMSIS Pack Vendor :STMicroelectronics X-CUBE-ALGOBUILD 1.4.0
2025-06-01 21:47:23,037 [INFO] ThirdParty:1030 - CMSIS Pack Vendor :STMicroelectronics X-CUBE-AZRTOS-H7RS 1.0.0
2025-06-01 21:47:23,037 [INFO] ThirdParty:1030 - CMSIS Pack Vendor :STMicroelectronics FP-ATR-ASTRA1 2.0.0
2025-06-01 21:47:23,037 [INFO] ThirdParty:1030 - CMSIS Pack Vendor :STMicroelectronics X-CUBE-TOF1 3.4.2
2025-06-01 21:47:23,037 [INFO] ThirdParty:1030 - CMSIS Pack Vendor :STMicroelectronics X-CUBE-TOF1 3.4.3
2025-06-01 21:47:23,037 [INFO] ThirdParty:1030 - CMSIS Pack Vendor :STMicroelectronics X-CUBE-AI 9.1.0
2025-06-01 21:47:23,038 [INFO] ThirdParty:1030 - CMSIS Pack Vendor :STMicroelectronics X-CUBE-TOF1 3.4.1
2025-06-01 21:47:23,038 [INFO] ThirdParty:1030 - CMSIS Pack Vendor :STMicroelectronics X-CUBE-AZRTOS-H7 3.2.0
2025-06-01 21:47:23,038 [INFO] ThirdParty:1030 - CMSIS Pack Vendor :Infineon AIROC-Wi-Fi-Bluetooth-STM32 1.6.0
2025-06-01 21:47:23,038 [INFO] ThirdParty:1030 - CMSIS Pack Vendor :wolfSSL I-CUBE-wolfSSH 1.4.17
2025-06-01 21:47:23,038 [INFO] ThirdParty:841 - exiting critical section [change project]
2025-06-01 21:47:23,609 [INFO] PinOutPanel:1589 - setPackage(No Configuration,No Configuration)
2025-06-01 21:47:23,610 [INFO] PinOutPanel:1589 - setPackage(STM32F412ZGTx,LQFP144)
2025-06-01 21:47:24,141 [INFO] UtilMem:75 - Before build in PCC Used Memory: 801591152 Bytes (1073741824)
2025-06-01 21:47:24,933 [INFO] UtilMem:75 - After build in PCC Used Memory: 868719120 Bytes (1073741824)
2025-06-01 21:47:25,106 [INFO] ApiDbMcu:508 - Load IP Config File for USB_DEVICE
2025-06-01 21:47:25,146 [INFO] IPUIPlugin:80 - create IPUIPlugin
2025-06-01 21:47:25,146 [INFO] IPUIPlugin:80 - create IPUIPlugin
2025-06-01 21:47:25,146 [INFO] IPUIPlugin:80 - create IPUIPlugin
2025-06-01 21:47:25,147 [INFO] IPUIPlugin:80 - create IPUIPlugin
2025-06-01 21:47:25,147 [INFO] IPUIPlugin:80 - create IPUIPlugin
2025-06-01 21:47:25,147 [INFO] IPUIPlugin:80 - create IPUIPlugin
2025-06-01 21:47:25,147 [INFO] IPUIPlugin:80 - create IPUIPlugin
2025-06-01 21:47:25,147 [INFO] IPUIPlugin:80 - create IPUIPlugin
2025-06-01 21:47:25,147 [INFO] IPUIPlugin:80 - create IPUIPlugin
2025-06-01 21:47:25,147 [INFO] IPUIPlugin:80 - create IPUIPlugin
2025-06-01 21:47:25,148 [INFO] IPUIPlugin:80 - create IPUIPlugin
2025-06-01 21:47:25,148 [INFO] IPUIPlugin:80 - create IPUIPlugin
2025-06-01 21:47:25,148 [INFO] IPUIPlugin:80 - create IPUIPlugin
2025-06-01 21:47:25,148 [INFO] IPUIPlugin:80 - create IPUIPlugin
2025-06-01 21:47:25,148 [INFO] IPUIPlugin:80 - create IPUIPlugin
2025-06-01 21:47:25,148 [INFO] IPUIPlugin:80 - create IPUIPlugin
2025-06-01 21:47:25,148 [INFO] IPUIPlugin:80 - create IPUIPlugin
2025-06-01 21:47:25,148 [INFO] IPUIPlugin:80 - create IPUIPlugin
2025-06-01 21:47:25,148 [INFO] IPUIPlugin:80 - create IPUIPlugin
2025-06-01 21:47:25,149 [INFO] IPUIPlugin:80 - create IPUIPlugin
2025-06-01 21:47:25,149 [INFO] IPUIPlugin:80 - create IPUIPlugin
2025-06-01 21:47:25,149 [INFO] IPUIPlugin:80 - create IPUIPlugin
2025-06-01 21:47:25,149 [INFO] IPUIPlugin:80 - create IPUIPlugin
2025-06-01 21:47:25,149 [INFO] IPUIPlugin:80 - create IPUIPlugin
2025-06-01 21:47:25,150 [INFO] IPUIPlugin:80 - create IPUIPlugin
2025-06-01 21:47:25,150 [INFO] IPUIPlugin:80 - create IPUIPlugin
2025-06-01 21:47:25,150 [INFO] IPUIPlugin:80 - create IPUIPlugin
2025-06-01 21:47:25,150 [INFO] IPUIPlugin:80 - create IPUIPlugin
2025-06-01 21:47:25,151 [INFO] IPUIPlugin:80 - create IPUIPlugin
2025-06-01 21:47:25,151 [INFO] IPUIPlugin:80 - create IPUIPlugin
2025-06-01 21:47:25,151 [INFO] IPUIPlugin:80 - create IPUIPlugin
2025-06-01 21:47:25,151 [INFO] IPUIPlugin:80 - create IPUIPlugin
2025-06-01 21:47:25,152 [INFO] IPUIPlugin:80 - create IPUIPlugin
2025-06-01 21:47:25,152 [INFO] IPUIPlugin:80 - create IPUIPlugin
2025-06-01 21:47:25,152 [INFO] IPUIPlugin:80 - create IPUIPlugin
2025-06-01 21:47:25,153 [INFO] IPUIPlugin:80 - create IPUIPlugin
2025-06-01 21:47:25,153 [INFO] IPUIPlugin:80 - create IPUIPlugin
2025-06-01 21:47:25,153 [INFO] IPUIPlugin:80 - create IPUIPlugin
2025-06-01 21:47:25,154 [INFO] IPUIPlugin:80 - create IPUIPlugin
2025-06-01 21:47:25,154 [INFO] IPUIPlugin:80 - create IPUIPlugin
2025-06-01 21:47:25,154 [INFO] IPUIPlugin:80 - create IPUIPlugin
2025-06-01 21:47:25,155 [INFO] IPUIPlugin:80 - create IPUIPlugin
2025-06-01 21:47:25,155 [INFO] IPUIPlugin:80 - create IPUIPlugin
2025-06-01 21:47:25,155 [INFO] IPUIPlugin:80 - create IPUIPlugin
2025-06-01 21:47:25,155 [INFO] IPUIPlugin:80 - create IPUIPlugin
2025-06-01 21:47:25,155 [INFO] IPUIPlugin:80 - create IPUIPlugin
2025-06-01 21:47:25,156 [INFO] IPUIPlugin:80 - create IPUIPlugin
2025-06-01 21:47:25,156 [INFO] IPUIPlugin:80 - create IPUIPlugin
2025-06-01 21:47:25,156 [INFO] IPUIPlugin:80 - create IPUIPlugin
2025-06-01 21:47:25,157 [INFO] IPUIPlugin:80 - create IPUIPlugin
2025-06-01 21:47:25,157 [INFO] IPUIPlugin:80 - create IPUIPlugin
2025-06-01 21:47:25,157 [INFO] IPUIPlugin:80 - create IPUIPlugin
2025-06-01 21:47:25,158 [INFO] IPUIPlugin:80 - create IPUIPlugin
2025-06-01 21:47:25,158 [INFO] IPUIPlugin:80 - create IPUIPlugin
2025-06-01 21:47:25,158 [INFO] IPUIPlugin:80 - create IPUIPlugin
2025-06-01 21:47:25,159 [INFO] IPUIPlugin:80 - create IPUIPlugin
2025-06-01 21:47:25,159 [INFO] IPUIPlugin:80 - create IPUIPlugin
2025-06-01 21:47:25,176 [INFO] ApiDbMcu:508 - Load IP Config File for PDM2PCM
2025-06-01 21:47:25,488 [INFO] CADModel:165 - CPN selected for project levelSTM32F412ZGT6
2025-06-01 21:47:25,489 [INFO] CADModel:114 - Register for checkConnection events
2025-06-01 21:47:25,526 [INFO] OpenFileManager:385 - Restore cursor
2025-06-01 21:47:25,778 [WARN] IP:2250 - DEVICE_SERIAL0_CDC_FS not found: check if there is a RefParameter without a condition.
2025-06-01 21:47:25,779 [WARN] IP:2250 - DEVICE_SERIAL1_CDC_FS not found: check if there is a RefParameter without a condition.
2025-06-01 21:47:25,779 [WARN] IP:2250 - DEVICE_SERIAL2_CDC_FS not found: check if there is a RefParameter without a condition.
2025-06-01 21:47:25,780 [WARN] IP:2250 - DEVICE_SERIAL0_CDC_FS not found: check if there is a RefParameter without a condition.
2025-06-01 21:47:25,780 [WARN] IP:2250 - DEVICE_SERIAL1_CDC_FS not found: check if there is a RefParameter without a condition.
2025-06-01 21:47:25,780 [WARN] IP:2250 - DEVICE_SERIAL2_CDC_FS not found: check if there is a RefParameter without a condition.
2025-06-01 21:47:29,519 [WARN] IP:2250 - DEVICE_SERIAL0_CDC_FS not found: check if there is a RefParameter without a condition.
2025-06-01 21:47:29,520 [WARN] IP:2250 - DEVICE_SERIAL1_CDC_FS not found: check if there is a RefParameter without a condition.
2025-06-01 21:47:29,520 [WARN] IP:2250 - DEVICE_SERIAL2_CDC_FS not found: check if there is a RefParameter without a condition.
2025-06-01 21:47:29,521 [WARN] IP:2250 - DEVICE_SERIAL0_CDC_FS not found: check if there is a RefParameter without a condition.
2025-06-01 21:47:29,521 [WARN] IP:2250 - DEVICE_SERIAL1_CDC_FS not found: check if there is a RefParameter without a condition.
2025-06-01 21:47:29,521 [WARN] IP:2250 - DEVICE_SERIAL2_CDC_FS not found: check if there is a RefParameter without a condition.
2025-06-01 21:47:29,692 [WARN] IP:2250 - DEVICE_SERIAL0_CDC_FS not found: check if there is a RefParameter without a condition.
2025-06-01 21:47:29,692 [WARN] IP:2250 - DEVICE_SERIAL1_CDC_FS not found: check if there is a RefParameter without a condition.
2025-06-01 21:47:29,693 [WARN] IP:2250 - DEVICE_SERIAL2_CDC_FS not found: check if there is a RefParameter without a condition.
2025-06-01 21:47:29,694 [WARN] IP:2250 - DEVICE_SERIAL0_CDC_FS not found: check if there is a RefParameter without a condition.
2025-06-01 21:47:29,694 [WARN] IP:2250 - DEVICE_SERIAL1_CDC_FS not found: check if there is a RefParameter without a condition.
2025-06-01 21:47:29,694 [WARN] IP:2250 - DEVICE_SERIAL2_CDC_FS not found: check if there is a RefParameter without a condition.
2025-06-01 21:47:29,859 [WARN] IP:2250 - DEVICE_SERIAL0_CDC_FS not found: check if there is a RefParameter without a condition.
2025-06-01 21:47:29,859 [WARN] IP:2250 - DEVICE_SERIAL1_CDC_FS not found: check if there is a RefParameter without a condition.
2025-06-01 21:47:29,859 [WARN] IP:2250 - DEVICE_SERIAL2_CDC_FS not found: check if there is a RefParameter without a condition.
2025-06-01 21:47:29,860 [WARN] IP:2250 - DEVICE_SERIAL0_CDC_FS not found: check if there is a RefParameter without a condition.
2025-06-01 21:47:29,860 [WARN] IP:2250 - DEVICE_SERIAL1_CDC_FS not found: check if there is a RefParameter without a condition.
2025-06-01 21:47:29,860 [WARN] IP:2250 - DEVICE_SERIAL2_CDC_FS not found: check if there is a RefParameter without a condition.
