2025-05-05 07:55:33,981 [INFO] Activator:176 - 


2025-05-05 07:55:34,001 [INFO] Activator:177 - !SESSION log4j initialized
2025-05-05 07:55:47,264 [INFO] LogOutputStream:77 - [STDOUT_REDIRECT] 
2025-05-05 07:55:54,636 [INFO] ApplicationProperties:184 - Using Application install path: C:\ST\STM32CubeIDE_1.15.0\STM32CubeIDE\plugins\com.st.stm32cube.common.mx_6.14.0.202502271554
2025-05-05 07:55:54,679 [INFO] DbMcusXml:78 - Set database path to: C:\ST\STM32CubeIDE_1.15.0\STM32CubeIDE\plugins\com.st.stm32cube.common.mx_6.14.0.202502271554\\db\/mcu/
2025-05-05 07:55:54,680 [INFO] ApiDb:274 - Set plugin database path to: C:\ST\STM32CubeIDE_1.15.0\STM32CubeIDE\plugins\com.st.stm32cube.common.mx_6.14.0.202502271554\\db\/plugins/boardmanager/
2025-05-05 07:55:54,680 [WARN] ApiDb:259 - Overriding images path with different value:  => C:\ST\STM32CubeIDE_1.15.0\STM32CubeIDE\plugins\com.st.stm32cube.common.mx_6.14.0.202502271554\\db\/plugins/mcufinder/images/
2025-05-05 07:55:54,700 [INFO] ApiDb:250 - Set database path to: C:\Users\gagno\.stmcufinder\plugins\mcufinder//mcu/
2025-05-05 07:55:54,703 [INFO] DbMcusAds:125 - Set database path to: C:\Users\gagno\.stmcufinder\plugins\mcufinder//mcu/
2025-05-05 07:55:54,708 [INFO] CrossReferenceDbSqlite:203 - Set database path to: C:\Users\gagno\.stmcufinder\plugins\mcufinder//mcu/cs/
2025-05-05 07:55:54,988 [INFO] RulesReader:64 - Compatibility file has been processed (301 Rules)
2025-05-05 07:55:55,186 [INFO] DbMcusXml:78 - Set database path to: C:\ST\STM32CubeIDE_1.15.0\STM32CubeIDE\plugins\com.st.stm32cube.common.mx_6.14.0.202502271554\\db\/mcu/
2025-05-05 07:55:55,186 [INFO] ApiDb:274 - Set plugin database path to: C:\ST\STM32CubeIDE_1.15.0\STM32CubeIDE\plugins\com.st.stm32cube.common.mx_6.14.0.202502271554\\db\/plugins/boardmanager/
2025-05-05 07:55:55,187 [INFO] ApiDb:261 - Set plugin images path to: C:\ST\STM32CubeIDE_1.15.0\STM32CubeIDE\plugins\com.st.stm32cube.common.mx_6.14.0.202502271554\\db\/plugins/mcufinder/images/
2025-05-05 07:55:55,187 [WARN] DbFile:41 - Overriding database path with different value: C:\Users\gagno\.stmcufinder\plugins\mcufinder/ => C:\Users\gagno\.stmcufinder\plugins\mcufinder
2025-05-05 07:55:55,188 [INFO] ApiDb:250 - Set database path to: C:\Users\gagno\.stmcufinder\plugins\mcufinder//mcu/
2025-05-05 07:55:55,188 [WARN] DbFile:41 - Overriding database path with different value: C:\Users\gagno\.stmcufinder\plugins\mcufinder/ => C:\Users\gagno\.stmcufinder\plugins\mcufinder
2025-05-05 07:55:55,188 [INFO] DbMcusAds:125 - Set database path to: C:\Users\gagno\.stmcufinder\plugins\mcufinder//mcu/
2025-05-05 07:55:55,188 [WARN] DbFile:41 - Overriding database path with different value: C:\Users\gagno\.stmcufinder\plugins\mcufinder/ => C:\Users\gagno\.stmcufinder\plugins\mcufinder
2025-05-05 07:55:55,189 [WARN] DbFile:41 - Overriding database path with different value: C:\Users\gagno\.stmcufinder\plugins\mcufinder/ => C:\Users\gagno\.stmcufinder\plugins\mcufinder
2025-05-05 07:55:55,189 [INFO] CrossReferenceDbSqlite:203 - Set database path to: C:\Users\gagno\.stmcufinder\plugins\mcufinder//mcu/cs/
2025-05-05 07:55:55,374 [INFO] MainPanel:272 - HeapMemory: 268435456
2025-05-05 07:55:55,630 [INFO] DbMcusXml:78 - Set database path to: C:\ST\STM32CubeIDE_1.15.0\STM32CubeIDE\plugins\com.st.stm32cube.common.mx_6.14.0.202502271554\\db\/mcu/
2025-05-05 07:55:55,630 [INFO] ApiDb:274 - Set plugin database path to: C:\ST\STM32CubeIDE_1.15.0\STM32CubeIDE\plugins\com.st.stm32cube.common.mx_6.14.0.202502271554\\db\/plugins/boardmanager/
2025-05-05 07:55:55,630 [INFO] ApiDb:261 - Set plugin images path to: C:\ST\STM32CubeIDE_1.15.0\STM32CubeIDE\plugins\com.st.stm32cube.common.mx_6.14.0.202502271554\\db\/plugins/mcufinder/images/
2025-05-05 07:55:55,633 [WARN] DbFile:41 - Overriding database path with different value: C:\Users\gagno\.stmcufinder\plugins\mcufinder/ => C:\Users\gagno\.stmcufinder\plugins\mcufinder
2025-05-05 07:55:55,633 [INFO] ApiDb:250 - Set database path to: C:\Users\gagno\.stmcufinder\plugins\mcufinder//mcu/
2025-05-05 07:55:55,633 [WARN] DbFile:41 - Overriding database path with different value: C:\Users\gagno\.stmcufinder\plugins\mcufinder/ => C:\Users\gagno\.stmcufinder\plugins\mcufinder
2025-05-05 07:55:55,633 [INFO] DbMcusAds:125 - Set database path to: C:\Users\gagno\.stmcufinder\plugins\mcufinder//mcu/
2025-05-05 07:55:55,634 [WARN] DbFile:41 - Overriding database path with different value: C:\Users\gagno\.stmcufinder\plugins\mcufinder/ => C:\Users\gagno\.stmcufinder\plugins\mcufinder
2025-05-05 07:55:55,634 [WARN] DbFile:41 - Overriding database path with different value: C:\Users\gagno\.stmcufinder\plugins\mcufinder/ => C:\Users\gagno\.stmcufinder\plugins\mcufinder
2025-05-05 07:55:55,634 [INFO] CrossReferenceDbSqlite:203 - Set database path to: C:\Users\gagno\.stmcufinder\plugins\mcufinder//mcu/cs/
2025-05-05 07:55:55,675 [INFO] ApplicationProperties:184 - Using Application install path: C:\ST\STM32CubeIDE_1.15.0\STM32CubeIDE\plugins\com.st.stm32cube.common.mx_6.14.0.202502271554
2025-05-05 07:55:55,678 [INFO] PluginManage:196 - Search for loadable plugins [exclusion list=, ]
2025-05-05 07:55:55,683 [INFO] PluginManage:310 - Check plugin analytics
2025-05-05 07:56:01,158 [INFO] AnalyticsPlugin:253 - Accepted Software Licenses: 
2025-05-05 07:56:01,158 [INFO] AnalyticsPlugin:255 - Accepted CMSIS Pack Licenses: 
2025-05-05 07:56:01,159 [INFO] AnalyticsPlugin:257 - Accepted Firmware Licenses: FW.F4.1.28.0
2025-05-05 07:56:01,169 [INFO] PluginManage:359 - Loaded plugin analytics (category:tool,tabindex:-1)
2025-05-05 07:56:01,170 [INFO] PluginManage:310 - Check plugin cadmodel
2025-05-05 07:56:01,185 [INFO] CADModel:105 - Init CAD model plugin
2025-05-05 07:56:01,186 [INFO] PluginManage:359 - Loaded plugin cadmodel (category:power,tabindex:5)
2025-05-05 07:56:01,186 [INFO] PluginManage:310 - Check plugin clock
2025-05-05 07:56:01,209 [INFO] PluginManage:359 - Loaded plugin clock (category:base,tabindex:2)
2025-05-05 07:56:01,210 [INFO] PluginManage:310 - Check plugin ddr
2025-05-05 07:56:01,218 [INFO] PluginManage:359 - Loaded plugin ddr (category:tool,tabindex:6)
2025-05-05 07:56:01,218 [INFO] PluginManage:310 - Check plugin filemanager
2025-05-05 07:56:01,643 [INFO] PluginManage:359 - Loaded plugin filemanager (category:base,tabindex:10)
2025-05-05 07:56:01,643 [INFO] PluginManage:310 - Check plugin ipmanager
2025-05-05 07:56:01,665 [INFO] PluginManage:359 - Loaded plugin ipmanager (category:base,tabindex:5)
2025-05-05 07:56:01,665 [INFO] PluginManage:310 - Check plugin lpbam
2025-05-05 07:56:01,691 [INFO] PluginManage:359 - Loaded plugin lpbam (category:base,tabindex:0)
2025-05-05 07:56:01,691 [INFO] PluginManage:310 - Check plugin memorymap
2025-05-05 07:56:01,732 [INFO] PluginManage:359 - Loaded plugin memorymap (category:base,tabindex:4)
2025-05-05 07:56:01,733 [INFO] PluginManage:310 - Check plugin pinoutandconfiguration
2025-05-05 07:56:01,760 [INFO] PluginManage:359 - Loaded plugin pinoutandconfiguration (category:base,tabindex:1)
2025-05-05 07:56:01,760 [INFO] PluginManage:310 - Check plugin pinoutconfig
2025-05-05 07:56:01,998 [WARN] SupportedApi:132 - Cannot load RTOS API schema: s4s-elt-must-match.1: The content of 'definitions' must match (annotation?, (simpleType | complexType)?, (unique | key | keyref)*)). A problem was found starting at: attribute.
2025-05-05 07:56:02,416 [INFO] PluginManage:359 - Loaded plugin pinoutconfig (category:base,tabindex:0)
2025-05-05 07:56:02,417 [INFO] PluginManage:310 - Check plugin power
2025-05-05 07:56:02,451 [INFO] PluginManage:359 - Loaded plugin power (category:power,tabindex:4)
2025-05-05 07:56:02,452 [INFO] PluginManage:310 - Check plugin projectmanager
2025-05-05 07:56:02,501 [INFO] PluginManage:359 - Loaded plugin projectmanager (category:projectmanager,tabindex:4)
2025-05-05 07:56:02,501 [INFO] PluginManage:310 - Check plugin rif
2025-05-05 07:56:02,525 [INFO] PluginManage:359 - Loaded plugin rif (category:base,tabindex:3)
2025-05-05 07:56:02,526 [INFO] PluginManage:310 - Check plugin thirdparty
2025-05-05 07:56:03,025 [WARN] IntegrityCheckThread:84 - waiting for thirdparty lock release [integrity check]
2025-05-05 07:56:03,025 [INFO] PluginManage:359 - Loaded plugin thirdparty (category:base,tabindex:-1)
2025-05-05 07:56:03,026 [INFO] IntegrityCheckThread:86 - entering critical section [integrity check]
2025-05-05 07:56:03,026 [INFO] PluginManage:310 - Check plugin tools
2025-05-05 07:56:03,027 [INFO] ThirdPartyUpdaterWithRetryManager:70 - Updater plugin not ready yet. [1/15]
2025-05-05 07:56:03,034 [INFO] PluginManage:359 - Loaded plugin tools (category:base,tabindex:7)
2025-05-05 07:56:03,035 [INFO] PluginManage:310 - Check plugin tutovideos
2025-05-05 07:56:03,805 [INFO] PluginManage:359 - Loaded plugin tutovideos (category:base,tabindex:-1)
2025-05-05 07:56:03,806 [INFO] PluginManage:310 - Check plugin updater
2025-05-05 07:56:03,875 [INFO] PluginManage:359 - Loaded plugin updater (category:base,tabindex:12)
2025-05-05 07:56:03,876 [INFO] PluginManage:310 - Check plugin userauth
2025-05-05 07:56:03,890 [INFO] UserAuth:118 - Init User Auth plugin
2025-05-05 07:56:03,894 [INFO] PluginManage:359 - Loaded plugin userauth (category:base,tabindex:14)
2025-05-05 07:56:03,896 [INFO] PluginManage:283 - PluginManage : Loaded plugins [18]
2025-05-05 07:56:04,562 [INFO] PinOutPanel:1589 - setPackage(No Configuration,No Configuration)
2025-05-05 07:56:04,763 [INFO] CADModel:165 - CPN selected for project level
2025-05-05 07:56:04,764 [INFO] CADModel:114 - Register for checkConnection events
2025-05-05 07:56:04,839 [INFO] IPUIPlugin:80 - create IPUIPlugin
2025-05-05 07:56:04,839 [INFO] PluginManager:220 - loadIPPluginJar : add adc
2025-05-05 07:56:04,847 [INFO] IPUIPlugin:80 - create IPUIPlugin
2025-05-05 07:56:04,847 [INFO] PluginManager:220 - loadIPPluginJar : add aes
2025-05-05 07:56:04,854 [INFO] IPUIPlugin:80 - create IPUIPlugin
2025-05-05 07:56:04,855 [INFO] PluginManager:220 - loadIPPluginJar : add can
2025-05-05 07:56:04,859 [INFO] IPUIPlugin:80 - create IPUIPlugin
2025-05-05 07:56:04,859 [INFO] PluginManager:220 - loadIPPluginJar : add comp
2025-05-05 07:56:04,868 [INFO] IPUIPlugin:80 - create IPUIPlugin
2025-05-05 07:56:04,868 [INFO] PluginManager:220 - loadIPPluginJar : add cryp
2025-05-05 07:56:04,877 [INFO] IPUIPlugin:80 - create IPUIPlugin
2025-05-05 07:56:04,878 [INFO] PluginManager:220 - loadIPPluginJar : add ddr_ctrl_phy
2025-05-05 07:56:04,886 [INFO] IPUIPlugin:80 - create IPUIPlugin
2025-05-05 07:56:04,886 [INFO] PluginManager:220 - loadIPPluginJar : add dfsdm
2025-05-05 07:56:04,903 [INFO] IPUIPlugin:80 - create IPUIPlugin
2025-05-05 07:56:04,906 [INFO] PluginManager:220 - loadIPPluginJar : add dma
2025-05-05 07:56:04,914 [INFO] IPUIPlugin:80 - create IPUIPlugin
2025-05-05 07:56:04,914 [INFO] PluginManager:220 - loadIPPluginJar : add dma3
2025-05-05 07:56:04,922 [INFO] IPUIPlugin:80 - create IPUIPlugin
2025-05-05 07:56:04,923 [INFO] PluginManager:220 - loadIPPluginJar : add extmemmanager
2025-05-05 07:56:04,927 [INFO] IPUIPlugin:80 - create IPUIPlugin
2025-05-05 07:56:04,928 [INFO] PluginManager:220 - loadIPPluginJar : add fatfs
2025-05-05 07:56:04,941 [INFO] IPUIPlugin:80 - create IPUIPlugin
2025-05-05 07:56:04,942 [INFO] PluginManager:220 - loadIPPluginJar : add fmc
2025-05-05 07:56:04,955 [INFO] IPUIPlugin:80 - create IPUIPlugin
2025-05-05 07:56:04,956 [INFO] PluginManager:220 - loadIPPluginJar : add freertos
2025-05-05 07:56:04,960 [INFO] IPUIPlugin:80 - create IPUIPlugin
2025-05-05 07:56:04,961 [INFO] PluginManager:220 - loadIPPluginJar : add genericplugin
2025-05-05 07:56:04,968 [INFO] IPUIPlugin:80 - create IPUIPlugin
2025-05-05 07:56:04,969 [INFO] PluginManager:220 - loadIPPluginJar : add gfxmmu
2025-05-05 07:56:04,985 [INFO] IPUIPlugin:80 - create IPUIPlugin
2025-05-05 07:56:04,986 [INFO] PluginManager:220 - loadIPPluginJar : add gic
2025-05-05 07:56:05,001 [INFO] IPUIPlugin:80 - create IPUIPlugin
2025-05-05 07:56:05,001 [INFO] PluginManager:220 - loadIPPluginJar : add gpio
2025-05-05 07:56:05,013 [INFO] IPUIPlugin:80 - create IPUIPlugin
2025-05-05 07:56:05,014 [INFO] PluginManager:220 - loadIPPluginJar : add gtzc
2025-05-05 07:56:05,023 [INFO] IPUIPlugin:80 - create IPUIPlugin
2025-05-05 07:56:05,023 [INFO] PluginManager:220 - loadIPPluginJar : add hash
2025-05-05 07:56:05,033 [INFO] IPUIPlugin:80 - create IPUIPlugin
2025-05-05 07:56:05,034 [INFO] PluginManager:220 - loadIPPluginJar : add i2c
2025-05-05 07:56:05,041 [INFO] IPUIPlugin:80 - create IPUIPlugin
2025-05-05 07:56:05,041 [INFO] PluginManager:220 - loadIPPluginJar : add i2s
2025-05-05 07:56:05,050 [INFO] IPUIPlugin:80 - create IPUIPlugin
2025-05-05 07:56:05,051 [INFO] PluginManager:220 - loadIPPluginJar : add i3c
2025-05-05 07:56:05,058 [INFO] IPUIPlugin:80 - create IPUIPlugin
2025-05-05 07:56:05,059 [INFO] PluginManager:220 - loadIPPluginJar : add ipddr
2025-05-05 07:56:05,077 [INFO] IPUIPlugin:80 - create IPUIPlugin
2025-05-05 07:56:05,078 [INFO] PluginManager:220 - loadIPPluginJar : add linkedlist
2025-05-05 07:56:05,087 [INFO] IPUIPlugin:80 - create IPUIPlugin
2025-05-05 07:56:05,087 [INFO] PluginManager:220 - loadIPPluginJar : add lorawan
2025-05-05 07:56:05,092 [INFO] IPUIPlugin:80 - create IPUIPlugin
2025-05-05 07:56:05,092 [INFO] PluginManager:220 - loadIPPluginJar : add ltdc
2025-05-05 07:56:05,106 [INFO] IPUIPlugin:80 - create IPUIPlugin
2025-05-05 07:56:05,106 [INFO] PluginManager:220 - loadIPPluginJar : add mdma
2025-05-05 07:56:05,117 [INFO] IPUIPlugin:80 - create IPUIPlugin
2025-05-05 07:56:05,117 [INFO] PluginManager:220 - loadIPPluginJar : add nvic
2025-05-05 07:56:05,126 [INFO] IPUIPlugin:80 - create IPUIPlugin
2025-05-05 07:56:05,126 [INFO] PluginManager:220 - loadIPPluginJar : add opamp
2025-05-05 07:56:05,137 [INFO] IPUIPlugin:80 - create IPUIPlugin
2025-05-05 07:56:05,137 [INFO] PluginManager:220 - loadIPPluginJar : add openamp
2025-05-05 07:56:05,147 [INFO] IPUIPlugin:80 - create IPUIPlugin
2025-05-05 07:56:05,148 [INFO] PluginManager:220 - loadIPPluginJar : add pdm2pcm
2025-05-05 07:56:05,171 [INFO] IPUIPlugin:80 - create IPUIPlugin
2025-05-05 07:56:05,181 [INFO] PluginManager:220 - loadIPPluginJar : add plateformsettings
2025-05-05 07:56:05,188 [INFO] IPUIPlugin:80 - create IPUIPlugin
2025-05-05 07:56:05,188 [INFO] PluginManager:220 - loadIPPluginJar : add quadspi
2025-05-05 07:56:05,195 [INFO] IPUIPlugin:80 - create IPUIPlugin
2025-05-05 07:56:05,199 [INFO] PluginManager:220 - loadIPPluginJar : add radio
2025-05-05 07:56:05,210 [INFO] IPUIPlugin:80 - create IPUIPlugin
2025-05-05 07:56:05,211 [INFO] PluginManager:220 - loadIPPluginJar : add resmgrutility
2025-05-05 07:56:05,221 [INFO] IPUIPlugin:80 - create IPUIPlugin
2025-05-05 07:56:05,222 [INFO] PluginManager:220 - loadIPPluginJar : add sai
2025-05-05 07:56:05,228 [INFO] IPUIPlugin:80 - create IPUIPlugin
2025-05-05 07:56:05,228 [INFO] PluginManager:220 - loadIPPluginJar : add spi
2025-05-05 07:56:05,243 [INFO] IPUIPlugin:80 - create IPUIPlugin
2025-05-05 07:56:05,244 [INFO] PluginManager:220 - loadIPPluginJar : add stm32_wpan
2025-05-05 07:56:05,249 [INFO] IPUIPlugin:80 - create IPUIPlugin
2025-05-05 07:56:05,249 [INFO] PluginManager:220 - loadIPPluginJar : add tim
2025-05-05 07:56:05,258 [INFO] IPUIPlugin:80 - create IPUIPlugin
2025-05-05 07:56:05,258 [INFO] PluginManager:220 - loadIPPluginJar : add touchsensing
2025-05-05 07:56:05,263 [INFO] IPUIPlugin:80 - create IPUIPlugin
2025-05-05 07:56:05,264 [INFO] PluginManager:220 - loadIPPluginJar : add tracer_emb
2025-05-05 07:56:05,269 [INFO] IPUIPlugin:80 - create IPUIPlugin
2025-05-05 07:56:05,269 [INFO] PluginManager:220 - loadIPPluginJar : add ts
2025-05-05 07:56:05,274 [INFO] IPUIPlugin:80 - create IPUIPlugin
2025-05-05 07:56:05,274 [INFO] PluginManager:220 - loadIPPluginJar : add tsc
2025-05-05 07:56:05,279 [INFO] IPUIPlugin:80 - create IPUIPlugin
2025-05-05 07:56:05,279 [INFO] PluginManager:220 - loadIPPluginJar : add ucpd
2025-05-05 07:56:05,285 [INFO] IPUIPlugin:80 - create IPUIPlugin
2025-05-05 07:56:05,285 [INFO] PluginManager:220 - loadIPPluginJar : add usart
2025-05-05 07:56:05,292 [INFO] IPUIPlugin:80 - create IPUIPlugin
2025-05-05 07:56:05,292 [INFO] PluginManager:220 - loadIPPluginJar : add usbx
2025-05-05 07:56:05,537 [FATAL] Updater:351 - Updater called before beeing initialized
2025-05-05 07:56:05,604 [INFO] RulesReader:64 - Compatibility file has been processed (301 Rules)
2025-05-05 07:56:05,626 [INFO] RulesReader:64 - Compatibility file has been processed (301 Rules)
2025-05-05 07:56:05,643 [INFO] CADModel:165 - CPN selected for project level
2025-05-05 07:56:05,643 [INFO] CADModel:114 - Register for checkConnection events
2025-05-05 07:56:05,643 [FATAL] Updater:351 - Updater called before beeing initialized
2025-05-05 07:56:05,643 [ERROR] CADModel:125 - Updater not yet initialized, retry later 
2025-05-05 07:56:06,029 [INFO] ThirdPartyUpdaterWithRetryManager:70 - Updater plugin not ready yet. [2/15]
2025-05-05 07:56:06,069 [FATAL] Updater:351 - Updater called before beeing initialized
2025-05-05 07:56:06,075 [INFO] CADModel:165 - CPN selected for project level
2025-05-05 07:56:06,076 [INFO] CADModel:114 - Register for checkConnection events
2025-05-05 07:56:06,076 [FATAL] Updater:351 - Updater called before beeing initialized
2025-05-05 07:56:06,076 [ERROR] CADModel:125 - Updater not yet initialized, retry later 
2025-05-05 07:56:06,086 [FATAL] Updater:351 - Updater called before beeing initialized
2025-05-05 07:56:06,352 [FATAL] Updater:351 - Updater called before beeing initialized
2025-05-05 07:56:06,365 [INFO] DbMcusAds:53 - JSON generation date=Thu Mar 06 09:54:22 EST 2025 (1741272862204)
2025-05-05 07:56:06,365 [FATAL] Updater:351 - Updater called before beeing initialized
2025-05-05 07:56:06,477 [WARN] DetailPanel:346 - Failed to get advertising image, set to default
2025-05-05 07:56:07,085 [FATAL] Updater:351 - Updater called before beeing initialized
2025-05-05 07:56:07,089 [FATAL] Updater:351 - Updater called before beeing initialized
2025-05-05 07:56:07,089 [FATAL] Updater:351 - Updater called before beeing initialized
2025-05-05 07:56:07,089 [WARN] DetailPanel:346 - Failed to get advertising image, set to default
2025-05-05 07:56:07,090 [FATAL] Updater:351 - Updater called before beeing initialized
2025-05-05 07:56:07,199 [ERROR] Updater:1198 - MainUpdater not yet initialized. External WinMGr cannot be set.
2025-05-05 07:56:07,203 [INFO] Updater:1134 - Updater Version found : 6.14.0
2025-05-05 07:56:07,243 [INFO] ApplicationProperties:184 - Using Application install path: C:\ST\STM32CubeIDE_1.15.0\STM32CubeIDE\plugins\com.st.stm32cube.common.mx_6.14.0.202502271554
2025-05-05 07:56:08,101 [INFO] MainUpdater:2872 - connection check result : 10
2025-05-05 07:56:08,102 [INFO] MainUpdater:289 - Updater Check For Update Now.
2025-05-05 07:56:08,103 [INFO] MicroXplorer:498 - Change Database Version : DB.6.0.140
2025-05-05 07:56:08,122 [INFO] McuFinderGlobals:63 - Set McuFinder mode to 2 (CubeIDE integrated)
2025-05-05 07:56:08,125 [INFO] UserAuth:486 - Internet connection configuration mode: 1
2025-05-05 07:56:08,171 [INFO] JxBrowserEngine:152 - Initiate JxBrowser Engine with user profile folder
2025-05-05 07:56:08,391 [INFO] CheckServerUpdateThread:120 - End of CheckServer Thread
2025-05-05 07:56:09,687 [WARN] PackLoader:240 - Cannot read IP mode file for STMicroelectronics.FP-SNS-MOTENVWB1.1.4.0
2025-05-05 07:56:09,706 [WARN] PackLoader:240 - Cannot read IP mode file for STMicroelectronics.FP-ATR-ASTRA1.2.0.2
2025-05-05 07:56:09,716 [WARN] PackLoader:240 - Cannot read IP mode file for STMicroelectronics.FP-ATR-ASTRA1.2.0.1
2025-05-05 07:56:09,743 [WARN] PackLoader:240 - Cannot read IP mode file for STMicroelectronics.X-CUBE-SMBUS.2.1.0
2025-05-05 07:56:09,762 [WARN] PackLoader:240 - Cannot read IP mode file for STMicroelectronics.X-CUBE-WB05N.1.1.0
2025-05-05 07:56:09,778 [WARN] PackLoader:240 - Cannot read IP mode file for STMicroelectronics.X-CUBE-TOUCHGFX.4.23.2
2025-05-05 07:56:09,846 [WARN] PackLoader:240 - Cannot read IP mode file for STMicroelectronics.X-CUBE-AZRTOS-F7.1.1.0
2025-05-05 07:56:09,976 [WARN] PackLoader:240 - Cannot read IP mode file for STMicroelectronics.X-CUBE-MEMS1.11.0.0
2025-05-05 07:56:10,243 [WARN] PackLoader:240 - Cannot read IP mode file for STMicroelectronics.FP-SNS-FLIGHT1.5.0.2
2025-05-05 07:56:10,261 [WARN] PackLoader:240 - Cannot read IP mode file for STMicroelectronics.X-CUBE-DISPLAY.3.0.0
2025-05-05 07:56:10,306 [WARN] PackLoader:240 - Cannot read IP mode file for STMicroelectronics.X-CUBE-BLE1.7.0.0
2025-05-05 07:56:10,325 [WARN] PackLoader:240 - Cannot read IP mode file for STMicroelectronics.X-CUBE-NFC10.1.0.0
2025-05-05 07:56:10,354 [WARN] PackLoader:240 - Cannot read IP mode file for STMicroelectronics.X-CUBE-BLEMGR.4.0.0
2025-05-05 07:56:10,371 [WARN] PackLoader:240 - Cannot read IP mode file for emotas.I-CUBE-CANOPEN.1.3.0
2025-05-05 07:56:10,389 [WARN] PackLoader:240 - Cannot read IP mode file for STMicroelectronics.X-CUBE-BLEMGR.3.1.0
2025-05-05 07:56:10,405 [WARN] PackLoader:240 - Cannot read IP mode file for STMicroelectronics.X-CUBE-AI.10.0.0
2025-05-05 07:56:10,417 [WARN] PackLoader:240 - Cannot read IP mode file for STMicroelectronics.FP-SNS-SMARTAG2.1.2.0
2025-05-05 07:56:10,425 [WARN] PackLoader:240 - Cannot read IP mode file for STMicroelectronics.FP-SNS-FLIGHT1.5.1.0
2025-05-05 07:56:10,509 [WARN] PackLoader:240 - Cannot read IP mode file for STMicroelectronics.X-CUBE-MEMS1.11.1.0
2025-05-05 07:56:10,871 [INFO] LogOutputStream:77 - [STDOUT_REDIRECT] 1 : Invalid condition id : UX_CORESTACK_Condition cause : null
2025-05-05 07:56:10,873 [INFO] LogOutputStream:77 - [STDOUT_REDIRECT] 1 : Invalid condition id : UX_CORESTACK_Condition cause : null
2025-05-05 07:56:10,878 [INFO] LogOutputStream:77 - [STDOUT_REDIRECT] 1 : Invalid condition id : UX_CORESTACK_Condition cause : null
2025-05-05 07:56:10,883 [INFO] LogOutputStream:77 - [STDOUT_REDIRECT] 1 : Invalid condition id : UX_CORESTACK_Condition cause : null
2025-05-05 07:56:10,887 [INFO] LogOutputStream:77 - [STDOUT_REDIRECT] 1 : Invalid condition id : UX_CORESTACK_Condition cause : null
2025-05-05 07:56:10,896 [WARN] PackLoader:240 - Cannot read IP mode file for STMicroelectronics.X-CUBE-AZRTOS-WL.2.0.0
2025-05-05 07:56:10,919 [WARN] PackLoader:240 - Cannot read IP mode file for STMicroelectronics.FP-SNS-MOTENV1.5.0.0
2025-05-05 07:56:10,936 [WARN] PackLoader:240 - Cannot read IP mode file for wolfSSL.I-CUBE-wolfMQTT.1.19.0
2025-05-05 07:56:10,984 [WARN] PackLoader:240 - Cannot read IP mode file for WES.I-CUBE-Cesium.1.3.0
2025-05-05 07:56:11,000 [WARN] PackLoader:240 - Cannot read IP mode file for STMicroelectronics.X-CUBE-BLE2.3.3.0
2025-05-05 07:56:11,024 [WARN] PackLoader:240 - Cannot read IP mode file for STMicroelectronics.X-CUBE-NFC9.1.0.0
2025-05-05 07:56:11,098 [WARN] PackLoader:240 - Cannot read IP mode file for STMicroelectronics.X-CUBE-BLE1.7.1.0
2025-05-05 07:56:11,120 [WARN] PackLoader:240 - Cannot read IP mode file for STMicroelectronics.X-CUBE-TCPP.4.1.0
2025-05-05 07:56:11,139 [WARN] PackLoader:240 - Cannot read IP mode file for STMicroelectronics.X-CUBE-ALGOBUILD.1.3.0
2025-05-05 07:56:11,255 [WARN] PackLoader:240 - Cannot read IP mode file for STMicroelectronics.X-CUBE-MEMS1.11.2.0
2025-05-05 07:56:11,464 [INFO] WebApp:169 - Instantiating new browser for Auth
2025-05-05 07:56:11,537 [WARN] PackLoader:240 - Cannot read IP mode file for STMicroelectronics.X-CUBE-AZRTOS-G0.1.1.0
2025-05-05 07:56:11,563 [WARN] PackLoader:240 - Cannot read IP mode file for STMicroelectronics.X-CUBE-SAFEA1.1.2.2
2025-05-05 07:56:11,583 [WARN] PackLoader:240 - Cannot read IP mode file for STMicroelectronics.X-CUBE-NFC4.3.0.0
2025-05-05 07:56:11,597 [WARN] PackLoader:240 - Cannot read IP mode file for wolfSSL.I-CUBE-wolfMQTT.1.18.0
2025-05-05 07:56:11,627 [WARN] PackLoader:240 - Cannot read IP mode file for EmbeddedOffice.I-CUBE-FS-RTOS.1.0.1
2025-05-05 07:56:11,638 [WARN] PackLoader:240 - Cannot read IP mode file for STMicroelectronics.X-CUBE-WB05N.2.0.0
2025-05-05 07:56:11,650 [WARN] PackLoader:240 - Cannot read IP mode file for STMicroelectronics.X-CUBE-TCPP.4.2.0
2025-05-05 07:56:11,664 [WARN] PackLoader:240 - Cannot read IP mode file for RealThread.X-CUBE-RT-Thread_Nano.4.1.1
2025-05-05 07:56:11,674 [WARN] PackLoader:240 - Cannot read IP mode file for wolfSSL.I-CUBE-wolfSSL.5.7.0
2025-05-05 07:56:11,684 [WARN] PackLoader:240 - Cannot read IP mode file for STMicroelectronics.FP-ATR-SIGFOX1.3.2.0
2025-05-05 07:56:11,695 [WARN] ConditionMgr:438 - getConditionDescription Invalid condition id : Cortex-A Device cause : null
2025-05-05 07:56:11,724 [WARN] ConditionMgr:1044 - genDependencies : Invalid condition id : Cortex-A Device cause : null
2025-05-05 07:56:11,724 [WARN] ConditionMgr:1044 - genDependencies : Invalid condition id : Cortex-A Device cause : null
2025-05-05 07:56:11,724 [WARN] ConditionMgr:1044 - genDependencies : Invalid condition id : Cortex-A Device cause : null
2025-05-05 07:56:11,736 [WARN] PackLoader:240 - Cannot read IP mode file for STMicroelectronics.X-CUBE-EEPRMA1.5.1.0
2025-05-05 07:56:11,751 [WARN] PackLoader:240 - Cannot read IP mode file for ITTIA_DB.I-CUBE-ITTIADB.8.9.0
2025-05-05 07:56:11,800 [WARN] PackLoader:240 - Cannot read IP mode file for SEGGER.I-CUBE-embOS.1.3.1
2025-05-05 07:56:11,867 [WARN] PackLoader:240 - Cannot read IP mode file for STMicroelectronics.X-CUBE-ALGOBUILD.1.4.0
2025-05-05 07:56:11,876 [WARN] PackLoader:240 - Cannot read IP mode file for STMicroelectronics.X-CUBE-AI.9.1.0
2025-05-05 07:56:11,890 [WARN] PackLoader:240 - Cannot read IP mode file for STMicroelectronics.X-CUBE-GNSS1.6.0.0
2025-05-05 07:56:11,927 [WARN] PackLoader:240 - Cannot read IP mode file for STMicroelectronics.X-CUBE-AZRTOS-F4.1.1.0
2025-05-05 07:56:11,942 [WARN] PackLoader:240 - Cannot read IP mode file for Avnet-IotConnect.X-CUBE-IoTC-DA16k-PMOD.1.0.0
2025-05-05 07:56:11,952 [WARN] PackLoader:240 - Cannot read IP mode file for STMicroelectronics.X-CUBE-ISPU.2.1.0
2025-05-05 07:56:11,964 [WARN] PackLoader:240 - Cannot read IP mode file for STMicroelectronics.X-CUBE-FREERTOS.1.2.0
2025-05-05 07:56:11,991 [WARN] PackLoader:240 - Cannot read IP mode file for STMicroelectronics.X-CUBE-AZRTOS-L5.2.0.0
2025-05-05 07:56:12,008 [WARN] PackLoader:240 - Cannot read IP mode file for STMicroelectronics.X-CUBE-NFC6.3.1.0
2025-05-05 07:56:12,020 [WARN] PackLoader:240 - Cannot read IP mode file for STMicroelectronics.X-CUBE-DPower.1.2.0
2025-05-05 07:56:12,027 [WARN] PackLoader:240 - Cannot read IP mode file for STMicroelectronics.X-CUBE-AI.9.0.0
2025-05-05 07:56:12,036 [WARN] PackLoader:240 - Cannot read IP mode file for STMicroelectronics.X-CUBE-FREERTOS.1.3.0
2025-05-05 07:56:12,048 [WARN] PackLoader:240 - Cannot read IP mode file for STMicroelectronics.X-CUBE-NFC7.1.0.1
2025-05-05 07:56:12,069 [WARN] PackLoader:240 - Cannot read IP mode file for wolfSSL.I-CUBE-wolfTPM.3.2.0
2025-05-05 07:56:12,080 [WARN] PackLoader:240 - Cannot read IP mode file for STMicroelectronics.X-CUBE-DPower.1.3.0
2025-05-05 07:56:12,087 [WARN] PackLoader:240 - Cannot read IP mode file for STMicroelectronics.X-CUBE-AI.8.1.0
2025-05-05 07:56:12,119 [WARN] ConditionMgr:438 - getConditionDescription Invalid condition id : LAN8742 Phy interface Condition cause : null
2025-05-05 07:56:12,120 [WARN] PackLoader:240 - Cannot read IP mode file for STMicroelectronics.X-CUBE-AZRTOS-L4.2.0.0
2025-05-05 07:56:12,125 [WARN] ConditionMgr:1044 - genDependencies : Invalid condition id : LAN8742 Phy interface Condition cause : null
2025-05-05 07:56:12,126 [WARN] ConditionMgr:1044 - genDependencies : Invalid condition id : LAN8742 Phy interface Condition cause : null
2025-05-05 07:56:12,127 [WARN] ConditionMgr:1044 - genDependencies : Invalid condition id : LAN8742 Phy interface Condition cause : null
2025-05-05 07:56:12,148 [WARN] PackLoader:240 - Cannot read IP mode file for STMicroelectronics.X-CUBE-SFXS2LP1.4.0.0
2025-05-05 07:56:12,194 [WARN] PackLoader:240 - Cannot read IP mode file for STMicroelectronics.X-CUBE-AZRTOS-H7.3.3.0
2025-05-05 07:56:12,221 [WARN] PackLoader:240 - Cannot read IP mode file for STMicroelectronics.X-CUBE-IPS.3.0.0
2025-05-05 07:56:12,256 [WARN] ConditionMgr:438 - getConditionDescription Invalid condition id : UX DEVICE CLASS RTOS Condition cause : null
2025-05-05 07:56:12,256 [WARN] ConditionMgr:438 - getConditionDescription Invalid condition id : UX DEVICE CLASS RTOS Condition cause : null
2025-05-05 07:56:12,260 [WARN] PackLoader:240 - Cannot read IP mode file for STMicroelectronics.X-CUBE-AZRTOS-WB.2.0.0
2025-05-05 07:56:12,261 [WARN] ConditionMgr:1044 - genDependencies : Invalid condition id : UX DEVICE CLASS RTOS Condition cause : null
2025-05-05 07:56:12,261 [WARN] ConditionMgr:1044 - genDependencies : Invalid condition id : UX DEVICE CLASS RTOS Condition cause : null
2025-05-05 07:56:12,262 [WARN] ConditionMgr:1044 - genDependencies : Invalid condition id : UX DEVICE CLASS RTOS Condition cause : null
2025-05-05 07:56:12,262 [WARN] ConditionMgr:1044 - genDependencies : Invalid condition id : UX DEVICE CLASS RTOS Condition cause : null
2025-05-05 07:56:12,262 [WARN] ConditionMgr:1044 - genDependencies : Invalid condition id : UX DEVICE CLASS RTOS Condition cause : null
2025-05-05 07:56:12,271 [WARN] PackLoader:240 - Cannot read IP mode file for STMicroelectronics.X-CUBE-GNSS1.7.0.0
2025-05-05 07:56:12,282 [WARN] PackLoader:240 - Cannot read IP mode file for STMicroelectronics.X-CUBE-GNSS1.7.0.1
2025-05-05 07:56:12,290 [WARN] PackLoader:240 - Cannot read IP mode file for STMicroelectronics.X-CUBE-TOUCHGFX.4.25.0
2025-05-05 07:56:12,306 [WARN] PackLoader:240 - Cannot read IP mode file for STMicroelectronics.FP-SNS-STBOX1.2.0.0
2025-05-05 07:56:12,334 [WARN] PackLoader:240 - Cannot read IP mode file for STMicroelectronics.X-CUBE-SUBG2.5.0.0
2025-05-05 07:56:12,383 [WARN] PackLoader:240 - Cannot read IP mode file for STMicroelectronics.X-CUBE-AZRTOS-H7RS.1.1.0
2025-05-05 07:56:12,421 [WARN] PackLoader:240 - Cannot read IP mode file for STMicroelectronics.X-CUBE-AZRTOS-G4.2.0.0
2025-05-05 07:56:12,438 [WARN] PackLoader:240 - Cannot read IP mode file for STMicroelectronics.X-CUBE-NFC7.2.0.0
2025-05-05 07:56:12,452 [WARN] PackLoader:240 - Cannot read IP mode file for STMicroelectronics.FP-SNS-MOTENVWB1.1.3.1
2025-05-05 07:56:12,463 [WARN] PackLoader:240 - Cannot read IP mode file for STMicroelectronics.X-CUBE-ISPU.2.0.0
2025-05-05 07:56:12,489 [WARN] PackLoader:240 - Cannot read IP mode file for STMicroelectronics.X-CUBE-IPS.3.1.0
2025-05-05 07:56:12,505 [WARN] PackLoader:240 - Cannot read IP mode file for STMicroelectronics.X-CUBE-ALS.1.0.2
2025-05-05 07:56:12,599 [WARN] PackLoader:240 - Cannot read IP mode file for STMicroelectronics.X-CUBE-MEMS1.10.0.0
2025-05-05 07:56:12,952 [WARN] PackLoader:240 - Cannot read IP mode file for STMicroelectronics.X-CUBE-FREERTOS.1.1.0
2025-05-05 07:56:12,959 [WARN] PackLoader:240 - Cannot read IP mode file for STMicroelectronics.X-CUBE-TOUCHGFX.4.24.0
2025-05-05 07:56:12,965 [WARN] PackLoader:240 - Cannot read IP mode file for STMicroelectronics.X-CUBE-TOUCHGFX.4.24.2
2025-05-05 07:56:12,972 [WARN] PackLoader:240 - Cannot read IP mode file for STMicroelectronics.X-CUBE-TOUCHGFX.4.24.1
2025-05-05 07:56:12,987 [WARN] PackLoader:240 - Cannot read IP mode file for portGmbH.I-Cube-SoM-uGOAL.1.1.0
2025-05-05 07:56:12,993 [WARN] PackLoader:240 - Cannot read IP mode file for STMicroelectronics.X-CUBE-ALS.1.0.1
2025-05-05 07:56:13,026 [WARN] PackLoader:240 - Cannot read IP mode file for STMicroelectronics.X-CUBE-AZRTOS-H7RS.1.0.0
2025-05-05 07:56:13,038 [WARN] PackLoader:240 - Cannot read IP mode file for STMicroelectronics.FP-ATR-ASTRA1.2.0.0
2025-05-05 07:56:13,058 [WARN] PackLoader:240 - Cannot read IP mode file for STMicroelectronics.X-CUBE-TOF1.3.4.2
2025-05-05 07:56:13,102 [WARN] PackLoader:240 - Cannot read IP mode file for STMicroelectronics.X-CUBE-TOF1.3.4.3
2025-05-05 07:56:13,153 [WARN] PackLoader:240 - Cannot read IP mode file for STMicroelectronics.X-CUBE-TOF1.3.4.1
2025-05-05 07:56:13,200 [WARN] PackLoader:240 - Cannot read IP mode file for STMicroelectronics.X-CUBE-AZRTOS-H7.3.2.0
2025-05-05 07:56:13,229 [WARN] PackLoader:240 - Cannot read IP mode file for Infineon.AIROC-Wi-Fi-Bluetooth-STM32.1.6.0
2025-05-05 07:56:13,240 [WARN] PackLoader:240 - Cannot read IP mode file for wolfSSL.I-CUBE-wolfSSH.1.4.17
2025-05-05 07:56:13,241 [INFO] ThirdParty:978 - Integrity check success = true
2025-05-05 07:56:13,242 [INFO] IntegrityCheckThread:100 - exiting critical section [integrity check]
2025-05-05 07:56:13,242 [INFO] IntegrityCheckThread:103 - End integrity checks thread
2025-05-05 07:56:14,013 [INFO] WebApp:463 - Apply proxy settings
2025-05-05 07:56:14,013 [INFO] WebApp:548 - Chromium requires no authentication
2025-05-05 07:56:14,035 [INFO] WebApp:491 - Direct internet connection detected
2025-05-05 07:56:14,092 [INFO] WebApp:894 - Register for checkConnection events
2025-05-05 07:56:14,092 [INFO] WebApp:463 - Apply proxy settings
2025-05-05 07:56:14,092 [INFO] WebApp:548 - Chromium requires no authentication
2025-05-05 07:56:14,093 [INFO] WebApp:491 - Direct internet connection detected
2025-05-05 07:56:14,337 [INFO] WebApp:191 - Connection restablished
2025-05-05 07:56:14,643 [INFO] WebApp:225 - Starting web application
2025-05-05 07:56:14,643 [INFO] WebApp:593 - Web application path used C:\ST\STM32CubeIDE_1.15.0\STM32CubeIDE\plugins\com.st.stm32cube.common.mx_6.14.0.202502271554\db\plugins\mcufinder\reactClient1\index.html
2025-05-05 07:56:15,049 [INFO] UserAuth:486 - Internet connection configuration mode: 1
2025-05-05 08:41:00,822 [INFO] WebApp:194 - Connection lost
2025-05-05 08:41:11,159 [INFO] WebApp:191 - Connection restablished
2025-05-05 08:52:47,196 [ERROR] LogOutputStream:75 - [STDERR_REDIRECT] 
2025-05-05 16:09:01,940 [INFO] Activator:176 - 


2025-05-05 16:09:01,942 [INFO] Activator:177 - !SESSION log4j initialized
2025-05-05 16:09:09,962 [INFO] LogOutputStream:77 - [STDOUT_REDIRECT] 
2025-05-05 16:09:16,356 [INFO] ApplicationProperties:184 - Using Application install path: C:\ST\STM32CubeIDE_1.15.0\STM32CubeIDE\plugins\com.st.stm32cube.common.mx_6.14.0.202502271554
2025-05-05 16:09:16,379 [INFO] DbMcusXml:78 - Set database path to: C:\ST\STM32CubeIDE_1.15.0\STM32CubeIDE\plugins\com.st.stm32cube.common.mx_6.14.0.202502271554\\db\/mcu/
2025-05-05 16:09:16,380 [INFO] ApiDb:274 - Set plugin database path to: C:\ST\STM32CubeIDE_1.15.0\STM32CubeIDE\plugins\com.st.stm32cube.common.mx_6.14.0.202502271554\\db\/plugins/boardmanager/
2025-05-05 16:09:16,380 [WARN] ApiDb:259 - Overriding images path with different value:  => C:\ST\STM32CubeIDE_1.15.0\STM32CubeIDE\plugins\com.st.stm32cube.common.mx_6.14.0.202502271554\\db\/plugins/mcufinder/images/
2025-05-05 16:09:16,391 [INFO] ApiDb:250 - Set database path to: C:\Users\gagno\.stmcufinder\plugins\mcufinder//mcu/
2025-05-05 16:09:16,392 [INFO] DbMcusAds:125 - Set database path to: C:\Users\gagno\.stmcufinder\plugins\mcufinder//mcu/
2025-05-05 16:09:16,395 [INFO] CrossReferenceDbSqlite:203 - Set database path to: C:\Users\gagno\.stmcufinder\plugins\mcufinder//mcu/cs/
2025-05-05 16:09:16,547 [INFO] RulesReader:64 - Compatibility file has been processed (301 Rules)
2025-05-05 16:09:16,658 [INFO] DbMcusXml:78 - Set database path to: C:\ST\STM32CubeIDE_1.15.0\STM32CubeIDE\plugins\com.st.stm32cube.common.mx_6.14.0.202502271554\\db\/mcu/
2025-05-05 16:09:16,659 [INFO] ApiDb:274 - Set plugin database path to: C:\ST\STM32CubeIDE_1.15.0\STM32CubeIDE\plugins\com.st.stm32cube.common.mx_6.14.0.202502271554\\db\/plugins/boardmanager/
2025-05-05 16:09:16,659 [INFO] ApiDb:261 - Set plugin images path to: C:\ST\STM32CubeIDE_1.15.0\STM32CubeIDE\plugins\com.st.stm32cube.common.mx_6.14.0.202502271554\\db\/plugins/mcufinder/images/
2025-05-05 16:09:16,659 [WARN] DbFile:41 - Overriding database path with different value: C:\Users\gagno\.stmcufinder\plugins\mcufinder/ => C:\Users\gagno\.stmcufinder\plugins\mcufinder
2025-05-05 16:09:16,659 [INFO] ApiDb:250 - Set database path to: C:\Users\gagno\.stmcufinder\plugins\mcufinder//mcu/
2025-05-05 16:09:16,659 [WARN] DbFile:41 - Overriding database path with different value: C:\Users\gagno\.stmcufinder\plugins\mcufinder/ => C:\Users\gagno\.stmcufinder\plugins\mcufinder
2025-05-05 16:09:16,659 [INFO] DbMcusAds:125 - Set database path to: C:\Users\gagno\.stmcufinder\plugins\mcufinder//mcu/
2025-05-05 16:09:16,659 [WARN] DbFile:41 - Overriding database path with different value: C:\Users\gagno\.stmcufinder\plugins\mcufinder/ => C:\Users\gagno\.stmcufinder\plugins\mcufinder
2025-05-05 16:09:16,660 [WARN] DbFile:41 - Overriding database path with different value: C:\Users\gagno\.stmcufinder\plugins\mcufinder/ => C:\Users\gagno\.stmcufinder\plugins\mcufinder
2025-05-05 16:09:16,660 [INFO] CrossReferenceDbSqlite:203 - Set database path to: C:\Users\gagno\.stmcufinder\plugins\mcufinder//mcu/cs/
2025-05-05 16:09:16,768 [INFO] MainPanel:272 - HeapMemory: 268435456
2025-05-05 16:09:16,929 [INFO] DbMcusXml:78 - Set database path to: C:\ST\STM32CubeIDE_1.15.0\STM32CubeIDE\plugins\com.st.stm32cube.common.mx_6.14.0.202502271554\\db\/mcu/
2025-05-05 16:09:16,930 [INFO] ApiDb:274 - Set plugin database path to: C:\ST\STM32CubeIDE_1.15.0\STM32CubeIDE\plugins\com.st.stm32cube.common.mx_6.14.0.202502271554\\db\/plugins/boardmanager/
2025-05-05 16:09:16,930 [INFO] ApiDb:261 - Set plugin images path to: C:\ST\STM32CubeIDE_1.15.0\STM32CubeIDE\plugins\com.st.stm32cube.common.mx_6.14.0.202502271554\\db\/plugins/mcufinder/images/
2025-05-05 16:09:16,930 [WARN] DbFile:41 - Overriding database path with different value: C:\Users\gagno\.stmcufinder\plugins\mcufinder/ => C:\Users\gagno\.stmcufinder\plugins\mcufinder
2025-05-05 16:09:16,930 [INFO] ApiDb:250 - Set database path to: C:\Users\gagno\.stmcufinder\plugins\mcufinder//mcu/
2025-05-05 16:09:16,930 [WARN] DbFile:41 - Overriding database path with different value: C:\Users\gagno\.stmcufinder\plugins\mcufinder/ => C:\Users\gagno\.stmcufinder\plugins\mcufinder
2025-05-05 16:09:16,930 [INFO] DbMcusAds:125 - Set database path to: C:\Users\gagno\.stmcufinder\plugins\mcufinder//mcu/
2025-05-05 16:09:16,930 [WARN] DbFile:41 - Overriding database path with different value: C:\Users\gagno\.stmcufinder\plugins\mcufinder/ => C:\Users\gagno\.stmcufinder\plugins\mcufinder
2025-05-05 16:09:16,931 [WARN] DbFile:41 - Overriding database path with different value: C:\Users\gagno\.stmcufinder\plugins\mcufinder/ => C:\Users\gagno\.stmcufinder\plugins\mcufinder
2025-05-05 16:09:16,931 [INFO] CrossReferenceDbSqlite:203 - Set database path to: C:\Users\gagno\.stmcufinder\plugins\mcufinder//mcu/cs/
2025-05-05 16:09:16,954 [INFO] ApplicationProperties:184 - Using Application install path: C:\ST\STM32CubeIDE_1.15.0\STM32CubeIDE\plugins\com.st.stm32cube.common.mx_6.14.0.202502271554
2025-05-05 16:09:16,956 [INFO] PluginManage:196 - Search for loadable plugins [exclusion list=, ]
2025-05-05 16:09:16,958 [INFO] PluginManage:310 - Check plugin analytics
2025-05-05 16:09:22,187 [INFO] AnalyticsPlugin:253 - Accepted Software Licenses: 
2025-05-05 16:09:22,187 [INFO] AnalyticsPlugin:255 - Accepted CMSIS Pack Licenses: 
2025-05-05 16:09:22,187 [INFO] AnalyticsPlugin:257 - Accepted Firmware Licenses: FW.F4.1.28.0
2025-05-05 16:09:22,192 [INFO] PluginManage:359 - Loaded plugin analytics (category:tool,tabindex:-1)
2025-05-05 16:09:22,193 [INFO] PluginManage:310 - Check plugin cadmodel
2025-05-05 16:09:22,203 [INFO] CADModel:105 - Init CAD model plugin
2025-05-05 16:09:22,203 [INFO] PluginManage:359 - Loaded plugin cadmodel (category:power,tabindex:5)
2025-05-05 16:09:22,204 [INFO] PluginManage:310 - Check plugin clock
2025-05-05 16:09:22,220 [INFO] PluginManage:359 - Loaded plugin clock (category:base,tabindex:2)
2025-05-05 16:09:22,220 [INFO] PluginManage:310 - Check plugin ddr
2025-05-05 16:09:22,224 [INFO] PluginManage:359 - Loaded plugin ddr (category:tool,tabindex:6)
2025-05-05 16:09:22,225 [INFO] PluginManage:310 - Check plugin filemanager
2025-05-05 16:09:22,444 [INFO] PluginManage:359 - Loaded plugin filemanager (category:base,tabindex:10)
2025-05-05 16:09:22,445 [INFO] PluginManage:310 - Check plugin ipmanager
2025-05-05 16:09:22,455 [INFO] PluginManage:359 - Loaded plugin ipmanager (category:base,tabindex:5)
2025-05-05 16:09:22,456 [INFO] PluginManage:310 - Check plugin lpbam
2025-05-05 16:09:22,470 [INFO] PluginManage:359 - Loaded plugin lpbam (category:base,tabindex:0)
2025-05-05 16:09:22,470 [INFO] PluginManage:310 - Check plugin memorymap
2025-05-05 16:09:22,499 [INFO] PluginManage:359 - Loaded plugin memorymap (category:base,tabindex:4)
2025-05-05 16:09:22,499 [INFO] PluginManage:310 - Check plugin pinoutandconfiguration
2025-05-05 16:09:22,517 [INFO] PluginManage:359 - Loaded plugin pinoutandconfiguration (category:base,tabindex:1)
2025-05-05 16:09:22,517 [INFO] PluginManage:310 - Check plugin pinoutconfig
2025-05-05 16:09:22,705 [WARN] SupportedApi:132 - Cannot load RTOS API schema: s4s-elt-must-match.1: The content of 'definitions' must match (annotation?, (simpleType | complexType)?, (unique | key | keyref)*)). A problem was found starting at: attribute.
2025-05-05 16:09:23,021 [INFO] PluginManage:359 - Loaded plugin pinoutconfig (category:base,tabindex:0)
2025-05-05 16:09:23,022 [INFO] PluginManage:310 - Check plugin power
2025-05-05 16:09:23,040 [INFO] PluginManage:359 - Loaded plugin power (category:power,tabindex:4)
2025-05-05 16:09:23,040 [INFO] PluginManage:310 - Check plugin projectmanager
2025-05-05 16:09:23,070 [INFO] PluginManage:359 - Loaded plugin projectmanager (category:projectmanager,tabindex:4)
2025-05-05 16:09:23,070 [INFO] PluginManage:310 - Check plugin rif
2025-05-05 16:09:23,097 [INFO] PluginManage:359 - Loaded plugin rif (category:base,tabindex:3)
2025-05-05 16:09:23,097 [INFO] PluginManage:310 - Check plugin thirdparty
2025-05-05 16:09:23,400 [INFO] PluginManage:359 - Loaded plugin thirdparty (category:base,tabindex:-1)
2025-05-05 16:09:23,400 [WARN] IntegrityCheckThread:84 - waiting for thirdparty lock release [integrity check]
2025-05-05 16:09:23,401 [INFO] PluginManage:310 - Check plugin tools
2025-05-05 16:09:23,401 [INFO] IntegrityCheckThread:86 - entering critical section [integrity check]
2025-05-05 16:09:23,402 [INFO] ThirdPartyUpdaterWithRetryManager:70 - Updater plugin not ready yet. [1/15]
2025-05-05 16:09:23,407 [INFO] PluginManage:359 - Loaded plugin tools (category:base,tabindex:7)
2025-05-05 16:09:23,407 [INFO] PluginManage:310 - Check plugin tutovideos
2025-05-05 16:09:23,792 [INFO] PluginManage:359 - Loaded plugin tutovideos (category:base,tabindex:-1)
2025-05-05 16:09:23,793 [INFO] PluginManage:310 - Check plugin updater
2025-05-05 16:09:23,845 [INFO] PluginManage:359 - Loaded plugin updater (category:base,tabindex:12)
2025-05-05 16:09:23,846 [INFO] PluginManage:310 - Check plugin userauth
2025-05-05 16:09:23,856 [INFO] UserAuth:118 - Init User Auth plugin
2025-05-05 16:09:23,859 [INFO] PluginManage:359 - Loaded plugin userauth (category:base,tabindex:14)
2025-05-05 16:09:23,860 [INFO] PluginManage:283 - PluginManage : Loaded plugins [18]
2025-05-05 16:09:24,748 [INFO] PinOutPanel:1589 - setPackage(No Configuration,No Configuration)
2025-05-05 16:09:24,974 [INFO] CADModel:165 - CPN selected for project level
2025-05-05 16:09:24,974 [INFO] CADModel:114 - Register for checkConnection events
2025-05-05 16:09:25,020 [INFO] IPUIPlugin:80 - create IPUIPlugin
2025-05-05 16:09:25,021 [INFO] PluginManager:220 - loadIPPluginJar : add adc
2025-05-05 16:09:25,027 [INFO] IPUIPlugin:80 - create IPUIPlugin
2025-05-05 16:09:25,027 [INFO] PluginManager:220 - loadIPPluginJar : add aes
2025-05-05 16:09:25,033 [INFO] IPUIPlugin:80 - create IPUIPlugin
2025-05-05 16:09:25,034 [INFO] PluginManager:220 - loadIPPluginJar : add can
2025-05-05 16:09:25,038 [INFO] IPUIPlugin:80 - create IPUIPlugin
2025-05-05 16:09:25,038 [INFO] PluginManager:220 - loadIPPluginJar : add comp
2025-05-05 16:09:25,043 [INFO] IPUIPlugin:80 - create IPUIPlugin
2025-05-05 16:09:25,043 [INFO] PluginManager:220 - loadIPPluginJar : add cryp
2025-05-05 16:09:25,049 [INFO] IPUIPlugin:80 - create IPUIPlugin
2025-05-05 16:09:25,050 [INFO] PluginManager:220 - loadIPPluginJar : add ddr_ctrl_phy
2025-05-05 16:09:25,056 [INFO] IPUIPlugin:80 - create IPUIPlugin
2025-05-05 16:09:25,057 [INFO] PluginManager:220 - loadIPPluginJar : add dfsdm
2025-05-05 16:09:25,067 [INFO] IPUIPlugin:80 - create IPUIPlugin
2025-05-05 16:09:25,069 [INFO] PluginManager:220 - loadIPPluginJar : add dma
2025-05-05 16:09:25,074 [INFO] IPUIPlugin:80 - create IPUIPlugin
2025-05-05 16:09:25,074 [INFO] PluginManager:220 - loadIPPluginJar : add dma3
2025-05-05 16:09:25,080 [INFO] IPUIPlugin:80 - create IPUIPlugin
2025-05-05 16:09:25,080 [INFO] PluginManager:220 - loadIPPluginJar : add extmemmanager
2025-05-05 16:09:25,084 [INFO] IPUIPlugin:80 - create IPUIPlugin
2025-05-05 16:09:25,084 [INFO] PluginManager:220 - loadIPPluginJar : add fatfs
2025-05-05 16:09:25,094 [INFO] IPUIPlugin:80 - create IPUIPlugin
2025-05-05 16:09:25,094 [INFO] PluginManager:220 - loadIPPluginJar : add fmc
2025-05-05 16:09:25,105 [INFO] IPUIPlugin:80 - create IPUIPlugin
2025-05-05 16:09:25,106 [INFO] PluginManager:220 - loadIPPluginJar : add freertos
2025-05-05 16:09:25,109 [INFO] IPUIPlugin:80 - create IPUIPlugin
2025-05-05 16:09:25,109 [INFO] PluginManager:220 - loadIPPluginJar : add genericplugin
2025-05-05 16:09:25,115 [INFO] IPUIPlugin:80 - create IPUIPlugin
2025-05-05 16:09:25,115 [INFO] PluginManager:220 - loadIPPluginJar : add gfxmmu
2025-05-05 16:09:25,125 [INFO] IPUIPlugin:80 - create IPUIPlugin
2025-05-05 16:09:25,126 [INFO] PluginManager:220 - loadIPPluginJar : add gic
2025-05-05 16:09:25,135 [INFO] IPUIPlugin:80 - create IPUIPlugin
2025-05-05 16:09:25,136 [INFO] PluginManager:220 - loadIPPluginJar : add gpio
2025-05-05 16:09:25,142 [INFO] IPUIPlugin:80 - create IPUIPlugin
2025-05-05 16:09:25,142 [INFO] PluginManager:220 - loadIPPluginJar : add gtzc
2025-05-05 16:09:25,148 [INFO] IPUIPlugin:80 - create IPUIPlugin
2025-05-05 16:09:25,148 [INFO] PluginManager:220 - loadIPPluginJar : add hash
2025-05-05 16:09:25,154 [INFO] IPUIPlugin:80 - create IPUIPlugin
2025-05-05 16:09:25,154 [INFO] PluginManager:220 - loadIPPluginJar : add i2c
2025-05-05 16:09:25,161 [INFO] IPUIPlugin:80 - create IPUIPlugin
2025-05-05 16:09:25,161 [INFO] PluginManager:220 - loadIPPluginJar : add i2s
2025-05-05 16:09:25,168 [INFO] IPUIPlugin:80 - create IPUIPlugin
2025-05-05 16:09:25,168 [INFO] PluginManager:220 - loadIPPluginJar : add i3c
2025-05-05 16:09:25,175 [INFO] IPUIPlugin:80 - create IPUIPlugin
2025-05-05 16:09:25,175 [INFO] PluginManager:220 - loadIPPluginJar : add ipddr
2025-05-05 16:09:25,191 [INFO] IPUIPlugin:80 - create IPUIPlugin
2025-05-05 16:09:25,191 [INFO] PluginManager:220 - loadIPPluginJar : add linkedlist
2025-05-05 16:09:25,198 [INFO] IPUIPlugin:80 - create IPUIPlugin
2025-05-05 16:09:25,198 [INFO] PluginManager:220 - loadIPPluginJar : add lorawan
2025-05-05 16:09:25,202 [INFO] IPUIPlugin:80 - create IPUIPlugin
2025-05-05 16:09:25,202 [INFO] PluginManager:220 - loadIPPluginJar : add ltdc
2025-05-05 16:09:25,214 [INFO] IPUIPlugin:80 - create IPUIPlugin
2025-05-05 16:09:25,214 [INFO] PluginManager:220 - loadIPPluginJar : add mdma
2025-05-05 16:09:25,223 [INFO] IPUIPlugin:80 - create IPUIPlugin
2025-05-05 16:09:25,223 [INFO] PluginManager:220 - loadIPPluginJar : add nvic
2025-05-05 16:09:25,230 [INFO] IPUIPlugin:80 - create IPUIPlugin
2025-05-05 16:09:25,230 [INFO] PluginManager:220 - loadIPPluginJar : add opamp
2025-05-05 16:09:25,239 [INFO] IPUIPlugin:80 - create IPUIPlugin
2025-05-05 16:09:25,239 [INFO] PluginManager:220 - loadIPPluginJar : add openamp
2025-05-05 16:09:25,246 [INFO] IPUIPlugin:80 - create IPUIPlugin
2025-05-05 16:09:25,247 [INFO] PluginManager:220 - loadIPPluginJar : add pdm2pcm
2025-05-05 16:09:25,260 [INFO] IPUIPlugin:80 - create IPUIPlugin
2025-05-05 16:09:25,266 [INFO] PluginManager:220 - loadIPPluginJar : add plateformsettings
2025-05-05 16:09:25,270 [INFO] IPUIPlugin:80 - create IPUIPlugin
2025-05-05 16:09:25,271 [INFO] PluginManager:220 - loadIPPluginJar : add quadspi
2025-05-05 16:09:25,276 [INFO] IPUIPlugin:80 - create IPUIPlugin
2025-05-05 16:09:25,277 [INFO] PluginManager:220 - loadIPPluginJar : add radio
2025-05-05 16:09:25,286 [INFO] IPUIPlugin:80 - create IPUIPlugin
2025-05-05 16:09:25,287 [INFO] PluginManager:220 - loadIPPluginJar : add resmgrutility
2025-05-05 16:09:25,294 [INFO] IPUIPlugin:80 - create IPUIPlugin
2025-05-05 16:09:25,294 [INFO] PluginManager:220 - loadIPPluginJar : add sai
2025-05-05 16:09:25,300 [INFO] IPUIPlugin:80 - create IPUIPlugin
2025-05-05 16:09:25,300 [INFO] PluginManager:220 - loadIPPluginJar : add spi
2025-05-05 16:09:25,312 [INFO] IPUIPlugin:80 - create IPUIPlugin
2025-05-05 16:09:25,313 [INFO] PluginManager:220 - loadIPPluginJar : add stm32_wpan
2025-05-05 16:09:25,317 [INFO] IPUIPlugin:80 - create IPUIPlugin
2025-05-05 16:09:25,317 [INFO] PluginManager:220 - loadIPPluginJar : add tim
2025-05-05 16:09:25,327 [INFO] IPUIPlugin:80 - create IPUIPlugin
2025-05-05 16:09:25,327 [INFO] PluginManager:220 - loadIPPluginJar : add touchsensing
2025-05-05 16:09:25,331 [INFO] IPUIPlugin:80 - create IPUIPlugin
2025-05-05 16:09:25,332 [INFO] PluginManager:220 - loadIPPluginJar : add tracer_emb
2025-05-05 16:09:25,336 [INFO] IPUIPlugin:80 - create IPUIPlugin
2025-05-05 16:09:25,336 [INFO] PluginManager:220 - loadIPPluginJar : add ts
2025-05-05 16:09:25,344 [INFO] IPUIPlugin:80 - create IPUIPlugin
2025-05-05 16:09:25,345 [INFO] PluginManager:220 - loadIPPluginJar : add tsc
2025-05-05 16:09:25,349 [INFO] IPUIPlugin:80 - create IPUIPlugin
2025-05-05 16:09:25,350 [INFO] PluginManager:220 - loadIPPluginJar : add ucpd
2025-05-05 16:09:25,356 [INFO] IPUIPlugin:80 - create IPUIPlugin
2025-05-05 16:09:25,357 [INFO] PluginManager:220 - loadIPPluginJar : add usart
2025-05-05 16:09:25,365 [INFO] IPUIPlugin:80 - create IPUIPlugin
2025-05-05 16:09:25,365 [INFO] PluginManager:220 - loadIPPluginJar : add usbx
2025-05-05 16:09:25,607 [FATAL] Updater:351 - Updater called before beeing initialized
2025-05-05 16:09:25,665 [INFO] RulesReader:64 - Compatibility file has been processed (301 Rules)
2025-05-05 16:09:25,686 [INFO] RulesReader:64 - Compatibility file has been processed (301 Rules)
2025-05-05 16:09:25,702 [INFO] CADModel:165 - CPN selected for project level
2025-05-05 16:09:25,702 [INFO] CADModel:114 - Register for checkConnection events
2025-05-05 16:09:25,702 [FATAL] Updater:351 - Updater called before beeing initialized
2025-05-05 16:09:25,703 [ERROR] CADModel:125 - Updater not yet initialized, retry later 
2025-05-05 16:09:26,016 [FATAL] Updater:351 - Updater called before beeing initialized
2025-05-05 16:09:26,020 [INFO] CADModel:165 - CPN selected for project level
2025-05-05 16:09:26,020 [INFO] CADModel:114 - Register for checkConnection events
2025-05-05 16:09:26,020 [FATAL] Updater:351 - Updater called before beeing initialized
2025-05-05 16:09:26,020 [ERROR] CADModel:125 - Updater not yet initialized, retry later 
2025-05-05 16:09:26,026 [FATAL] Updater:351 - Updater called before beeing initialized
2025-05-05 16:09:26,268 [FATAL] Updater:351 - Updater called before beeing initialized
2025-05-05 16:09:26,276 [INFO] DbMcusAds:53 - JSON generation date=Thu Mar 06 09:54:22 EST 2025 (1741272862204)
2025-05-05 16:09:26,277 [FATAL] Updater:351 - Updater called before beeing initialized
2025-05-05 16:09:26,352 [WARN] DetailPanel:346 - Failed to get advertising image, set to default
2025-05-05 16:09:26,403 [INFO] ThirdPartyUpdaterWithRetryManager:70 - Updater plugin not ready yet. [2/15]
2025-05-05 16:09:26,839 [FATAL] Updater:351 - Updater called before beeing initialized
2025-05-05 16:09:26,842 [FATAL] Updater:351 - Updater called before beeing initialized
2025-05-05 16:09:26,842 [FATAL] Updater:351 - Updater called before beeing initialized
2025-05-05 16:09:26,843 [WARN] DetailPanel:346 - Failed to get advertising image, set to default
2025-05-05 16:09:26,844 [FATAL] Updater:351 - Updater called before beeing initialized
2025-05-05 16:09:26,950 [ERROR] Updater:1198 - MainUpdater not yet initialized. External WinMGr cannot be set.
2025-05-05 16:09:26,954 [INFO] Updater:1134 - Updater Version found : 6.14.0
2025-05-05 16:09:26,986 [INFO] ApplicationProperties:184 - Using Application install path: C:\ST\STM32CubeIDE_1.15.0\STM32CubeIDE\plugins\com.st.stm32cube.common.mx_6.14.0.202502271554
2025-05-05 16:09:27,485 [INFO] MainUpdater:2872 - connection check result : 10
2025-05-05 16:09:27,486 [INFO] MainUpdater:289 - Updater Check For Update Now.
2025-05-05 16:09:27,487 [INFO] MicroXplorer:498 - Change Database Version : DB.6.0.140
2025-05-05 16:09:27,497 [INFO] McuFinderGlobals:63 - Set McuFinder mode to 2 (CubeIDE integrated)
2025-05-05 16:09:27,499 [INFO] UserAuth:486 - Internet connection configuration mode: 1
2025-05-05 16:09:27,534 [INFO] JxBrowserEngine:152 - Initiate JxBrowser Engine with user profile folder
2025-05-05 16:09:27,755 [INFO] CheckServerUpdateThread:120 - End of CheckServer Thread
2025-05-05 16:09:29,797 [INFO] WebApp:169 - Instantiating new browser for Auth
2025-05-05 16:09:30,140 [WARN] PackLoader:240 - Cannot read IP mode file for STMicroelectronics.FP-SNS-MOTENVWB1.1.4.0
2025-05-05 16:09:30,153 [WARN] PackLoader:240 - Cannot read IP mode file for STMicroelectronics.FP-ATR-ASTRA1.2.0.2
2025-05-05 16:09:30,159 [WARN] PackLoader:240 - Cannot read IP mode file for STMicroelectronics.FP-ATR-ASTRA1.2.0.1
2025-05-05 16:09:30,185 [WARN] PackLoader:240 - Cannot read IP mode file for STMicroelectronics.X-CUBE-SMBUS.2.1.0
2025-05-05 16:09:30,199 [WARN] PackLoader:240 - Cannot read IP mode file for STMicroelectronics.X-CUBE-WB05N.1.1.0
2025-05-05 16:09:30,208 [WARN] PackLoader:240 - Cannot read IP mode file for STMicroelectronics.X-CUBE-TOUCHGFX.4.23.2
2025-05-05 16:09:30,250 [WARN] PackLoader:240 - Cannot read IP mode file for STMicroelectronics.X-CUBE-AZRTOS-F7.1.1.0
2025-05-05 16:09:30,339 [WARN] PackLoader:240 - Cannot read IP mode file for STMicroelectronics.X-CUBE-MEMS1.11.0.0
2025-05-05 16:09:30,533 [WARN] PackLoader:240 - Cannot read IP mode file for STMicroelectronics.FP-SNS-FLIGHT1.5.0.2
2025-05-05 16:09:30,544 [WARN] PackLoader:240 - Cannot read IP mode file for STMicroelectronics.X-CUBE-DISPLAY.3.0.0
2025-05-05 16:09:30,553 [WARN] PackLoader:240 - Cannot read IP mode file for STMicroelectronics.X-CUBE-BLE1.7.0.0
2025-05-05 16:09:30,561 [WARN] PackLoader:240 - Cannot read IP mode file for STMicroelectronics.X-CUBE-NFC10.1.0.0
2025-05-05 16:09:30,575 [WARN] PackLoader:240 - Cannot read IP mode file for STMicroelectronics.X-CUBE-BLEMGR.4.0.0
2025-05-05 16:09:30,586 [WARN] PackLoader:240 - Cannot read IP mode file for emotas.I-CUBE-CANOPEN.1.3.0
2025-05-05 16:09:30,596 [WARN] PackLoader:240 - Cannot read IP mode file for STMicroelectronics.X-CUBE-BLEMGR.3.1.0
2025-05-05 16:09:30,603 [WARN] PackLoader:240 - Cannot read IP mode file for STMicroelectronics.X-CUBE-AI.10.0.0
2025-05-05 16:09:30,609 [WARN] PackLoader:240 - Cannot read IP mode file for STMicroelectronics.FP-SNS-SMARTAG2.1.2.0
2025-05-05 16:09:30,614 [WARN] PackLoader:240 - Cannot read IP mode file for STMicroelectronics.FP-SNS-FLIGHT1.5.1.0
2025-05-05 16:09:30,677 [WARN] PackLoader:240 - Cannot read IP mode file for STMicroelectronics.X-CUBE-MEMS1.11.1.0
2025-05-05 16:09:30,944 [INFO] LogOutputStream:77 - [STDOUT_REDIRECT] 1 : Invalid condition id : UX_CORESTACK_Condition cause : null
2025-05-05 16:09:30,946 [INFO] LogOutputStream:77 - [STDOUT_REDIRECT] 1 : Invalid condition id : UX_CORESTACK_Condition cause : null
2025-05-05 16:09:30,948 [INFO] LogOutputStream:77 - [STDOUT_REDIRECT] 1 : Invalid condition id : UX_CORESTACK_Condition cause : null
2025-05-05 16:09:30,950 [INFO] LogOutputStream:77 - [STDOUT_REDIRECT] 1 : Invalid condition id : UX_CORESTACK_Condition cause : null
2025-05-05 16:09:30,952 [INFO] LogOutputStream:77 - [STDOUT_REDIRECT] 1 : Invalid condition id : UX_CORESTACK_Condition cause : null
2025-05-05 16:09:30,956 [WARN] PackLoader:240 - Cannot read IP mode file for STMicroelectronics.X-CUBE-AZRTOS-WL.2.0.0
2025-05-05 16:09:30,964 [WARN] PackLoader:240 - Cannot read IP mode file for STMicroelectronics.FP-SNS-MOTENV1.5.0.0
2025-05-05 16:09:30,974 [WARN] PackLoader:240 - Cannot read IP mode file for wolfSSL.I-CUBE-wolfMQTT.1.19.0
2025-05-05 16:09:30,984 [WARN] PackLoader:240 - Cannot read IP mode file for WES.I-CUBE-Cesium.1.3.0
2025-05-05 16:09:30,995 [WARN] PackLoader:240 - Cannot read IP mode file for STMicroelectronics.X-CUBE-BLE2.3.3.0
2025-05-05 16:09:31,005 [WARN] PackLoader:240 - Cannot read IP mode file for STMicroelectronics.X-CUBE-NFC9.1.0.0
2025-05-05 16:09:31,015 [WARN] PackLoader:240 - Cannot read IP mode file for STMicroelectronics.X-CUBE-BLE1.7.1.0
2025-05-05 16:09:31,025 [WARN] PackLoader:240 - Cannot read IP mode file for STMicroelectronics.X-CUBE-TCPP.4.1.0
2025-05-05 16:09:31,037 [WARN] PackLoader:240 - Cannot read IP mode file for STMicroelectronics.X-CUBE-ALGOBUILD.1.3.0
2025-05-05 16:09:31,094 [WARN] PackLoader:240 - Cannot read IP mode file for STMicroelectronics.X-CUBE-MEMS1.11.2.0
2025-05-05 16:09:31,230 [WARN] PackLoader:240 - Cannot read IP mode file for STMicroelectronics.X-CUBE-AZRTOS-G0.1.1.0
2025-05-05 16:09:31,238 [WARN] PackLoader:240 - Cannot read IP mode file for STMicroelectronics.X-CUBE-SAFEA1.1.2.2
2025-05-05 16:09:31,246 [WARN] PackLoader:240 - Cannot read IP mode file for STMicroelectronics.X-CUBE-NFC4.3.0.0
2025-05-05 16:09:31,250 [WARN] PackLoader:240 - Cannot read IP mode file for wolfSSL.I-CUBE-wolfMQTT.1.18.0
2025-05-05 16:09:31,272 [WARN] PackLoader:240 - Cannot read IP mode file for EmbeddedOffice.I-CUBE-FS-RTOS.1.0.1
2025-05-05 16:09:31,280 [WARN] PackLoader:240 - Cannot read IP mode file for STMicroelectronics.X-CUBE-WB05N.2.0.0
2025-05-05 16:09:31,286 [WARN] PackLoader:240 - Cannot read IP mode file for STMicroelectronics.X-CUBE-TCPP.4.2.0
2025-05-05 16:09:31,294 [WARN] PackLoader:240 - Cannot read IP mode file for RealThread.X-CUBE-RT-Thread_Nano.4.1.1
2025-05-05 16:09:31,300 [WARN] PackLoader:240 - Cannot read IP mode file for wolfSSL.I-CUBE-wolfSSL.5.7.0
2025-05-05 16:09:31,305 [WARN] PackLoader:240 - Cannot read IP mode file for STMicroelectronics.FP-ATR-SIGFOX1.3.2.0
2025-05-05 16:09:31,310 [WARN] ConditionMgr:438 - getConditionDescription Invalid condition id : Cortex-A Device cause : null
2025-05-05 16:09:31,326 [WARN] ConditionMgr:1044 - genDependencies : Invalid condition id : Cortex-A Device cause : null
2025-05-05 16:09:31,327 [WARN] ConditionMgr:1044 - genDependencies : Invalid condition id : Cortex-A Device cause : null
2025-05-05 16:09:31,327 [WARN] ConditionMgr:1044 - genDependencies : Invalid condition id : Cortex-A Device cause : null
2025-05-05 16:09:31,333 [WARN] PackLoader:240 - Cannot read IP mode file for STMicroelectronics.X-CUBE-EEPRMA1.5.1.0
2025-05-05 16:09:31,341 [WARN] PackLoader:240 - Cannot read IP mode file for ITTIA_DB.I-CUBE-ITTIADB.8.9.0
2025-05-05 16:09:31,371 [WARN] PackLoader:240 - Cannot read IP mode file for SEGGER.I-CUBE-embOS.1.3.1
2025-05-05 16:09:31,403 [WARN] PackLoader:240 - Cannot read IP mode file for STMicroelectronics.X-CUBE-ALGOBUILD.1.4.0
2025-05-05 16:09:31,408 [WARN] PackLoader:240 - Cannot read IP mode file for STMicroelectronics.X-CUBE-AI.9.1.0
2025-05-05 16:09:31,417 [WARN] PackLoader:240 - Cannot read IP mode file for STMicroelectronics.X-CUBE-GNSS1.6.0.0
2025-05-05 16:09:31,436 [WARN] PackLoader:240 - Cannot read IP mode file for STMicroelectronics.X-CUBE-AZRTOS-F4.1.1.0
2025-05-05 16:09:31,446 [WARN] PackLoader:240 - Cannot read IP mode file for Avnet-IotConnect.X-CUBE-IoTC-DA16k-PMOD.1.0.0
2025-05-05 16:09:31,452 [WARN] PackLoader:240 - Cannot read IP mode file for STMicroelectronics.X-CUBE-ISPU.2.1.0
2025-05-05 16:09:31,460 [WARN] PackLoader:240 - Cannot read IP mode file for STMicroelectronics.X-CUBE-FREERTOS.1.2.0
2025-05-05 16:09:31,490 [WARN] PackLoader:240 - Cannot read IP mode file for STMicroelectronics.X-CUBE-AZRTOS-L5.2.0.0
2025-05-05 16:09:31,515 [WARN] PackLoader:240 - Cannot read IP mode file for STMicroelectronics.X-CUBE-NFC6.3.1.0
2025-05-05 16:09:31,536 [WARN] PackLoader:240 - Cannot read IP mode file for STMicroelectronics.X-CUBE-DPower.1.2.0
2025-05-05 16:09:31,556 [WARN] PackLoader:240 - Cannot read IP mode file for STMicroelectronics.X-CUBE-AI.9.0.0
2025-05-05 16:09:31,580 [WARN] PackLoader:240 - Cannot read IP mode file for STMicroelectronics.X-CUBE-FREERTOS.1.3.0
2025-05-05 16:09:31,605 [WARN] PackLoader:240 - Cannot read IP mode file for STMicroelectronics.X-CUBE-NFC7.1.0.1
2025-05-05 16:09:31,623 [WARN] PackLoader:240 - Cannot read IP mode file for wolfSSL.I-CUBE-wolfTPM.3.2.0
2025-05-05 16:09:31,648 [WARN] PackLoader:240 - Cannot read IP mode file for STMicroelectronics.X-CUBE-DPower.1.3.0
2025-05-05 16:09:31,668 [WARN] PackLoader:240 - Cannot read IP mode file for STMicroelectronics.X-CUBE-AI.8.1.0
2025-05-05 16:09:31,727 [WARN] ConditionMgr:438 - getConditionDescription Invalid condition id : LAN8742 Phy interface Condition cause : null
2025-05-05 16:09:31,729 [WARN] PackLoader:240 - Cannot read IP mode file for STMicroelectronics.X-CUBE-AZRTOS-L4.2.0.0
2025-05-05 16:09:31,733 [WARN] ConditionMgr:1044 - genDependencies : Invalid condition id : LAN8742 Phy interface Condition cause : null
2025-05-05 16:09:31,733 [WARN] ConditionMgr:1044 - genDependencies : Invalid condition id : LAN8742 Phy interface Condition cause : null
2025-05-05 16:09:31,734 [WARN] ConditionMgr:1044 - genDependencies : Invalid condition id : LAN8742 Phy interface Condition cause : null
2025-05-05 16:09:31,752 [WARN] PackLoader:240 - Cannot read IP mode file for STMicroelectronics.X-CUBE-SFXS2LP1.4.0.0
2025-05-05 16:09:31,788 [INFO] WebApp:463 - Apply proxy settings
2025-05-05 16:09:31,789 [INFO] WebApp:548 - Chromium requires no authentication
2025-05-05 16:09:31,806 [WARN] PackLoader:240 - Cannot read IP mode file for STMicroelectronics.X-CUBE-AZRTOS-H7.3.3.0
2025-05-05 16:09:31,826 [INFO] WebApp:491 - Direct internet connection detected
2025-05-05 16:09:31,842 [WARN] PackLoader:240 - Cannot read IP mode file for STMicroelectronics.X-CUBE-IPS.3.0.0
2025-05-05 16:09:31,870 [WARN] ConditionMgr:438 - getConditionDescription Invalid condition id : UX DEVICE CLASS RTOS Condition cause : null
2025-05-05 16:09:31,870 [WARN] ConditionMgr:438 - getConditionDescription Invalid condition id : UX DEVICE CLASS RTOS Condition cause : null
2025-05-05 16:09:31,874 [WARN] PackLoader:240 - Cannot read IP mode file for STMicroelectronics.X-CUBE-AZRTOS-WB.2.0.0
2025-05-05 16:09:31,875 [WARN] ConditionMgr:1044 - genDependencies : Invalid condition id : UX DEVICE CLASS RTOS Condition cause : null
2025-05-05 16:09:31,875 [WARN] ConditionMgr:1044 - genDependencies : Invalid condition id : UX DEVICE CLASS RTOS Condition cause : null
2025-05-05 16:09:31,875 [WARN] ConditionMgr:1044 - genDependencies : Invalid condition id : UX DEVICE CLASS RTOS Condition cause : null
2025-05-05 16:09:31,876 [WARN] ConditionMgr:1044 - genDependencies : Invalid condition id : UX DEVICE CLASS RTOS Condition cause : null
2025-05-05 16:09:31,876 [WARN] ConditionMgr:1044 - genDependencies : Invalid condition id : UX DEVICE CLASS RTOS Condition cause : null
2025-05-05 16:09:31,890 [WARN] PackLoader:240 - Cannot read IP mode file for STMicroelectronics.X-CUBE-GNSS1.7.0.0
2025-05-05 16:09:31,898 [WARN] PackLoader:240 - Cannot read IP mode file for STMicroelectronics.X-CUBE-GNSS1.7.0.1
2025-05-05 16:09:31,904 [WARN] PackLoader:240 - Cannot read IP mode file for STMicroelectronics.X-CUBE-TOUCHGFX.4.25.0
2025-05-05 16:09:31,914 [WARN] PackLoader:240 - Cannot read IP mode file for STMicroelectronics.FP-SNS-STBOX1.2.0.0
2025-05-05 16:09:31,915 [INFO] WebApp:894 - Register for checkConnection events
2025-05-05 16:09:31,915 [INFO] WebApp:463 - Apply proxy settings
2025-05-05 16:09:31,916 [INFO] WebApp:548 - Chromium requires no authentication
2025-05-05 16:09:31,917 [INFO] WebApp:491 - Direct internet connection detected
2025-05-05 16:09:31,936 [WARN] PackLoader:240 - Cannot read IP mode file for STMicroelectronics.X-CUBE-SUBG2.5.0.0
2025-05-05 16:09:31,991 [WARN] PackLoader:240 - Cannot read IP mode file for STMicroelectronics.X-CUBE-AZRTOS-H7RS.1.1.0
2025-05-05 16:09:32,021 [WARN] PackLoader:240 - Cannot read IP mode file for STMicroelectronics.X-CUBE-AZRTOS-G4.2.0.0
2025-05-05 16:09:32,031 [WARN] PackLoader:240 - Cannot read IP mode file for STMicroelectronics.X-CUBE-NFC7.2.0.0
2025-05-05 16:09:32,037 [WARN] PackLoader:240 - Cannot read IP mode file for STMicroelectronics.FP-SNS-MOTENVWB1.1.3.1
2025-05-05 16:09:32,044 [WARN] PackLoader:240 - Cannot read IP mode file for STMicroelectronics.X-CUBE-ISPU.2.0.0
2025-05-05 16:09:32,065 [WARN] PackLoader:240 - Cannot read IP mode file for STMicroelectronics.X-CUBE-IPS.3.1.0
2025-05-05 16:09:32,081 [WARN] PackLoader:240 - Cannot read IP mode file for STMicroelectronics.X-CUBE-ALS.1.0.2
2025-05-05 16:09:32,141 [INFO] WebApp:191 - Connection restablished
2025-05-05 16:09:32,144 [WARN] PackLoader:240 - Cannot read IP mode file for STMicroelectronics.X-CUBE-MEMS1.10.0.0
2025-05-05 16:09:32,338 [WARN] PackLoader:240 - Cannot read IP mode file for STMicroelectronics.X-CUBE-FREERTOS.1.1.0
2025-05-05 16:09:32,348 [WARN] PackLoader:240 - Cannot read IP mode file for STMicroelectronics.X-CUBE-TOUCHGFX.4.24.0
2025-05-05 16:09:32,354 [WARN] PackLoader:240 - Cannot read IP mode file for STMicroelectronics.X-CUBE-TOUCHGFX.4.24.2
2025-05-05 16:09:32,360 [WARN] PackLoader:240 - Cannot read IP mode file for STMicroelectronics.X-CUBE-TOUCHGFX.4.24.1
2025-05-05 16:09:32,374 [WARN] PackLoader:240 - Cannot read IP mode file for portGmbH.I-Cube-SoM-uGOAL.1.1.0
2025-05-05 16:09:32,384 [WARN] PackLoader:240 - Cannot read IP mode file for STMicroelectronics.X-CUBE-ALS.1.0.1
2025-05-05 16:09:32,411 [WARN] PackLoader:240 - Cannot read IP mode file for STMicroelectronics.X-CUBE-AZRTOS-H7RS.1.0.0
2025-05-05 16:09:32,421 [WARN] PackLoader:240 - Cannot read IP mode file for STMicroelectronics.FP-ATR-ASTRA1.2.0.0
2025-05-05 16:09:32,438 [WARN] PackLoader:240 - Cannot read IP mode file for STMicroelectronics.X-CUBE-TOF1.3.4.2
2025-05-05 16:09:32,467 [WARN] PackLoader:240 - Cannot read IP mode file for STMicroelectronics.X-CUBE-TOF1.3.4.3
2025-05-05 16:09:32,501 [WARN] PackLoader:240 - Cannot read IP mode file for STMicroelectronics.X-CUBE-TOF1.3.4.1
2025-05-05 16:09:32,537 [WARN] PackLoader:240 - Cannot read IP mode file for STMicroelectronics.X-CUBE-AZRTOS-H7.3.2.0
2025-05-05 16:09:32,567 [WARN] PackLoader:240 - Cannot read IP mode file for Infineon.AIROC-Wi-Fi-Bluetooth-STM32.1.6.0
2025-05-05 16:09:32,582 [WARN] PackLoader:240 - Cannot read IP mode file for wolfSSL.I-CUBE-wolfSSH.1.4.17
2025-05-05 16:09:32,583 [INFO] ThirdParty:978 - Integrity check success = true
2025-05-05 16:09:32,583 [INFO] IntegrityCheckThread:100 - exiting critical section [integrity check]
2025-05-05 16:09:32,584 [INFO] IntegrityCheckThread:103 - End integrity checks thread
2025-05-05 16:09:32,712 [INFO] WebApp:225 - Starting web application
2025-05-05 16:09:32,713 [INFO] WebApp:593 - Web application path used C:\ST\STM32CubeIDE_1.15.0\STM32CubeIDE\plugins\com.st.stm32cube.common.mx_6.14.0.202502271554\db\plugins\mcufinder\reactClient1\index.html
2025-05-05 16:09:33,023 [INFO] UserAuth:486 - Internet connection configuration mode: 1
2025-05-05 16:10:28,419 [INFO] McuFinderGlobals:63 - Set McuFinder mode to 2 (CubeIDE integrated)
2025-05-05 16:10:28,427 [INFO] MainUpdater:2872 - connection check result : 10
2025-05-05 16:10:28,429 [INFO] MainUpdater:2872 - connection check result : 10
2025-05-05 16:10:28,485 [INFO] MicroXplorer:468 - Change Database Path : 
2025-05-05 16:10:28,486 [INFO] MicroXplorer:498 - Change Database Version : DB.6.0.140
2025-05-05 16:10:28,508 [WARN] ThirdParty:871 - waiting for thirdparty lock release [close project]
2025-05-05 16:10:28,508 [INFO] ThirdParty:873 - entering critical section [close project]
2025-05-05 16:10:28,509 [INFO] ThirdParty:883 - exiting critical section [close project]
2025-05-05 16:10:28,511 [INFO] PinOutPanel:1589 - setPackage(No Configuration,No Configuration)
2025-05-05 16:10:28,518 [INFO] UtilMem:75 - Begin LoadConfig() Used Memory: 440494496 Bytes (741343232)
2025-05-05 16:10:28,520 [INFO] MicroXplorer:468 - Change Database Path : 
2025-05-05 16:10:28,521 [INFO] MicroXplorer:498 - Change Database Version : DB.6.0.140
2025-05-05 16:10:28,521 [INFO] OpenFileManager:354 - Change cursor
2025-05-05 16:10:28,567 [INFO] Mcu:2011 - Initializing MCU STM32F412Z(E-G)Tx STM32F412ZGTx STM32F412ZGT6
2025-05-05 16:10:31,456 [INFO] Context:756 - Trying to add GPIOservice into a context  which must be forbidden
2025-05-05 16:10:32,310 [INFO] ImportTextPane:218 - (OptionalMessage_ERROR) Pin45 (VP_RIF_VS_RIF1) cannot be retrieved for this MCU
2025-05-05 16:10:32,633 [INFO] RtosManager:558 - Registered RTOS mode: class=CMSIS, group=RTOS, mode=CMSIS_V1, owner=FREERTOS
2025-05-05 16:10:32,634 [INFO] RtosManager:558 - Registered RTOS mode: class=CMSIS, group=RTOS2, mode=CMSIS_V2, owner=FREERTOS
2025-05-05 16:10:32,634 [INFO] RtosManager:558 - Registered RTOS mode: class=RTOS, group=Core, mode=CMSIS_V1, owner=FREERTOS
2025-05-05 16:10:32,634 [INFO] RtosManager:558 - Registered RTOS mode: class=RTOS, group=Core, mode=CMSIS_V2, owner=FREERTOS
2025-05-05 16:10:32,634 [WARN] ModelIntegratedComponent:184 - Missing modes for component STMicroelectronics:FreeRTOS:0.0.1:STMicroelectronics:RTOS:FreeRTOS:Core:::10.2.0:
2025-05-05 16:10:32,644 [WARN] ModelIntegratedComponent:63 - No mode defined for component null
2025-05-05 16:10:32,645 [WARN] ModelIntegratedComponent:63 - No mode defined for component null
2025-05-05 16:10:32,645 [WARN] ModelIntegratedComponent:63 - No mode defined for component null
2025-05-05 16:10:32,645 [WARN] ModelIntegratedComponent:63 - No mode defined for component null
2025-05-05 16:10:32,645 [WARN] ModelIntegratedComponent:63 - No mode defined for component null
2025-05-05 16:10:32,645 [WARN] ModelIntegratedComponent:63 - No mode defined for component null
2025-05-05 16:10:32,645 [WARN] ModelIntegratedComponent:63 - No mode defined for component null
2025-05-05 16:10:32,645 [WARN] ModelIntegratedComponent:63 - No mode defined for component null
2025-05-05 16:10:32,645 [WARN] ModelIntegratedComponent:63 - No mode defined for component null
2025-05-05 16:10:32,645 [WARN] ModelIntegratedComponent:63 - No mode defined for component null
2025-05-05 16:10:32,645 [WARN] ModelIntegratedComponent:63 - No mode defined for component null
2025-05-05 16:10:32,645 [WARN] ModelIntegratedComponent:63 - No mode defined for component null
2025-05-05 16:10:32,646 [WARN] ModelIntegratedComponent:63 - No mode defined for component null
2025-05-05 16:10:32,646 [WARN] ModelIntegratedComponent:63 - No mode defined for component null
2025-05-05 16:10:32,646 [WARN] ModelIntegratedComponent:63 - No mode defined for component null
2025-05-05 16:10:32,646 [WARN] ModelIntegratedComponent:63 - No mode defined for component null
2025-05-05 16:10:32,646 [WARN] ModelIntegratedComponent:63 - No mode defined for component null
2025-05-05 16:10:32,646 [WARN] ModelIntegratedComponent:63 - No mode defined for component null
2025-05-05 16:10:32,646 [WARN] ModelIntegratedComponent:63 - No mode defined for component null
2025-05-05 16:10:32,646 [WARN] ModelIntegratedComponent:63 - No mode defined for component null
2025-05-05 16:10:32,646 [WARN] ModelIntegratedComponent:63 - No mode defined for component null
2025-05-05 16:10:32,646 [WARN] ModelIntegratedComponent:63 - No mode defined for component null
2025-05-05 16:10:32,646 [WARN] ModelIntegratedComponent:63 - No mode defined for component null
2025-05-05 16:10:32,646 [WARN] ModelIntegratedComponent:63 - No mode defined for component null
2025-05-05 16:10:32,647 [WARN] ModelIntegratedComponent:63 - No mode defined for component null
2025-05-05 16:10:32,647 [WARN] ModelIntegratedComponent:63 - No mode defined for component null
2025-05-05 16:10:32,647 [WARN] ModelIntegratedComponent:63 - No mode defined for component null
2025-05-05 16:10:32,647 [WARN] ModelIntegratedComponent:63 - No mode defined for component null
2025-05-05 16:10:32,647 [WARN] ModelIntegratedComponent:63 - No mode defined for component null
2025-05-05 16:10:32,647 [WARN] ModelIntegratedComponent:63 - No mode defined for component null
2025-05-05 16:10:32,647 [WARN] ModelIntegratedComponent:63 - No mode defined for component null
2025-05-05 16:10:32,647 [WARN] ModelIntegratedComponent:63 - No mode defined for component null
2025-05-05 16:10:32,647 [WARN] ModelIntegratedComponent:63 - No mode defined for component null
2025-05-05 16:10:32,647 [WARN] ModelIntegratedComponent:63 - No mode defined for component null
2025-05-05 16:10:32,647 [WARN] ModelIntegratedComponent:63 - No mode defined for component null
2025-05-05 16:10:32,648 [WARN] ModelPack:524 - Component already loaded: STMicroelectronics:HAL Drivers:0.0.0:STMicroelectronics:Device:STMicro_Driver:XSPI:HAL::0.0.1:HAL_XSPI
2025-05-05 16:10:32,732 [WARN] ModelIntegratedComponent:182 - Modes not found for component STMicroelectronics:USB_DEVICE:1.0.0:STMicroelectronics:USB::USB Device:Audio HS::1.0:USB_DEVICE_1_0_RESTRICTED_HS
2025-05-05 16:10:32,732 [WARN] ModelIntegratedComponent:188 - Modes not found for component STMicroelectronics:USB_DEVICE:1.0.0:STMicroelectronics:USB::USB Device:Audio HS::1.0:USB_DEVICE_1_0_RESTRICTED_HS
2025-05-05 16:10:32,732 [WARN] ModelIntegratedComponent:182 - Modes not found for component STMicroelectronics:USB_DEVICE:1.0.0:STMicroelectronics:USB::USB Device:CDC HS::1.0:USB_DEVICE_1_0_RESTRICTED_HS
2025-05-05 16:10:32,732 [WARN] ModelIntegratedComponent:188 - Modes not found for component STMicroelectronics:USB_DEVICE:1.0.0:STMicroelectronics:USB::USB Device:CDC HS::1.0:USB_DEVICE_1_0_RESTRICTED_HS
2025-05-05 16:10:32,732 [WARN] ModelIntegratedComponent:182 - Modes not found for component STMicroelectronics:USB_DEVICE:1.0.0:STMicroelectronics:USB::USB Device:DFU HS::1.0:USB_DEVICE_1_0_RESTRICTED_HS
2025-05-05 16:10:32,732 [WARN] ModelIntegratedComponent:188 - Modes not found for component STMicroelectronics:USB_DEVICE:1.0.0:STMicroelectronics:USB::USB Device:DFU HS::1.0:USB_DEVICE_1_0_RESTRICTED_HS
2025-05-05 16:10:32,732 [WARN] ModelIntegratedComponent:182 - Modes not found for component STMicroelectronics:USB_DEVICE:1.0.0:STMicroelectronics:USB::USB Device:HID HS::1.0:USB_DEVICE_1_0_RESTRICTED_HS
2025-05-05 16:10:32,732 [WARN] ModelIntegratedComponent:188 - Modes not found for component STMicroelectronics:USB_DEVICE:1.0.0:STMicroelectronics:USB::USB Device:HID HS::1.0:USB_DEVICE_1_0_RESTRICTED_HS
2025-05-05 16:10:32,732 [WARN] ModelIntegratedComponent:182 - Modes not found for component STMicroelectronics:USB_DEVICE:1.0.0:STMicroelectronics:USB::USB Device:Custom HID HS::1.0:USB_DEVICE_1_0_RESTRICTED_HS
2025-05-05 16:10:32,733 [WARN] ModelIntegratedComponent:188 - Modes not found for component STMicroelectronics:USB_DEVICE:1.0.0:STMicroelectronics:USB::USB Device:Custom HID HS::1.0:USB_DEVICE_1_0_RESTRICTED_HS
2025-05-05 16:10:32,733 [WARN] ModelIntegratedComponent:182 - Modes not found for component STMicroelectronics:USB_DEVICE:1.0.0:STMicroelectronics:USB::USB Device:MSC HS::1.0:USB_DEVICE_1_0_RESTRICTED_HS
2025-05-05 16:10:32,733 [WARN] ModelIntegratedComponent:188 - Modes not found for component STMicroelectronics:USB_DEVICE:1.0.0:STMicroelectronics:USB::USB Device:MSC HS::1.0:USB_DEVICE_1_0_RESTRICTED_HS
2025-05-05 16:10:32,829 [WARN] ModelIntegratedComponent:182 - Modes not found for component STMicroelectronics:USB_HOST:1.0.0:STMicroelectronics:USB::USB Host:Audio HS::1.0:USB_HOST_1_0_RESTRICTED_HS
2025-05-05 16:10:32,829 [WARN] ModelIntegratedComponent:188 - Modes not found for component STMicroelectronics:USB_HOST:1.0.0:STMicroelectronics:USB::USB Host:Audio HS::1.0:USB_HOST_1_0_RESTRICTED_HS
2025-05-05 16:10:32,829 [WARN] ModelIntegratedComponent:182 - Modes not found for component STMicroelectronics:USB_HOST:1.0.0:STMicroelectronics:USB::USB Host:CDC HS::1.0:USB_HOST_1_0_RESTRICTED_HS
2025-05-05 16:10:32,829 [WARN] ModelIntegratedComponent:188 - Modes not found for component STMicroelectronics:USB_HOST:1.0.0:STMicroelectronics:USB::USB Host:CDC HS::1.0:USB_HOST_1_0_RESTRICTED_HS
2025-05-05 16:10:32,829 [WARN] ModelIntegratedComponent:182 - Modes not found for component STMicroelectronics:USB_HOST:1.0.0:STMicroelectronics:USB::USB Host:MSC HS::1.0:USB_HOST_1_0_RESTRICTED_HS
2025-05-05 16:10:32,829 [WARN] ModelIntegratedComponent:188 - Modes not found for component STMicroelectronics:USB_HOST:1.0.0:STMicroelectronics:USB::USB Host:MSC HS::1.0:USB_HOST_1_0_RESTRICTED_HS
2025-05-05 16:10:32,829 [WARN] ModelIntegratedComponent:182 - Modes not found for component STMicroelectronics:USB_HOST:1.0.0:STMicroelectronics:USB::USB Host:HID HS::1.0:USB_HOST_1_0_RESTRICTED_HS
2025-05-05 16:10:32,829 [WARN] ModelIntegratedComponent:188 - Modes not found for component STMicroelectronics:USB_HOST:1.0.0:STMicroelectronics:USB::USB Host:HID HS::1.0:USB_HOST_1_0_RESTRICTED_HS
2025-05-05 16:10:32,829 [WARN] ModelIntegratedComponent:182 - Modes not found for component STMicroelectronics:USB_HOST:1.0.0:STMicroelectronics:USB::USB Host:MTP HS::1.0:USB_HOST_1_0_RESTRICTED_HS
2025-05-05 16:10:32,829 [WARN] ModelIntegratedComponent:188 - Modes not found for component STMicroelectronics:USB_HOST:1.0.0:STMicroelectronics:USB::USB Host:MTP HS::1.0:USB_HOST_1_0_RESTRICTED_HS
2025-05-05 16:10:32,975 [INFO] ThirdPartyModel:298 - Start build external matchings
2025-05-05 16:10:35,220 [INFO] ThirdPartyModel:316 - End build external matchings
2025-05-05 16:10:35,261 [INFO] ImportTextPane:218 - (OptionalMessage_ERROR) IP (RCC) : Invalid parameter (FamilyName)
2025-05-05 16:10:35,273 [WARN] IP:2250 - DEVICE_SERIAL0_CDC_FS not found: check if there is a RefParameter without a condition.
2025-05-05 16:10:35,274 [WARN] IP:2250 - DEVICE_SERIAL1_CDC_FS not found: check if there is a RefParameter without a condition.
2025-05-05 16:10:35,274 [WARN] IP:2250 - DEVICE_SERIAL2_CDC_FS not found: check if there is a RefParameter without a condition.
2025-05-05 16:10:35,908 [INFO] ApiDb:581 - Connected to CubeFinder SQLite database (C:\Users\gagno\.stmcufinder\plugins\mcufinder\mcu\cube-finder-db.db)
2025-05-05 16:10:36,074 [INFO] ApiDb:668 - CubeFinder database Data Model version=2.1
2025-05-05 16:10:36,074 [INFO] ApiDb:669 - CubeFinder database Configuration version=3.0.39
2025-05-05 16:10:36,074 [INFO] ApiDb:670 - CubeFinder database generation date=2025-03-24 (1742811287)
2025-05-05 16:10:36,074 [INFO] ApiDb:671 - CubeFinder database FW Pack versions=[FP-ATR-ASTRA1_V2.0.0, FP-SNS-FLIGHT1_V5.0.2, FP-SNS-MOTENV1_V5.0.0, FP-SNS-MOTENVWB1_V1.4.0, FP-SNS-SMARTAG2_V1.2.0, FP-SNS-STBOX1_V2.0.0, STM32Cube_FW_C0_V1.4.0, STM32Cube_FW_F4_V1.28.1, STM32Cube_FW_F7_V1.17.2, STM32Cube_FW_G0_V1.6.2, STM32Cube_FW_G4_V1.6.1, STM32Cube_FW_H5_V1.5.0, STM32Cube_FW_H7RS_V1.2.0, STM32Cube_FW_H7_V1.12.1, STM32Cube_FW_L0_V1.12.2, STM32Cube_FW_L4_V1.18.1, STM32Cube_FW_L5_V1.5.1, STM32Cube_FW_N6_V1.1.0, STM32Cube_FW_U0_V1.2.0, STM32Cube_FW_U3_V1.1.0, STM32Cube_FW_U5_V1.7.0, STM32Cube_FW_WB0_V1.2.0, STM32Cube_FW_WBA_V1.6.0, STM32Cube_FW_WB_V1.22.0, STM32Cube_FW_WL3_V1.1.0, STM32Cube_FW_WL_V1.3.1, X-CUBE-ALGOBUILD_V1.4.0, X-CUBE-ALS_V1.0.2, X-CUBE-AZRTOS-F4_V1.1.0, X-CUBE-AZRTOS-F7_V1.1.0, X-CUBE-AZRTOS-G0_V1.1.0, X-CUBE-AZRTOS-G4_V2.0.0, X-CUBE-AZRTOS-H7RS_V1.0.0, X-CUBE-AZRTOS-H7_V3.3.0, X-CUBE-AZRTOS-L4_V2.0.0, X-CUBE-AZRTOS-L5_V2.0.0, X-CUBE-AZRTOS-WB_V2.0.0, X-CUBE-AZRTOS-WL_V2.0.0, X-CUBE-BLE1_V7.1.0, X-CUBE-BLE2_V3.3.0, X-CUBE-BLEMGR_V4.0.0, X-CUBE-EEPRMA1_V5.1.0, X-CUBE-FREERTOS_V1.3.0, X-CUBE-GNSS1_V6.0.0, X-CUBE-MEMS1_V11.1.0, X-CUBE-NFC4_V3.0.0, X-CUBE-NFC7_V1.0.1, X-CUBE-SFXS2LP1_V4.0.0, X-CUBE-SUBG2_V5.0.0, X-CUBE-TOF1_V3.4.2]
2025-05-05 16:10:36,273 [INFO] DbBoardsSqlite:226 - include board P-NUCLEO-WB55-NUCLEO as a kit item of type 'Nucleo-64'
2025-05-05 16:10:36,274 [INFO] DbBoardsSqlite:226 - include board P-NUCLEO-WB55-USBDONGLE as a kit item of type 'Nucleo USB Dongle'
2025-05-05 16:10:36,275 [INFO] DbBoardsSqlite:226 - include board STEVAL-IDP005V1 as a kit item of type 'Evaluation Board'
2025-05-05 16:10:36,276 [INFO] DbBoardsSqlite:226 - include board STEVAL-IDP005V2 as a kit item of type 'Evaluation Board'
2025-05-05 16:10:36,886 [INFO] ApiDb:240 - Found 895 in-development CPN: [B-G473E-ZEST1S, B-WB1M-WPAN1, B-WBA5M-WPAN, B-WL5M-SUBG1, NUCLEO-C031C6, NUCLEO-C051C8, NUCLEO-C071RB, NUCLEO-C092RC, NUCLEO-H503RB, NUCLEO-H533RE, NUCLEO-H563ZI, NUCLEO-H7S3L8, NUCLEO-N657X0-Q, NUCLEO-U031R8, NUCLEO-U083RC, NUCLEO-U385RG-Q, NUCLEO-U545RE-Q, NUCLEO-U5A5ZJ-Q, NUCLEO-WB05KZ, NUCLEO-WB07CC, NUCLEO-WB09KE, NUCLEO-WBA52CG, NUCLEO-WBA55CG, NUCLEO-WBA65RI, NUCLEO-WL33CC1, NUCLEO-WL33CC2, STEVAL-PROTEUS1, STEVAL-SMARTAG2, STEVAL-STWINBX1, STM320518-EVAL, STM32C0116-DK, STM32C011D6Y3TR, STM32C011D6Y6TR, STM32C011F4P3, STM32C011F4P6, STM32C011F4U3, STM32C011F4U6TR, STM32C011F6P3, STM32C011F6P6, STM32C011F6U3, STM32C011F6U6TR, STM32C011J4M3, STM32C011J4M6, STM32C011J6M3, STM32C011J6M6, STM32C0316-DK, STM32C031C4T3, STM32C031C4T6, STM32C031C4U3, STM32C031C4U6, STM32C031C6T3, STM32C031C6T6, STM32C031C6U3, STM32C031C6U6, STM32C031F4P3, STM32C031F4P6, STM32C031F6P3, STM32C031F6P6, STM32C031G4U3, STM32C031G4U6, STM32C031G6U3, STM32C031G6U6, STM32C031K4T3, STM32C031K4T6, STM32C031K4U3, STM32C031K4U6, STM32C031K6T3, STM32C031K6T6, STM32C031K6U3, STM32C031K6U6, STM32C051C6T6, STM32C051C6U6, STM32C051C8T6, STM32C051C8U6, STM32C051D8Y6TR, STM32C051F6P6, STM32C051F8P6, STM32C051G6U6, STM32C051G8U6, STM32C051K6T6, STM32C051K6U6, STM32C051K8T6, STM32C071C8T6, STM32C071C8T6N, STM32C071C8U6, STM32C071C8U6N, STM32C071CBT6, STM32C071CBT6N, STM32C071CBU6, STM32C071CBU6N, STM32C071F8P6, STM32C071F8P6N, STM32C071FBP6, STM32C071FBP6N, STM32C071FBY6TR, STM32C071G8U6, STM32C071G8U6N, STM32C071GBU6, STM32C071GBU6N, STM32C071K8T6, STM32C071K8T6N, STM32C071K8U6, STM32C071K8U6N, STM32C071KBT6, STM32C071KBT6N, STM32C071KBU6, STM32C071KBU6N, STM32C071R8T6, STM32C071R8T6N, STM32C071RBI6N, STM32C071RBT6, STM32C071RBT6N, STM32C091CBT6, STM32C091CBU6, STM32C091CCT6, STM32C091CCU6, STM32C091ECY6TR, STM32C091FBP6, STM32C091FCP6, STM32C091GBU6, STM32C091GCU6, STM32C091KBT6, STM32C091KBU6, STM32C091KCT6, STM32C091KCU6, STM32C091RBT6, STM32C091RCI6, STM32C091RCT6, STM32C092CBT6, STM32C092CBU6, STM32C092CCT6, STM32C092CCU6, STM32C092ECY6TR, STM32C092FBP6, STM32C092FCP6, STM32C092GBU6, STM32C092GCU6, STM32C092KBT6, STM32C092KBU6, STM32C092KCT6, STM32C092KCU6, STM32C092RBT6, STM32C092RCI6, STM32C092RCT6, STM32G071K8TXN, STM32G071K8UXN, STM32G081GBU6N, STM32G081KBT6N, STM32G081KBUXN, STM32G0B1CCT6N, STM32G0B1KCT6, STM32G0B1NEY6TR, STM32G0B1RCT6N, STM32G0C1CCT6, STM32G0C1CCT6N, STM32G0C1CCU6N, STM32G0C1CET6N, STM32G0C1CEU6N, STM32G0C1KCT6, STM32G0C1NEY6TR, STM32G0C1RCI6N, STM32G0C1RCT6N, STM32G0C1REI6N, STM32G0C1RET6N, STM32G0C1VCI6, STM32G0C1VEI6, STM32G411C6T3, STM32G411C6T6, STM32G411C6U3, STM32G411C6U6, STM32G411C8T3, STM32G411C8T6, STM32G411C8U3, STM32G411C8U6, STM32G411CBT3, STM32G411CBT6, STM32G411CBU3, STM32G411CBU6, STM32G411CCT3, STM32G411CCT6, STM32G411CCU3, STM32G411CCU6, STM32G411K6T3, STM32G411K6T6, STM32G411K6U3, STM32G411K6U6, STM32G411K8T3, STM32G411K8T6, STM32G411K8U3, STM32G411K8U6, STM32G411KBT3, STM32G411KBT6, STM32G411KBU3, STM32G411KBU6, STM32G411M6T3, STM32G411M6T6, STM32G411M8T3, STM32G411M8T6, STM32G411MBT3, STM32G411MBT6, STM32G411MCT3, STM32G411MCT6, STM32G411R6T3, STM32G411R6T6, STM32G411R8T3, STM32G411R8T6, STM32G411RBT3, STM32G411RBT6, STM32G411RCT3, STM32G411RCT6, STM32G414CBT3, STM32G414CBT6, STM32G414CBU3, STM32G414CBU6, STM32G414CCT3, STM32G414CCT6, STM32G414CCU3, STM32G414CCU6, STM32G414MBT3, STM32G414MBT6, STM32G414MCT3, STM32G414MCT6, STM32G414RBT3, STM32G414RBT6, STM32G414RCT3, STM32G414RCT6, STM32G414VBT3, STM32G414VBT6, STM32G414VCT3, STM32G414VCT6, STM32G431CBT3Z, STM32G431RBT3Z, STM32G471CCT6, STM32G471CCU6, STM32G471CET3, STM32G471CET6, STM32G471CEU3, STM32G471CEU6, STM32G471MCT6, STM32G471MET3, STM32G471MET6, STM32G471MEY6TR, STM32G471QCT6, STM32G471QET3, STM32G471RCT6, STM32G471RET3, STM32G471RET6, STM32G471VCH6, STM32G471VCI6, STM32G471VCT6, STM32G471VEH3, STM32G471VEH6, STM32G471VEI3, STM32G471VEI6, STM32G471VET3, STM32G471VET6, STM32G473QET3Z, STM32G473RET3Z, STM32G474CCT6, STM32G491RET3Z, STM32H503CBT6, STM32H503CBU6, STM32H503EBY6TR, STM32H503KBU6, STM32H503RBT6, STM32H523CCT6, STM32H523CCU6, STM32H523CET6, STM32H523CEU6, STM32H523HEY6TR, STM32H523RCT6, STM32H523RET6, STM32H523VCI6, STM32H523VCT6, STM32H523VEI6, STM32H523VET6, STM32H523ZCJ6, STM32H523ZCT6, STM32H523ZEJ6, STM32H523ZET6, STM32H533CET6, STM32H533CEU6, STM32H533HEY6TR, STM32H533RET6, STM32H533VEI6, STM32H533VET6, STM32H533ZEJ6, STM32H533ZET6, STM32H562AGI6, STM32H562AII6, STM32H562IGK6, STM32H562IGT6, STM32H562IIK6, STM32H562IIT6, STM32H562RGT6, STM32H562RGV6, STM32H562RIT6, STM32H562RIV6, STM32H562VGT6, STM32H562VIT6, STM32H562ZGT6, STM32H562ZIT6, STM32H563AGI6, STM32H563AII3Q, STM32H563AII6, STM32H563IGK6, STM32H563IGT6, STM32H563IIK3Q, STM32H563IIK6, STM32H563IIT3Q, STM32H563IIT6, STM32H563MIY3QTR, STM32H563RGT6, STM32H563RGV6, STM32H563RIT6, STM32H563RIV6, STM32H563VGT6, STM32H563VIT3Q, STM32H563VIT6, STM32H563ZGT6, STM32H563ZIT3Q, STM32H563ZIT6, STM32H573AII3Q, STM32H573AII6, STM32H573I-DK, STM32H573IIK3Q, STM32H573IIK6, STM32H573IIT3Q, STM32H573IIT6, STM32H573MIY3QTR, STM32H573RIT6, STM32H573RIV6, STM32H573VIT3Q, STM32H573VIT6, STM32H573ZIT3Q, STM32H573ZIT6, STM32H7R3A8I6, STM32H7R3I8K6, STM32H7R3I8T6, STM32H7R3L8H6, STM32H7R3L8H6H, STM32H7R3R8V6, STM32H7R3V8H6, STM32H7R3V8T6, STM32H7R3V8Y6TR, STM32H7R3Z8J6, STM32H7R3Z8T6, STM32H7R7A8I6, STM32H7R7I8K6, STM32H7R7I8T6, STM32H7R7L8H6, STM32H7R7L8H6H, STM32H7R7Z8J6, STM32H7S3A8I6, STM32H7S3I8K6, STM32H7S3I8T6, STM32H7S3L8H6, STM32H7S3L8H6H, STM32H7S3R8V6, STM32H7S3V8H6, STM32H7S3V8T6, STM32H7S3V8Y6TR, STM32H7S3Z8J6, STM32H7S3Z8T6, STM32H7S78-DK, STM32H7S7A8I6, STM32H7S7I8K6, STM32H7S7I8T6, STM32H7S7L8H6, STM32H7S7L8H6H, STM32H7S7Z8J6, STM32L4R5QGI6STR, STM32MP131AAE3, STM32MP131AAF3, STM32MP131AAG3, STM32MP131CAE3, STM32MP131CAF3, STM32MP131CAG3, STM32MP131DAE7, STM32MP131DAF7, STM32MP131DAG7, STM32MP131FAE7, STM32MP131FAF7, STM32MP131FAG7, STM32MP133AAE3, STM32MP133AAF3, STM32MP133AAG3, STM32MP133CAE3, STM32MP133CAF3, STM32MP133CAG3, STM32MP133DAE7, STM32MP133DAF7, STM32MP133DAG7, STM32MP133FAE7, STM32MP133FAF7, STM32MP133FAG7, STM32MP135AAE3, STM32MP135AAF3, STM32MP135AAG3, STM32MP135CAE3, STM32MP135CAF3, STM32MP135CAG3, STM32MP135DAE7, STM32MP135DAF7, STM32MP135DAG7, STM32MP135F-DK, STM32MP135FAE7, STM32MP135FAF7, STM32MP135FAF7T, STM32MP135FAF7U, STM32MP135FAG7, STM32MP231AAJ3, STM32MP231AAK3, STM32MP231AAL3, STM32MP231CAJ3, STM32MP231CAK3, STM32MP231CAL3, STM32MP231DAJ3, STM32MP231DAK3, STM32MP231DAL3, STM32MP231FAJ3, STM32MP231FAK3, STM32MP231FAL3, STM32MP233AAJ3, STM32MP233AAK3, STM32MP233AAL3, STM32MP233CAJ3, STM32MP233CAK3, STM32MP233CAL3, STM32MP233DAJ3, STM32MP233DAK3, STM32MP233DAL3, STM32MP233FAJ3, STM32MP233FAK3, STM32MP233FAL3, STM32MP235AAJ3, STM32MP235AAK3, STM32MP235AAL3, STM32MP235CAJ3, STM32MP235CAK3, STM32MP235CAL3, STM32MP235DAJ3, STM32MP235DAK3, STM32MP235DAL3, STM32MP235FAJ3, STM32MP235FAK3, STM32MP235FAL3, STM32MP251AAI3, STM32MP251AAJ3, STM32MP251AAK3, STM32MP251AAL3, STM32MP251CAI3, STM32MP251CAJ3, STM32MP251CAK3, STM32MP251CAL3, STM32MP251DAI3, STM32MP251DAJ3, STM32MP251DAK3, STM32MP251DAL3, STM32MP251FAI3, STM32MP251FAJ3, STM32MP251FAK3, STM32MP251FAL3, STM32MP253AAI3, STM32MP253AAJ3, STM32MP253AAK3, STM32MP253AAL3, STM32MP253CAI3, STM32MP253CAJ3, STM32MP253CAK3, STM32MP253CAL3, STM32MP253DAI3, STM32MP253DAJ3, STM32MP253DAK3, STM32MP253DAL3, STM32MP253FAI3, STM32MP253FAJ3, STM32MP253FAK3, STM32MP253FAL3, STM32MP255AAI3, STM32MP255AAJ3, STM32MP255AAK3, STM32MP255AAL3, STM32MP255CAI3, STM32MP255CAJ3, STM32MP255CAK3, STM32MP255CAL3, STM32MP255DAI3, STM32MP255DAJ3, STM32MP255DAK3, STM32MP255DAL3, STM32MP255FAI3, STM32MP255FAJ3, STM32MP255FAK3, STM32MP255FAL3, STM32MP257AAI3, STM32MP257AAJ3, STM32MP257AAK3, STM32MP257AAL3, STM32MP257CAI3, STM32MP257CAJ3, STM32MP257CAK3, STM32MP257CAL3, STM32MP257DAI3, STM32MP257DAJ3, STM32MP257DAK3, STM32MP257DAL3, STM32MP257F-DK, STM32MP257F-EV1, STM32MP257FAI3, STM32MP257FAJ3, STM32MP257FAK3, STM32MP257FAL3, STM32N645A0H3Q, STM32N645B0H3Q, STM32N645I0H3Q, STM32N645L0H3Q, STM32N645X0H3Q, STM32N645Z0H3Q, STM32N647A0H3Q, STM32N647B0H3Q, STM32N647I0H3Q, STM32N647L0H3Q, STM32N647X0H3Q, STM32N647Z0H3Q, STM32N655A0H3Q, STM32N655B0H3Q, STM32N655I0H3Q, STM32N655L0H3Q, STM32N655X0H3Q, STM32N655Z0H3Q, STM32N6570-DK, STM32N657A0H3Q, STM32N657B0H3Q, STM32N657I0H3Q, STM32N657L0H3Q, STM32N657X0H3Q, STM32N657Z0H3Q, STM32U031C6T6, STM32U031C6U6, STM32U031C8T6, STM32U031C8U6, STM32U031F4P6, STM32U031F6P6, STM32U031F8P6, STM32U031G6Y6TR, STM32U031G8Y6TR, STM32U031K4U6, STM32U031K6U6, STM32U031K8U6, STM32U031R6I6, STM32U031R6T6, STM32U031R8I6, STM32U031R8T6, STM32U073C8T6, STM32U073C8U6, STM32U073CBT6, STM32U073CBU6, STM32U073CCT6, STM32U073CCU6, STM32U073H8Y6TR, STM32U073HBY6TR, STM32U073HCY6TR, STM32U073K8U6, STM32U073KBU6, STM32U073KCU6, STM32U073M8I6, STM32U073M8T6, STM32U073MBI6, STM32U073MBT6, STM32U073MCI6, STM32U073MCT6, STM32U073R8I6, STM32U073R8T6, STM32U073RBI6, STM32U073RBT6, STM32U073RCI6, STM32U073RCT6, STM32U083C-DK, STM32U083CCT6, STM32U083CCU6, STM32U083HCY6TR, STM32U083KCU6, STM32U083MCI6, STM32U083MCT6, STM32U083RCI6, STM32U083RCT6, STM32U375CET6, STM32U375CET6Q, STM32U375CEU6, STM32U375CEU6Q, STM32U375CEY6QTR, STM32U375CGT6, STM32U375CGT6Q, STM32U375CGU6, STM32U375CGU6Q, STM32U375CGY6QTR, STM32U375KEU6, STM32U375KGU6, STM32U375REI6, STM32U375REI6Q, STM32U375RET6, STM32U375RET6Q, STM32U375REY6GTR, STM32U375REY6QTR, STM32U375RGI6, STM32U375RGI6Q, STM32U375RGT6, STM32U375RGT6Q, STM32U375RGY6GTR, STM32U375RGY6QTR, STM32U375VEI6, STM32U375VEI6Q, STM32U375VET6, STM32U375VET6Q, STM32U375VGI6, STM32U375VGI6Q, STM32U375VGT6, STM32U375VGT6Q, STM32U385CGT6, STM32U385CGT6Q, STM32U385CGU6, STM32U385CGU6Q, STM32U385CGY6QTR, STM32U385KGU6, STM32U385RGI6, STM32U385RGI6Q, STM32U385RGT6, STM32U385RGT6Q, STM32U385RGY6GTR, STM32U385RGY6QTR, STM32U385VGI6, STM32U385VGI6Q, STM32U385VGT6, STM32U385VGT6Q, STM32U535CBT6, STM32U535CBT6Q, STM32U535CBU6, STM32U535CBU6Q, STM32U535CCT6, STM32U535CCT6Q, STM32U535CCU6, STM32U535CCU6Q, STM32U535CET6, STM32U535CET6Q, STM32U535CEU6, STM32U535CEU6Q, STM32U535JEY6QTR, STM32U535NCY6QTR, STM32U535NEY6QTR, STM32U535RBI6, STM32U535RBI6Q, STM32U535RBT6, STM32U535RBT6Q, STM32U535RCI6, STM32U535RCI6Q, STM32U535RCT6, STM32U535RCT6Q, STM32U535REI6, STM32U535REI6Q, STM32U535RET6, STM32U535RET6Q, STM32U535VCI6, STM32U535VCI6Q, STM32U535VCT6, STM32U535VCT6Q, STM32U535VEI6, STM32U535VEI6Q, STM32U535VET6, STM32U535VET6Q, STM32U545CET6, STM32U545CET6Q, STM32U545CEU6, STM32U545CEU6Q, STM32U545JEY6QTR, STM32U545NEY6QTR, STM32U545REI6, STM32U545REI6Q, STM32U545RET6, STM32U545RET6Q, STM32U545VEI6, STM32U545VEI6Q, STM32U545VET6, STM32U545VET6Q, STM32U595AIH6, STM32U595AIH6Q, STM32U595AJH6, STM32U595AJH6Q, STM32U595QII6, STM32U595QII6Q, STM32U595QJI6, STM32U595QJI6Q, STM32U595RIT6, STM32U595RIT6Q, STM32U595RJT6, STM32U595RJT6Q, STM32U595VIT6, STM32U595VIT6Q, STM32U595VJT6, STM32U595VJT6Q, STM32U595ZIT6, STM32U595ZIT6Q, STM32U595ZIY6QTR, STM32U595ZJT6, STM32U595ZJT6Q, STM32U595ZJY6QTR, STM32U599BJY6QTR, STM32U599NIH6Q, STM32U599NJH6Q, STM32U599VIT6Q, STM32U599VJT6, STM32U599VJT6Q, STM32U599ZIT6Q, STM32U599ZIY6QTR, STM32U599ZJT6Q, STM32U599ZJY6QTR, STM32U5A5AJH6, STM32U5A5AJH6Q, STM32U5A5QII3Q , STM32U5A5QJI6, STM32U5A5QJI6Q, STM32U5A5RJT6, STM32U5A5RJT6Q, STM32U5A5VJT6, STM32U5A5VJT6Q, STM32U5A5ZJT6, STM32U5A5ZJT6Q, STM32U5A5ZJY6QTR, STM32U5A9BJY6QTR, STM32U5A9J-DK, STM32U5A9NJH6Q, STM32U5A9VJT6Q, STM32U5A9ZJT6Q, STM32U5A9ZJY6QTR, STM32U5F7VIT6, STM32U5F7VIT6Q, STM32U5F7VJT6, STM32U5F7VJT6Q, STM32U5F9BJY6QTR, STM32U5F9NJH6Q, STM32U5F9VIT6Q, STM32U5F9VJT6Q, STM32U5F9ZIJ6QTR, STM32U5F9ZIT6Q, STM32U5F9ZJJ6QTR, STM32U5F9ZJT6Q, STM32U5G7VJT6, STM32U5G7VJT6Q, STM32U5G9BJY6QTR, STM32U5G9J-DK1, STM32U5G9J-DK2, STM32U5G9NJH6Q, STM32U5G9VJT6Q, STM32U5G9ZJJ6QTR, STM32U5G9ZJT6Q, STM32WB05KZV6TR, STM32WB05KZV7TR, STM32WB05TZF6TR, STM32WB05TZF7TR, STM32WB06CCF6TR, STM32WB06CCF7TR, STM32WB06CCV6TR, STM32WB06CCV7TR, STM32WB06KCV6TR, STM32WB06KCV7TR, STM32WB07CCF6TR, STM32WB07CCF7TR, STM32WB07CCV6TR, STM32WB07CCV7TR, STM32WB07KCV6TR, STM32WB07KCV7TR, STM32WB09KEV6TR, STM32WB09KEV7TR, STM32WB09TEF6TR, STM32WB09TEF7TR, STM32WB1MMCH6, STM32WBA50KGU6, STM32WBA50KGU6TR, STM32WBA52CEU6, STM32WBA52CEU6TR, STM32WBA52CEU7, STM32WBA52CEU7TR, STM32WBA52CGU6, STM32WBA52CGU6TR, STM32WBA52CGU6U, STM32WBA52CGU7, STM32WBA52CGU7TR, STM32WBA52KEU6, STM32WBA52KEU6TR, STM32WBA52KGU6, STM32WBA52KGU6TR, STM32WBA54CEU6, STM32WBA54CEU6TR, STM32WBA54CEU7, STM32WBA54CEU7TR, STM32WBA54CGU6, STM32WBA54CGU6TR, STM32WBA54CGU7, STM32WBA54CGU7TR, STM32WBA54KEU6, STM32WBA54KEU6TR, STM32WBA54KEU7, STM32WBA54KEU7TR, STM32WBA54KGU6, STM32WBA54KGU6TR, STM32WBA54KGU7, STM32WBA54KGU7TR, STM32WBA55CEU6, STM32WBA55CEU6TR, STM32WBA55CEU7, STM32WBA55CEU7TR, STM32WBA55CGU6, STM32WBA55CGU6TR, STM32WBA55CGU6U, STM32WBA55CGU7, STM32WBA55CGU7TR, STM32WBA55G-DK1, STM32WBA55HEF6, STM32WBA55HEF7, STM32WBA55HGF6, STM32WBA55HGF7, STM32WBA55UEI6, STM32WBA55UEI6TR, STM32WBA55UEI7, STM32WBA55UEI7TR, STM32WBA55UGI6, STM32WBA55UGI6TR, STM32WBA55UGI7, STM32WBA55UGI7TR, STM32WBA5MJGH6TR, STM32WBA62CGU6, STM32WBA62CIU6, STM32WBA62MGF6, STM32WBA62MIF6, STM32WBA62PGI6, STM32WBA62PII6, STM32WBA63CGU6, STM32WBA63CGU7, STM32WBA63CIU6, STM32WBA63CIU7, STM32WBA64CGU6, STM32WBA64CGU7, STM32WBA64CIU6, STM32WBA64CIU7, STM32WBA65CGU6, STM32WBA65CGU7, STM32WBA65CIU6, STM32WBA65CIU7, STM32WBA65I-DK1, STM32WBA65MGF6, STM32WBA65MGF7, STM32WBA65MIF6, STM32WBA65MIF7, STM32WBA65PGI6, STM32WBA65PGI7, STM32WBA65PII6, STM32WBA65PII7, STM32WBA65RGV6, STM32WBA65RGV7, STM32WBA65RIV6, STM32WBA65RIV7, STM32WL30K8V6, STM32WL30KBV6, STM32WL31C8V6, STM32WL31CBV6, STM32WL31K8V6, STM32WL31KBV6, STM32WL33C8V6, STM32WL33C8V6TR, STM32WL33C8V7, STM32WL33C8V7TR, STM32WL33CBV6, STM32WL33CBV6TR, STM32WL33CBV7, STM32WL33CBV7TR, STM32WL33CCV6, STM32WL33CCV6TR, STM32WL33CCV7, STM32WL33CCV7A, STM32WL33CCV7ATR, STM32WL33CCV7TR, STM32WL33K8V6, STM32WL33K8V6TR, STM32WL33K8V7, STM32WL33K8V7TR, STM32WL33KBV6, STM32WL33KBV6TR, STM32WL33KBV7, STM32WL33KBV7TR, STM32WL33KCV6, STM32WL33KCV6TR, STM32WL33KCV7, STM32WL33KCV7TR, STM32WL5MOCH6, STM32WL5MOCH6TR]
2025-05-05 16:10:37,242 [INFO] BoardInfo:889 - No configuration file found for board P-NUCLEO-WB55
2025-05-05 16:10:37,244 [INFO] DbBoards:161 - Kit is not supported: P-NUCLEO-WB55
2025-05-05 16:10:37,255 [INFO] BoardInfo:889 - No configuration file found for board STEVAL-BFA001V1B
2025-05-05 16:10:37,257 [INFO] DbBoards:161 - Kit is not supported: STEVAL-BFA001V1B
2025-05-05 16:10:37,258 [INFO] BoardInfo:889 - No configuration file found for board STEVAL-BFA001V2B
2025-05-05 16:10:37,260 [INFO] DbBoards:161 - Kit is not supported: STEVAL-BFA001V2B
2025-05-05 16:10:37,582 [INFO] DbBoards:168 - Found 211 boards, 208 are supported
2025-05-05 16:10:37,582 [INFO] DbBoards:169 - Found 211 boards, 43 of them is supported for  Bsp
2025-05-05 16:10:37,587 [INFO] ApiDb:668 - CubeFinder database Data Model version=2.1
2025-05-05 16:10:37,587 [INFO] ApiDb:669 - CubeFinder database Configuration version=3.0.39
2025-05-05 16:10:37,587 [INFO] ApiDb:670 - CubeFinder database generation date=2025-03-24 (1742811287)
2025-05-05 16:10:37,587 [INFO] ApiDb:671 - CubeFinder database FW Pack versions=[FP-ATR-ASTRA1_V2.0.0, FP-SNS-FLIGHT1_V5.0.2, FP-SNS-MOTENV1_V5.0.0, FP-SNS-MOTENVWB1_V1.4.0, FP-SNS-SMARTAG2_V1.2.0, FP-SNS-STBOX1_V2.0.0, STM32Cube_FW_C0_V1.4.0, STM32Cube_FW_F4_V1.28.1, STM32Cube_FW_F7_V1.17.2, STM32Cube_FW_G0_V1.6.2, STM32Cube_FW_G4_V1.6.1, STM32Cube_FW_H5_V1.5.0, STM32Cube_FW_H7RS_V1.2.0, STM32Cube_FW_H7_V1.12.1, STM32Cube_FW_L0_V1.12.2, STM32Cube_FW_L4_V1.18.1, STM32Cube_FW_L5_V1.5.1, STM32Cube_FW_N6_V1.1.0, STM32Cube_FW_U0_V1.2.0, STM32Cube_FW_U3_V1.1.0, STM32Cube_FW_U5_V1.7.0, STM32Cube_FW_WB0_V1.2.0, STM32Cube_FW_WBA_V1.6.0, STM32Cube_FW_WB_V1.22.0, STM32Cube_FW_WL3_V1.1.0, STM32Cube_FW_WL_V1.3.1, X-CUBE-ALGOBUILD_V1.4.0, X-CUBE-ALS_V1.0.2, X-CUBE-AZRTOS-F4_V1.1.0, X-CUBE-AZRTOS-F7_V1.1.0, X-CUBE-AZRTOS-G0_V1.1.0, X-CUBE-AZRTOS-G4_V2.0.0, X-CUBE-AZRTOS-H7RS_V1.0.0, X-CUBE-AZRTOS-H7_V3.3.0, X-CUBE-AZRTOS-L4_V2.0.0, X-CUBE-AZRTOS-L5_V2.0.0, X-CUBE-AZRTOS-WB_V2.0.0, X-CUBE-AZRTOS-WL_V2.0.0, X-CUBE-BLE1_V7.1.0, X-CUBE-BLE2_V3.3.0, X-CUBE-BLEMGR_V4.0.0, X-CUBE-EEPRMA1_V5.1.0, X-CUBE-FREERTOS_V1.3.0, X-CUBE-GNSS1_V6.0.0, X-CUBE-MEMS1_V11.1.0, X-CUBE-NFC4_V3.0.0, X-CUBE-NFC7_V1.0.1, X-CUBE-SFXS2LP1_V4.0.0, X-CUBE-SUBG2_V5.0.0, X-CUBE-TOF1_V3.4.2]
2025-05-05 16:10:40,229 [INFO] ApiDb:240 - Found 895 in-development CPN: [B-G473E-ZEST1S, B-WB1M-WPAN1, B-WBA5M-WPAN, B-WL5M-SUBG1, NUCLEO-C031C6, NUCLEO-C051C8, NUCLEO-C071RB, NUCLEO-C092RC, NUCLEO-H503RB, NUCLEO-H533RE, NUCLEO-H563ZI, NUCLEO-H7S3L8, NUCLEO-N657X0-Q, NUCLEO-U031R8, NUCLEO-U083RC, NUCLEO-U385RG-Q, NUCLEO-U545RE-Q, NUCLEO-U5A5ZJ-Q, NUCLEO-WB05KZ, NUCLEO-WB07CC, NUCLEO-WB09KE, NUCLEO-WBA52CG, NUCLEO-WBA55CG, NUCLEO-WBA65RI, NUCLEO-WL33CC1, NUCLEO-WL33CC2, STEVAL-PROTEUS1, STEVAL-SMARTAG2, STEVAL-STWINBX1, STM320518-EVAL, STM32C0116-DK, STM32C011D6Y3TR, STM32C011D6Y6TR, STM32C011F4P3, STM32C011F4P6, STM32C011F4U3, STM32C011F4U6TR, STM32C011F6P3, STM32C011F6P6, STM32C011F6U3, STM32C011F6U6TR, STM32C011J4M3, STM32C011J4M6, STM32C011J6M3, STM32C011J6M6, STM32C0316-DK, STM32C031C4T3, STM32C031C4T6, STM32C031C4U3, STM32C031C4U6, STM32C031C6T3, STM32C031C6T6, STM32C031C6U3, STM32C031C6U6, STM32C031F4P3, STM32C031F4P6, STM32C031F6P3, STM32C031F6P6, STM32C031G4U3, STM32C031G4U6, STM32C031G6U3, STM32C031G6U6, STM32C031K4T3, STM32C031K4T6, STM32C031K4U3, STM32C031K4U6, STM32C031K6T3, STM32C031K6T6, STM32C031K6U3, STM32C031K6U6, STM32C051C6T6, STM32C051C6U6, STM32C051C8T6, STM32C051C8U6, STM32C051D8Y6TR, STM32C051F6P6, STM32C051F8P6, STM32C051G6U6, STM32C051G8U6, STM32C051K6T6, STM32C051K6U6, STM32C051K8T6, STM32C071C8T6, STM32C071C8T6N, STM32C071C8U6, STM32C071C8U6N, STM32C071CBT6, STM32C071CBT6N, STM32C071CBU6, STM32C071CBU6N, STM32C071F8P6, STM32C071F8P6N, STM32C071FBP6, STM32C071FBP6N, STM32C071FBY6TR, STM32C071G8U6, STM32C071G8U6N, STM32C071GBU6, STM32C071GBU6N, STM32C071K8T6, STM32C071K8T6N, STM32C071K8U6, STM32C071K8U6N, STM32C071KBT6, STM32C071KBT6N, STM32C071KBU6, STM32C071KBU6N, STM32C071R8T6, STM32C071R8T6N, STM32C071RBI6N, STM32C071RBT6, STM32C071RBT6N, STM32C091CBT6, STM32C091CBU6, STM32C091CCT6, STM32C091CCU6, STM32C091ECY6TR, STM32C091FBP6, STM32C091FCP6, STM32C091GBU6, STM32C091GCU6, STM32C091KBT6, STM32C091KBU6, STM32C091KCT6, STM32C091KCU6, STM32C091RBT6, STM32C091RCI6, STM32C091RCT6, STM32C092CBT6, STM32C092CBU6, STM32C092CCT6, STM32C092CCU6, STM32C092ECY6TR, STM32C092FBP6, STM32C092FCP6, STM32C092GBU6, STM32C092GCU6, STM32C092KBT6, STM32C092KBU6, STM32C092KCT6, STM32C092KCU6, STM32C092RBT6, STM32C092RCI6, STM32C092RCT6, STM32G071K8TXN, STM32G071K8UXN, STM32G081GBU6N, STM32G081KBT6N, STM32G081KBUXN, STM32G0B1CCT6N, STM32G0B1KCT6, STM32G0B1NEY6TR, STM32G0B1RCT6N, STM32G0C1CCT6, STM32G0C1CCT6N, STM32G0C1CCU6N, STM32G0C1CET6N, STM32G0C1CEU6N, STM32G0C1KCT6, STM32G0C1NEY6TR, STM32G0C1RCI6N, STM32G0C1RCT6N, STM32G0C1REI6N, STM32G0C1RET6N, STM32G0C1VCI6, STM32G0C1VEI6, STM32G411C6T3, STM32G411C6T6, STM32G411C6U3, STM32G411C6U6, STM32G411C8T3, STM32G411C8T6, STM32G411C8U3, STM32G411C8U6, STM32G411CBT3, STM32G411CBT6, STM32G411CBU3, STM32G411CBU6, STM32G411CCT3, STM32G411CCT6, STM32G411CCU3, STM32G411CCU6, STM32G411K6T3, STM32G411K6T6, STM32G411K6U3, STM32G411K6U6, STM32G411K8T3, STM32G411K8T6, STM32G411K8U3, STM32G411K8U6, STM32G411KBT3, STM32G411KBT6, STM32G411KBU3, STM32G411KBU6, STM32G411M6T3, STM32G411M6T6, STM32G411M8T3, STM32G411M8T6, STM32G411MBT3, STM32G411MBT6, STM32G411MCT3, STM32G411MCT6, STM32G411R6T3, STM32G411R6T6, STM32G411R8T3, STM32G411R8T6, STM32G411RBT3, STM32G411RBT6, STM32G411RCT3, STM32G411RCT6, STM32G414CBT3, STM32G414CBT6, STM32G414CBU3, STM32G414CBU6, STM32G414CCT3, STM32G414CCT6, STM32G414CCU3, STM32G414CCU6, STM32G414MBT3, STM32G414MBT6, STM32G414MCT3, STM32G414MCT6, STM32G414RBT3, STM32G414RBT6, STM32G414RCT3, STM32G414RCT6, STM32G414VBT3, STM32G414VBT6, STM32G414VCT3, STM32G414VCT6, STM32G431CBT3Z, STM32G431RBT3Z, STM32G471CCT6, STM32G471CCU6, STM32G471CET3, STM32G471CET6, STM32G471CEU3, STM32G471CEU6, STM32G471MCT6, STM32G471MET3, STM32G471MET6, STM32G471MEY6TR, STM32G471QCT6, STM32G471QET3, STM32G471RCT6, STM32G471RET3, STM32G471RET6, STM32G471VCH6, STM32G471VCI6, STM32G471VCT6, STM32G471VEH3, STM32G471VEH6, STM32G471VEI3, STM32G471VEI6, STM32G471VET3, STM32G471VET6, STM32G473QET3Z, STM32G473RET3Z, STM32G474CCT6, STM32G491RET3Z, STM32H503CBT6, STM32H503CBU6, STM32H503EBY6TR, STM32H503KBU6, STM32H503RBT6, STM32H523CCT6, STM32H523CCU6, STM32H523CET6, STM32H523CEU6, STM32H523HEY6TR, STM32H523RCT6, STM32H523RET6, STM32H523VCI6, STM32H523VCT6, STM32H523VEI6, STM32H523VET6, STM32H523ZCJ6, STM32H523ZCT6, STM32H523ZEJ6, STM32H523ZET6, STM32H533CET6, STM32H533CEU6, STM32H533HEY6TR, STM32H533RET6, STM32H533VEI6, STM32H533VET6, STM32H533ZEJ6, STM32H533ZET6, STM32H562AGI6, STM32H562AII6, STM32H562IGK6, STM32H562IGT6, STM32H562IIK6, STM32H562IIT6, STM32H562RGT6, STM32H562RGV6, STM32H562RIT6, STM32H562RIV6, STM32H562VGT6, STM32H562VIT6, STM32H562ZGT6, STM32H562ZIT6, STM32H563AGI6, STM32H563AII3Q, STM32H563AII6, STM32H563IGK6, STM32H563IGT6, STM32H563IIK3Q, STM32H563IIK6, STM32H563IIT3Q, STM32H563IIT6, STM32H563MIY3QTR, STM32H563RGT6, STM32H563RGV6, STM32H563RIT6, STM32H563RIV6, STM32H563VGT6, STM32H563VIT3Q, STM32H563VIT6, STM32H563ZGT6, STM32H563ZIT3Q, STM32H563ZIT6, STM32H573AII3Q, STM32H573AII6, STM32H573I-DK, STM32H573IIK3Q, STM32H573IIK6, STM32H573IIT3Q, STM32H573IIT6, STM32H573MIY3QTR, STM32H573RIT6, STM32H573RIV6, STM32H573VIT3Q, STM32H573VIT6, STM32H573ZIT3Q, STM32H573ZIT6, STM32H7R3A8I6, STM32H7R3I8K6, STM32H7R3I8T6, STM32H7R3L8H6, STM32H7R3L8H6H, STM32H7R3R8V6, STM32H7R3V8H6, STM32H7R3V8T6, STM32H7R3V8Y6TR, STM32H7R3Z8J6, STM32H7R3Z8T6, STM32H7R7A8I6, STM32H7R7I8K6, STM32H7R7I8T6, STM32H7R7L8H6, STM32H7R7L8H6H, STM32H7R7Z8J6, STM32H7S3A8I6, STM32H7S3I8K6, STM32H7S3I8T6, STM32H7S3L8H6, STM32H7S3L8H6H, STM32H7S3R8V6, STM32H7S3V8H6, STM32H7S3V8T6, STM32H7S3V8Y6TR, STM32H7S3Z8J6, STM32H7S3Z8T6, STM32H7S78-DK, STM32H7S7A8I6, STM32H7S7I8K6, STM32H7S7I8T6, STM32H7S7L8H6, STM32H7S7L8H6H, STM32H7S7Z8J6, STM32L4R5QGI6STR, STM32MP131AAE3, STM32MP131AAF3, STM32MP131AAG3, STM32MP131CAE3, STM32MP131CAF3, STM32MP131CAG3, STM32MP131DAE7, STM32MP131DAF7, STM32MP131DAG7, STM32MP131FAE7, STM32MP131FAF7, STM32MP131FAG7, STM32MP133AAE3, STM32MP133AAF3, STM32MP133AAG3, STM32MP133CAE3, STM32MP133CAF3, STM32MP133CAG3, STM32MP133DAE7, STM32MP133DAF7, STM32MP133DAG7, STM32MP133FAE7, STM32MP133FAF7, STM32MP133FAG7, STM32MP135AAE3, STM32MP135AAF3, STM32MP135AAG3, STM32MP135CAE3, STM32MP135CAF3, STM32MP135CAG3, STM32MP135DAE7, STM32MP135DAF7, STM32MP135DAG7, STM32MP135F-DK, STM32MP135FAE7, STM32MP135FAF7, STM32MP135FAF7T, STM32MP135FAF7U, STM32MP135FAG7, STM32MP231AAJ3, STM32MP231AAK3, STM32MP231AAL3, STM32MP231CAJ3, STM32MP231CAK3, STM32MP231CAL3, STM32MP231DAJ3, STM32MP231DAK3, STM32MP231DAL3, STM32MP231FAJ3, STM32MP231FAK3, STM32MP231FAL3, STM32MP233AAJ3, STM32MP233AAK3, STM32MP233AAL3, STM32MP233CAJ3, STM32MP233CAK3, STM32MP233CAL3, STM32MP233DAJ3, STM32MP233DAK3, STM32MP233DAL3, STM32MP233FAJ3, STM32MP233FAK3, STM32MP233FAL3, STM32MP235AAJ3, STM32MP235AAK3, STM32MP235AAL3, STM32MP235CAJ3, STM32MP235CAK3, STM32MP235CAL3, STM32MP235DAJ3, STM32MP235DAK3, STM32MP235DAL3, STM32MP235FAJ3, STM32MP235FAK3, STM32MP235FAL3, STM32MP251AAI3, STM32MP251AAJ3, STM32MP251AAK3, STM32MP251AAL3, STM32MP251CAI3, STM32MP251CAJ3, STM32MP251CAK3, STM32MP251CAL3, STM32MP251DAI3, STM32MP251DAJ3, STM32MP251DAK3, STM32MP251DAL3, STM32MP251FAI3, STM32MP251FAJ3, STM32MP251FAK3, STM32MP251FAL3, STM32MP253AAI3, STM32MP253AAJ3, STM32MP253AAK3, STM32MP253AAL3, STM32MP253CAI3, STM32MP253CAJ3, STM32MP253CAK3, STM32MP253CAL3, STM32MP253DAI3, STM32MP253DAJ3, STM32MP253DAK3, STM32MP253DAL3, STM32MP253FAI3, STM32MP253FAJ3, STM32MP253FAK3, STM32MP253FAL3, STM32MP255AAI3, STM32MP255AAJ3, STM32MP255AAK3, STM32MP255AAL3, STM32MP255CAI3, STM32MP255CAJ3, STM32MP255CAK3, STM32MP255CAL3, STM32MP255DAI3, STM32MP255DAJ3, STM32MP255DAK3, STM32MP255DAL3, STM32MP255FAI3, STM32MP255FAJ3, STM32MP255FAK3, STM32MP255FAL3, STM32MP257AAI3, STM32MP257AAJ3, STM32MP257AAK3, STM32MP257AAL3, STM32MP257CAI3, STM32MP257CAJ3, STM32MP257CAK3, STM32MP257CAL3, STM32MP257DAI3, STM32MP257DAJ3, STM32MP257DAK3, STM32MP257DAL3, STM32MP257F-DK, STM32MP257F-EV1, STM32MP257FAI3, STM32MP257FAJ3, STM32MP257FAK3, STM32MP257FAL3, STM32N645A0H3Q, STM32N645B0H3Q, STM32N645I0H3Q, STM32N645L0H3Q, STM32N645X0H3Q, STM32N645Z0H3Q, STM32N647A0H3Q, STM32N647B0H3Q, STM32N647I0H3Q, STM32N647L0H3Q, STM32N647X0H3Q, STM32N647Z0H3Q, STM32N655A0H3Q, STM32N655B0H3Q, STM32N655I0H3Q, STM32N655L0H3Q, STM32N655X0H3Q, STM32N655Z0H3Q, STM32N6570-DK, STM32N657A0H3Q, STM32N657B0H3Q, STM32N657I0H3Q, STM32N657L0H3Q, STM32N657X0H3Q, STM32N657Z0H3Q, STM32U031C6T6, STM32U031C6U6, STM32U031C8T6, STM32U031C8U6, STM32U031F4P6, STM32U031F6P6, STM32U031F8P6, STM32U031G6Y6TR, STM32U031G8Y6TR, STM32U031K4U6, STM32U031K6U6, STM32U031K8U6, STM32U031R6I6, STM32U031R6T6, STM32U031R8I6, STM32U031R8T6, STM32U073C8T6, STM32U073C8U6, STM32U073CBT6, STM32U073CBU6, STM32U073CCT6, STM32U073CCU6, STM32U073H8Y6TR, STM32U073HBY6TR, STM32U073HCY6TR, STM32U073K8U6, STM32U073KBU6, STM32U073KCU6, STM32U073M8I6, STM32U073M8T6, STM32U073MBI6, STM32U073MBT6, STM32U073MCI6, STM32U073MCT6, STM32U073R8I6, STM32U073R8T6, STM32U073RBI6, STM32U073RBT6, STM32U073RCI6, STM32U073RCT6, STM32U083C-DK, STM32U083CCT6, STM32U083CCU6, STM32U083HCY6TR, STM32U083KCU6, STM32U083MCI6, STM32U083MCT6, STM32U083RCI6, STM32U083RCT6, STM32U375CET6, STM32U375CET6Q, STM32U375CEU6, STM32U375CEU6Q, STM32U375CEY6QTR, STM32U375CGT6, STM32U375CGT6Q, STM32U375CGU6, STM32U375CGU6Q, STM32U375CGY6QTR, STM32U375KEU6, STM32U375KGU6, STM32U375REI6, STM32U375REI6Q, STM32U375RET6, STM32U375RET6Q, STM32U375REY6GTR, STM32U375REY6QTR, STM32U375RGI6, STM32U375RGI6Q, STM32U375RGT6, STM32U375RGT6Q, STM32U375RGY6GTR, STM32U375RGY6QTR, STM32U375VEI6, STM32U375VEI6Q, STM32U375VET6, STM32U375VET6Q, STM32U375VGI6, STM32U375VGI6Q, STM32U375VGT6, STM32U375VGT6Q, STM32U385CGT6, STM32U385CGT6Q, STM32U385CGU6, STM32U385CGU6Q, STM32U385CGY6QTR, STM32U385KGU6, STM32U385RGI6, STM32U385RGI6Q, STM32U385RGT6, STM32U385RGT6Q, STM32U385RGY6GTR, STM32U385RGY6QTR, STM32U385VGI6, STM32U385VGI6Q, STM32U385VGT6, STM32U385VGT6Q, STM32U535CBT6, STM32U535CBT6Q, STM32U535CBU6, STM32U535CBU6Q, STM32U535CCT6, STM32U535CCT6Q, STM32U535CCU6, STM32U535CCU6Q, STM32U535CET6, STM32U535CET6Q, STM32U535CEU6, STM32U535CEU6Q, STM32U535JEY6QTR, STM32U535NCY6QTR, STM32U535NEY6QTR, STM32U535RBI6, STM32U535RBI6Q, STM32U535RBT6, STM32U535RBT6Q, STM32U535RCI6, STM32U535RCI6Q, STM32U535RCT6, STM32U535RCT6Q, STM32U535REI6, STM32U535REI6Q, STM32U535RET6, STM32U535RET6Q, STM32U535VCI6, STM32U535VCI6Q, STM32U535VCT6, STM32U535VCT6Q, STM32U535VEI6, STM32U535VEI6Q, STM32U535VET6, STM32U535VET6Q, STM32U545CET6, STM32U545CET6Q, STM32U545CEU6, STM32U545CEU6Q, STM32U545JEY6QTR, STM32U545NEY6QTR, STM32U545REI6, STM32U545REI6Q, STM32U545RET6, STM32U545RET6Q, STM32U545VEI6, STM32U545VEI6Q, STM32U545VET6, STM32U545VET6Q, STM32U595AIH6, STM32U595AIH6Q, STM32U595AJH6, STM32U595AJH6Q, STM32U595QII6, STM32U595QII6Q, STM32U595QJI6, STM32U595QJI6Q, STM32U595RIT6, STM32U595RIT6Q, STM32U595RJT6, STM32U595RJT6Q, STM32U595VIT6, STM32U595VIT6Q, STM32U595VJT6, STM32U595VJT6Q, STM32U595ZIT6, STM32U595ZIT6Q, STM32U595ZIY6QTR, STM32U595ZJT6, STM32U595ZJT6Q, STM32U595ZJY6QTR, STM32U599BJY6QTR, STM32U599NIH6Q, STM32U599NJH6Q, STM32U599VIT6Q, STM32U599VJT6, STM32U599VJT6Q, STM32U599ZIT6Q, STM32U599ZIY6QTR, STM32U599ZJT6Q, STM32U599ZJY6QTR, STM32U5A5AJH6, STM32U5A5AJH6Q, STM32U5A5QII3Q , STM32U5A5QJI6, STM32U5A5QJI6Q, STM32U5A5RJT6, STM32U5A5RJT6Q, STM32U5A5VJT6, STM32U5A5VJT6Q, STM32U5A5ZJT6, STM32U5A5ZJT6Q, STM32U5A5ZJY6QTR, STM32U5A9BJY6QTR, STM32U5A9J-DK, STM32U5A9NJH6Q, STM32U5A9VJT6Q, STM32U5A9ZJT6Q, STM32U5A9ZJY6QTR, STM32U5F7VIT6, STM32U5F7VIT6Q, STM32U5F7VJT6, STM32U5F7VJT6Q, STM32U5F9BJY6QTR, STM32U5F9NJH6Q, STM32U5F9VIT6Q, STM32U5F9VJT6Q, STM32U5F9ZIJ6QTR, STM32U5F9ZIT6Q, STM32U5F9ZJJ6QTR, STM32U5F9ZJT6Q, STM32U5G7VJT6, STM32U5G7VJT6Q, STM32U5G9BJY6QTR, STM32U5G9J-DK1, STM32U5G9J-DK2, STM32U5G9NJH6Q, STM32U5G9VJT6Q, STM32U5G9ZJJ6QTR, STM32U5G9ZJT6Q, STM32WB05KZV6TR, STM32WB05KZV7TR, STM32WB05TZF6TR, STM32WB05TZF7TR, STM32WB06CCF6TR, STM32WB06CCF7TR, STM32WB06CCV6TR, STM32WB06CCV7TR, STM32WB06KCV6TR, STM32WB06KCV7TR, STM32WB07CCF6TR, STM32WB07CCF7TR, STM32WB07CCV6TR, STM32WB07CCV7TR, STM32WB07KCV6TR, STM32WB07KCV7TR, STM32WB09KEV6TR, STM32WB09KEV7TR, STM32WB09TEF6TR, STM32WB09TEF7TR, STM32WB1MMCH6, STM32WBA50KGU6, STM32WBA50KGU6TR, STM32WBA52CEU6, STM32WBA52CEU6TR, STM32WBA52CEU7, STM32WBA52CEU7TR, STM32WBA52CGU6, STM32WBA52CGU6TR, STM32WBA52CGU6U, STM32WBA52CGU7, STM32WBA52CGU7TR, STM32WBA52KEU6, STM32WBA52KEU6TR, STM32WBA52KGU6, STM32WBA52KGU6TR, STM32WBA54CEU6, STM32WBA54CEU6TR, STM32WBA54CEU7, STM32WBA54CEU7TR, STM32WBA54CGU6, STM32WBA54CGU6TR, STM32WBA54CGU7, STM32WBA54CGU7TR, STM32WBA54KEU6, STM32WBA54KEU6TR, STM32WBA54KEU7, STM32WBA54KEU7TR, STM32WBA54KGU6, STM32WBA54KGU6TR, STM32WBA54KGU7, STM32WBA54KGU7TR, STM32WBA55CEU6, STM32WBA55CEU6TR, STM32WBA55CEU7, STM32WBA55CEU7TR, STM32WBA55CGU6, STM32WBA55CGU6TR, STM32WBA55CGU6U, STM32WBA55CGU7, STM32WBA55CGU7TR, STM32WBA55G-DK1, STM32WBA55HEF6, STM32WBA55HEF7, STM32WBA55HGF6, STM32WBA55HGF7, STM32WBA55UEI6, STM32WBA55UEI6TR, STM32WBA55UEI7, STM32WBA55UEI7TR, STM32WBA55UGI6, STM32WBA55UGI6TR, STM32WBA55UGI7, STM32WBA55UGI7TR, STM32WBA5MJGH6TR, STM32WBA62CGU6, STM32WBA62CIU6, STM32WBA62MGF6, STM32WBA62MIF6, STM32WBA62PGI6, STM32WBA62PII6, STM32WBA63CGU6, STM32WBA63CGU7, STM32WBA63CIU6, STM32WBA63CIU7, STM32WBA64CGU6, STM32WBA64CGU7, STM32WBA64CIU6, STM32WBA64CIU7, STM32WBA65CGU6, STM32WBA65CGU7, STM32WBA65CIU6, STM32WBA65CIU7, STM32WBA65I-DK1, STM32WBA65MGF6, STM32WBA65MGF7, STM32WBA65MIF6, STM32WBA65MIF7, STM32WBA65PGI6, STM32WBA65PGI7, STM32WBA65PII6, STM32WBA65PII7, STM32WBA65RGV6, STM32WBA65RGV7, STM32WBA65RIV6, STM32WBA65RIV7, STM32WL30K8V6, STM32WL30KBV6, STM32WL31C8V6, STM32WL31CBV6, STM32WL31K8V6, STM32WL31KBV6, STM32WL33C8V6, STM32WL33C8V6TR, STM32WL33C8V7, STM32WL33C8V7TR, STM32WL33CBV6, STM32WL33CBV6TR, STM32WL33CBV7, STM32WL33CBV7TR, STM32WL33CCV6, STM32WL33CCV6TR, STM32WL33CCV7, STM32WL33CCV7A, STM32WL33CCV7ATR, STM32WL33CCV7TR, STM32WL33K8V6, STM32WL33K8V6TR, STM32WL33K8V7, STM32WL33K8V7TR, STM32WL33KBV6, STM32WL33KBV6TR, STM32WL33KBV7, STM32WL33KBV7TR, STM32WL33KCV6, STM32WL33KCV6TR, STM32WL33KCV7, STM32WL33KCV7TR, STM32WL5MOCH6, STM32WL5MOCH6TR]
2025-05-05 16:10:40,239 [INFO] DbMcus:218 - Found 4686 MCUs, 4686 are supported
2025-05-05 16:10:40,241 [INFO] ApiDb:423 - Load user favorites file C:\Users\gagno/.stm32cubeide/favorites.mcus.txt: 0 item(s)
2025-05-05 16:10:40,242 [INFO] ApiDb:427 - User favorites MCUs=[]
2025-05-05 16:10:40,242 [INFO] DbMcus:224 - Set 0 / 0 favorites MCUs
2025-05-05 16:10:40,884 [INFO] ApiDb:423 - Load user favorites file C:\Users\gagno/.stm32cubeide/favorites.boards.txt: 0 item(s)
2025-05-05 16:10:40,884 [INFO] ApiDb:427 - User favorites Boards=[]
2025-05-05 16:10:40,885 [INFO] DbBoards:198 - Set 0 / 0 favorites Boards
2025-05-05 16:10:40,971 [INFO] UtilMem:75 - End LoadConfig() Used Memory: 949460976 Bytes (1073741824)
2025-05-05 16:10:41,220 [WARN] ThirdParty:833 - waiting for thirdparty lock release [change project]
2025-05-05 16:10:41,221 [INFO] ThirdParty:835 - entering critical section [change project]
2025-05-05 16:10:41,222 [INFO] ThirdParty:1030 - CMSIS Pack Vendor :STMicroelectronics USBPD 4.1
2025-05-05 16:10:41,222 [INFO] ThirdParty:1030 - CMSIS Pack Vendor :STMicroelectronics X-CUBE-GNSS1 6.0.0
2025-05-05 16:10:41,222 [INFO] ThirdParty:1030 - CMSIS Pack Vendor :STMicroelectronics USB_HOST 2.0.0
2025-05-05 16:10:41,222 [INFO] ThirdParty:1030 - CMSIS Pack Vendor :STMicroelectronics FP-SNS-MOTENVWB1 1.4.0
2025-05-05 16:10:41,222 [INFO] ThirdParty:1030 - CMSIS Pack Vendor :STMicroelectronics X-CUBE-AZRTOS-F4 1.1.0
2025-05-05 16:10:41,222 [INFO] ThirdParty:1030 - CMSIS Pack Vendor :STMicroelectronics LIBJPEG 8.0.0
2025-05-05 16:10:41,222 [INFO] ThirdParty:1030 - CMSIS Pack Vendor :STMicroelectronics FP-ATR-ASTRA1 2.0.2
2025-05-05 16:10:41,223 [INFO] ThirdParty:1030 - CMSIS Pack Vendor :STMicroelectronics FP-ATR-ASTRA1 2.0.1
2025-05-05 16:10:41,223 [INFO] ThirdParty:1030 - CMSIS Pack Vendor :Avnet-IotConnect X-CUBE-IoTC-DA16k-PMOD 1.0.0
2025-05-05 16:10:41,223 [INFO] ThirdParty:1030 - CMSIS Pack Vendor :STMicroelectronics X-CUBE-SMBUS 2.1.0
2025-05-05 16:10:41,223 [INFO] ThirdParty:1030 - CMSIS Pack Vendor :STMicroelectronics X-CUBE-WB05N 1.1.0
2025-05-05 16:10:41,223 [INFO] ThirdParty:1030 - CMSIS Pack Vendor :STMicroelectronics X-CUBE-ISPU 2.1.0
2025-05-05 16:10:41,223 [INFO] ThirdParty:1030 - CMSIS Pack Vendor :STMicroelectronics X-CUBE-FREERTOS 1.2.0
2025-05-05 16:10:41,223 [INFO] ThirdParty:1030 - CMSIS Pack Vendor :STMicroelectronics X-CUBE-TOUCHGFX 4.23.2
2025-05-05 16:10:41,223 [INFO] ThirdParty:1030 - CMSIS Pack Vendor :STMicroelectronics X-CUBE-AZRTOS-F7 1.1.0
2025-05-05 16:10:41,223 [INFO] ThirdParty:1030 - CMSIS Pack Vendor :STMicroelectronics X-CUBE-AZRTOS-L5 2.0.0
2025-05-05 16:10:41,223 [INFO] ThirdParty:1030 - CMSIS Pack Vendor :STMicroelectronics USB_DEVICE 2.0.0
2025-05-05 16:10:41,223 [INFO] ThirdParty:1030 - CMSIS Pack Vendor :STMicroelectronics X-CUBE-NFC6 3.1.0
2025-05-05 16:10:41,224 [INFO] ThirdParty:1030 - CMSIS Pack Vendor :STMicroelectronics X-CUBE-MEMS1 11.0.0
2025-05-05 16:10:41,224 [INFO] ThirdParty:1030 - CMSIS Pack Vendor :STMicroelectronics FreeRTOS 0.0.1
2025-05-05 16:10:41,224 [INFO] ThirdParty:1030 - CMSIS Pack Vendor :STMicroelectronics X-CUBE-DPower 1.2.0
2025-05-05 16:10:41,224 [INFO] ThirdParty:1030 - CMSIS Pack Vendor :STMicroelectronics FP-SNS-FLIGHT1 5.0.2
2025-05-05 16:10:41,224 [INFO] ThirdParty:1030 - CMSIS Pack Vendor :STMicroelectronics X-CUBE-AI 9.0.0
2025-05-05 16:10:41,224 [INFO] ThirdParty:1030 - CMSIS Pack Vendor :STMicroelectronics PDM2PCM 3.3.0
2025-05-05 16:10:41,224 [INFO] ThirdParty:1030 - CMSIS Pack Vendor :STMicroelectronics X-CUBE-DISPLAY 3.0.0
2025-05-05 16:10:41,224 [INFO] ThirdParty:1030 - CMSIS Pack Vendor :STMicroelectronics X-CUBE-BLE1 7.0.0
2025-05-05 16:10:41,224 [INFO] ThirdParty:1030 - CMSIS Pack Vendor :STMicroelectronics X-CUBE-NFC10 1.0.0
2025-05-05 16:10:41,224 [INFO] ThirdParty:1030 - CMSIS Pack Vendor :STMicroelectronics X-CUBE-BLEMGR 4.0.0
2025-05-05 16:10:41,224 [INFO] ThirdParty:1030 - CMSIS Pack Vendor :STMicroelectronics HAL Drivers 0.0.0
2025-05-05 16:10:41,224 [INFO] ThirdParty:1030 - CMSIS Pack Vendor :emotas I-CUBE-CANOPEN 1.3.0
2025-05-05 16:10:41,225 [INFO] ThirdParty:1030 - CMSIS Pack Vendor :STMicroelectronics X-CUBE-FREERTOS 1.3.0
2025-05-05 16:10:41,225 [INFO] ThirdParty:1030 - CMSIS Pack Vendor :STMicroelectronics X-CUBE-NFC7 1.0.1
2025-05-05 16:10:41,225 [INFO] ThirdParty:1030 - CMSIS Pack Vendor :STMicroelectronics MBEDTLS 2.14.1
2025-05-05 16:10:41,225 [INFO] ThirdParty:1030 - CMSIS Pack Vendor :wolfSSL I-CUBE-wolfTPM 3.2.0
2025-05-05 16:10:41,225 [INFO] ThirdParty:1030 - CMSIS Pack Vendor :STMicroelectronics X-CUBE-BLEMGR 3.1.0
2025-05-05 16:10:41,225 [INFO] ThirdParty:1030 - CMSIS Pack Vendor :STMicroelectronics X-CUBE-AI 10.0.0
2025-05-05 16:10:41,225 [INFO] ThirdParty:1030 - CMSIS Pack Vendor :STMicroelectronics FP-SNS-SMARTAG2 1.2.0
2025-05-05 16:10:41,225 [INFO] ThirdParty:1030 - CMSIS Pack Vendor :STMicroelectronics FP-SNS-FLIGHT1 5.1.0
2025-05-05 16:10:41,225 [INFO] ThirdParty:1030 - CMSIS Pack Vendor :STMicroelectronics X-CUBE-MEMS1 11.1.0
2025-05-05 16:10:41,225 [INFO] ThirdParty:1030 - CMSIS Pack Vendor :STMicroelectronics X-CUBE-AZRTOS-WL 2.0.0
2025-05-05 16:10:41,225 [INFO] ThirdParty:1030 - CMSIS Pack Vendor :STMicroelectronics X-CUBE-DPower 1.3.0
2025-05-05 16:10:41,225 [INFO] ThirdParty:1030 - CMSIS Pack Vendor :STMicroelectronics FP-SNS-MOTENV1 5.0.0
2025-05-05 16:10:41,226 [INFO] ThirdParty:1030 - CMSIS Pack Vendor :STMicroelectronics USB_DEVICE 1.0.0
2025-05-05 16:10:41,226 [INFO] ThirdParty:1030 - CMSIS Pack Vendor :STMicroelectronics X-CUBE-AI 8.1.0
2025-05-05 16:10:41,226 [INFO] ThirdParty:1030 - CMSIS Pack Vendor :wolfSSL I-CUBE-wolfMQTT 1.19.0
2025-05-05 16:10:41,226 [INFO] ThirdParty:1030 - CMSIS Pack Vendor :STMicroelectronics X-CUBE-AZRTOS-L4 2.0.0
2025-05-05 16:10:41,226 [INFO] ThirdParty:1030 - CMSIS Pack Vendor :STMicroelectronics ThreadX 0.0.2
2025-05-05 16:10:41,226 [INFO] ThirdParty:1030 - CMSIS Pack Vendor :WES I-CUBE-Cesium 1.3.0
2025-05-05 16:10:41,226 [INFO] ThirdParty:1030 - CMSIS Pack Vendor :STMicroelectronics lwIP 2.1.2
2025-05-05 16:10:41,226 [INFO] ThirdParty:1030 - CMSIS Pack Vendor :STMicroelectronics X-CUBE-SFXS2LP1 4.0.0
2025-05-05 16:10:41,226 [INFO] ThirdParty:1030 - CMSIS Pack Vendor :STMicroelectronics X-CUBE-BLE2 3.3.0
2025-05-05 16:10:41,226 [INFO] ThirdParty:1030 - CMSIS Pack Vendor :STMicroelectronics PDM2PCM 3.2.0
2025-05-05 16:10:41,226 [INFO] ThirdParty:1030 - CMSIS Pack Vendor :STMicroelectronics X-CUBE-AZRTOS-H7 3.3.0
2025-05-05 16:10:41,226 [INFO] ThirdParty:1030 - CMSIS Pack Vendor :STMicroelectronics X-CUBE-NFC9 1.0.0
2025-05-05 16:10:41,227 [INFO] ThirdParty:1030 - CMSIS Pack Vendor :STMicroelectronics X-CUBE-BLE1 7.1.0
2025-05-05 16:10:41,227 [INFO] ThirdParty:1030 - CMSIS Pack Vendor :STMicroelectronics USB_DEVICE 3.0.0
2025-05-05 16:10:41,227 [INFO] ThirdParty:1030 - CMSIS Pack Vendor :STMicroelectronics X-CUBE-TCPP 4.1.0
2025-05-05 16:10:41,227 [INFO] ThirdParty:1030 - CMSIS Pack Vendor :STMicroelectronics X-CUBE-IPS 3.0.0
2025-05-05 16:10:41,227 [INFO] ThirdParty:1030 - CMSIS Pack Vendor :STMicroelectronics X-CUBE-AZRTOS-WB 2.0.0
2025-05-05 16:10:41,227 [INFO] ThirdParty:1030 - CMSIS Pack Vendor :STMicroelectronics X-CUBE-GNSS1 7.0.0
2025-05-05 16:10:41,227 [INFO] ThirdParty:1030 - CMSIS Pack Vendor :STMicroelectronics X-CUBE-GNSS1 7.0.1
2025-05-05 16:10:41,227 [INFO] ThirdParty:1030 - CMSIS Pack Vendor :STMicroelectronics X-CUBE-TOUCHGFX 4.25.0
2025-05-05 16:10:41,227 [INFO] ThirdParty:1030 - CMSIS Pack Vendor :STMicroelectronics FP-SNS-STBOX1 2.0.0
2025-05-05 16:10:41,228 [INFO] ThirdParty:1030 - CMSIS Pack Vendor :STMicroelectronics X-CUBE-ALGOBUILD 1.3.0
2025-05-05 16:10:41,228 [INFO] ThirdParty:1030 - CMSIS Pack Vendor :STMicroelectronics X-CUBE-MEMS1 11.2.0
2025-05-05 16:10:41,228 [INFO] ThirdParty:1030 - CMSIS Pack Vendor :STMicroelectronics X-CUBE-AZRTOS-G0 1.1.0
2025-05-05 16:10:41,229 [INFO] ThirdParty:1030 - CMSIS Pack Vendor :STMicroelectronics X-CUBE-SAFEA1 1.2.2
2025-05-05 16:10:41,229 [INFO] ThirdParty:1030 - CMSIS Pack Vendor :STMicroelectronics X-CUBE-NFC4 3.0.0
2025-05-05 16:10:41,229 [INFO] ThirdParty:1030 - CMSIS Pack Vendor :STMicroelectronics X-CUBE-SUBG2 5.0.0
2025-05-05 16:10:41,230 [INFO] ThirdParty:1030 - CMSIS Pack Vendor :STMicroelectronics X-CUBE-AZRTOS-H7RS 1.1.0
2025-05-05 16:10:41,230 [INFO] ThirdParty:1030 - CMSIS Pack Vendor :STMicroelectronics STM32_WPAN 1.0.0
2025-05-05 16:10:41,230 [INFO] ThirdParty:1030 - CMSIS Pack Vendor :wolfSSL I-CUBE-wolfMQTT 1.18.0
2025-05-05 16:10:41,230 [INFO] ThirdParty:1030 - CMSIS Pack Vendor :EmbeddedOffice I-CUBE-FS-RTOS 1.0.1
2025-05-05 16:10:41,230 [INFO] ThirdParty:1030 - CMSIS Pack Vendor :STMicroelectronics lwIP 2.0.3
2025-05-05 16:10:41,230 [INFO] ThirdParty:1030 - CMSIS Pack Vendor :STMicroelectronics USB_HOST 1.0.0
2025-05-05 16:10:41,230 [INFO] ThirdParty:1030 - CMSIS Pack Vendor :STMicroelectronics X-CUBE-AZRTOS-G4 2.0.0
2025-05-05 16:10:41,230 [INFO] ThirdParty:1030 - CMSIS Pack Vendor :STMicroelectronics X-CUBE-WB05N 2.0.0
2025-05-05 16:10:41,230 [INFO] ThirdParty:1030 - CMSIS Pack Vendor :STMicroelectronics PDM2PCM 3.1.0
2025-05-05 16:10:41,231 [INFO] ThirdParty:1030 - CMSIS Pack Vendor :STMicroelectronics X-CUBE-NFC7 2.0.0
2025-05-05 16:10:41,231 [INFO] ThirdParty:1030 - CMSIS Pack Vendor :STMicroelectronics X-CUBE-TCPP 4.2.0
2025-05-05 16:10:41,231 [INFO] ThirdParty:1030 - CMSIS Pack Vendor :RealThread X-CUBE-RT-Thread_Nano 4.1.1
2025-05-05 16:10:41,231 [INFO] ThirdParty:1030 - CMSIS Pack Vendor :wolfSSL I-CUBE-wolfSSL 5.7.0
2025-05-05 16:10:41,231 [INFO] ThirdParty:1030 - CMSIS Pack Vendor :STMicroelectronics FP-SNS-MOTENVWB1 1.3.1
2025-05-05 16:10:41,231 [INFO] ThirdParty:1030 - CMSIS Pack Vendor :STMicroelectronics FP-ATR-SIGFOX1 3.2.0
2025-05-05 16:10:41,231 [INFO] ThirdParty:1030 - CMSIS Pack Vendor :quantropi X-CUBE-qispace-sdk-base 1.9.3
2025-05-05 16:10:41,231 [INFO] ThirdParty:1030 - CMSIS Pack Vendor :STMicroelectronics X-CUBE-ISPU 2.0.0
2025-05-05 16:10:41,231 [INFO] ThirdParty:1030 - CMSIS Pack Vendor :STMicroelectronics X-CUBE-EEPRMA1 5.1.0
2025-05-05 16:10:41,231 [INFO] ThirdParty:1030 - CMSIS Pack Vendor :STMicroelectronics MBEDTLS 2.16.2
2025-05-05 16:10:41,232 [INFO] ThirdParty:1030 - CMSIS Pack Vendor :STMicroelectronics X-CUBE-IPS 3.1.0
2025-05-05 16:10:41,232 [INFO] ThirdParty:1030 - CMSIS Pack Vendor :STMicroelectronics X-CUBE-ALS 1.0.2
2025-05-05 16:10:41,232 [INFO] ThirdParty:1030 - CMSIS Pack Vendor :STMicroelectronics X-CUBE-MEMS1 10.0.0
2025-05-05 16:10:41,232 [INFO] ThirdParty:1030 - CMSIS Pack Vendor :STMicroelectronics X-CUBE-FREERTOS 1.1.0
2025-05-05 16:10:41,232 [INFO] ThirdParty:1030 - CMSIS Pack Vendor :STMicroelectronics X-CUBE-TOUCHGFX 4.24.0
2025-05-05 16:10:41,232 [INFO] ThirdParty:1030 - CMSIS Pack Vendor :ITTIA_DB I-CUBE-ITTIADB 8.9.0
2025-05-05 16:10:41,232 [INFO] ThirdParty:1030 - CMSIS Pack Vendor :STMicroelectronics X-CUBE-TOUCHGFX 4.24.2
2025-05-05 16:10:41,232 [INFO] ThirdParty:1030 - CMSIS Pack Vendor :STMicroelectronics X-CUBE-TOUCHGFX 4.24.1
2025-05-05 16:10:41,232 [INFO] ThirdParty:1030 - CMSIS Pack Vendor :portGmbH I-Cube-SoM-uGOAL 1.1.0
2025-05-05 16:10:41,232 [INFO] ThirdParty:1030 - CMSIS Pack Vendor :STMicroelectronics X-CUBE-ALS 1.0.1
2025-05-05 16:10:41,232 [INFO] ThirdParty:1030 - CMSIS Pack Vendor :STMicroelectronics ThreadX 1.0.0
2025-05-05 16:10:41,232 [INFO] ThirdParty:1030 - CMSIS Pack Vendor :SEGGER I-CUBE-embOS 1.3.1
2025-05-05 16:10:41,233 [INFO] ThirdParty:1030 - CMSIS Pack Vendor :STMicroelectronics X-CUBE-ALGOBUILD 1.4.0
2025-05-05 16:10:41,233 [INFO] ThirdParty:1030 - CMSIS Pack Vendor :STMicroelectronics X-CUBE-AZRTOS-H7RS 1.0.0
2025-05-05 16:10:41,233 [INFO] ThirdParty:1030 - CMSIS Pack Vendor :STMicroelectronics FP-ATR-ASTRA1 2.0.0
2025-05-05 16:10:41,233 [INFO] ThirdParty:1030 - CMSIS Pack Vendor :STMicroelectronics X-CUBE-TOF1 3.4.2
2025-05-05 16:10:41,233 [INFO] ThirdParty:1030 - CMSIS Pack Vendor :STMicroelectronics X-CUBE-TOF1 3.4.3
2025-05-05 16:10:41,233 [INFO] ThirdParty:1030 - CMSIS Pack Vendor :STMicroelectronics X-CUBE-AI 9.1.0
2025-05-05 16:10:41,233 [INFO] ThirdParty:1030 - CMSIS Pack Vendor :STMicroelectronics X-CUBE-TOF1 3.4.1
2025-05-05 16:10:41,233 [INFO] ThirdParty:1030 - CMSIS Pack Vendor :STMicroelectronics X-CUBE-AZRTOS-H7 3.2.0
2025-05-05 16:10:41,233 [INFO] ThirdParty:1030 - CMSIS Pack Vendor :Infineon AIROC-Wi-Fi-Bluetooth-STM32 1.6.0
2025-05-05 16:10:41,233 [INFO] ThirdParty:1030 - CMSIS Pack Vendor :wolfSSL I-CUBE-wolfSSH 1.4.17
2025-05-05 16:10:41,234 [INFO] ThirdParty:841 - exiting critical section [change project]
2025-05-05 16:10:42,119 [INFO] PinOutPanel:1589 - setPackage(No Configuration,No Configuration)
2025-05-05 16:10:42,124 [INFO] PinOutPanel:1589 - setPackage(STM32F412ZGTx,LQFP144)
2025-05-05 16:10:42,905 [INFO] UtilMem:75 - Before build in PCC Used Memory: 983949392 Bytes (1073741824)
2025-05-05 16:10:44,236 [INFO] UtilMem:75 - After build in PCC Used Memory: 929708536 Bytes (1073741824)
2025-05-05 16:10:44,526 [INFO] ApiDbMcu:508 - Load IP Config File for USB_DEVICE
2025-05-05 16:10:44,578 [INFO] IPUIPlugin:80 - create IPUIPlugin
2025-05-05 16:10:44,578 [INFO] IPUIPlugin:80 - create IPUIPlugin
2025-05-05 16:10:44,579 [INFO] IPUIPlugin:80 - create IPUIPlugin
2025-05-05 16:10:44,579 [INFO] IPUIPlugin:80 - create IPUIPlugin
2025-05-05 16:10:44,579 [INFO] IPUIPlugin:80 - create IPUIPlugin
2025-05-05 16:10:44,579 [INFO] IPUIPlugin:80 - create IPUIPlugin
2025-05-05 16:10:44,579 [INFO] IPUIPlugin:80 - create IPUIPlugin
2025-05-05 16:10:44,580 [INFO] IPUIPlugin:80 - create IPUIPlugin
2025-05-05 16:10:44,580 [INFO] IPUIPlugin:80 - create IPUIPlugin
2025-05-05 16:10:44,580 [INFO] IPUIPlugin:80 - create IPUIPlugin
2025-05-05 16:10:44,580 [INFO] IPUIPlugin:80 - create IPUIPlugin
2025-05-05 16:10:44,580 [INFO] IPUIPlugin:80 - create IPUIPlugin
2025-05-05 16:10:44,581 [INFO] IPUIPlugin:80 - create IPUIPlugin
2025-05-05 16:10:44,581 [INFO] IPUIPlugin:80 - create IPUIPlugin
2025-05-05 16:10:44,581 [INFO] IPUIPlugin:80 - create IPUIPlugin
2025-05-05 16:10:44,581 [INFO] IPUIPlugin:80 - create IPUIPlugin
2025-05-05 16:10:44,581 [INFO] IPUIPlugin:80 - create IPUIPlugin
2025-05-05 16:10:44,582 [INFO] IPUIPlugin:80 - create IPUIPlugin
2025-05-05 16:10:44,582 [INFO] IPUIPlugin:80 - create IPUIPlugin
2025-05-05 16:10:44,582 [INFO] IPUIPlugin:80 - create IPUIPlugin
2025-05-05 16:10:44,582 [INFO] IPUIPlugin:80 - create IPUIPlugin
2025-05-05 16:10:44,583 [INFO] IPUIPlugin:80 - create IPUIPlugin
2025-05-05 16:10:44,583 [INFO] IPUIPlugin:80 - create IPUIPlugin
2025-05-05 16:10:44,583 [INFO] IPUIPlugin:80 - create IPUIPlugin
2025-05-05 16:10:44,583 [INFO] IPUIPlugin:80 - create IPUIPlugin
2025-05-05 16:10:44,584 [INFO] IPUIPlugin:80 - create IPUIPlugin
2025-05-05 16:10:44,584 [INFO] IPUIPlugin:80 - create IPUIPlugin
2025-05-05 16:10:44,584 [INFO] IPUIPlugin:80 - create IPUIPlugin
2025-05-05 16:10:44,584 [INFO] IPUIPlugin:80 - create IPUIPlugin
2025-05-05 16:10:44,585 [INFO] IPUIPlugin:80 - create IPUIPlugin
2025-05-05 16:10:44,585 [INFO] IPUIPlugin:80 - create IPUIPlugin
2025-05-05 16:10:44,585 [INFO] IPUIPlugin:80 - create IPUIPlugin
2025-05-05 16:10:44,586 [INFO] IPUIPlugin:80 - create IPUIPlugin
2025-05-05 16:10:44,586 [INFO] IPUIPlugin:80 - create IPUIPlugin
2025-05-05 16:10:44,586 [INFO] IPUIPlugin:80 - create IPUIPlugin
2025-05-05 16:10:44,587 [INFO] IPUIPlugin:80 - create IPUIPlugin
2025-05-05 16:10:44,587 [INFO] IPUIPlugin:80 - create IPUIPlugin
2025-05-05 16:10:44,587 [INFO] IPUIPlugin:80 - create IPUIPlugin
2025-05-05 16:10:44,587 [INFO] IPUIPlugin:80 - create IPUIPlugin
2025-05-05 16:10:44,588 [INFO] IPUIPlugin:80 - create IPUIPlugin
2025-05-05 16:10:44,588 [INFO] IPUIPlugin:80 - create IPUIPlugin
2025-05-05 16:10:44,588 [INFO] IPUIPlugin:80 - create IPUIPlugin
2025-05-05 16:10:44,589 [INFO] IPUIPlugin:80 - create IPUIPlugin
2025-05-05 16:10:44,589 [INFO] IPUIPlugin:80 - create IPUIPlugin
2025-05-05 16:10:44,589 [INFO] IPUIPlugin:80 - create IPUIPlugin
2025-05-05 16:10:44,590 [INFO] IPUIPlugin:80 - create IPUIPlugin
2025-05-05 16:10:44,590 [INFO] IPUIPlugin:80 - create IPUIPlugin
2025-05-05 16:10:44,590 [INFO] IPUIPlugin:80 - create IPUIPlugin
2025-05-05 16:10:44,591 [INFO] IPUIPlugin:80 - create IPUIPlugin
2025-05-05 16:10:44,591 [INFO] IPUIPlugin:80 - create IPUIPlugin
2025-05-05 16:10:44,592 [INFO] IPUIPlugin:80 - create IPUIPlugin
2025-05-05 16:10:44,593 [INFO] IPUIPlugin:80 - create IPUIPlugin
2025-05-05 16:10:44,593 [INFO] IPUIPlugin:80 - create IPUIPlugin
2025-05-05 16:10:44,594 [INFO] IPUIPlugin:80 - create IPUIPlugin
2025-05-05 16:10:44,594 [INFO] IPUIPlugin:80 - create IPUIPlugin
2025-05-05 16:10:44,595 [INFO] IPUIPlugin:80 - create IPUIPlugin
2025-05-05 16:10:44,595 [INFO] IPUIPlugin:80 - create IPUIPlugin
2025-05-05 16:10:44,638 [INFO] ApiDbMcu:508 - Load IP Config File for PDM2PCM
2025-05-05 16:10:45,038 [INFO] CADModel:165 - CPN selected for project levelSTM32F412ZGT6
2025-05-05 16:10:45,038 [INFO] CADModel:114 - Register for checkConnection events
2025-05-05 16:10:45,125 [INFO] OpenFileManager:385 - Restore cursor
2025-05-05 16:10:45,428 [WARN] IP:2250 - DEVICE_SERIAL0_CDC_FS not found: check if there is a RefParameter without a condition.
2025-05-05 16:10:45,428 [WARN] IP:2250 - DEVICE_SERIAL1_CDC_FS not found: check if there is a RefParameter without a condition.
2025-05-05 16:10:45,429 [WARN] IP:2250 - DEVICE_SERIAL2_CDC_FS not found: check if there is a RefParameter without a condition.
2025-05-05 16:10:45,430 [WARN] IP:2250 - DEVICE_SERIAL0_CDC_FS not found: check if there is a RefParameter without a condition.
2025-05-05 16:10:45,430 [WARN] IP:2250 - DEVICE_SERIAL1_CDC_FS not found: check if there is a RefParameter without a condition.
2025-05-05 16:10:45,430 [WARN] IP:2250 - DEVICE_SERIAL2_CDC_FS not found: check if there is a RefParameter without a condition.
2025-05-05 16:10:58,059 [WARN] IP:2250 - DEVICE_SERIAL0_CDC_FS not found: check if there is a RefParameter without a condition.
2025-05-05 16:10:58,060 [WARN] IP:2250 - DEVICE_SERIAL1_CDC_FS not found: check if there is a RefParameter without a condition.
2025-05-05 16:10:58,060 [WARN] IP:2250 - DEVICE_SERIAL2_CDC_FS not found: check if there is a RefParameter without a condition.
2025-05-05 16:10:58,061 [WARN] IP:2250 - DEVICE_SERIAL0_CDC_FS not found: check if there is a RefParameter without a condition.
2025-05-05 16:10:58,061 [WARN] IP:2250 - DEVICE_SERIAL1_CDC_FS not found: check if there is a RefParameter without a condition.
2025-05-05 16:10:58,061 [WARN] IP:2250 - DEVICE_SERIAL2_CDC_FS not found: check if there is a RefParameter without a condition.
2025-05-05 16:10:58,247 [WARN] IP:2250 - DEVICE_SERIAL0_CDC_FS not found: check if there is a RefParameter without a condition.
2025-05-05 16:10:58,247 [WARN] IP:2250 - DEVICE_SERIAL1_CDC_FS not found: check if there is a RefParameter without a condition.
2025-05-05 16:10:58,247 [WARN] IP:2250 - DEVICE_SERIAL2_CDC_FS not found: check if there is a RefParameter without a condition.
2025-05-05 16:10:58,248 [WARN] IP:2250 - DEVICE_SERIAL0_CDC_FS not found: check if there is a RefParameter without a condition.
2025-05-05 16:10:58,248 [WARN] IP:2250 - DEVICE_SERIAL1_CDC_FS not found: check if there is a RefParameter without a condition.
2025-05-05 16:10:58,248 [WARN] IP:2250 - DEVICE_SERIAL2_CDC_FS not found: check if there is a RefParameter without a condition.
2025-05-05 16:10:58,429 [WARN] IP:2250 - DEVICE_SERIAL0_CDC_FS not found: check if there is a RefParameter without a condition.
2025-05-05 16:10:58,429 [WARN] IP:2250 - DEVICE_SERIAL1_CDC_FS not found: check if there is a RefParameter without a condition.
2025-05-05 16:10:58,430 [WARN] IP:2250 - DEVICE_SERIAL2_CDC_FS not found: check if there is a RefParameter without a condition.
2025-05-05 16:10:58,431 [WARN] IP:2250 - DEVICE_SERIAL0_CDC_FS not found: check if there is a RefParameter without a condition.
2025-05-05 16:10:58,431 [WARN] IP:2250 - DEVICE_SERIAL1_CDC_FS not found: check if there is a RefParameter without a condition.
2025-05-05 16:10:58,431 [WARN] IP:2250 - DEVICE_SERIAL2_CDC_FS not found: check if there is a RefParameter without a condition.
2025-05-05 16:14:24,720 [INFO] Gpio:277 - dependency for GPIO [ADC1, RCC, SPI1, SPI4, SPI5, SYS, TIM1, USART1, USART2, USART6, USB_OTG_FS]
2025-05-05 17:29:33,114 [INFO] UtilMem:75 - End SaveConfig() Used Memory: 731471288 Bytes (1073741824)
2025-05-05 17:29:34,820 [INFO] UtilMem:75 - End SaveConfig() Used Memory: 755062200 Bytes (1073741824)
2025-05-05 17:29:35,211 [INFO] UtilMem:75 - End SaveConfig() Used Memory: 828462520 Bytes (1073741824)
2025-05-05 17:29:36,111 [INFO] BlockDiagram:2775 - set Specific Code input for plugin: SPI
2025-05-05 17:29:36,112 [INFO] BlockDiagram:2775 - set Specific Code input for plugin: SPI
2025-05-05 17:29:36,112 [INFO] BlockDiagram:2775 - set Specific Code input for plugin: SPI
2025-05-05 17:29:36,112 [INFO] BlockDiagram:2775 - set Specific Code input for plugin: TIM1_8
2025-05-05 17:29:36,112 [INFO] BlockDiagram:2775 - set Specific Code input for plugin: USB_DEVICE
2025-05-05 17:29:36,112 [INFO] BlockDiagram:2775 - set Specific Code input for plugin: SYS
2025-05-05 17:29:36,112 [INFO] BlockDiagram:2775 - set Specific Code input for plugin: ADC
2025-05-05 17:29:36,112 [INFO] BlockDiagram:2775 - set Specific Code input for plugin: RCC
2025-05-05 17:29:36,112 [INFO] BlockDiagram:2775 - set Specific Code input for plugin: USB_OTG_FS
2025-05-05 17:29:36,112 [INFO] BlockDiagram:2775 - set Specific Code input for plugin: NVIC
2025-05-05 17:29:36,112 [INFO] BlockDiagram:2775 - set Specific Code input for plugin: USART
2025-05-05 17:29:36,112 [INFO] BlockDiagram:2775 - set Specific Code input for plugin: USART
2025-05-05 17:29:36,113 [INFO] BlockDiagram:2775 - set Specific Code input for plugin: USART
2025-05-05 17:29:36,113 [INFO] BlockDiagram:2775 - set Specific Code input for plugin: GPIO
2025-05-05 17:29:36,115 [INFO] CodeGenerator:882 - code generatio: config db path: C:\ST\STM32CubeIDE_1.15.0\STM32CubeIDE\plugins\com.st.stm32cube.common.mx_6.14.0.202502271554\\db\
2025-05-05 17:29:36,177 [WARN] IP:2250 - DEVICE_SERIAL0_CDC_FS not found: check if there is a RefParameter without a condition.
2025-05-05 17:29:36,177 [WARN] IP:2250 - DEVICE_SERIAL1_CDC_FS not found: check if there is a RefParameter without a condition.
2025-05-05 17:29:36,177 [WARN] IP:2250 - DEVICE_SERIAL2_CDC_FS not found: check if there is a RefParameter without a condition.
2025-05-05 17:29:36,428 [INFO] CodeEngine:263 - oldGeneratedFile, C:\Users\gagno\OneDrive\Documents\GitHub\Ordinateur-de-bord\STM32CubeIDE\ODB2\MXTmpFiles\license.tmp_save
2025-05-05 17:29:36,979 [INFO] CodeEngine:287 - Generated code: C:\Users\gagno\OneDrive\Documents\GitHub\Ordinateur-de-bord\STM32CubeIDE\ODB2\MXTmpFiles\license.tmp
2025-05-05 17:29:37,243 [INFO] CodeEngine:263 - oldGeneratedFile, C:\Users\gagno\OneDrive\Documents\GitHub\Ordinateur-de-bord\STM32CubeIDE\ODB2\MXTmpFiles\gpio.tmp_save
2025-05-05 17:29:37,423 [INFO] CodeEngine:287 - Generated code: C:\Users\gagno\OneDrive\Documents\GitHub\Ordinateur-de-bord\STM32CubeIDE\ODB2\MXTmpFiles\gpio.tmp
2025-05-05 17:29:37,757 [WARN] IPConfigManager:3174 - Warning: the RefConfig PWREx_EnableUSBVoltageDetector is not available in your config.xml file
2025-05-05 17:29:37,774 [INFO] CodeEngine:263 - oldGeneratedFile, C:\Users\gagno\OneDrive\Documents\GitHub\Ordinateur-de-bord\STM32CubeIDE\ODB2\MXTmpFiles\usb_otg_fs_vars.tmp_save
2025-05-05 17:29:37,872 [INFO] CodeEngine:287 - Generated code: C:\Users\gagno\OneDrive\Documents\GitHub\Ordinateur-de-bord\STM32CubeIDE\ODB2\MXTmpFiles\usb_otg_fs_vars.tmp
2025-05-05 17:29:37,879 [INFO] CodeEngine:263 - oldGeneratedFile, C:\Users\gagno\OneDrive\Documents\GitHub\Ordinateur-de-bord\STM32CubeIDE\ODB2\MXTmpFiles\usb_otg_fs_inc.tmp_save
2025-05-05 17:29:37,973 [INFO] CodeEngine:287 - Generated code: C:\Users\gagno\OneDrive\Documents\GitHub\Ordinateur-de-bord\STM32CubeIDE\ODB2\MXTmpFiles\usb_otg_fs_inc.tmp
2025-05-05 17:29:37,981 [INFO] CodeEngine:263 - oldGeneratedFile, C:\Users\gagno\OneDrive\Documents\GitHub\Ordinateur-de-bord\STM32CubeIDE\ODB2\MXTmpFiles\usb_otg_fs_HalInit.tmp_save
2025-05-05 17:29:38,109 [INFO] CodeEngine:287 - Generated code: C:\Users\gagno\OneDrive\Documents\GitHub\Ordinateur-de-bord\STM32CubeIDE\ODB2\MXTmpFiles\usb_otg_fs_HalInit.tmp
2025-05-05 17:29:38,116 [INFO] CodeEngine:263 - oldGeneratedFile, C:\Users\gagno\OneDrive\Documents\GitHub\Ordinateur-de-bord\STM32CubeIDE\ODB2\MXTmpFiles\usb_otg_fs_Msp.tmp_save
2025-05-05 17:29:38,244 [INFO] CodeEngine:287 - Generated code: C:\Users\gagno\OneDrive\Documents\GitHub\Ordinateur-de-bord\STM32CubeIDE\ODB2\MXTmpFiles\usb_otg_fs_Msp.tmp
2025-05-05 17:29:39,668 [INFO] Middleware:1452 - No code input for Bsp Dependency
2025-05-05 17:29:39,713 [INFO] Middleware:1452 - No code input for Bsp Dependency
2025-05-05 17:29:39,728 [INFO] CodeEngine:263 - oldGeneratedFile, C:\Users\gagno\OneDrive\Documents\GitHub\Ordinateur-de-bord\STM32CubeIDE\ODB2\USB_DEVICE\App\usb_device.c_save
2025-05-05 17:29:39,843 [INFO] CodeEngine:287 - Generated code: C:\Users\gagno\OneDrive\Documents\GitHub\Ordinateur-de-bord\STM32CubeIDE\ODB2\USB_DEVICE\App\usb_device.c
2025-05-05 17:29:39,854 [INFO] CodeEngine:263 - oldGeneratedFile, C:\Users\gagno\OneDrive\Documents\GitHub\Ordinateur-de-bord\STM32CubeIDE\ODB2\USB_DEVICE\App\usb_device.h_save
2025-05-05 17:29:39,945 [INFO] CodeEngine:287 - Generated code: C:\Users\gagno\OneDrive\Documents\GitHub\Ordinateur-de-bord\STM32CubeIDE\ODB2\USB_DEVICE\App\usb_device.h
2025-05-05 17:29:39,957 [INFO] CodeEngine:263 - oldGeneratedFile, C:\Users\gagno\OneDrive\Documents\GitHub\Ordinateur-de-bord\STM32CubeIDE\ODB2\USB_DEVICE\Target\usbd_conf.h_save
2025-05-05 17:29:40,049 [INFO] CodeEngine:287 - Generated code: C:\Users\gagno\OneDrive\Documents\GitHub\Ordinateur-de-bord\STM32CubeIDE\ODB2\USB_DEVICE\Target\usbd_conf.h
2025-05-05 17:29:40,060 [INFO] CodeEngine:263 - oldGeneratedFile, C:\Users\gagno\OneDrive\Documents\GitHub\Ordinateur-de-bord\STM32CubeIDE\ODB2\USB_DEVICE\Target\usbd_conf.c_save
2025-05-05 17:29:40,197 [INFO] CodeEngine:287 - Generated code: C:\Users\gagno\OneDrive\Documents\GitHub\Ordinateur-de-bord\STM32CubeIDE\ODB2\USB_DEVICE\Target\usbd_conf.c
2025-05-05 17:29:40,210 [INFO] CodeEngine:263 - oldGeneratedFile, C:\Users\gagno\OneDrive\Documents\GitHub\Ordinateur-de-bord\STM32CubeIDE\ODB2\USB_DEVICE\App\usbd_desc.h_save
2025-05-05 17:29:40,291 [INFO] CodeEngine:287 - Generated code: C:\Users\gagno\OneDrive\Documents\GitHub\Ordinateur-de-bord\STM32CubeIDE\ODB2\USB_DEVICE\App\usbd_desc.h
2025-05-05 17:29:40,301 [INFO] CodeEngine:263 - oldGeneratedFile, C:\Users\gagno\OneDrive\Documents\GitHub\Ordinateur-de-bord\STM32CubeIDE\ODB2\USB_DEVICE\App\usbd_desc.c_save
2025-05-05 17:29:40,377 [INFO] CodeEngine:287 - Generated code: C:\Users\gagno\OneDrive\Documents\GitHub\Ordinateur-de-bord\STM32CubeIDE\ODB2\USB_DEVICE\App\usbd_desc.c
2025-05-05 17:29:40,387 [INFO] CodeEngine:263 - oldGeneratedFile, C:\Users\gagno\OneDrive\Documents\GitHub\Ordinateur-de-bord\STM32CubeIDE\ODB2\USB_DEVICE\App\usbd_cdc_if.h_save
2025-05-05 17:29:40,458 [INFO] CodeEngine:287 - Generated code: C:\Users\gagno\OneDrive\Documents\GitHub\Ordinateur-de-bord\STM32CubeIDE\ODB2\USB_DEVICE\App\usbd_cdc_if.h
2025-05-05 17:29:40,468 [INFO] CodeEngine:263 - oldGeneratedFile, C:\Users\gagno\OneDrive\Documents\GitHub\Ordinateur-de-bord\STM32CubeIDE\ODB2\USB_DEVICE\App\usbd_cdc_if.c_save
2025-05-05 17:29:40,544 [INFO] CodeEngine:287 - Generated code: C:\Users\gagno\OneDrive\Documents\GitHub\Ordinateur-de-bord\STM32CubeIDE\ODB2\USB_DEVICE\App\usbd_cdc_if.c
2025-05-05 17:29:40,566 [INFO] CodeEngine:263 - oldGeneratedFile, C:\Users\gagno\OneDrive\Documents\GitHub\Ordinateur-de-bord\STM32CubeIDE\ODB2\Core\Src\stm32f4xx_it.c_save
2025-05-05 17:29:40,668 [INFO] CodeEngine:287 - Generated code: C:\Users\gagno\OneDrive\Documents\GitHub\Ordinateur-de-bord\STM32CubeIDE\ODB2\Core\Src\stm32f4xx_it.c
2025-05-05 17:29:40,677 [INFO] CodeEngine:263 - oldGeneratedFile, C:\Users\gagno\OneDrive\Documents\GitHub\Ordinateur-de-bord\STM32CubeIDE\ODB2\Core\Inc\stm32f4xx_it.h_save
2025-05-05 17:29:40,750 [INFO] CodeEngine:287 - Generated code: C:\Users\gagno\OneDrive\Documents\GitHub\Ordinateur-de-bord\STM32CubeIDE\ODB2\Core\Inc\stm32f4xx_it.h
2025-05-05 17:29:40,776 [INFO] CodeEngine:263 - oldGeneratedFile, C:\Users\gagno\OneDrive\Documents\GitHub\Ordinateur-de-bord\STM32CubeIDE\ODB2\Core\Src\stm32f4xx_hal_msp.c_save
2025-05-05 17:29:40,930 [INFO] CodeEngine:287 - Generated code: C:\Users\gagno\OneDrive\Documents\GitHub\Ordinateur-de-bord\STM32CubeIDE\ODB2\Core\Src\stm32f4xx_hal_msp.c
2025-05-05 17:29:40,941 [INFO] CodeEngine:263 - oldGeneratedFile, C:\Users\gagno\OneDrive\Documents\GitHub\Ordinateur-de-bord\STM32CubeIDE\ODB2\MXTmpFiles\system.tmp_save
2025-05-05 17:29:41,009 [INFO] CodeEngine:287 - Generated code: C:\Users\gagno\OneDrive\Documents\GitHub\Ordinateur-de-bord\STM32CubeIDE\ODB2\MXTmpFiles\system.tmp
2025-05-05 17:29:41,015 [INFO] CodeEngine:263 - oldGeneratedFile, C:\Users\gagno\OneDrive\Documents\GitHub\Ordinateur-de-bord\STM32CubeIDE\ODB2\Core\Inc\stm32_assert.h_save
2025-05-05 17:29:41,081 [INFO] CodeEngine:287 - Generated code: C:\Users\gagno\OneDrive\Documents\GitHub\Ordinateur-de-bord\STM32CubeIDE\ODB2\Core\Inc\stm32_assert.h
2025-05-05 17:29:41,101 [INFO] CodeEngine:319 - oldGeneratedFile, C:\Users\gagno\OneDrive\Documents\GitHub\Ordinateur-de-bord\STM32CubeIDE\ODB2\Core\Inc\stm32f4xx_hal_conf.h_save
2025-05-05 17:29:41,177 [INFO] CodeEngine:343 - Generated code: C:\Users\gagno\OneDrive\Documents\GitHub\Ordinateur-de-bord\STM32CubeIDE\ODB2\Core\Inc\stm32f4xx_hal_conf.h
2025-05-05 17:29:41,241 [INFO] ApiDbMcu:508 - Load IP Config File for ADC1
2025-05-05 17:29:41,250 [INFO] ApiDbMcu:508 - Load IP Config File for SPI1
2025-05-05 17:29:41,253 [INFO] ApiDbMcu:508 - Load IP Config File for SPI4
2025-05-05 17:29:41,257 [INFO] ApiDbMcu:508 - Load IP Config File for SPI5
2025-05-05 17:29:41,272 [INFO] ApiDbMcu:508 - Load IP Config File for TIM1
2025-05-05 17:29:41,277 [INFO] ApiDbMcu:508 - Load IP Config File for USART1
2025-05-05 17:29:41,283 [INFO] ApiDbMcu:508 - Load IP Config File for USART2
2025-05-05 17:29:41,288 [INFO] ApiDbMcu:508 - Load IP Config File for USART6
2025-05-05 17:29:41,293 [INFO] ApiDbMcu:508 - Load IP Config File for RCC
2025-05-05 17:29:41,298 [WARN] IPConfigManager:3747 - IP not found : TIM
2025-05-05 17:29:41,301 [WARN] CodeGenerator:4198 - IP not found : null
2025-05-05 17:29:41,318 [INFO] CodeEngine:263 - oldGeneratedFile, C:\Users\gagno\OneDrive\Documents\GitHub\Ordinateur-de-bord\STM32CubeIDE\ODB2\Core\Inc\main.h_save
2025-05-05 17:29:41,432 [INFO] CodeEngine:287 - Generated code: C:\Users\gagno\OneDrive\Documents\GitHub\Ordinateur-de-bord\STM32CubeIDE\ODB2\Core\Inc\main.h
2025-05-05 17:29:41,448 [INFO] CodeEngine:263 - oldGeneratedFile, C:\Users\gagno\OneDrive\Documents\GitHub\Ordinateur-de-bord\STM32CubeIDE\ODB2\Core\Src\main.c_save
2025-05-05 17:29:41,682 [INFO] CodeEngine:287 - Generated code: C:\Users\gagno\OneDrive\Documents\GitHub\Ordinateur-de-bord\STM32CubeIDE\ODB2\Core\Src\main.c
2025-05-05 17:29:42,593 [INFO] ProjectBuilder:3324 - Time for Copy HAL[1] : 525mS.
2025-05-05 17:29:42,613 [INFO] ProjectBuilder:4912 - Project Generator version: 4.6.0-B36
2025-05-05 17:29:42,766 [INFO] ConfigFileManager:1590 - The Die is : DIE441
2025-05-05 17:29:42,775 [INFO] ApiDbMcu:508 - Load IP Config File for FATFS
2025-05-05 17:29:42,782 [INFO] ApiDbMcu:508 - Load IP Config File for FREERTOS
2025-05-05 17:29:42,786 [INFO] ApiDbMcu:508 - Load IP Config File for LIBJPEG
2025-05-05 17:29:42,803 [INFO] ApiDbMcu:508 - Load IP Config File for MBEDTLS
2025-05-05 17:29:42,810 [INFO] ApiDbMcu:508 - Load IP Config File for USB_HOST
2025-05-05 17:29:43,338 [INFO] LogOutputStream:77 - [STDOUT_REDIRECT] 
2025-05-05 17:29:44,848 [INFO] ProjectBuilder:5191 - Time for Generating toolchain IDE Files: 2231mS.
2025-05-05 17:29:44,850 [INFO] ProjectBuilder:3181 - Time for Copy CMSIS : 1mS.
2025-05-05 17:29:44,866 [INFO] ProjectBuilder:3181 - Time for Copy CMSIS : 0mS.
2025-05-05 17:38:54,254 [INFO] UtilMem:75 - End SaveConfig() Used Memory: 978355472 Bytes (1073741824)
2025-05-05 17:38:55,859 [INFO] UtilMem:75 - End SaveConfig() Used Memory: 730859232 Bytes (1073741824)
2025-05-05 17:38:56,188 [INFO] UtilMem:75 - End SaveConfig() Used Memory: 772802272 Bytes (1073741824)
2025-05-05 17:38:56,675 [INFO] BlockDiagram:2775 - set Specific Code input for plugin: SPI
2025-05-05 17:38:56,675 [INFO] BlockDiagram:2775 - set Specific Code input for plugin: SPI
2025-05-05 17:38:56,675 [INFO] BlockDiagram:2775 - set Specific Code input for plugin: SPI
2025-05-05 17:38:56,675 [INFO] BlockDiagram:2775 - set Specific Code input for plugin: TIM1_8
2025-05-05 17:38:56,676 [INFO] BlockDiagram:2775 - set Specific Code input for plugin: USB_DEVICE
2025-05-05 17:38:56,676 [INFO] BlockDiagram:2775 - set Specific Code input for plugin: SYS
2025-05-05 17:38:56,676 [INFO] BlockDiagram:2775 - set Specific Code input for plugin: ADC
2025-05-05 17:38:56,676 [INFO] BlockDiagram:2775 - set Specific Code input for plugin: RCC
2025-05-05 17:38:56,676 [INFO] BlockDiagram:2775 - set Specific Code input for plugin: USB_OTG_FS
2025-05-05 17:38:56,676 [INFO] BlockDiagram:2775 - set Specific Code input for plugin: NVIC
2025-05-05 17:38:56,676 [INFO] BlockDiagram:2775 - set Specific Code input for plugin: USART
2025-05-05 17:38:56,677 [INFO] BlockDiagram:2775 - set Specific Code input for plugin: USART
2025-05-05 17:38:56,677 [INFO] BlockDiagram:2775 - set Specific Code input for plugin: USART
2025-05-05 17:38:56,679 [INFO] BlockDiagram:2775 - set Specific Code input for plugin: GPIO
2025-05-05 17:38:56,680 [INFO] CodeGenerator:882 - code generatio: config db path: C:\ST\STM32CubeIDE_1.15.0\STM32CubeIDE\plugins\com.st.stm32cube.common.mx_6.14.0.202502271554\\db\
2025-05-05 17:38:56,726 [WARN] IP:2250 - DEVICE_SERIAL0_CDC_FS not found: check if there is a RefParameter without a condition.
2025-05-05 17:38:56,727 [WARN] IP:2250 - DEVICE_SERIAL1_CDC_FS not found: check if there is a RefParameter without a condition.
2025-05-05 17:38:56,727 [WARN] IP:2250 - DEVICE_SERIAL2_CDC_FS not found: check if there is a RefParameter without a condition.
2025-05-05 17:38:56,848 [INFO] CodeEngine:263 - oldGeneratedFile, C:\Users\gagno\OneDrive\Documents\GitHub\Ordinateur-de-bord\STM32CubeIDE\ODB2\MXTmpFiles\license.tmp_save
2025-05-05 17:38:57,131 [INFO] CodeEngine:287 - Generated code: C:\Users\gagno\OneDrive\Documents\GitHub\Ordinateur-de-bord\STM32CubeIDE\ODB2\MXTmpFiles\license.tmp
2025-05-05 17:38:57,399 [INFO] CodeEngine:263 - oldGeneratedFile, C:\Users\gagno\OneDrive\Documents\GitHub\Ordinateur-de-bord\STM32CubeIDE\ODB2\MXTmpFiles\gpio.tmp_save
2025-05-05 17:38:57,563 [INFO] CodeEngine:287 - Generated code: C:\Users\gagno\OneDrive\Documents\GitHub\Ordinateur-de-bord\STM32CubeIDE\ODB2\MXTmpFiles\gpio.tmp
2025-05-05 17:38:57,797 [WARN] IPConfigManager:3174 - Warning: the RefConfig PWREx_EnableUSBVoltageDetector is not available in your config.xml file
2025-05-05 17:38:57,809 [INFO] CodeEngine:263 - oldGeneratedFile, C:\Users\gagno\OneDrive\Documents\GitHub\Ordinateur-de-bord\STM32CubeIDE\ODB2\MXTmpFiles\usb_otg_fs_vars.tmp_save
2025-05-05 17:38:57,953 [INFO] CodeEngine:287 - Generated code: C:\Users\gagno\OneDrive\Documents\GitHub\Ordinateur-de-bord\STM32CubeIDE\ODB2\MXTmpFiles\usb_otg_fs_vars.tmp
2025-05-05 17:38:57,960 [INFO] CodeEngine:263 - oldGeneratedFile, C:\Users\gagno\OneDrive\Documents\GitHub\Ordinateur-de-bord\STM32CubeIDE\ODB2\MXTmpFiles\usb_otg_fs_inc.tmp_save
2025-05-05 17:38:58,053 [INFO] CodeEngine:287 - Generated code: C:\Users\gagno\OneDrive\Documents\GitHub\Ordinateur-de-bord\STM32CubeIDE\ODB2\MXTmpFiles\usb_otg_fs_inc.tmp
2025-05-05 17:38:58,061 [INFO] CodeEngine:263 - oldGeneratedFile, C:\Users\gagno\OneDrive\Documents\GitHub\Ordinateur-de-bord\STM32CubeIDE\ODB2\MXTmpFiles\usb_otg_fs_HalInit.tmp_save
2025-05-05 17:38:58,181 [INFO] CodeEngine:287 - Generated code: C:\Users\gagno\OneDrive\Documents\GitHub\Ordinateur-de-bord\STM32CubeIDE\ODB2\MXTmpFiles\usb_otg_fs_HalInit.tmp
2025-05-05 17:38:58,187 [INFO] CodeEngine:263 - oldGeneratedFile, C:\Users\gagno\OneDrive\Documents\GitHub\Ordinateur-de-bord\STM32CubeIDE\ODB2\MXTmpFiles\usb_otg_fs_Msp.tmp_save
2025-05-05 17:38:58,300 [INFO] CodeEngine:287 - Generated code: C:\Users\gagno\OneDrive\Documents\GitHub\Ordinateur-de-bord\STM32CubeIDE\ODB2\MXTmpFiles\usb_otg_fs_Msp.tmp
2025-05-05 17:38:59,524 [INFO] Middleware:1452 - No code input for Bsp Dependency
2025-05-05 17:38:59,574 [INFO] Middleware:1452 - No code input for Bsp Dependency
2025-05-05 17:38:59,593 [INFO] CodeEngine:263 - oldGeneratedFile, C:\Users\gagno\OneDrive\Documents\GitHub\Ordinateur-de-bord\STM32CubeIDE\ODB2\USB_DEVICE\App\usb_device.c_save
2025-05-05 17:38:59,727 [INFO] CodeEngine:287 - Generated code: C:\Users\gagno\OneDrive\Documents\GitHub\Ordinateur-de-bord\STM32CubeIDE\ODB2\USB_DEVICE\App\usb_device.c
2025-05-05 17:38:59,736 [INFO] CodeEngine:263 - oldGeneratedFile, C:\Users\gagno\OneDrive\Documents\GitHub\Ordinateur-de-bord\STM32CubeIDE\ODB2\USB_DEVICE\App\usb_device.h_save
2025-05-05 17:38:59,825 [INFO] CodeEngine:287 - Generated code: C:\Users\gagno\OneDrive\Documents\GitHub\Ordinateur-de-bord\STM32CubeIDE\ODB2\USB_DEVICE\App\usb_device.h
2025-05-05 17:38:59,833 [INFO] CodeEngine:263 - oldGeneratedFile, C:\Users\gagno\OneDrive\Documents\GitHub\Ordinateur-de-bord\STM32CubeIDE\ODB2\USB_DEVICE\Target\usbd_conf.h_save
2025-05-05 17:38:59,914 [INFO] CodeEngine:287 - Generated code: C:\Users\gagno\OneDrive\Documents\GitHub\Ordinateur-de-bord\STM32CubeIDE\ODB2\USB_DEVICE\Target\usbd_conf.h
2025-05-05 17:38:59,924 [INFO] CodeEngine:263 - oldGeneratedFile, C:\Users\gagno\OneDrive\Documents\GitHub\Ordinateur-de-bord\STM32CubeIDE\ODB2\USB_DEVICE\Target\usbd_conf.c_save
2025-05-05 17:39:00,060 [INFO] CodeEngine:287 - Generated code: C:\Users\gagno\OneDrive\Documents\GitHub\Ordinateur-de-bord\STM32CubeIDE\ODB2\USB_DEVICE\Target\usbd_conf.c
2025-05-05 17:39:00,069 [INFO] CodeEngine:263 - oldGeneratedFile, C:\Users\gagno\OneDrive\Documents\GitHub\Ordinateur-de-bord\STM32CubeIDE\ODB2\USB_DEVICE\App\usbd_desc.h_save
2025-05-05 17:39:00,147 [INFO] CodeEngine:287 - Generated code: C:\Users\gagno\OneDrive\Documents\GitHub\Ordinateur-de-bord\STM32CubeIDE\ODB2\USB_DEVICE\App\usbd_desc.h
2025-05-05 17:39:00,156 [INFO] CodeEngine:263 - oldGeneratedFile, C:\Users\gagno\OneDrive\Documents\GitHub\Ordinateur-de-bord\STM32CubeIDE\ODB2\USB_DEVICE\App\usbd_desc.c_save
2025-05-05 17:39:00,241 [INFO] CodeEngine:287 - Generated code: C:\Users\gagno\OneDrive\Documents\GitHub\Ordinateur-de-bord\STM32CubeIDE\ODB2\USB_DEVICE\App\usbd_desc.c
2025-05-05 17:39:00,251 [INFO] CodeEngine:263 - oldGeneratedFile, C:\Users\gagno\OneDrive\Documents\GitHub\Ordinateur-de-bord\STM32CubeIDE\ODB2\USB_DEVICE\App\usbd_cdc_if.h_save
2025-05-05 17:39:00,329 [INFO] CodeEngine:287 - Generated code: C:\Users\gagno\OneDrive\Documents\GitHub\Ordinateur-de-bord\STM32CubeIDE\ODB2\USB_DEVICE\App\usbd_cdc_if.h
2025-05-05 17:39:00,338 [INFO] CodeEngine:263 - oldGeneratedFile, C:\Users\gagno\OneDrive\Documents\GitHub\Ordinateur-de-bord\STM32CubeIDE\ODB2\USB_DEVICE\App\usbd_cdc_if.c_save
2025-05-05 17:39:00,416 [INFO] CodeEngine:287 - Generated code: C:\Users\gagno\OneDrive\Documents\GitHub\Ordinateur-de-bord\STM32CubeIDE\ODB2\USB_DEVICE\App\usbd_cdc_if.c
2025-05-05 17:39:00,437 [INFO] CodeEngine:263 - oldGeneratedFile, C:\Users\gagno\OneDrive\Documents\GitHub\Ordinateur-de-bord\STM32CubeIDE\ODB2\Core\Src\stm32f4xx_it.c_save
2025-05-05 17:39:00,660 [INFO] CodeEngine:287 - Generated code: C:\Users\gagno\OneDrive\Documents\GitHub\Ordinateur-de-bord\STM32CubeIDE\ODB2\Core\Src\stm32f4xx_it.c
2025-05-05 17:39:00,669 [INFO] CodeEngine:263 - oldGeneratedFile, C:\Users\gagno\OneDrive\Documents\GitHub\Ordinateur-de-bord\STM32CubeIDE\ODB2\Core\Inc\stm32f4xx_it.h_save
2025-05-05 17:39:00,749 [INFO] CodeEngine:287 - Generated code: C:\Users\gagno\OneDrive\Documents\GitHub\Ordinateur-de-bord\STM32CubeIDE\ODB2\Core\Inc\stm32f4xx_it.h
2025-05-05 17:39:00,773 [INFO] CodeEngine:263 - oldGeneratedFile, C:\Users\gagno\OneDrive\Documents\GitHub\Ordinateur-de-bord\STM32CubeIDE\ODB2\Core\Src\stm32f4xx_hal_msp.c_save
2025-05-05 17:39:00,891 [INFO] CodeEngine:287 - Generated code: C:\Users\gagno\OneDrive\Documents\GitHub\Ordinateur-de-bord\STM32CubeIDE\ODB2\Core\Src\stm32f4xx_hal_msp.c
2025-05-05 17:39:00,897 [INFO] CodeEngine:263 - oldGeneratedFile, C:\Users\gagno\OneDrive\Documents\GitHub\Ordinateur-de-bord\STM32CubeIDE\ODB2\MXTmpFiles\system.tmp_save
2025-05-05 17:39:00,968 [INFO] CodeEngine:287 - Generated code: C:\Users\gagno\OneDrive\Documents\GitHub\Ordinateur-de-bord\STM32CubeIDE\ODB2\MXTmpFiles\system.tmp
2025-05-05 17:39:00,978 [INFO] CodeEngine:263 - oldGeneratedFile, C:\Users\gagno\OneDrive\Documents\GitHub\Ordinateur-de-bord\STM32CubeIDE\ODB2\Core\Inc\stm32_assert.h_save
2025-05-05 17:39:01,050 [INFO] CodeEngine:287 - Generated code: C:\Users\gagno\OneDrive\Documents\GitHub\Ordinateur-de-bord\STM32CubeIDE\ODB2\Core\Inc\stm32_assert.h
2025-05-05 17:39:01,066 [INFO] CodeEngine:319 - oldGeneratedFile, C:\Users\gagno\OneDrive\Documents\GitHub\Ordinateur-de-bord\STM32CubeIDE\ODB2\Core\Inc\stm32f4xx_hal_conf.h_save
2025-05-05 17:39:01,140 [INFO] CodeEngine:343 - Generated code: C:\Users\gagno\OneDrive\Documents\GitHub\Ordinateur-de-bord\STM32CubeIDE\ODB2\Core\Inc\stm32f4xx_hal_conf.h
2025-05-05 17:39:01,183 [WARN] IPConfigManager:3747 - IP not found : TIM
2025-05-05 17:39:01,184 [WARN] CodeGenerator:4198 - IP not found : null
2025-05-05 17:39:01,197 [INFO] CodeEngine:263 - oldGeneratedFile, C:\Users\gagno\OneDrive\Documents\GitHub\Ordinateur-de-bord\STM32CubeIDE\ODB2\Core\Inc\main.h_save
2025-05-05 17:39:01,280 [INFO] CodeEngine:287 - Generated code: C:\Users\gagno\OneDrive\Documents\GitHub\Ordinateur-de-bord\STM32CubeIDE\ODB2\Core\Inc\main.h
2025-05-05 17:39:01,290 [INFO] CodeEngine:263 - oldGeneratedFile, C:\Users\gagno\OneDrive\Documents\GitHub\Ordinateur-de-bord\STM32CubeIDE\ODB2\Core\Src\main.c_save
2025-05-05 17:39:01,449 [INFO] CodeEngine:287 - Generated code: C:\Users\gagno\OneDrive\Documents\GitHub\Ordinateur-de-bord\STM32CubeIDE\ODB2\Core\Src\main.c
2025-05-05 17:39:01,992 [INFO] ProjectBuilder:3324 - Time for Copy HAL[1] : 323mS.
2025-05-05 17:39:02,003 [INFO] ProjectBuilder:4912 - Project Generator version: 4.6.0-B36
2025-05-05 17:39:02,100 [INFO] ConfigFileManager:1590 - The Die is : DIE441
2025-05-05 17:39:03,701 [INFO] ProjectBuilder:5191 - Time for Generating toolchain IDE Files: 1697mS.
2025-05-05 17:39:03,702 [INFO] ProjectBuilder:3181 - Time for Copy CMSIS : 1mS.
2025-05-05 17:39:03,717 [INFO] ProjectBuilder:3181 - Time for Copy CMSIS : 0mS.
2025-05-05 19:17:21,818 [INFO] WebApp:194 - Connection lost
2025-05-05 19:17:22,052 [INFO] WebApp:191 - Connection restablished
